variante,distance_hasard
sans featurings ni ad-libs,0.9063032570812155
sans featurings ni ad-libs,0.9588380102874329
sans featurings ni ad-libs,0.9732988416265194
sans featurings ni ad-libs,0.9300690083861186
sans featurings ni ad-libs,0.9148936247251442
sans featurings ni ad-libs,0.899634318953992
sans featurings ni ad-libs,0.9108241480295219
sans featurings ni ad-libs,0.9249529120482479
sans featurings ni ad-libs,0.9034990162031822
sans featurings ni ad-libs,0.9310808829547517
sans featurings ni ad-libs,0.9146294294097128
sans featurings ni ad-libs,0.9587429438571988
sans featurings ni ad-libs,0.9152963955276426
sans featurings ni ad-libs,0.8960571700966411
sans featurings ni ad-libs,0.915123033922128
sans featurings ni ad-libs,0.9671113129781783
sans featurings ni ad-libs,0.912263978039054
sans featurings ni ad-libs,0.9493314552176548
sans featurings ni ad-libs,0.9612154696800685
sans featurings ni ad-libs,0.9410547515589409
sans featurings ni ad-libs,0.9190889951168619
sans featurings ni ad-libs,0.9563220960668208
sans featurings ni ad-libs,0.9471353519651107
sans featurings ni ad-libs,0.9452471125783284
sans featurings ni ad-libs,0.945925126455982
sans featurings ni ad-libs,0.8756569328193744
sans featurings ni ad-libs,0.9261178097137226
sans featurings ni ad-libs,0.9227691701733105
sans featurings ni ad-libs,0.9350967743951435
sans featurings ni ad-libs,0.91068448607213
sans featurings ni ad-libs,0.9627776053106062
sans featurings ni ad-libs,0.9512329793954408
sans featurings ni ad-libs,0.845244999841807
sans featurings ni ad-libs,0.8838390369474554
sans featurings ni ad-libs,0.9184044337951206
sans featurings ni ad-libs,0.8828663817172766
sans featurings ni ad-libs,0.9561169603773971
sans featurings ni ad-libs,0.9657606978690148
sans featurings ni ad-libs,0.9675522522917147
sans featurings ni ad-libs,0.9332643889814892
sans featurings ni ad-libs,0.917292620489785
sans featurings ni ad-libs,0.9400089064300411
sans featurings ni ad-libs,0.9931970296967818
sans featurings ni ad-libs,0.9616311224771698
sans featurings ni ad-libs,0.9650320017578158
sans featurings ni ad-libs,0.9156305773339436
sans featurings ni ad-libs,0.9612822519367595
sans featurings ni ad-libs,0.9509505167385882
sans featurings ni ad-libs,0.9258396195480719
sans featurings ni ad-libs,0.9427953055128802
sans featurings ni ad-libs,0.9281689650322433
sans featurings ni ad-libs,0.9244849956475778
sans featurings ni ad-libs,0.8945383887463316
sans featurings ni ad-libs,0.8798066497488182
sans featurings ni ad-libs,0.9699361234103518
sans featurings ni ad-libs,0.9569773411497791
sans featurings ni ad-libs,0.9647371165025673
sans featurings ni ad-libs,0.9580578361220179
sans featurings ni ad-libs,0.9520755760440512
sans featurings ni ad-libs,0.9043898901951695
sans featurings ni ad-libs,0.9751657350490335
sans featurings ni ad-libs,0.9127776519016689
sans featurings ni ad-libs,0.9842737785189873
sans featurings ni ad-libs,0.9094340128819487
sans featurings ni ad-libs,0.9305365774694475
sans featurings ni ad-libs,0.9441622066282666
sans featurings ni ad-libs,0.9412454225617816
sans featurings ni ad-libs,0.9096790456359932
sans featurings ni ad-libs,0.9174438115101291
sans featurings ni ad-libs,0.9199765545544057
sans featurings ni ad-libs,0.9380353445826147
sans featurings ni ad-libs,0.9585887538857221
sans featurings ni ad-libs,0.9138570331024941
sans featurings ni ad-libs,0.9342253628348421
sans featurings ni ad-libs,0.9191678472434234
sans featurings ni ad-libs,0.937021059019445
sans featurings ni ad-libs,0.9412672724501925
sans featurings ni ad-libs,0.9111634912905051
sans featurings ni ad-libs,0.9768401257207171
sans featurings ni ad-libs,0.9580710136495341
sans featurings ni ad-libs,0.9816079390554342
sans featurings ni ad-libs,0.9388896301353611
sans featurings ni ad-libs,0.905260423210787
sans featurings ni ad-libs,0.9347764879951065
sans featurings ni ad-libs,0.9121934022398329
sans featurings ni ad-libs,0.9037664657500857
sans featurings ni ad-libs,0.8693110045137211
sans featurings ni ad-libs,0.9254677124166877
sans featurings ni ad-libs,0.8916929747854254
sans featurings ni ad-libs,0.9583442653001191
sans featurings ni ad-libs,1.000713125892353
sans featurings ni ad-libs,0.921405617511603
sans featurings ni ad-libs,0.9504763487034839
sans featurings ni ad-libs,0.9516595263341996
sans featurings ni ad-libs,0.9380464310819712
sans featurings ni ad-libs,0.9252258034853391
sans featurings ni ad-libs,0.9161914690951225
sans featurings ni ad-libs,0.9479559646260611
sans featurings ni ad-libs,0.9535668502597813
sans featurings ni ad-libs,0.9671012922195245
sans featurings ni ad-libs,0.94985992717606
sans featurings ni ad-libs,0.9677045238941009
sans featurings ni ad-libs,0.891998188489558
sans featurings ni ad-libs,0.965105369511694
sans featurings ni ad-libs,0.9431824936440102
sans featurings ni ad-libs,0.923848665470522
sans featurings ni ad-libs,0.9279474249786119
sans featurings ni ad-libs,0.889788422086669
sans featurings ni ad-libs,0.940117748977591
sans featurings ni ad-libs,0.9557288862918161
sans featurings ni ad-libs,0.9326420782432969
sans featurings ni ad-libs,0.9027296779837402
sans featurings ni ad-libs,0.955417551478641
sans featurings ni ad-libs,0.9061789114203577
sans featurings ni ad-libs,0.8458001623056993
sans featurings ni ad-libs,0.966160394633213
sans featurings ni ad-libs,0.944728763387398
sans featurings ni ad-libs,0.9073374282942901
sans featurings ni ad-libs,0.888822316926775
sans featurings ni ad-libs,0.9547711261114248
sans featurings ni ad-libs,0.9646732638693741
sans featurings ni ad-libs,0.9688403738745313
sans featurings ni ad-libs,0.9268308226907476
sans featurings ni ad-libs,0.9538325397112014
sans featurings ni ad-libs,0.9407510872778642
sans featurings ni ad-libs,0.9630450698921755
sans featurings ni ad-libs,0.9493011289340162
sans featurings ni ad-libs,0.9719975098041297
sans featurings ni ad-libs,0.9054777688813243
sans featurings ni ad-libs,0.9418899343142917
sans featurings ni ad-libs,0.9338311788438682
sans featurings ni ad-libs,0.9240571661959086
sans featurings ni ad-libs,0.9990098213042705
sans featurings ni ad-libs,0.934706397198281
sans featurings ni ad-libs,0.961512313569933
sans featurings ni ad-libs,0.9843542733216262
sans featurings ni ad-libs,0.97805405149664
sans featurings ni ad-libs,0.921795312000837
sans featurings ni ad-libs,0.9651867007269935
sans featurings ni ad-libs,0.9673787507863989
sans featurings ni ad-libs,0.8890578694524452
sans featurings ni ad-libs,0.9153194642717449
sans featurings ni ad-libs,0.9325626704051498
sans featurings ni ad-libs,0.9407466572828528
sans featurings ni ad-libs,0.9798630129376482
sans featurings ni ad-libs,0.937933439314804
sans featurings ni ad-libs,0.9041526332456074
sans featurings ni ad-libs,0.9454823288041454
sans featurings ni ad-libs,0.9889478805373103
sans featurings ni ad-libs,0.9117825665421334
sans featurings ni ad-libs,0.9877728967331062
sans featurings ni ad-libs,0.93354949681439
sans featurings ni ad-libs,0.9238664104128069
sans featurings ni ad-libs,0.9378131171281098
sans featurings ni ad-libs,0.9031405573098602
sans featurings ni ad-libs,0.9120236697831678
sans featurings ni ad-libs,0.8982480255284047
sans featurings ni ad-libs,0.9468671508291536
sans featurings ni ad-libs,0.947389940417005
sans featurings ni ad-libs,0.9695361485449397
sans featurings ni ad-libs,0.9280761489388832
sans featurings ni ad-libs,0.9357689237114254
sans featurings ni ad-libs,0.9058181967047603
sans featurings ni ad-libs,0.8818981231537679
sans featurings ni ad-libs,0.9210556083063706
sans featurings ni ad-libs,0.9379658219280453
sans featurings ni ad-libs,0.931870808888822
sans featurings ni ad-libs,0.9141597424597029
sans featurings ni ad-libs,0.9487560249314999
sans featurings ni ad-libs,0.9285894856563629
sans featurings ni ad-libs,0.9671964595595423
sans featurings ni ad-libs,0.9662020323487361
sans featurings ni ad-libs,0.9415394690061536
sans featurings ni ad-libs,0.916713575227405
sans featurings ni ad-libs,0.9328484614486247
sans featurings ni ad-libs,0.9701321819480588
sans featurings ni ad-libs,0.9099891055033207
sans featurings ni ad-libs,0.9471636061407359
sans featurings ni ad-libs,0.9265150419883337
sans featurings ni ad-libs,0.9448927568129649
sans featurings ni ad-libs,0.9347975734043112
sans featurings ni ad-libs,0.9851369598702706
sans featurings ni ad-libs,0.9395763404803333
sans featurings ni ad-libs,0.9158186267112747
sans featurings ni ad-libs,0.9653161304978441
sans featurings ni ad-libs,0.9029829910941326
sans featurings ni ad-libs,0.9361086855703235
sans featurings ni ad-libs,0.921919819882923
sans featurings ni ad-libs,0.9655523761538559
sans featurings ni ad-libs,0.9130777766826086
sans featurings ni ad-libs,0.9030756459565256
sans featurings ni ad-libs,0.9552091023760428
sans featurings ni ad-libs,0.9952900869544464
sans featurings ni ad-libs,0.9526060964948606
sans featurings ni ad-libs,0.8971927184492896
sans featurings ni ad-libs,0.979302610875704
sans featurings ni ad-libs,0.9368129513162271
sans featurings ni ad-libs,0.9128043619558752
sans featurings ni ad-libs,0.938432872498502
sans featurings ni ad-libs,0.9282338366044641
sans featurings ni ad-libs,0.8997127143057192
sans featurings ni ad-libs,0.9482316259067664
sans featurings ni ad-libs,0.9647557947199197
sans featurings ni ad-libs,0.9482629366702238
sans featurings ni ad-libs,0.9146605985591452
sans featurings ni ad-libs,0.935401838401457
sans featurings ni ad-libs,0.9622568791542686
sans featurings ni ad-libs,0.9572376419964908
sans featurings ni ad-libs,0.9042729238599667
sans featurings ni ad-libs,0.9571249864376861
sans featurings ni ad-libs,0.8757570253104974
sans featurings ni ad-libs,0.8881051705251466
sans featurings ni ad-libs,0.9401636448910368
sans featurings ni ad-libs,0.9153812351085313
sans featurings ni ad-libs,0.9478860809768023
sans featurings ni ad-libs,0.9442995882641205
sans featurings ni ad-libs,0.964575228687564
sans featurings ni ad-libs,0.959557714682838
sans featurings ni ad-libs,0.9508359921249936
sans featurings ni ad-libs,0.8587894130270237
sans featurings ni ad-libs,0.9319120855925234
sans featurings ni ad-libs,0.8960272057554567
sans featurings ni ad-libs,0.9774567248596999
sans featurings ni ad-libs,0.9495565411883942
sans featurings ni ad-libs,0.9219247562306172
sans featurings ni ad-libs,0.9773379833980773
sans featurings ni ad-libs,0.9038614908719478
sans featurings ni ad-libs,0.9711422979753351
sans featurings ni ad-libs,0.8888846270176435
sans featurings ni ad-libs,0.9834663369372477
sans featurings ni ad-libs,0.909727942983444
sans featurings ni ad-libs,0.9602720643657308
sans featurings ni ad-libs,0.9112112991451725
sans featurings ni ad-libs,0.9297398517551316
sans featurings ni ad-libs,0.9382053833981883
sans featurings ni ad-libs,0.9656596880892403
sans featurings ni ad-libs,0.9163171443227922
sans featurings ni ad-libs,0.9469885385395215
sans featurings ni ad-libs,0.893857474963618
sans featurings ni ad-libs,0.944196038096819
sans featurings ni ad-libs,0.8966313656664382
sans featurings ni ad-libs,0.9511385233592379
sans featurings ni ad-libs,0.9320202957853638
sans featurings ni ad-libs,0.9925399029597786
sans featurings ni ad-libs,0.8738415115602061
sans featurings ni ad-libs,0.9307514652053857
sans featurings ni ad-libs,0.9538446353472357
sans featurings ni ad-libs,0.9936972566042642
sans featurings ni ad-libs,0.9644279908571298
sans featurings ni ad-libs,0.9185283551619943
sans featurings ni ad-libs,0.9375689103918223
sans featurings ni ad-libs,0.9093322085335096
sans featurings ni ad-libs,0.9079241802512585
sans featurings ni ad-libs,0.9230979981774753
sans featurings ni ad-libs,0.9060319292096071
sans featurings ni ad-libs,0.9344868915875673
sans featurings ni ad-libs,0.974090358667927
sans featurings ni ad-libs,0.9174542707825651
sans featurings ni ad-libs,0.9169836623328361
sans featurings ni ad-libs,0.966174282591143
sans featurings ni ad-libs,0.9331742341578203
sans featurings ni ad-libs,0.893207643277157
sans featurings ni ad-libs,0.9405826679343937
sans featurings ni ad-libs,0.9432611126305641
sans featurings ni ad-libs,0.9695642216951723
sans featurings ni ad-libs,0.922558017383787
sans featurings ni ad-libs,0.9268805337713343
sans featurings ni ad-libs,0.970276995742621
sans featurings ni ad-libs,0.936828221158912
sans featurings ni ad-libs,0.9344977919287012
sans featurings ni ad-libs,0.9127407223372214
sans featurings ni ad-libs,0.8984998410722472
sans featurings ni ad-libs,0.9320399695645225
sans featurings ni ad-libs,0.9693346151533011
sans featurings ni ad-libs,0.8927888395465392
sans featurings ni ad-libs,0.9305894256874923
sans featurings ni ad-libs,0.9134899548015106
sans featurings ni ad-libs,0.9637449193125855
sans featurings ni ad-libs,0.9338585813679906
sans featurings ni ad-libs,0.9530122726444806
sans featurings ni ad-libs,0.9180640328136283
sans featurings ni ad-libs,0.8999218848111289
sans featurings ni ad-libs,0.9392240079480085
sans featurings ni ad-libs,0.9134504215946114
sans featurings ni ad-libs,0.9414409329357579
sans featurings ni ad-libs,0.9266089469975506
sans featurings ni ad-libs,0.932122706522465
sans featurings ni ad-libs,0.9535433686563783
sans featurings ni ad-libs,0.9118257499213416
sans featurings ni ad-libs,0.9758442453009754
sans featurings ni ad-libs,0.9193452709649549
sans featurings ni ad-libs,0.9090302007022935
sans featurings ni ad-libs,0.9089568038755247
sans featurings ni ad-libs,0.9690989836492612
sans featurings ni ad-libs,0.944566914607679
sans featurings ni ad-libs,0.9384342529893877
sans featurings ni ad-libs,0.9781503342762603
sans featurings ni ad-libs,0.9426295881071669
sans featurings ni ad-libs,0.9233838565989624
sans featurings ni ad-libs,0.97938178840207
sans featurings ni ad-libs,0.9449333034576758
sans featurings ni ad-libs,0.9171197671178272
sans featurings ni ad-libs,0.9377430373478782
sans featurings ni ad-libs,0.9396342655959702
sans featurings ni ad-libs,0.9555149678637082
sans featurings ni ad-libs,0.9567220603426061
sans featurings ni ad-libs,0.9562394055019414
sans featurings ni ad-libs,0.9245448227143722
sans featurings ni ad-libs,0.9189141806502653
sans featurings ni ad-libs,0.9807387808714437
sans featurings ni ad-libs,0.980702540568905
sans featurings ni ad-libs,0.9672964448809963
sans featurings ni ad-libs,0.9252348140171217
sans featurings ni ad-libs,0.9255714583262942
sans featurings ni ad-libs,0.9214235640796815
sans featurings ni ad-libs,0.9727886777896796
sans featurings ni ad-libs,0.922664930673011
sans featurings ni ad-libs,0.9352834316380052
sans featurings ni ad-libs,0.9385382222968103
sans featurings ni ad-libs,0.9296678533958027
sans featurings ni ad-libs,0.9276428510101429
sans featurings ni ad-libs,0.9130571134760599
sans featurings ni ad-libs,0.8670719164673077
sans featurings ni ad-libs,0.9636871403559191
sans featurings ni ad-libs,0.9238926833584441
sans featurings ni ad-libs,0.9429952116069193
sans featurings ni ad-libs,0.9637539146157504
sans featurings ni ad-libs,0.9630217866197217
sans featurings ni ad-libs,0.9571074871567646
sans featurings ni ad-libs,0.9219831167025841
sans featurings ni ad-libs,0.9399138550906463
sans featurings ni ad-libs,0.9557218195476987
sans featurings ni ad-libs,0.9717204912753376
sans featurings ni ad-libs,0.9553394714768568
sans featurings ni ad-libs,0.9391641971206827
sans featurings ni ad-libs,0.9088624717671929
sans featurings ni ad-libs,0.9164040242139033
sans featurings ni ad-libs,0.9645184275617977
sans featurings ni ad-libs,0.9628833088687259
sans featurings ni ad-libs,0.9148588722137417
sans featurings ni ad-libs,0.9395787063644289
sans featurings ni ad-libs,0.9370329453963437
sans featurings ni ad-libs,0.8938277643490422
sans featurings ni ad-libs,0.940996221681297
sans featurings ni ad-libs,0.925095425995448
sans featurings ni ad-libs,0.9666276011045905
sans featurings ni ad-libs,0.926741649394336
sans featurings ni ad-libs,0.9455503755845114
sans featurings ni ad-libs,0.9435743326640698
sans featurings ni ad-libs,0.9335335968077729
sans featurings ni ad-libs,0.8777591102472798
sans featurings ni ad-libs,0.9385612350448261
sans featurings ni ad-libs,0.8925213881510146
sans featurings ni ad-libs,0.9406033454290568
sans featurings ni ad-libs,0.9369096708301297
sans featurings ni ad-libs,0.9169499564066135
sans featurings ni ad-libs,0.9579295532706869
sans featurings ni ad-libs,0.8827170395214184
sans featurings ni ad-libs,0.9451451986806872
sans featurings ni ad-libs,0.9721965075893614
sans featurings ni ad-libs,0.9402496937838837
sans featurings ni ad-libs,0.9167394743873463
sans featurings ni ad-libs,0.9034261326768959
sans featurings ni ad-libs,0.9774409078586784
sans featurings ni ad-libs,0.9344658121979119
sans featurings ni ad-libs,0.9677348226222233
sans featurings ni ad-libs,0.923016838628733
sans featurings ni ad-libs,0.9341407218309465
sans featurings ni ad-libs,0.9034276861798737
sans featurings ni ad-libs,0.9314082810271394
sans featurings ni ad-libs,0.9315283133907577
sans featurings ni ad-libs,0.9079545114115984
sans featurings ni ad-libs,0.959697894567917
sans featurings ni ad-libs,0.9621227652282065
sans featurings ni ad-libs,0.8846848166565096
sans featurings ni ad-libs,0.9018624763733702
sans featurings ni ad-libs,0.9272534463901808
sans featurings ni ad-libs,0.9575258798628566
sans featurings ni ad-libs,0.9360724287300302
sans featurings ni ad-libs,0.8928711466592384
sans featurings ni ad-libs,0.9065485318156663
sans featurings ni ad-libs,0.8804310478726194
sans featurings ni ad-libs,0.9456353201557579
sans featurings ni ad-libs,0.9740019758000796
sans featurings ni ad-libs,0.9262329494532195
sans featurings ni ad-libs,0.9573266105264278
sans featurings ni ad-libs,0.939600549972626
sans featurings ni ad-libs,0.9101337835177208
sans featurings ni ad-libs,0.9701328267492833
sans featurings ni ad-libs,0.929394800333468
sans featurings ni ad-libs,0.8723562903886051
sans featurings ni ad-libs,0.8956675086210338
sans featurings ni ad-libs,0.9040835263031506
sans featurings ni ad-libs,0.9619045152198633
sans featurings ni ad-libs,0.9099663795291807
sans featurings ni ad-libs,0.8687911203034849
sans featurings ni ad-libs,0.9309346025208399
sans featurings ni ad-libs,0.9302293761704636
sans featurings ni ad-libs,0.9314479792028288
sans featurings ni ad-libs,0.91686513781673
sans featurings ni ad-libs,0.9456691300193781
sans featurings ni ad-libs,0.9798257599780358
sans featurings ni ad-libs,0.9201675829648146
sans featurings ni ad-libs,0.982939729551661
sans featurings ni ad-libs,0.9498465926549002
sans featurings ni ad-libs,0.8846848166565096
sans featurings ni ad-libs,0.9242382606692354
sans featurings ni ad-libs,0.9320126714678784
sans featurings ni ad-libs,0.9115195649440379
sans featurings ni ad-libs,0.9403728377405152
sans featurings ni ad-libs,0.9096814129290404
sans featurings ni ad-libs,0.9529538380843902
sans featurings ni ad-libs,0.9380845050205008
sans featurings ni ad-libs,0.9331832244755252
sans featurings ni ad-libs,0.9729996521556405
sans featurings ni ad-libs,0.8899118489465757
sans featurings ni ad-libs,0.9139317928801364
sans featurings ni ad-libs,0.9082635040285546
sans featurings ni ad-libs,0.9927800646563533
sans featurings ni ad-libs,0.9345893966292602
sans featurings ni ad-libs,0.96339060674332
sans featurings ni ad-libs,0.940221907521772
sans featurings ni ad-libs,0.9127681360950611
sans featurings ni ad-libs,0.9265457460603359
sans featurings ni ad-libs,0.9246013928512609
sans featurings ni ad-libs,0.9128665823157195
sans featurings ni ad-libs,0.9134637053900068
sans featurings ni ad-libs,0.9360181534687013
sans featurings ni ad-libs,0.9573516001876522
sans featurings ni ad-libs,0.9507910628049709
sans featurings ni ad-libs,0.9492039923416943
sans featurings ni ad-libs,0.9815216242745537
sans featurings ni ad-libs,0.973916020698952
sans featurings ni ad-libs,0.9400943423989259
sans featurings ni ad-libs,0.9324464937669279
sans featurings ni ad-libs,0.9388218438122264
sans featurings ni ad-libs,0.9172752901546539
sans featurings ni ad-libs,0.8656018115576203
sans featurings ni ad-libs,0.9311445215539194
sans featurings ni ad-libs,0.9650863655391857
sans featurings ni ad-libs,0.9597849250361408
sans featurings ni ad-libs,0.969090776240572
sans featurings ni ad-libs,0.9267824811380935
sans featurings ni ad-libs,0.8850600398243909
sans featurings ni ad-libs,0.9766845290107137
sans featurings ni ad-libs,0.9677067107538184
sans featurings ni ad-libs,0.8530239755577402
sans featurings ni ad-libs,0.9702736875484287
sans featurings ni ad-libs,0.9387425451202803
sans featurings ni ad-libs,0.9847261177822908
sans featurings ni ad-libs,0.901658599506843
sans featurings ni ad-libs,0.9067324747976153
sans featurings ni ad-libs,0.9260371859200403
sans featurings ni ad-libs,0.9441189115486955
sans featurings ni ad-libs,0.9439781706376766
sans featurings ni ad-libs,0.9847929125492954
sans featurings ni ad-libs,0.9456355354408432
sans featurings ni ad-libs,0.9438074979377176
sans featurings ni ad-libs,0.8953244676016763
sans featurings ni ad-libs,0.9419423703491577
sans featurings ni ad-libs,0.9438004867453642
sans featurings ni ad-libs,0.8950221802789774
sans featurings ni ad-libs,0.9718711226013061
sans featurings ni ad-libs,0.9524703959896712
sans featurings ni ad-libs,0.9885398414297468
sans featurings ni ad-libs,0.9570591140478443
sans featurings ni ad-libs,0.9167642255960965
sans featurings ni ad-libs,0.9600619207052988
sans featurings ni ad-libs,0.9624508279264694
sans featurings ni ad-libs,0.9864587349119577
sans featurings ni ad-libs,0.9593701323631846
sans featurings ni ad-libs,0.9105395052831674
sans featurings ni ad-libs,0.9469225754527888
sans featurings ni ad-libs,0.933306658493154
sans featurings ni ad-libs,0.9336023696474278
sans featurings ni ad-libs,0.9337766789799187
sans featurings ni ad-libs,0.9125012953113117
sans featurings ni ad-libs,0.9337190029088428
sans featurings ni ad-libs,0.9494522501979421
sans featurings ni ad-libs,0.9290876344169243
sans featurings ni ad-libs,0.9949918321415443
sans featurings ni ad-libs,0.9582161030196721
sans featurings ni ad-libs,0.9418766367302005
sans featurings ni ad-libs,0.9318136728112472
sans featurings ni ad-libs,0.9599463318703316
sans featurings ni ad-libs,0.8836071176340415
sans featurings ni ad-libs,0.9457975706140922
sans featurings ni ad-libs,0.9355829231533928
sans featurings ni ad-libs,0.911272779932481
sans featurings ni ad-libs,0.9316330245455866
sans featurings ni ad-libs,0.9304613321181678
sans featurings ni ad-libs,0.8979753021660075
sans featurings ni ad-libs,0.8987089214293036
sans featurings ni ad-libs,0.9033238084248111
sans featurings ni ad-libs,0.9454535932315681
sans featurings ni ad-libs,0.9251363317191664
sans featurings ni ad-libs,0.9129004291531384
sans featurings ni ad-libs,0.9179887316195439
sans featurings ni ad-libs,0.9469875663687698
sans featurings ni ad-libs,0.9416273306509209
sans featurings ni ad-libs,0.9112015994866052
sans featurings ni ad-libs,0.9105624884323358
sans featurings ni ad-libs,0.9299376351370461
sans featurings ni ad-libs,0.9174003924164229
sans featurings ni ad-libs,0.9389608387321304
sans featurings ni ad-libs,0.9687821991531084
sans featurings ni ad-libs,0.9385709690852226
sans featurings ni ad-libs,0.9481083568944169
sans featurings ni ad-libs,0.9061080157699297
sans featurings ni ad-libs,0.9339551951931443
sans featurings ni ad-libs,0.9029567053295221
sans featurings ni ad-libs,0.8988049332916018
sans featurings ni ad-libs,0.950286524094544
sans featurings ni ad-libs,0.9411481424298367
sans featurings ni ad-libs,0.9537409755766384
sans featurings ni ad-libs,0.9330250957650292
sans featurings ni ad-libs,0.9699317749331339
sans featurings ni ad-libs,1.0020214453327623
sans featurings ni ad-libs,0.9290473093724742
sans featurings ni ad-libs,0.8916797013738421
sans featurings ni ad-libs,0.9242518324349341
sans featurings ni ad-libs,0.8908378329517954
sans featurings ni ad-libs,0.950259486352477
sans featurings ni ad-libs,0.9456962464652723
sans featurings ni ad-libs,0.9318243709194984
sans featurings ni ad-libs,0.9954818497004753
sans featurings ni ad-libs,0.9541188171990703
sans featurings ni ad-libs,0.9458418080528537
sans featurings ni ad-libs,0.9258106849502429
sans featurings ni ad-libs,0.9705076926916473
sans featurings ni ad-libs,0.9520175539967116
sans featurings ni ad-libs,0.9256046129882054
sans featurings ni ad-libs,0.92828189096233
sans featurings ni ad-libs,0.9100188063232837
sans featurings ni ad-libs,0.9034291459642141
sans featurings ni ad-libs,0.9336861085078574
sans featurings ni ad-libs,0.9482767737508023
sans featurings ni ad-libs,0.9847031166621292
sans featurings ni ad-libs,0.8556479794641525
sans featurings ni ad-libs,0.9254422233168988
sans featurings ni ad-libs,0.9488217560197357
sans featurings ni ad-libs,0.9426971504867978
sans featurings ni ad-libs,0.9349650218498005
sans featurings ni ad-libs,0.8961914658388376
sans featurings ni ad-libs,0.9141743644550103
sans featurings ni ad-libs,0.9454885065834813
sans featurings ni ad-libs,0.977724789190682
sans featurings ni ad-libs,0.9210496371298834
sans featurings ni ad-libs,0.9251482456800447
sans featurings ni ad-libs,0.8809605117860275
sans featurings ni ad-libs,0.92949598866243
sans featurings ni ad-libs,0.9231862783972127
sans featurings ni ad-libs,0.9403688782114494
sans featurings ni ad-libs,0.9894972124564536
sans featurings ni ad-libs,0.9064587865617943
sans featurings ni ad-libs,0.9161197506394326
sans featurings ni ad-libs,0.9062859719807236
sans featurings ni ad-libs,0.9565036369382067
sans featurings ni ad-libs,0.958348871903188
sans featurings ni ad-libs,0.930527982392196
sans featurings ni ad-libs,0.9683011795606142
sans featurings ni ad-libs,0.9395535903108599
sans featurings ni ad-libs,0.9256874467423087
sans featurings ni ad-libs,0.9707069325795055
sans featurings ni ad-libs,0.975515529350362
sans featurings ni ad-libs,0.9715391700668351
sans featurings ni ad-libs,0.9671170445468849
sans featurings ni ad-libs,0.9451385565882255
sans featurings ni ad-libs,0.937308723410367
sans featurings ni ad-libs,0.9587085986818268
sans featurings ni ad-libs,0.99675534573681
sans featurings ni ad-libs,0.9066450548709365
sans featurings ni ad-libs,0.8507129524290806
sans featurings ni ad-libs,0.991479316475967
sans featurings ni ad-libs,0.9608856511697822
sans featurings ni ad-libs,0.9220274843033757
sans featurings ni ad-libs,0.9397673960423868
sans featurings ni ad-libs,0.9614799382341933
sans featurings ni ad-libs,0.9091848217494779
sans featurings ni ad-libs,0.9412271013395672
sans featurings ni ad-libs,0.9175433400743728
sans featurings ni ad-libs,0.8701556242145052
sans featurings ni ad-libs,0.9158307004130063
sans featurings ni ad-libs,0.9311851135074923
sans featurings ni ad-libs,0.9236027144689889
sans featurings ni ad-libs,0.9074506640056909
sans featurings ni ad-libs,0.93977315849672
sans featurings ni ad-libs,0.9088410363633912
sans featurings ni ad-libs,0.9519217490863763
sans featurings ni ad-libs,0.9498509048685532
sans featurings ni ad-libs,0.949895999748769
sans featurings ni ad-libs,0.8725809733842904
sans featurings ni ad-libs,0.9200433117016399
sans featurings ni ad-libs,0.9624600577504123
sans featurings ni ad-libs,0.9499572201840663
sans featurings ni ad-libs,0.9196231811717119
sans featurings ni ad-libs,0.9258917840371672
sans featurings ni ad-libs,0.9443910448062842
sans featurings ni ad-libs,0.9078114083538128
sans featurings ni ad-libs,0.9191192737804279
sans featurings ni ad-libs,0.9566161828661452
sans featurings ni ad-libs,0.9620235904001135
sans featurings ni ad-libs,0.9385450355694697
sans featurings ni ad-libs,0.8901380530987504
sans featurings ni ad-libs,0.9466471722340742
sans featurings ni ad-libs,0.9898665952180654
sans featurings ni ad-libs,0.9545179449678942
sans featurings ni ad-libs,0.9656783616728516
sans featurings ni ad-libs,0.9599580137983635
sans featurings ni ad-libs,0.9367120268460337
sans featurings ni ad-libs,0.9260912956742426
sans featurings ni ad-libs,0.9316283271283887
sans featurings ni ad-libs,0.9991324151918132
sans featurings ni ad-libs,0.9414856027398166
sans featurings ni ad-libs,0.9289376613891162
sans featurings ni ad-libs,0.9485088964124503
sans featurings ni ad-libs,0.9535668502597813
sans featurings ni ad-libs,0.9615091313351632
sans featurings ni ad-libs,0.9667226614467388
sans featurings ni ad-libs,0.9736770988800957
sans featurings ni ad-libs,0.951633312716332
sans featurings ni ad-libs,0.9080531665860133
sans featurings ni ad-libs,0.9232740796361474
sans featurings ni ad-libs,0.923344211082392
sans featurings ni ad-libs,0.9550476825608246
sans featurings ni ad-libs,0.9347835915481957
sans featurings ni ad-libs,0.9365794630725683
sans featurings ni ad-libs,0.9798985631183745
sans featurings ni ad-libs,0.9526528123259914
sans featurings ni ad-libs,0.9352544272810881
sans featurings ni ad-libs,0.994038671322858
sans featurings ni ad-libs,0.9005592596010175
sans featurings ni ad-libs,0.9430881119526883
sans featurings ni ad-libs,0.9640573773463846
sans featurings ni ad-libs,0.9787237707765529
sans featurings ni ad-libs,0.9668533640103906
sans featurings ni ad-libs,0.9249995991278069
sans featurings ni ad-libs,0.9393397567660742
sans featurings ni ad-libs,0.9428555472416711
sans featurings ni ad-libs,0.8874839777607519
sans featurings ni ad-libs,0.902505230355248
sans featurings ni ad-libs,0.9326135139406477
sans featurings ni ad-libs,0.8832911851454165
sans featurings ni ad-libs,0.9780513910276493
sans featurings ni ad-libs,0.9292745837113542
sans featurings ni ad-libs,0.922907991702387
sans featurings ni ad-libs,1.016157989840767
sans featurings ni ad-libs,0.9802713660222457
sans featurings ni ad-libs,0.948953854746067
sans featurings ni ad-libs,0.8900687463202716
sans featurings ni ad-libs,0.9272754560812814
sans featurings ni ad-libs,0.9288703055933536
sans featurings ni ad-libs,0.9377435954688222
sans featurings ni ad-libs,0.9445442538547293
sans featurings ni ad-libs,0.9732917178290992
sans featurings ni ad-libs,0.9501973447818299
sans featurings ni ad-libs,0.9653195585811544
sans featurings ni ad-libs,0.9684574372345711
sans featurings ni ad-libs,0.9454469408859233
sans featurings ni ad-libs,0.9215102512937852
sans featurings ni ad-libs,0.9569048920530056
sans featurings ni ad-libs,0.9108837830701595
sans featurings ni ad-libs,0.9566344214974788
sans featurings ni ad-libs,0.8904297229568771
sans featurings ni ad-libs,0.9760890785501088
sans featurings ni ad-libs,0.9451087712075291
sans featurings ni ad-libs,0.9286171148742484
sans featurings ni ad-libs,0.890405742504237
sans featurings ni ad-libs,0.9047480891235302
sans featurings ni ad-libs,0.9076311693292582
sans featurings ni ad-libs,0.9297883311092578
sans featurings ni ad-libs,0.9756544208872034
sans featurings ni ad-libs,0.9320728610340635
sans featurings ni ad-libs,0.9304075364221116
sans featurings ni ad-libs,0.9532330297961159
sans featurings ni ad-libs,0.9032023863514925
sans featurings ni ad-libs,0.9591347336942578
sans featurings ni ad-libs,0.9604269713323007
sans featurings ni ad-libs,0.892356712944171
sans featurings ni ad-libs,0.9494374486177125
sans featurings ni ad-libs,0.9582657310928795
sans featurings ni ad-libs,0.9497989749306257
sans featurings ni ad-libs,0.8951836373203603
sans featurings ni ad-libs,0.8989168743478877
sans featurings ni ad-libs,0.9439288195474367
sans featurings ni ad-libs,0.9791962831743809
sans featurings ni ad-libs,0.9408803655760212
sans featurings ni ad-libs,0.9632381289041755
sans featurings ni ad-libs,0.9787765569937076
sans featurings ni ad-libs,0.9427493304614232
sans featurings ni ad-libs,0.9101834643149362
sans featurings ni ad-libs,0.9406839563315763
sans featurings ni ad-libs,0.9454753493852415
sans featurings ni ad-libs,0.8828968525504162
sans featurings ni ad-libs,0.9038517012502053
sans featurings ni ad-libs,0.920565487733997
sans featurings ni ad-libs,0.9169482341769033
sans featurings ni ad-libs,0.950980304501109
sans featurings ni ad-libs,0.9305075576376503
sans featurings ni ad-libs,0.994337704606771
sans featurings ni ad-libs,0.9849895831067509
sans featurings ni ad-libs,0.961467444255782
sans featurings ni ad-libs,0.8902691596008764
sans featurings ni ad-libs,0.9285635551259802
sans featurings ni ad-libs,0.9495860961083603
sans featurings ni ad-libs,0.9324890787647624
sans featurings ni ad-libs,0.9816643177461546
sans featurings ni ad-libs,0.9432305345111103
sans featurings ni ad-libs,0.8995192205857115
sans featurings ni ad-libs,0.9438311842331818
sans featurings ni ad-libs,0.8990317881316776
sans featurings ni ad-libs,0.9684700070433975
sans featurings ni ad-libs,0.9058984943989656
sans featurings ni ad-libs,0.9177668397403252
sans featurings ni ad-libs,0.9372154848474692
sans featurings ni ad-libs,0.9360195761489477
sans featurings ni ad-libs,0.8838689176980327
sans featurings ni ad-libs,0.9439777659713959
sans featurings ni ad-libs,0.9340689983039995
sans featurings ni ad-libs,0.9171925919493669
sans featurings ni ad-libs,0.9619759564624185
sans featurings ni ad-libs,0.9054304403289084
sans featurings ni ad-libs,0.9523346861907184
sans featurings ni ad-libs,0.9165848495260445
sans featurings ni ad-libs,0.9981559577429353
sans featurings ni ad-libs,0.9380389982290932
sans featurings ni ad-libs,0.9342297416709244
sans featurings ni ad-libs,0.9558776636887129
sans featurings ni ad-libs,0.9008155752460735
sans featurings ni ad-libs,0.9760195751627871
sans featurings ni ad-libs,0.8848892528921274
sans featurings ni ad-libs,0.9513465985477781
sans featurings ni ad-libs,0.8913810188701327
sans featurings ni ad-libs,0.9339251421306703
sans featurings ni ad-libs,0.9324037918467182
sans featurings ni ad-libs,0.9323930991655456
sans featurings ni ad-libs,0.936587794413942
sans featurings ni ad-libs,0.9233540824057417
sans featurings ni ad-libs,0.9586414277245727
sans featurings ni ad-libs,0.8933701056426206
sans featurings ni ad-libs,0.9170229846321923
sans featurings ni ad-libs,0.9357195526722488
sans featurings ni ad-libs,0.8766990906616812
sans featurings ni ad-libs,0.9212572560106753
sans featurings ni ad-libs,0.9583609928710084
sans featurings ni ad-libs,0.9411087184760455
sans featurings ni ad-libs,0.9249487552463149
sans featurings ni ad-libs,0.9029008053633802
sans featurings ni ad-libs,0.9609937490897325
sans featurings ni ad-libs,0.9358730332402647
sans featurings ni ad-libs,0.9223332531865238
sans featurings ni ad-libs,0.9240479892322361
sans featurings ni ad-libs,0.8983942594295201
sans featurings ni ad-libs,0.9137209142471056
sans featurings ni ad-libs,0.9507451922241072
sans featurings ni ad-libs,0.9278404172072947
sans featurings ni ad-libs,0.9455933181648246
sans featurings ni ad-libs,0.896868051770325
sans featurings ni ad-libs,0.956486153203935
sans featurings ni ad-libs,0.9576120154555401
sans featurings ni ad-libs,0.9835758206051631
sans featurings ni ad-libs,0.9123425433393307
sans featurings ni ad-libs,0.9840050345721675
sans featurings ni ad-libs,0.9563751733012793
sans featurings ni ad-libs,0.943355978896366
sans featurings ni ad-libs,0.9593206057935163
sans featurings ni ad-libs,0.9113040831681269
sans featurings ni ad-libs,0.9402068915039277
sans featurings ni ad-libs,0.9238909778244205
sans featurings ni ad-libs,0.9218524272808227
sans featurings ni ad-libs,0.9178566201687691
sans featurings ni ad-libs,0.9485320678305558
sans featurings ni ad-libs,0.9440205323577137
sans featurings ni ad-libs,0.9430472298122793
sans featurings ni ad-libs,0.9799384937320063
sans featurings ni ad-libs,0.9201440857485965
sans featurings ni ad-libs,0.9337638095915324
sans featurings ni ad-libs,0.9411565685372103
sans featurings ni ad-libs,0.9565999943599639
sans featurings ni ad-libs,0.9673692486067967
sans featurings ni ad-libs,0.910480868848176
sans featurings ni ad-libs,0.8984912965938034
sans featurings ni ad-libs,0.9358922335161441
sans featurings ni ad-libs,0.9037198762517671
sans featurings ni ad-libs,0.9401963929309421
sans featurings ni ad-libs,0.9429202616028461
sans featurings ni ad-libs,0.9752240281443024
sans featurings ni ad-libs,0.9269434125532031
sans featurings ni ad-libs,0.9268958428840706
sans featurings ni ad-libs,0.9179441258393511
sans featurings ni ad-libs,0.9405958789267869
sans featurings ni ad-libs,0.9034325236643046
sans featurings ni ad-libs,0.939260587773057
sans featurings ni ad-libs,0.9445246078164881
sans featurings ni ad-libs,0.9401584305855083
sans featurings ni ad-libs,0.9581634476797392
sans featurings ni ad-libs,0.9522976376453367
sans featurings ni ad-libs,0.9552180010728444
sans featurings ni ad-libs,0.956290816767576
sans featurings ni ad-libs,0.9593977264691318
sans featurings ni ad-libs,0.9267914268992574
sans featurings ni ad-libs,0.9267354863528754
sans featurings ni ad-libs,0.9000059889139046
sans featurings ni ad-libs,0.888339502243083
sans featurings ni ad-libs,0.9838396732569835
sans featurings ni ad-libs,0.9127344673587455
sans featurings ni ad-libs,0.9347924935754182
sans featurings ni ad-libs,0.9364841406747614
sans featurings ni ad-libs,0.9744580584312643
sans featurings ni ad-libs,0.9116765573620758
sans featurings ni ad-libs,0.9516631711730273
sans featurings ni ad-libs,0.8793201227094156
sans featurings ni ad-libs,0.9476688538393029
sans featurings ni ad-libs,0.9268691275432519
sans featurings ni ad-libs,0.9511722855035974
sans featurings ni ad-libs,0.9565912545348995
sans featurings ni ad-libs,0.8849430085194376
sans featurings ni ad-libs,0.9322942191227491
sans featurings ni ad-libs,0.9662983432828568
sans featurings ni ad-libs,0.9252108336965496
sans featurings ni ad-libs,0.9032355403656847
sans featurings ni ad-libs,0.952260428215201
sans featurings ni ad-libs,0.9338135190977274
sans featurings ni ad-libs,0.9153047149986824
sans featurings ni ad-libs,0.9298487124061375
sans featurings ni ad-libs,0.9243384792728034
sans featurings ni ad-libs,0.9428594980293081
sans featurings ni ad-libs,0.9614933748665875
sans featurings ni ad-libs,0.920208905964038
sans featurings ni ad-libs,0.968830169886678
sans featurings ni ad-libs,0.8759862142207543
sans featurings ni ad-libs,0.9520499509671905
sans featurings ni ad-libs,0.9381226712928431
sans featurings ni ad-libs,0.9404079519584798
sans featurings ni ad-libs,0.9603794214103003
sans featurings ni ad-libs,0.8918121570265531
sans featurings ni ad-libs,0.97465730683997
sans featurings ni ad-libs,0.9697522501992816
sans featurings ni ad-libs,0.9450068091383479
sans featurings ni ad-libs,0.9266777442826181
sans featurings ni ad-libs,0.9615634496894179
sans featurings ni ad-libs,0.8852017049230727
sans featurings ni ad-libs,0.9701590404869904
sans featurings ni ad-libs,0.9426589674913207
sans featurings ni ad-libs,0.9583979776924215
sans featurings ni ad-libs,0.9464880126267516
sans featurings ni ad-libs,0.9601406648880277
sans featurings ni ad-libs,0.9482045182231381
sans featurings ni ad-libs,1.0032908429039642
sans featurings ni ad-libs,0.9493684560768205
sans featurings ni ad-libs,0.9974167101763612
sans featurings ni ad-libs,0.902174662201319
sans featurings ni ad-libs,0.915970821512146
sans featurings ni ad-libs,0.9457944798287646
sans featurings ni ad-libs,0.8889437369719693
sans featurings ni ad-libs,0.9494792468541868
sans featurings ni ad-libs,0.9552171347396339
sans featurings ni ad-libs,0.9592466335149207
sans featurings ni ad-libs,0.8923677250851436
sans featurings ni ad-libs,0.9454593412512015
sans featurings ni ad-libs,0.930746003264032
sans featurings ni ad-libs,0.9184917131300747
sans featurings ni ad-libs,0.9364221908082617
sans featurings ni ad-libs,0.9428493080733733
sans featurings ni ad-libs,0.9569939226056252
sans featurings ni ad-libs,0.9318312300276923
sans featurings ni ad-libs,0.8822805688661786
sans featurings ni ad-libs,0.9422662586475609
sans featurings ni ad-libs,0.9163413400066378
sans featurings ni ad-libs,0.9673328861527721
sans featurings ni ad-libs,0.9694547772281484
sans featurings ni ad-libs,0.9543439928962546
sans featurings ni ad-libs,0.940255310935847
sans featurings ni ad-libs,0.9357544842067149
sans featurings ni ad-libs,0.9306277880938654
sans featurings ni ad-libs,0.9485128194453615
sans featurings ni ad-libs,0.9234773876836564
sans featurings ni ad-libs,0.9393992921530254
sans featurings ni ad-libs,0.9313736919795262
sans featurings ni ad-libs,0.9137404889698363
sans featurings ni ad-libs,0.930829326701796
sans featurings ni ad-libs,0.9329145285060325
sans featurings ni ad-libs,0.9659800689582541
sans featurings ni ad-libs,0.9844796575332828
sans featurings ni ad-libs,0.9279169961434467
sans featurings ni ad-libs,0.9660468598744948
sans featurings ni ad-libs,0.9117460832360881
sans featurings ni ad-libs,0.9174421800450399
sans featurings ni ad-libs,0.9998587566763613
sans featurings ni ad-libs,0.9754159309357597
sans featurings ni ad-libs,0.9459998814448979
sans featurings ni ad-libs,0.9446140150115327
sans featurings ni ad-libs,0.9694796227693233
sans featurings ni ad-libs,0.9154952678342339
sans featurings ni ad-libs,0.9089639779566563
sans featurings ni ad-libs,0.9321571942678039
sans featurings ni ad-libs,0.9347001526662134
sans featurings ni ad-libs,0.9090868928189288
sans featurings ni ad-libs,0.9597599531747735
sans featurings ni ad-libs,0.9735354043700557
sans featurings ni ad-libs,0.9943555899663362
sans featurings ni ad-libs,0.9516804460317896
sans featurings ni ad-libs,0.9450250541616692
sans featurings ni ad-libs,0.9332567080637759
sans featurings ni ad-libs,0.9297112769982153
sans featurings ni ad-libs,0.9785821515075261
sans featurings ni ad-libs,0.9622215933784162
sans featurings ni ad-libs,0.9690783852289592
sans featurings ni ad-libs,0.926276523769434
sans featurings ni ad-libs,0.9265766714412887
sans featurings ni ad-libs,0.9270053746576008
sans featurings ni ad-libs,0.9063876553946106
sans featurings ni ad-libs,0.9160459884608158
sans featurings ni ad-libs,0.9273193363598227
sans featurings ni ad-libs,0.9277069013332785
sans featurings ni ad-libs,0.9122219659387435
sans featurings ni ad-libs,0.9029411557181349
sans featurings ni ad-libs,0.9597852224739449
sans featurings ni ad-libs,0.9962766201443737
sans featurings ni ad-libs,0.9190828235587596
sans featurings ni ad-libs,0.9005599602964679
sans featurings ni ad-libs,0.9609590587981579
sans featurings ni ad-libs,0.9656031245816732
sans featurings ni ad-libs,0.9556552294869248
sans featurings ni ad-libs,0.9220585890982831
sans featurings ni ad-libs,0.8948414252380305
sans featurings ni ad-libs,0.9368586096345044
sans featurings ni ad-libs,0.8533336150899057
sans featurings ni ad-libs,0.9216786912688931
sans featurings ni ad-libs,0.9596185435868714
sans featurings ni ad-libs,0.9013413138529441
sans featurings ni ad-libs,0.9631394692187953
sans featurings ni ad-libs,0.9381471675984672
sans featurings ni ad-libs,0.9110723806107495
sans featurings ni ad-libs,0.9662702753277418
sans featurings ni ad-libs,0.9504965474656946
sans featurings ni ad-libs,0.9411079100725883
sans featurings ni ad-libs,0.9643834960264656
sans featurings ni ad-libs,0.9428416983203443
sans featurings ni ad-libs,0.9497308508834711
sans featurings ni ad-libs,0.9034211122538371
sans featurings ni ad-libs,0.919411456623221
sans featurings ni ad-libs,0.9271200785090434
sans featurings ni ad-libs,0.9255479780420173
sans featurings ni ad-libs,0.9406485066745823
sans featurings ni ad-libs,0.9371411129404873
sans featurings ni ad-libs,0.9337480042886923
sans featurings ni ad-libs,0.9333981860272332
sans featurings ni ad-libs,0.9225474273797948
sans featurings ni ad-libs,0.9053553560256672
sans featurings ni ad-libs,0.9900101205895245
sans featurings ni ad-libs,0.8826657112287702
sans featurings ni ad-libs,0.8890328196998349
sans featurings ni ad-libs,0.9476702882503161
sans featurings ni ad-libs,0.9391490247554085
sans featurings ni ad-libs,0.9129588169757024
sans featurings ni ad-libs,0.93671106785642
sans featurings ni ad-libs,0.9608227236632695
sans featurings ni ad-libs,0.9276387496185965
sans featurings ni ad-libs,0.9433181723874603
sans featurings ni ad-libs,0.9041080245066186
sans featurings ni ad-libs,0.919140904182419
sans featurings ni ad-libs,0.8985527299745779
sans featurings ni ad-libs,0.9441976094879279
sans featurings ni ad-libs,0.9089764614681604
sans featurings ni ad-libs,0.9008262301049539
sans featurings ni ad-libs,0.8983421425697509
sans featurings ni ad-libs,0.9224360414998691
sans featurings ni ad-libs,0.9063859361463206
sans featurings ni ad-libs,0.8811253308783109
sans featurings ni ad-libs,0.9322300594492114
sans featurings ni ad-libs,0.9509604851592643
sans featurings ni ad-libs,0.932189024136239
sans featurings ni ad-libs,0.9252820178291596
sans featurings ni ad-libs,0.9527771760987471
sans featurings ni ad-libs,0.9499563811387656
sans featurings ni ad-libs,0.977433519612497
sans featurings ni ad-libs,0.9365079836019181
sans featurings ni ad-libs,0.9706701469874214
sans featurings ni ad-libs,0.9075821600190892
sans featurings ni ad-libs,0.9304230687500824
sans featurings ni ad-libs,0.9734815769503435
sans featurings ni ad-libs,0.9278891853200053
sans featurings ni ad-libs,0.9096755521999795
sans featurings ni ad-libs,0.9883267058458015
sans featurings ni ad-libs,0.9246364083075158
sans featurings ni ad-libs,0.9511281393488553
sans featurings ni ad-libs,0.9651899447045629
sans featurings ni ad-libs,0.9281687501097153
sans featurings ni ad-libs,0.9530250308370184
sans featurings ni ad-libs,0.9325220416477389
sans featurings ni ad-libs,0.9411977601402423
sans featurings ni ad-libs,0.9446707504584727
sans featurings ni ad-libs,0.9853338106084695
sans featurings ni ad-libs,0.944254577939738
sans featurings ni ad-libs,0.9289183299457792
sans featurings ni ad-libs,0.9799453297200985
sans featurings ni ad-libs,0.9286258652685074
sans featurings ni ad-libs,0.9605956079413503
sans featurings ni ad-libs,0.9557721982670931
sans featurings ni ad-libs,0.8656811364157764
sans featurings ni ad-libs,0.916479916204865
sans featurings ni ad-libs,0.9669976392601655
sans featurings ni ad-libs,0.9217444070017243
sans featurings ni ad-libs,0.970776524863138
sans featurings ni ad-libs,0.9900951119857302
sans featurings ni ad-libs,0.9624682658636003
sans featurings ni ad-libs,0.9686362090465049
sans featurings ni ad-libs,0.9045065658576732
sans featurings ni ad-libs,0.9592551800706202
sans featurings ni ad-libs,0.9711320314812345
sans featurings ni ad-libs,0.9068767145109683
sans featurings ni ad-libs,0.8933105571234694
sans featurings ni ad-libs,0.9836347785156906
sans featurings ni ad-libs,0.886812152439425
sans featurings ni ad-libs,0.922924700465246
sans featurings ni ad-libs,0.9655984377218504
sans featurings ni ad-libs,0.9293146351965731
sans featurings ni ad-libs,0.946756970024221
sans featurings ni ad-libs,0.9286723351880088
sans featurings ni ad-libs,0.9452659654068649
sans featurings ni ad-libs,0.9782081285013335
sans featurings ni ad-libs,0.9251247233995396
sans featurings ni ad-libs,0.908450703199772
sans featurings ni ad-libs,0.9393893399559189
sans featurings ni ad-libs,0.8977198099388737
sans featurings ni ad-libs,0.938016945672974
sans featurings ni ad-libs,0.9119501362635106
sans featurings ni ad-libs,0.9614509554198128
sans featurings ni ad-libs,0.9388593136262879
sans featurings ni ad-libs,0.9436466949804438
sans featurings ni ad-libs,0.8969204605812757
sans featurings ni ad-libs,0.9179966374286853
sans featurings ni ad-libs,0.9471942834500279
sans featurings ni ad-libs,0.9043896414899137
sans featurings ni ad-libs,0.9499052154894214
sans featurings ni ad-libs,0.9284943438390443
sans featurings ni ad-libs,0.96062424463778
sans featurings ni ad-libs,0.9372678368833021
sans featurings ni ad-libs,0.9499945225422817
sans featurings ni ad-libs,0.9263243833967265
sans featurings ni ad-libs,0.8979217594245337
sans featurings ni ad-libs,0.8934491650799146
sans featurings ni ad-libs,0.9515706109391643
sans featurings ni ad-libs,0.9168929542882371
sans featurings ni ad-libs,0.9298401852873159
sans featurings ni ad-libs,0.8795495133210234
sans featurings ni ad-libs,0.9034895298711947
sans featurings ni ad-libs,0.9310607821617032
sans featurings ni ad-libs,0.9302872016484713
sans featurings ni ad-libs,0.8981684159081481
sans featurings ni ad-libs,0.9436528139800278
sans featurings ni ad-libs,0.9376742403176391
sans featurings ni ad-libs,0.9386851072648252
sans featurings ni ad-libs,0.9145010511129115
sans featurings ni ad-libs,0.9585764401463073
sans featurings ni ad-libs,0.8732667015019265
sans featurings ni ad-libs,0.9167707919068898
sans featurings ni ad-libs,0.9139390801547248
sans featurings ni ad-libs,0.8409971454666318
sans featurings ni ad-libs,0.9530853884878376
sans featurings ni ad-libs,0.9244261994780443
sans featurings ni ad-libs,0.9259004991986379
sans featurings ni ad-libs,0.893129699493712
sans featurings ni ad-libs,0.9598389753624859
sans featurings ni ad-libs,0.9627876768519066
sans featurings ni ad-libs,0.9395783572624068
sans featurings ni ad-libs,0.9493627521905167
sans featurings ni ad-libs,0.9147840612160333
sans featurings ni ad-libs,0.9172767266011379
sans featurings ni ad-libs,0.8804545292612558
sans featurings ni ad-libs,0.8976445711495755
sans featurings ni ad-libs,0.9340315207666735
sans featurings ni ad-libs,0.9002825650612324
sans featurings ni ad-libs,0.9561653103641001
sans featurings ni ad-libs,0.9942358598043809
sans featurings ni ad-libs,0.9383547424106453
sans featurings ni ad-libs,0.9752825722058054
sans featurings ni ad-libs,0.9269453528105338
sans featurings ni ad-libs,0.9568470411529849
sans featurings ni ad-libs,0.9869559863796297
sans featurings ni ad-libs,0.9129518864539597
sans featurings ni ad-libs,0.9071824157982336
sans featurings ni ad-libs,0.9135289146229993
sans featurings ni ad-libs,0.9453932806836672
sans featurings ni ad-libs,0.9909279831322494
sans featurings ni ad-libs,0.9449164971900437
sans featurings ni ad-libs,0.9402004008191579
sans featurings ni ad-libs,0.9391680986138204
sans featurings ni ad-libs,0.9677338172373421
sans featurings ni ad-libs,0.8839144050797392
sans featurings ni ad-libs,0.9268446065370479
sans featurings ni ad-libs,0.977715290478951
sans featurings ni ad-libs,0.9316067232509377
sans featurings ni ad-libs,0.9239436422510678
sans featurings ni ad-libs,0.923049101848236
sans featurings ni ad-libs,0.908106360901323
sans featurings ni ad-libs,0.9450308957976946
sans featurings ni ad-libs,0.8932437528285044
sans featurings ni ad-libs,0.9811180706687684
sans featurings ni ad-libs,0.9636498767690764
sans featurings ni ad-libs,0.8702945771308602
sans featurings ni ad-libs,0.9285956173729508
sans featurings ni ad-libs,0.9285509125185009
sans featurings ni ad-libs,0.9653806839309982
sans featurings ni ad-libs,0.972993099801878
sans featurings ni ad-libs,0.9529509233335107
sans featurings ni ad-libs,0.9888368966811141
sans featurings ni ad-libs,0.9776938529036657
sans featurings ni ad-libs,0.9310039196402836
sans featurings ni ad-libs,0.9124787357976799
sans featurings ni ad-libs,0.8895205866883701
sans featurings ni ad-libs,0.9175005098954542
sans featurings ni ad-libs,0.8790728559162828
sans featurings ni ad-libs,0.9874683364925786
sans featurings ni ad-libs,0.9715129164458853
sans featurings ni ad-libs,0.8996627006897046
sans featurings ni ad-libs,0.9582604132007602
sans featurings ni ad-libs,0.9260949281264148
sans featurings ni ad-libs,0.8747834420038915
sans featurings ni ad-libs,0.9682714977554512
sans featurings ni ad-libs,0.9242694154585316
sans featurings ni ad-libs,0.9433061805225471
sans featurings ni ad-libs,0.9380902101461808
sans featurings ni ad-libs,0.9342175252771067
sans featurings ni ad-libs,0.9277817758281691
sans featurings ni ad-libs,0.9142538563400084
sans featurings ni ad-libs,1.0029045749711913
sans featurings ni ad-libs,1.00002625897481
sans featurings ni ad-libs,0.9597604649887755
sans featurings ni ad-libs,0.9230513156220019
sans featurings ni ad-libs,0.9623461753428066
sans featurings ni ad-libs,0.9101774481037107
sans featurings ni ad-libs,0.9335582703920402
sans featurings ni ad-libs,0.9495995137080439
sans featurings ni ad-libs,0.9176685896547897
sans featurings ni ad-libs,0.9103912520794403
sans featurings ni ad-libs,0.9275959475422186
sans featurings ni ad-libs,0.9283144482920211
sans featurings ni ad-libs,0.8974298623826676
sans featurings ni ad-libs,0.9305177423009126
sans featurings ni ad-libs,0.9036036209168747
sans featurings ni ad-libs,0.9501719070408607
sans featurings ni ad-libs,0.9420710206098104
sans featurings ni ad-libs,0.9347641683144974
sans featurings ni ad-libs,0.9733116453137756
sans featurings ni ad-libs,0.9703384237829158
sans featurings ni ad-libs,0.9394990799568022
sans featurings ni ad-libs,0.9083135400353405
sans featurings ni ad-libs,0.926813034137634
sans featurings ni ad-libs,0.9049029669766204
sans featurings ni ad-libs,0.9561009649702897
sans featurings ni ad-libs,0.9249674251388066
sans featurings ni ad-libs,0.9687638488037448
sans featurings ni ad-libs,0.9181914675622255
sans featurings ni ad-libs,0.9197900869474849
sans featurings ni ad-libs,0.9336130696131517
sans featurings ni ad-libs,0.9253497284863114
sans featurings ni ad-libs,0.9442749075021187
sans featurings ni ad-libs,0.9664455141531775
sans featurings ni ad-libs,0.981466677386395
sans featurings ni ad-libs,0.9544120777171947
sans featurings ni ad-libs,0.9301590326681756
sans featurings ni ad-libs,0.9252459910147247
sans featurings ni ad-libs,0.9386217509311905
sans featurings ni ad-libs,0.9530068456580447
sans featurings ni ad-libs,0.9044283121255371
sans featurings ni ad-libs,0.9479787813186917
sans featurings ni ad-libs,0.9248089130183227
sans featurings ni ad-libs,0.9147370451493512
sans featurings ni ad-libs,0.9227328393506475
sans featurings ni ad-libs,0.9408237687936724
sans featurings ni ad-libs,0.9474936714204766
sans featurings ni ad-libs,0.974863195746478
sans featurings ni ad-libs,0.9263176368387327
sans featurings ni ad-libs,0.9139587170379609
sans featurings ni ad-libs,0.9948581807541982
sans featurings ni ad-libs,0.9400998342459442
sans featurings ni ad-libs,0.9111674197406427
sans featurings ni ad-libs,0.9530198641969369
sans featurings ni ad-libs,0.9166274963867544
sans featurings ni ad-libs,0.9788777494652281
sans featurings ni ad-libs,0.9259339895564325
sans featurings ni ad-libs,0.917225128591162
sans featurings ni ad-libs,0.9632227974598846
sans featurings ni ad-libs,0.9669530986201136
sans featurings ni ad-libs,0.9286984686338974
sans featurings ni ad-libs,0.8925542321813018
sans featurings ni ad-libs,0.9173255838322124
sans featurings ni ad-libs,0.9213951496738799
sans featurings ni ad-libs,0.8896109936851881
sans featurings ni ad-libs,0.9097570134716784
sans featurings ni ad-libs,0.9244000541082072
sans featurings ni ad-libs,0.921014372692597
sans featurings ni ad-libs,0.9592102284338994
sans featurings ni ad-libs,0.945885677975612
sans featurings ni ad-libs,0.9807937452718278
sans featurings ni ad-libs,0.8934824114555219
sans featurings ni ad-libs,0.947797722363964
sans featurings ni ad-libs,0.8871624517257194
sans featurings ni ad-libs,0.8838684493439011
sans featurings ni ad-libs,0.9364307575036681
sans featurings ni ad-libs,0.9563719552078715
sans featurings ni ad-libs,0.9121010208152927
sans featurings ni ad-libs,0.9085114596221879
sans featurings ni ad-libs,0.994335481330017
sans featurings ni ad-libs,0.9506131012010739
sans featurings ni ad-libs,0.899706136395529
sans featurings ni ad-libs,0.9565976013520283
sans featurings ni ad-libs,0.9177967069969749
sans featurings ni ad-libs,0.946096426713027
sans featurings ni ad-libs,0.9398407464371489
sans featurings ni ad-libs,0.9220274843033757
sans featurings ni ad-libs,0.938452636428654
sans featurings ni ad-libs,0.9222060105650224
sans featurings ni ad-libs,0.8479170237319594
sans featurings ni ad-libs,0.9591187282290051
sans featurings ni ad-libs,0.8987008833110238
sans featurings ni ad-libs,0.926429062007411
sans featurings ni ad-libs,0.8871178848845497
sans featurings ni ad-libs,0.9251467861570086
sans featurings ni ad-libs,0.8977277747804532
sans featurings ni ad-libs,0.9167411670507247
sans featurings ni ad-libs,0.9107518596348471
sans featurings ni ad-libs,0.8914499325340749
sans featurings ni ad-libs,0.9451400654694597
sans featurings ni ad-libs,0.9576259701144777
sans featurings ni ad-libs,0.9254066806648538
sans featurings ni ad-libs,0.9643473495456357
sans featurings ni ad-libs,0.9333114562835004
sans featurings ni ad-libs,0.9218302245820146
sans featurings ni ad-libs,0.9312378458442494
sans featurings ni ad-libs,0.9410751306838248
sans featurings ni ad-libs,0.9483950459444693
sans featurings ni ad-libs,0.9307434811728754
sans featurings ni ad-libs,0.9224027704856127
sans featurings ni ad-libs,0.9263133905640177
sans featurings ni ad-libs,0.9411728270855511
sans featurings ni ad-libs,0.9267613018906181
sans featurings ni ad-libs,0.9856335213863866
sans featurings ni ad-libs,0.9590612186202498
sans featurings ni ad-libs,0.9601689340323379
sans featurings ni ad-libs,0.9338274066840682
sans featurings ni ad-libs,0.9685545426426051
sans featurings ni ad-libs,0.9733179035576772
sans featurings ni ad-libs,0.9946736227019454
sans featurings ni ad-libs,0.9845092128162473
sans featurings ni ad-libs,0.9042249349360448
sans featurings ni ad-libs,0.9034585132445729
sans featurings ni ad-libs,0.9352727223454326
sans featurings ni ad-libs,0.9080182739735637
sans featurings ni ad-libs,0.8835042300083862
sans featurings ni ad-libs,0.9133553679318739
sans featurings ni ad-libs,0.9507438584426324
sans featurings ni ad-libs,0.9086304092889248
sans featurings ni ad-libs,0.978627042770059
sans featurings ni ad-libs,0.9315938731664943
sans featurings ni ad-libs,0.9366735056209186
sans featurings ni ad-libs,0.9755008952612371
sans featurings ni ad-libs,0.9585157915960907
sans featurings ni ad-libs,0.9731873202455761
sans featurings ni ad-libs,0.9645390035493153
sans featurings ni ad-libs,0.9024724881700529
sans featurings ni ad-libs,0.9476363512564199
sans featurings ni ad-libs,0.8948871459124259
sans featurings ni ad-libs,0.9491941608862279
sans featurings ni ad-libs,0.9443948911929367
sans featurings ni ad-libs,0.9412968901048789
sans featurings ni ad-libs,0.9118825858394919
sans featurings ni ad-libs,0.9073578885657372
sans featurings ni ad-libs,0.9375802478045745
sans featurings ni ad-libs,0.9373985853771722
sans featurings ni ad-libs,0.9532691172643297
sans featurings ni ad-libs,0.9475176376309685
sans featurings ni ad-libs,0.95007120976457
sans featurings ni ad-libs,0.9781746025009368
sans featurings ni ad-libs,0.9004742591808508
sans featurings ni ad-libs,0.9890362462837036
sans featurings ni ad-libs,0.9354055290285174
sans featurings ni ad-libs,0.8811154384335562
sans featurings ni ad-libs,0.9114711323295415
sans featurings ni ad-libs,0.9864159983065811
sans featurings ni ad-libs,0.9156961171672048
sans featurings ni ad-libs,0.9219641318897702
sans featurings ni ad-libs,0.9244264654217744
sans featurings ni ad-libs,0.9240938313041209
sans featurings ni ad-libs,0.9670184511017509
sans featurings ni ad-libs,0.8885060672316342
sans featurings ni ad-libs,0.9465327667877103
sans featurings ni ad-libs,0.9343247825367414
sans featurings ni ad-libs,0.9514336260152739
sans featurings ni ad-libs,0.9586194423380817
sans featurings ni ad-libs,0.9429432746383226
sans featurings ni ad-libs,0.8790977421306083
sans featurings ni ad-libs,0.9550618015880314
sans featurings ni ad-libs,0.9386500096415338
sans featurings ni ad-libs,0.9402520769631009
sans featurings ni ad-libs,0.9059175394553766
sans featurings ni ad-libs,0.8922494672072909
sans featurings ni ad-libs,0.9140153833260865
sans featurings ni ad-libs,0.9539146046562375
sans featurings ni ad-libs,0.9377995337894961
sans featurings ni ad-libs,0.8979975175842057
sans featurings ni ad-libs,0.8830808908002736
sans featurings ni ad-libs,0.9545271662300581
sans featurings ni ad-libs,0.8841326892004275
sans featurings ni ad-libs,0.8967892690416165
sans featurings ni ad-libs,0.9648750204850597
sans featurings ni ad-libs,0.9754228667836413
sans featurings ni ad-libs,0.9313839551469412
sans featurings ni ad-libs,0.8721351893529523
sans featurings ni ad-libs,0.956300686788752
sans featurings ni ad-libs,0.9156866034988479
sans featurings ni ad-libs,0.9050213869755797
sans featurings ni ad-libs,0.9172472114231349
sans featurings ni ad-libs,0.8723027274694795
sans featurings ni ad-libs,0.9412915924871125
sans featurings ni ad-libs,0.9110033135544492
sans featurings ni ad-libs,0.9711964660632189
sans featurings ni ad-libs,0.9344085202482457
sans featurings ni ad-libs,0.9159753766934071
sans featurings ni ad-libs,0.9074378508235892
sans featurings ni ad-libs,0.9215797977564192
sans featurings ni ad-libs,0.9529871635164279
sans featurings ni ad-libs,0.9707766997267709
sans featurings ni ad-libs,0.9452741837313221
sans featurings ni ad-libs,0.9640361887912453
sans featurings ni ad-libs,0.90979133488716
sans featurings ni ad-libs,0.920934311626941
sans featurings ni ad-libs,0.9060904501693832
sans featurings ni ad-libs,0.8977279494185717
sans featurings ni ad-libs,0.9684940950776455
sans featurings ni ad-libs,0.9061165742903998
sans featurings ni ad-libs,0.8723398615425633
sans featurings ni ad-libs,0.9330165208717637
sans featurings ni ad-libs,0.9730027580812608
sans featurings ni ad-libs,0.894922765691451
sans featurings ni ad-libs,0.9630709010823674
sans featurings ni ad-libs,0.9173746655349017
sans featurings ni ad-libs,0.9598220367516834
sans featurings ni ad-libs,0.96240426586302
sans featurings ni ad-libs,0.9502944575739561
sans featurings ni ad-libs,0.8971455622482231
sans featurings ni ad-libs,0.950219055016208
sans featurings ni ad-libs,0.8919114829190049
sans featurings ni ad-libs,0.94433903020871
sans featurings ni ad-libs,0.954619947227769
sans featurings ni ad-libs,0.87236664558687
sans featurings ni ad-libs,0.9113627064313221
sans featurings ni ad-libs,0.9517083634138558
sans featurings ni ad-libs,0.9089529759548634
sans featurings ni ad-libs,0.9287367816957568
sans featurings ni ad-libs,0.9588523087910421
sans featurings ni ad-libs,0.9055547131742767
sans featurings ni ad-libs,0.9563584630187258
sans featurings ni ad-libs,0.9334201514299901
sans featurings ni ad-libs,0.938380718495685
sans featurings ni ad-libs,0.9415546519916057
sans featurings ni ad-libs,0.9805172255990704
sans featurings ni ad-libs,0.890411171988497
sans featurings ni ad-libs,0.970704167543333
sans featurings ni ad-libs,0.9386732132062673
sans featurings ni ad-libs,0.902109431694977
sans featurings ni ad-libs,0.9010407011397255
sans featurings ni ad-libs,0.9467641874334495
sans featurings ni ad-libs,0.9339633550098956
sans featurings ni ad-libs,0.9776263559485108
sans featurings ni ad-libs,0.9472561795682534
sans featurings ni ad-libs,0.9283485212395054
sans featurings ni ad-libs,0.9193827241881233
sans featurings ni ad-libs,0.8872798703372698
sans featurings ni ad-libs,0.916176598690231
sans featurings ni ad-libs,0.9080738792051445
sans featurings ni ad-libs,0.955762666222056
sans featurings ni ad-libs,0.8973960158692029
sans featurings ni ad-libs,0.9635933568183117
sans featurings ni ad-libs,0.941275378283801
sans featurings ni ad-libs,0.9125795928488235
sans featurings ni ad-libs,0.9137265191465405
sans featurings ni ad-libs,0.9103357425602168
sans featurings ni ad-libs,0.9490087746352058
sans featurings ni ad-libs,0.93016916877475
sans featurings ni ad-libs,0.9874056319430262
sans featurings ni ad-libs,0.915228659577594
sans featurings ni ad-libs,0.8933418726773414
sans featurings ni ad-libs,0.9078922492199422
sans featurings ni ad-libs,0.9501448195304257
sans featurings ni ad-libs,0.9740992869632832
sans featurings ni ad-libs,0.9632289739964572
sans featurings ni ad-libs,0.929758093257922
sans featurings ni ad-libs,0.9350721538014473
sans featurings ni ad-libs,0.9792618705101417
sans featurings ni ad-libs,0.960826187489408
sans featurings ni ad-libs,0.956719067184869
sans featurings ni ad-libs,0.9169561996188824
sans featurings ni ad-libs,0.9517311502206499
sans featurings ni ad-libs,0.8961707513100594
sans featurings ni ad-libs,0.9097656691461073
sans featurings ni ad-libs,0.9321114995669479
sans featurings ni ad-libs,0.9320127209904747
sans featurings ni ad-libs,0.9130334171898785
sans featurings ni ad-libs,0.945316403344517
sans featurings ni ad-libs,0.9301479059772466
sans featurings ni ad-libs,0.9531524361606846
sans featurings ni ad-libs,0.8953678520979337
sans featurings ni ad-libs,0.9427859419203737
sans featurings ni ad-libs,0.9156451230337895
sans featurings ni ad-libs,0.9634367948977314
sans featurings ni ad-libs,0.955513429720752
sans featurings ni ad-libs,0.9532731354456446
sans featurings ni ad-libs,0.9020867788844513
sans featurings ni ad-libs,0.9294309648821297
sans featurings ni ad-libs,0.9254450987727861
sans featurings ni ad-libs,0.9486952208524049
sans featurings ni ad-libs,0.9140877308462174
sans featurings ni ad-libs,0.9466662482766418
sans featurings ni ad-libs,0.9069119303005259
sans featurings ni ad-libs,0.9623142496735846
sans featurings ni ad-libs,0.9423357742850323
sans featurings ni ad-libs,0.9000010805961256
sans featurings ni ad-libs,0.9010594356746474
sans featurings ni ad-libs,0.9269101249677179
sans featurings ni ad-libs,0.8976863680477569
sans featurings ni ad-libs,0.9038059564399354
sans featurings ni ad-libs,0.9463270303427486
sans featurings ni ad-libs,0.908539350838458
sans featurings ni ad-libs,0.9415917696812106
sans featurings ni ad-libs,0.8889164267589228
sans featurings ni ad-libs,0.9205610532712023
sans featurings ni ad-libs,0.9008729703479094
sans featurings ni ad-libs,0.953812802282388
sans featurings ni ad-libs,0.9309986029210817
sans featurings ni ad-libs,0.9565105753263949
sans featurings ni ad-libs,0.9164241911007773
sans featurings ni ad-libs,0.9258648124166833
sans featurings ni ad-libs,0.9350461689011933
sans featurings ni ad-libs,0.9802386325629868
sans featurings ni ad-libs,0.9374226561658325
sans featurings ni ad-libs,0.9627323436941192
sans featurings ni ad-libs,0.9611505672339868
sans featurings ni ad-libs,0.9789728816139597
sans featurings ni ad-libs,0.9033370661921191
sans featurings ni ad-libs,0.9549004460197336
sans featurings ni ad-libs,0.9152205969014482
sans featurings ni ad-libs,0.9722801614255516
sans featurings ni ad-libs,0.9314848483434053
sans featurings ni ad-libs,0.9051578881248434
sans featurings ni ad-libs,0.8801367402725138
sans featurings ni ad-libs,0.9397997808294438
sans featurings ni ad-libs,0.9241321265285808
sans featurings ni ad-libs,0.9366885872620307
sans featurings ni ad-libs,0.9182142212627012
sans featurings ni ad-libs,0.9010494740939029
sans featurings ni ad-libs,0.9411097655715536
sans featurings ni ad-libs,0.9251079426114485
sans featurings ni ad-libs,0.9373619495058095
sans featurings ni ad-libs,0.8975431252717265
sans featurings ni ad-libs,0.9251642795172055
sans featurings ni ad-libs,0.9567218995361102
sans featurings ni ad-libs,0.973579495736843
sans featurings ni ad-libs,0.902180713059692
sans featurings ni ad-libs,0.9196663953562585
sans featurings ni ad-libs,0.928532860327901
sans featurings ni ad-libs,0.920146495293678
sans featurings ni ad-libs,0.9506083346712371
sans featurings ni ad-libs,0.9226657159570132
sans featurings ni ad-libs,0.9048958390399398
sans featurings ni ad-libs,0.9389736352760686
sans featurings ni ad-libs,0.9725223116334556
sans featurings ni ad-libs,0.958242771819871
sans featurings ni ad-libs,0.9756895663395394
sans featurings ni ad-libs,0.9430363170421393
sans featurings ni ad-libs,0.9474651217418597
sans featurings ni ad-libs,0.9270364172721569
sans featurings ni ad-libs,0.9416243092465443
sans featurings ni ad-libs,0.9427859419203737
sans featurings ni ad-libs,0.9192455710252742
sans featurings ni ad-libs,0.9233309419091615
sans featurings ni ad-libs,0.958019538942269
sans featurings ni ad-libs,0.9312558922088887
sans featurings ni ad-libs,0.9156923004724163
sans featurings ni ad-libs,0.9354851292201382
sans featurings ni ad-libs,0.9252428358669753
sans featurings ni ad-libs,0.9599040910370504
sans featurings ni ad-libs,0.977897251658469
sans featurings ni ad-libs,0.8998144231050096
sans featurings ni ad-libs,0.9008530327778113
sans featurings ni ad-libs,0.9367557349619005
sans featurings ni ad-libs,0.9184821211102276
sans featurings ni ad-libs,0.9224324444670322
sans featurings ni ad-libs,0.9124309419153449
sans featurings ni ad-libs,1.0038544402513923
sans featurings ni ad-libs,0.9392503269158128
sans featurings ni ad-libs,0.9767374641600394
sans featurings ni ad-libs,0.9001444045845445
sans featurings ni ad-libs,0.9408133373386146
sans featurings ni ad-libs,0.8906211600415362
sans featurings ni ad-libs,0.9126816029496821
sans featurings ni ad-libs,0.9063830334099302
sans featurings ni ad-libs,0.9306147468638083
sans featurings ni ad-libs,0.9050516606775866
sans featurings ni ad-libs,0.9061369654180262
sans featurings ni ad-libs,0.9469111515278137
sans featurings ni ad-libs,0.9622933585048618
sans featurings ni ad-libs,0.9064655394725316
sans featurings ni ad-libs,0.8762040354047238
sans featurings ni ad-libs,0.9580911207275797
sans featurings ni ad-libs,0.904381810290957
sans featurings ni ad-libs,0.9752071435629953
sans featurings ni ad-libs,0.9649174449658029
sans featurings ni ad-libs,0.9260700121274905
sans featurings ni ad-libs,0.8677576919383017
sans featurings ni ad-libs,0.9572786724836406
sans featurings ni ad-libs,0.9130316397327882
sans featurings ni ad-libs,0.9085566150705963
sans featurings ni ad-libs,0.9174920181583607
sans featurings ni ad-libs,0.9490497713251067
sans featurings ni ad-libs,0.8978855296580677
sans featurings ni ad-libs,0.933501308143721
sans featurings ni ad-libs,0.9132009275408075
sans featurings ni ad-libs,0.980094728287518
sans featurings ni ad-libs,0.9265241427556856
sans featurings ni ad-libs,0.9363449982726162
sans featurings ni ad-libs,0.958524633628256
sans featurings ni ad-libs,0.9148223273625007
sans featurings ni ad-libs,0.948763925648615
sans featurings ni ad-libs,0.8966166666077064
sans featurings ni ad-libs,0.9113675721109
sans featurings ni ad-libs,0.9928788991984175
sans featurings ni ad-libs,0.9128092585881125
sans featurings ni ad-libs,0.9466495011770715
sans featurings ni ad-libs,0.9165659202586709
sans featurings ni ad-libs,0.9259720223890873
sans featurings ni ad-libs,0.9146600698276337
sans featurings ni ad-libs,0.9279775445743874
sans featurings ni ad-libs,0.972376039715065
sans featurings ni ad-libs,0.8818413998469654
sans featurings ni ad-libs,0.9623237851772896
sans featurings ni ad-libs,0.927955790099341
sans featurings ni ad-libs,0.9776326376659324
sans featurings ni ad-libs,1.0181900074091594
sans featurings ni ad-libs,0.9636102143108076
sans featurings ni ad-libs,0.8802195064549257
sans featurings ni ad-libs,0.9430192918823359
sans featurings ni ad-libs,0.9337523643301402
sans featurings ni ad-libs,0.9127096353764447
sans featurings ni ad-libs,0.9324024976950546
sans featurings ni ad-libs,0.9383563542307514
sans featurings ni ad-libs,0.9536774452510259
sans featurings ni ad-libs,0.9477558069643326
sans featurings ni ad-libs,0.8920151945208046
sans featurings ni ad-libs,0.974491231889193
sans featurings ni ad-libs,0.9273872672260418
sans featurings ni ad-libs,0.9399448909205371
sans featurings ni ad-libs,0.8908907073762418
sans featurings ni ad-libs,0.9463647316801487
sans featurings ni ad-libs,0.9482484509616455
sans featurings ni ad-libs,0.9362779838462677
sans featurings ni ad-libs,0.946863826976689
sans featurings ni ad-libs,0.9208237431621484
sans featurings ni ad-libs,0.932806480590575
sans featurings ni ad-libs,0.9748691829820485
sans featurings ni ad-libs,0.9803607166294844
sans featurings ni ad-libs,0.980781857064364
sans featurings ni ad-libs,0.9322436160941387
sans featurings ni ad-libs,0.936067704620806
sans featurings ni ad-libs,0.9289362439267781
sans featurings ni ad-libs,0.9025756503336309
sans featurings ni ad-libs,0.9677745341343525
sans featurings ni ad-libs,0.9676060950252963
sans featurings ni ad-libs,0.9355188505652299
sans featurings ni ad-libs,0.9345401683583985
sans featurings ni ad-libs,0.98214950258735
sans featurings ni ad-libs,0.9774147396577776
sans featurings ni ad-libs,0.9106748545631353
sans featurings ni ad-libs,0.928988589841928
sans featurings ni ad-libs,0.9405734170038089
sans featurings ni ad-libs,0.9431756100925277
sans featurings ni ad-libs,0.8853478768333548
sans featurings ni ad-libs,0.9361447559358204
sans featurings ni ad-libs,0.8919401161024298
sans featurings ni ad-libs,0.9139700408179015
sans featurings ni ad-libs,0.9495554622224597
sans featurings ni ad-libs,0.9771357510831269
sans featurings ni ad-libs,1.0105492621822432
sans featurings ni ad-libs,0.9553934733920676
sans featurings ni ad-libs,0.9160657744410391
sans featurings ni ad-libs,0.9141259989958368
sans featurings ni ad-libs,0.9393984335924085
sans featurings ni ad-libs,0.954874474275692
sans featurings ni ad-libs,0.9330353569128498
sans featurings ni ad-libs,0.9183997532759847
sans featurings ni ad-libs,0.9463920646017101
sans featurings ni ad-libs,0.9415466323175545
sans featurings ni ad-libs,0.8926612534462895
sans featurings ni ad-libs,0.9460433521623983
sans featurings ni ad-libs,0.9348280855743158
sans featurings ni ad-libs,0.9325800900876202
sans featurings ni ad-libs,0.9430520054728947
sans featurings ni ad-libs,0.9261091272418784
sans featurings ni ad-libs,0.9248639600516225
sans featurings ni ad-libs,0.9526745330625637
sans featurings ni ad-libs,0.9522694780589341
sans featurings ni ad-libs,0.9392017469038719
sans featurings ni ad-libs,0.9225424450552991
sans featurings ni ad-libs,0.9098731541289538
sans featurings ni ad-libs,0.9388364795828414
sans featurings ni ad-libs,1.0024536713838852
sans featurings ni ad-libs,0.9529210473991663
sans featurings ni ad-libs,0.9418044103157086
sans featurings ni ad-libs,0.945032795265139
sans featurings ni ad-libs,0.9180106684366434
sans featurings ni ad-libs,0.8970473283917854
sans featurings ni ad-libs,0.910339850252323
sans featurings ni ad-libs,0.9015555631988633
sans featurings ni ad-libs,0.9543958239306268
sans featurings ni ad-libs,0.9046795050791423
sans featurings ni ad-libs,0.9100346532073741
sans featurings ni ad-libs,0.921475074022928
sans featurings ni ad-libs,0.958087889252272
sans featurings ni ad-libs,0.8989494022225325
sans featurings ni ad-libs,0.9519512287804919
sans featurings ni ad-libs,0.9465846621975982
sans featurings ni ad-libs,0.9527163228890045
sans featurings ni ad-libs,0.9345969668838584
sans featurings ni ad-libs,0.9654988613070127
sans featurings ni ad-libs,0.8630634336304779
sans featurings ni ad-libs,0.9264870642941022
sans featurings ni ad-libs,0.8944163856427044
sans featurings ni ad-libs,0.9258932604862512
sans featurings ni ad-libs,0.9520443864177232
sans featurings ni ad-libs,0.8781883304868171
sans featurings ni ad-libs,0.9511422133109915
sans featurings ni ad-libs,0.8934899987329226
sans featurings ni ad-libs,0.9582650798742968
sans featurings ni ad-libs,0.8723326808991397
sans featurings ni ad-libs,0.9568950539635527
sans featurings ni ad-libs,0.9764642915285969
sans featurings ni ad-libs,0.9684022178419736
sans featurings ni ad-libs,0.9492652694507842
sans featurings ni ad-libs,0.8967296295018348
sans featurings ni ad-libs,0.9400430978576806
sans featurings ni ad-libs,0.915197648296802
sans featurings ni ad-libs,0.9665479424137318
sans featurings ni ad-libs,0.916605292805714
sans featurings ni ad-libs,0.921908194332712
sans featurings ni ad-libs,0.9544554296167326
sans featurings ni ad-libs,0.901861264053196
sans featurings ni ad-libs,0.9295114906397351
sans featurings ni ad-libs,0.9665745379455001
sans featurings ni ad-libs,0.9422360132434714
sans featurings ni ad-libs,0.9133704297110921
sans featurings ni ad-libs,0.9155234035456092
sans featurings ni ad-libs,0.9253306875340346
sans featurings ni ad-libs,0.903083568477394
sans featurings ni ad-libs,0.9049989804749075
sans featurings ni ad-libs,0.9223695548743704
sans featurings ni ad-libs,0.9204611627839485
sans featurings ni ad-libs,0.9420666689962078
sans featurings ni ad-libs,0.9166671738095573
sans featurings ni ad-libs,0.9481152460417285
sans featurings ni ad-libs,0.9196131452288048
sans featurings ni ad-libs,0.9320268647799811
sans featurings ni ad-libs,0.9213542603736322
sans featurings ni ad-libs,0.8818270558653994
sans featurings ni ad-libs,0.9275537688595608
sans featurings ni ad-libs,0.908199933751928
sans featurings ni ad-libs,0.9562545366768069
sans featurings ni ad-libs,0.8890818106293157
sans featurings ni ad-libs,0.976782323551418
sans featurings ni ad-libs,0.9070616669568623
sans featurings ni ad-libs,0.8784503206086525
sans featurings ni ad-libs,0.9521532458620576
sans featurings ni ad-libs,0.946195702517958
sans featurings ni ad-libs,0.977410164385978
sans featurings ni ad-libs,0.9809196525296265
sans featurings ni ad-libs,0.90030406565516
sans featurings ni ad-libs,0.9376358531028423
sans featurings ni ad-libs,0.941671887571478
sans featurings ni ad-libs,0.940117748977591
sans featurings ni ad-libs,0.9550635258345176
sans featurings ni ad-libs,0.9085637059673135
sans featurings ni ad-libs,0.8985681398892646
sans featurings ni ad-libs,0.947154345466266
sans featurings ni ad-libs,0.9232515387841884
sans featurings ni ad-libs,0.9271294321099964
sans featurings ni ad-libs,0.9365896404587859
sans featurings ni ad-libs,0.8779982730257645
sans featurings ni ad-libs,0.944485864456167
sans featurings ni ad-libs,0.8900107474642277
sans featurings ni ad-libs,0.9473282646521509
sans featurings ni ad-libs,0.9387166224013749
sans featurings ni ad-libs,0.90466175819232
sans featurings ni ad-libs,0.9736134245860474
sans featurings ni ad-libs,0.9401228549908784
sans featurings ni ad-libs,0.9068352053143015
sans featurings ni ad-libs,0.8817104076284182
sans featurings ni ad-libs,0.8874800313964111
sans featurings ni ad-libs,0.9565453288995591
sans featurings ni ad-libs,0.9307513518005626
sans featurings ni ad-libs,0.9579625663379232
sans featurings ni ad-libs,0.9432119819861382
sans featurings ni ad-libs,0.9457034641852434
sans featurings ni ad-libs,0.9712553063972169
sans featurings ni ad-libs,0.9719857209335409
sans featurings ni ad-libs,0.9312197655870026
sans featurings ni ad-libs,0.9332774915391684
sans featurings ni ad-libs,0.9570696071348901
sans featurings ni ad-libs,0.931491000544921
sans featurings ni ad-libs,0.9151740471060088
sans featurings ni ad-libs,0.8873179184251763
sans featurings ni ad-libs,0.903161726167952
sans featurings ni ad-libs,0.9569880543044688
sans featurings ni ad-libs,0.9243206301838361
sans featurings ni ad-libs,0.8984259652179507
sans featurings ni ad-libs,0.8743026465542095
sans featurings ni ad-libs,0.9486818475351293
sans featurings ni ad-libs,0.9129646948395438
sans featurings ni ad-libs,0.9876777338111944
sans featurings ni ad-libs,0.9675599413775724
sans featurings ni ad-libs,0.9244609822847344
sans featurings ni ad-libs,0.9284682956031364
sans featurings ni ad-libs,0.9177359527057244
sans featurings ni ad-libs,0.9463165465877106
sans featurings ni ad-libs,0.9664861169458422
sans featurings ni ad-libs,0.945139442679557
sans featurings ni ad-libs,0.9311667250215516
sans featurings ni ad-libs,0.9229224956460392
sans featurings ni ad-libs,0.9087153420073302
sans featurings ni ad-libs,0.9455180207632431
sans featurings ni ad-libs,0.958806753230815
sans featurings ni ad-libs,0.9767726461219549
sans featurings ni ad-libs,0.9280990612459007
sans featurings ni ad-libs,0.9377026666179531
sans featurings ni ad-libs,0.959849009429286
sans featurings ni ad-libs,0.925841586852492
sans featurings ni ad-libs,0.9449433104180368
sans featurings ni ad-libs,0.9483635931505653
sans featurings ni ad-libs,0.9315923624299496
sans featurings ni ad-libs,0.9520976784852058
sans featurings ni ad-libs,0.9313026883059173
sans featurings ni ad-libs,0.9238558906549542
sans featurings ni ad-libs,0.9508185263228731
sans featurings ni ad-libs,0.9640206026457285
sans featurings ni ad-libs,0.9604526850858949
sans featurings ni ad-libs,0.9609192509047785
sans featurings ni ad-libs,0.9209245763056095
sans featurings ni ad-libs,0.9536600039120405
sans featurings ni ad-libs,0.9346858050661986
sans featurings ni ad-libs,0.9513726622449755
sans featurings ni ad-libs,0.9800569979263098
sans featurings ni ad-libs,0.9216047169019423
sans featurings ni ad-libs,0.9667543910789353
sans featurings ni ad-libs,0.8995516193615435
sans featurings ni ad-libs,0.9130811098055834
sans featurings ni ad-libs,0.9446829305541675
sans featurings ni ad-libs,0.9134843278699646
sans featurings ni ad-libs,0.9329849876842962
sans featurings ni ad-libs,0.936084277131409
sans featurings ni ad-libs,0.9224076552437337
sans featurings ni ad-libs,0.9325422530731894
sans featurings ni ad-libs,0.8994580813720887
sans featurings ni ad-libs,0.9381258788421938
sans featurings ni ad-libs,0.9291896117247469
sans featurings ni ad-libs,0.9304293419262225
sans featurings ni ad-libs,1.0297806259364517
sans featurings ni ad-libs,0.9736485664992278
sans featurings ni ad-libs,0.9428746345629495
sans featurings ni ad-libs,0.925313618037451
sans featurings ni ad-libs,0.9670976837684807
sans featurings ni ad-libs,0.9063608428354764
sans featurings ni ad-libs,0.9282753836904943
sans featurings ni ad-libs,0.948722520002597
sans featurings ni ad-libs,0.951586590418179
sans featurings ni ad-libs,0.9597584464068405
sans featurings ni ad-libs,0.9395256902885927
sans featurings ni ad-libs,0.95581838741568
sans featurings ni ad-libs,0.926125812586472
sans featurings ni ad-libs,0.9274558940894213
sans featurings ni ad-libs,0.8948744684198198
sans featurings ni ad-libs,0.9252526807611596
sans featurings ni ad-libs,0.9456989356711262
sans featurings ni ad-libs,0.8893281339086306
sans featurings ni ad-libs,0.9452668565505404
sans featurings ni ad-libs,0.9320634418940681
sans featurings ni ad-libs,0.9382554041818684
sans featurings ni ad-libs,0.9058043741532881
sans featurings ni ad-libs,0.9619362839768614
sans featurings ni ad-libs,0.9339629898127932
sans featurings ni ad-libs,0.9333245099511116
sans featurings ni ad-libs,0.9325092628206955
sans featurings ni ad-libs,0.954860973732057
sans featurings ni ad-libs,0.9023310693888155
sans featurings ni ad-libs,0.9299684955833021
sans featurings ni ad-libs,0.9317183321293894
sans featurings ni ad-libs,0.9702134975696497
sans featurings ni ad-libs,0.932094158526906
sans featurings ni ad-libs,0.9159750961208507
sans featurings ni ad-libs,0.9563084324898621
sans featurings ni ad-libs,0.9118704795765283
sans featurings ni ad-libs,0.922422151938445
sans featurings ni ad-libs,0.9317480551701603
sans featurings ni ad-libs,0.9431026859109888
sans featurings ni ad-libs,0.9091645353566131
sans featurings ni ad-libs,0.9132022587612229
sans featurings ni ad-libs,0.92203674988341
sans featurings ni ad-libs,0.9504485023227824
sans featurings ni ad-libs,0.9339477842453694
sans featurings ni ad-libs,0.8815838723628266
sans featurings ni ad-libs,0.9028251763386574
sans featurings ni ad-libs,0.9293301993634029
sans featurings ni ad-libs,0.9473456589297209
sans featurings ni ad-libs,0.9499380686900777
sans featurings ni ad-libs,0.9679265851550153
sans featurings ni ad-libs,0.9369730885865724
sans featurings ni ad-libs,0.9435789516097052
sans featurings ni ad-libs,0.9592411328683469
sans featurings ni ad-libs,0.8907065595723229
sans featurings ni ad-libs,0.946650675529473
sans featurings ni ad-libs,0.9746599374501954
sans featurings ni ad-libs,0.9568611216508565
sans featurings ni ad-libs,0.9426198192054089
sans featurings ni ad-libs,0.8709857708774863
sans featurings ni ad-libs,0.900264356287872
sans featurings ni ad-libs,0.9454431350957551
sans featurings ni ad-libs,0.9047040222795564
sans featurings ni ad-libs,0.9114515073910886
sans featurings ni ad-libs,0.9265911893348413
sans featurings ni ad-libs,0.9571347959188224
sans featurings ni ad-libs,0.903571083947083
sans featurings ni ad-libs,0.9208073423006962
sans featurings ni ad-libs,0.8999438370094451
sans featurings ni ad-libs,0.942779891649156
sans featurings ni ad-libs,0.9368358716360055
sans featurings ni ad-libs,0.9254708796978691
sans featurings ni ad-libs,0.8806785486153745
sans featurings ni ad-libs,0.9664754302632728
sans featurings ni ad-libs,0.9105564562690889
sans featurings ni ad-libs,0.952701597006183
sans featurings ni ad-libs,0.9239173769330129
sans featurings ni ad-libs,0.9209362705241566
sans featurings ni ad-libs,0.9035652648301137
sans featurings ni ad-libs,0.9336734577804825
sans featurings ni ad-libs,0.9501260266099292
sans featurings ni ad-libs,0.9479501660158506
sans featurings ni ad-libs,0.9497754681782911
sans featurings ni ad-libs,0.9112275826921501
sans featurings ni ad-libs,0.900843351442732
sans featurings ni ad-libs,0.9199841122765527
sans featurings ni ad-libs,0.9616073784259553
sans featurings ni ad-libs,0.9642630198404828
sans featurings ni ad-libs,0.9335358859413704
sans featurings ni ad-libs,0.899046896447926
sans featurings ni ad-libs,0.9389715242213713
sans featurings ni ad-libs,0.9430532996151146
sans featurings ni ad-libs,0.9548172546612833
sans featurings ni ad-libs,0.9692782082598075
sans featurings ni ad-libs,0.9116665859933051
sans featurings ni ad-libs,0.9214680292210223
sans featurings ni ad-libs,0.9390552062276953
sans featurings ni ad-libs,0.9492801818707162
sans featurings ni ad-libs,0.971710633182098
sans featurings ni ad-libs,0.9143989940552683
sans featurings ni ad-libs,0.9120447948843193
sans featurings ni ad-libs,0.9451794585996833
sans featurings ni ad-libs,0.9252258034853391
sans featurings ni ad-libs,0.9166413468455048
sans featurings ni ad-libs,0.9312777217537245
sans featurings ni ad-libs,0.9861564415061291
sans featurings ni ad-libs,0.9366031077286749
sans featurings ni ad-libs,0.9472333225980886
sans featurings ni ad-libs,0.966449017924655
sans featurings ni ad-libs,0.9492564972307413
sans featurings ni ad-libs,0.9232555362833665
sans featurings ni ad-libs,0.9107535141556888
sans featurings ni ad-libs,0.9412389729004889
sans featurings ni ad-libs,0.940312343155122
sans featurings ni ad-libs,0.9351980643615493
sans featurings ni ad-libs,0.8939455477693415
sans featurings ni ad-libs,0.9264301637034745
sans featurings ni ad-libs,0.9466042247860186
sans featurings ni ad-libs,0.9113477320931807
sans featurings ni ad-libs,0.9064584103263493
sans featurings ni ad-libs,0.9464778895308729
sans featurings ni ad-libs,0.945037668056875
sans featurings ni ad-libs,0.9347768627065417
sans featurings ni ad-libs,0.9741249835181243
sans featurings ni ad-libs,0.9299788822964284
sans featurings ni ad-libs,0.9850025539007469
sans featurings ni ad-libs,0.9570278060646975
sans featurings ni ad-libs,0.9785094761916102
sans featurings ni ad-libs,0.9050299301120776
sans featurings ni ad-libs,0.928596822068429
sans featurings ni ad-libs,0.9469792004606213
sans featurings ni ad-libs,0.962310315363486
sans featurings ni ad-libs,0.9283296585451286
sans featurings ni ad-libs,0.9316451680928859
sans featurings ni ad-libs,0.9326590901553581
sans featurings ni ad-libs,0.9380127267546249
sans featurings ni ad-libs,0.954836067460813
sans featurings ni ad-libs,0.9665209118696902
sans featurings ni ad-libs,0.9546301198205366
sans featurings ni ad-libs,0.9356723543801222
sans featurings ni ad-libs,0.9165949364083411
sans featurings ni ad-libs,0.8603058057740028
sans featurings ni ad-libs,0.9458947302543356
sans featurings ni ad-libs,0.9319827577866884
sans featurings ni ad-libs,0.9485710158972951
sans featurings ni ad-libs,0.8733949819373802
sans featurings ni ad-libs,0.9319550769544821
sans featurings ni ad-libs,0.9050120168532547
sans featurings ni ad-libs,0.8813989905860355
sans featurings ni ad-libs,0.967304963536382
sans featurings ni ad-libs,0.9443370635172942
sans featurings ni ad-libs,0.9778552710114641
sans featurings ni ad-libs,0.9447797735600203
sans featurings ni ad-libs,0.9486895226363874
sans featurings ni ad-libs,0.9370614268393143
sans featurings ni ad-libs,0.9615516743560547
sans featurings ni ad-libs,0.9256460280012956
sans featurings ni ad-libs,0.9559779759824661
sans featurings ni ad-libs,0.9501251006068345
sans featurings ni ad-libs,0.9328972517026908
sans featurings ni ad-libs,0.9431181643539509
sans featurings ni ad-libs,0.9751575997653181
sans featurings ni ad-libs,0.9152360099550937
sans featurings ni ad-libs,0.9375911674244936
sans featurings ni ad-libs,0.9471757706839199
sans featurings ni ad-libs,0.9002501835127728
sans featurings ni ad-libs,0.9298966960871033
sans featurings ni ad-libs,0.9361768585586152
sans featurings ni ad-libs,0.9726483534222341
sans featurings ni ad-libs,0.9707069325795055
sans featurings ni ad-libs,0.9548246621722355
sans featurings ni ad-libs,0.954315710754575
sans featurings ni ad-libs,0.9274138883207304
sans featurings ni ad-libs,0.9491556869146491
sans featurings ni ad-libs,0.9130550242156326
sans featurings ni ad-libs,0.9689627799273437
sans featurings ni ad-libs,0.9267603102213363
sans featurings ni ad-libs,0.9596808923635911
sans featurings ni ad-libs,0.9449552821142424
sans featurings ni ad-libs,0.9146555705872854
sans featurings ni ad-libs,0.9701679511266245
sans featurings ni ad-libs,0.9245857700739304
sans featurings ni ad-libs,0.972794765437582
sans featurings ni ad-libs,0.9322291580706761
sans featurings ni ad-libs,0.9297126485235236
sans featurings ni ad-libs,0.9307648024227093
sans featurings ni ad-libs,0.9630609031730955
sans featurings ni ad-libs,0.9144352622281622
sans featurings ni ad-libs,0.9544214036212906
sans featurings ni ad-libs,0.9712379798163576
sans featurings ni ad-libs,0.9414924280588202
sans featurings ni ad-libs,0.9130382663821424
sans featurings ni ad-libs,0.954931370547097
sans featurings ni ad-libs,0.9492243994632931
sans featurings ni ad-libs,0.9697232786533058
sans featurings ni ad-libs,0.9250800965343304
sans featurings ni ad-libs,0.9667014135921705
sans featurings ni ad-libs,0.9693763179048046
sans featurings ni ad-libs,0.9572916363643962
sans featurings ni ad-libs,0.9188320005524335
sans featurings ni ad-libs,0.909769780640176
sans featurings ni ad-libs,0.9158680326150621
sans featurings ni ad-libs,0.9112157091282227
sans featurings ni ad-libs,0.9479851045524137
sans featurings ni ad-libs,0.9523262560273464
sans featurings ni ad-libs,0.953633051650992
sans featurings ni ad-libs,0.8888283395730098
sans featurings ni ad-libs,0.9491710158311857
sans featurings ni ad-libs,0.9991443540022269
sans featurings ni ad-libs,0.9117796734426018
sans featurings ni ad-libs,0.9163342769427864
sans featurings ni ad-libs,0.9527327544701581
sans featurings ni ad-libs,0.9336355716710164
sans featurings ni ad-libs,0.9190200420214427
sans featurings ni ad-libs,0.958039262710147
sans featurings ni ad-libs,0.9244340408506125
sans featurings ni ad-libs,0.9316460018602473
sans featurings ni ad-libs,0.9587791566094978
sans featurings ni ad-libs,0.9389755876059105
sans featurings ni ad-libs,0.9395167286584224
sans featurings ni ad-libs,0.9708908787759106
sans featurings ni ad-libs,0.9435817562347865
sans featurings ni ad-libs,0.9345622602910998
sans featurings ni ad-libs,0.950211929859545
sans featurings ni ad-libs,0.9300341298482057
sans featurings ni ad-libs,0.9301999352072062
sans featurings ni ad-libs,0.9190893763263871
sans featurings ni ad-libs,0.9209512488182368
sans featurings ni ad-libs,0.9364712693360288
sans featurings ni ad-libs,0.9299311469221871
sans featurings ni ad-libs,0.9481359587240524
sans featurings ni ad-libs,0.964011523285187
sans featurings ni ad-libs,0.9428308918852281
sans featurings ni ad-libs,0.8990727134559562
sans featurings ni ad-libs,0.9513606524464883
sans featurings ni ad-libs,0.9032869966283084
sans featurings ni ad-libs,0.9437354822658682
sans featurings ni ad-libs,0.9341656172476687
sans featurings ni ad-libs,0.907108446438901
sans featurings ni ad-libs,0.9082133986291351
sans featurings ni ad-libs,0.9254161827666787
sans featurings ni ad-libs,0.9332195797915839
sans featurings ni ad-libs,0.9133270798432969
sans featurings ni ad-libs,0.9281660970851549
sans featurings ni ad-libs,0.8951665636292351
sans featurings ni ad-libs,0.9500011120915417
sans featurings ni ad-libs,0.9497289581615127
sans featurings ni ad-libs,0.9634390117149461
sans featurings ni ad-libs,0.9363969950617675
sans featurings ni ad-libs,0.9366590946623828
sans featurings ni ad-libs,0.9237561536286777
sans featurings ni ad-libs,0.9392732096167828
sans featurings ni ad-libs,0.940402497706814
sans featurings ni ad-libs,0.9265842457134873
sans featurings ni ad-libs,0.9528680937948092
sans featurings ni ad-libs,0.9385525538107234
sans featurings ni ad-libs,0.9396185952735846
sans featurings ni ad-libs,0.9596632634175165
sans featurings ni ad-libs,0.9360376566663369
sans featurings ni ad-libs,0.931940454052613
sans featurings ni ad-libs,0.8887641322281583
sans featurings ni ad-libs,0.9337295051147142
sans featurings ni ad-libs,0.9431446722474075
sans featurings ni ad-libs,0.9552368450603336
sans featurings ni ad-libs,0.9188139696715139
sans featurings ni ad-libs,0.94770047077541
sans featurings ni ad-libs,0.9319005498892676
sans featurings ni ad-libs,0.9494189274333631
sans featurings ni ad-libs,0.9369636726742966
sans featurings ni ad-libs,0.9018512876304414
sans featurings ni ad-libs,0.8891689875154383
sans featurings ni ad-libs,0.9077854167045245
sans featurings ni ad-libs,0.9414386130572038
sans featurings ni ad-libs,0.9542645541354393
sans featurings ni ad-libs,0.9246461615308579
sans featurings ni ad-libs,0.9265673642548884
sans featurings ni ad-libs,0.9634659470174282
sans featurings ni ad-libs,0.9551919921765063
sans featurings ni ad-libs,0.871272616452406
sans featurings ni ad-libs,0.911573003314935
sans featurings ni ad-libs,0.937284883473824
sans featurings ni ad-libs,0.9104297950444435
sans featurings ni ad-libs,0.9415328776901751
sans featurings ni ad-libs,0.9180845631165583
sans featurings ni ad-libs,0.9543704735045933
sans featurings ni ad-libs,0.9573374761276946
sans featurings ni ad-libs,0.9912099391630731
sans featurings ni ad-libs,0.8990190239598667
sans featurings ni ad-libs,0.9803630673593845
sans featurings ni ad-libs,0.8824530894723082
sans featurings ni ad-libs,0.8951180852821846
sans featurings ni ad-libs,0.9008483637055783
sans featurings ni ad-libs,0.9411480232701993
sans featurings ni ad-libs,0.93404983369008
sans featurings ni ad-libs,0.9479280917627818
sans featurings ni ad-libs,0.8584408337085645
sans featurings ni ad-libs,0.9140721416386133
sans featurings ni ad-libs,0.9543358896125353
sans featurings ni ad-libs,0.9278362882116247
sans featurings ni ad-libs,0.972660000217046
sans featurings ni ad-libs,0.955753994479797
sans featurings ni ad-libs,0.9240614619869235
sans featurings ni ad-libs,0.9408327129670735
sans featurings ni ad-libs,0.9555147394159733
sans featurings ni ad-libs,0.8915463707642214
sans featurings ni ad-libs,0.9094671462264723
sans featurings ni ad-libs,0.9570360905722541
sans featurings ni ad-libs,0.9610431841627736
sans featurings ni ad-libs,0.9085582805674759
sans featurings ni ad-libs,0.916040888051419
sans featurings ni ad-libs,0.9396773540239776
sans featurings ni ad-libs,0.9071757475422607
sans featurings ni ad-libs,0.894883066804578
sans featurings ni ad-libs,0.9618025501443419
sans featurings ni ad-libs,0.8999589612404135
sans featurings ni ad-libs,0.9128985217280049
sans featurings ni ad-libs,0.962782955357158
sans featurings ni ad-libs,0.8479289294482412
sans featurings ni ad-libs,0.973086469536777
sans featurings ni ad-libs,0.9399212821553112
sans featurings ni ad-libs,0.941354818755335
sans featurings ni ad-libs,0.9107691501289854
sans featurings ni ad-libs,0.8710315232278008
sans featurings ni ad-libs,0.9287022131705915
sans featurings ni ad-libs,0.9754553370429262
sans featurings ni ad-libs,0.9571544901086788
sans featurings ni ad-libs,0.9822134857447044
sans featurings ni ad-libs,0.9040461533277646
sans featurings ni ad-libs,0.9603495094685259
sans featurings ni ad-libs,0.9501403597932195
sans featurings ni ad-libs,0.9118542834797112
sans featurings ni ad-libs,0.8840591818227921
sans featurings ni ad-libs,0.9415836415768459
sans featurings ni ad-libs,1.0095773333195974
sans featurings ni ad-libs,0.9336675874828778
sans featurings ni ad-libs,0.9479483852002237
sans featurings ni ad-libs,0.9698611194049052
sans featurings ni ad-libs,0.9214388696133364
sans featurings ni ad-libs,0.9724729023251866
sans featurings ni ad-libs,0.9390774321998618
sans featurings ni ad-libs,0.9794333496172757
sans featurings ni ad-libs,0.9319378074997157
sans featurings ni ad-libs,0.9178974570781202
sans featurings ni ad-libs,0.912202565496987
sans featurings ni ad-libs,0.9290225275924144
sans featurings ni ad-libs,0.9764426076098862
sans featurings ni ad-libs,0.9374901773285528
sans featurings ni ad-libs,0.9570992392080975
sans featurings ni ad-libs,0.9204443286122075
sans featurings ni ad-libs,0.8958647092865236
sans featurings ni ad-libs,0.9234367974210858
sans featurings ni ad-libs,0.9743425918379449
sans featurings ni ad-libs,0.9319127650856944
sans featurings ni ad-libs,0.9562403276761139
sans featurings ni ad-libs,0.9608057599452455
sans featurings ni ad-libs,0.9244046328308425
sans featurings ni ad-libs,0.9681004048113592
sans featurings ni ad-libs,0.9678911036850669
sans featurings ni ad-libs,0.88622715354906
sans featurings ni ad-libs,0.9016233447564117
sans featurings ni ad-libs,0.9122247607558428
sans featurings ni ad-libs,0.9191688998388367
sans featurings ni ad-libs,0.959002796018349
sans featurings ni ad-libs,0.9096418366966543
sans featurings ni ad-libs,0.9660567967794212
sans featurings ni ad-libs,0.944431344344747
sans featurings ni ad-libs,0.9622130646119708
sans featurings ni ad-libs,0.9459218808659391
sans featurings ni ad-libs,0.9482364152628032
sans featurings ni ad-libs,0.8858479945619055
sans featurings ni ad-libs,0.9405307518345343
sans featurings ni ad-libs,0.8950685831722862
sans featurings ni ad-libs,0.9409642807305885
sans featurings ni ad-libs,0.9303750720009092
sans featurings ni ad-libs,0.9339228540050823
sans featurings ni ad-libs,0.9089994606478659
sans featurings ni ad-libs,0.8930251600360746
sans featurings ni ad-libs,1.0148841812515748
sans featurings ni ad-libs,0.9337053777636537
sans featurings ni ad-libs,0.9776699670182076
sans featurings ni ad-libs,0.953759742600199
sans featurings ni ad-libs,0.9615318656631241
sans featurings ni ad-libs,0.9046623149841853
sans featurings ni ad-libs,0.9215982972240145
sans featurings ni ad-libs,0.9257954420199117
sans featurings ni ad-libs,0.9046150837219467
sans featurings ni ad-libs,0.9454679303156699
sans featurings ni ad-libs,0.9462402712718381
sans featurings ni ad-libs,0.9316190517891061
sans featurings ni ad-libs,0.953381165906982
sans featurings ni ad-libs,0.9235630859545924
sans featurings ni ad-libs,0.9107040454782479
sans featurings ni ad-libs,0.9398987003953483
sans featurings ni ad-libs,0.9355408207118169
sans featurings ni ad-libs,0.8917504995005735
sans featurings ni ad-libs,0.9848426031776067
sans featurings ni ad-libs,0.9572719023523879
sans featurings ni ad-libs,0.9403407793732054
sans featurings ni ad-libs,0.9605579198659211
sans featurings ni ad-libs,0.9323721242180749
sans featurings ni ad-libs,0.9376875230827948
sans featurings ni ad-libs,0.9371142461859586
sans featurings ni ad-libs,0.8880381739998849
sans featurings ni ad-libs,0.9077575236675874
sans featurings ni ad-libs,0.9297196109864428
sans featurings ni ad-libs,0.9438842524637021
sans featurings ni ad-libs,0.9018083511145205
sans featurings ni ad-libs,0.9057320060336871
sans featurings ni ad-libs,0.9808126808631843
sans featurings ni ad-libs,0.9204318343589185
sans featurings ni ad-libs,0.9231005118725686
sans featurings ni ad-libs,0.9655957918469023
sans featurings ni ad-libs,0.9136559225331807
sans featurings ni ad-libs,0.9613704887471138
sans featurings ni ad-libs,0.9398035984388802
sans featurings ni ad-libs,0.917244652663938
sans featurings ni ad-libs,0.9328870381808057
sans featurings ni ad-libs,0.9222082796567321
sans featurings ni ad-libs,0.925954971187708
sans featurings ni ad-libs,0.9003772441330219
sans featurings ni ad-libs,0.8579339660674977
sans featurings ni ad-libs,0.9363689011862387
sans featurings ni ad-libs,0.9207148172265985
sans featurings ni ad-libs,0.9281941336060181
sans featurings ni ad-libs,0.902651648681183
sans featurings ni ad-libs,0.8819988519969104
sans featurings ni ad-libs,0.9293757645960555
sans featurings ni ad-libs,0.9088261249236319
sans featurings ni ad-libs,0.9341647215846243
sans featurings ni ad-libs,0.973223021838954
sans featurings ni ad-libs,0.8630130803211682
sans featurings ni ad-libs,0.9569456456821538
sans featurings ni ad-libs,0.9462538550293328
sans featurings ni ad-libs,0.9026574087848105
sans featurings ni ad-libs,0.9426162719711354
sans featurings ni ad-libs,0.8917355992107747
sans featurings ni ad-libs,0.9589554262593406
sans featurings ni ad-libs,0.9310022369192168
sans featurings ni ad-libs,0.9390171844472125
sans featurings ni ad-libs,0.9350906205985053
sans featurings ni ad-libs,0.9380897156248111
sans featurings ni ad-libs,0.972808682024644
sans featurings ni ad-libs,0.8729854151880193
sans featurings ni ad-libs,0.9488925791731336
sans featurings ni ad-libs,0.9151523658948678
sans featurings ni ad-libs,0.9803222303259622
sans featurings ni ad-libs,0.9443125097183002
sans featurings ni ad-libs,0.9377561411471573
sans featurings ni ad-libs,0.911586215458657
sans featurings ni ad-libs,0.9735937226545118
sans featurings ni ad-libs,0.9646528239180826
sans featurings ni ad-libs,0.9543729070838912
sans featurings ni ad-libs,0.9457440652917407
sans featurings ni ad-libs,0.953489601685656
sans featurings ni ad-libs,0.9437613880541921
sans featurings ni ad-libs,0.9354709379559978
sans featurings ni ad-libs,0.9738413821647552
sans featurings ni ad-libs,0.9074610750541943
sans featurings ni ad-libs,0.952561033830332
sans featurings ni ad-libs,0.8869781449306433
sans featurings ni ad-libs,0.9404165687945658
sans featurings ni ad-libs,0.9308679643156148
sans featurings ni ad-libs,0.9412180441903045
sans featurings ni ad-libs,0.9238734399834556
sans featurings ni ad-libs,0.9015726374727431
sans featurings ni ad-libs,0.9462823888394067
sans featurings ni ad-libs,0.8762012156668673
sans featurings ni ad-libs,0.9655767738034635
sans featurings ni ad-libs,0.9269943991079826
sans featurings ni ad-libs,0.898385257728479
sans featurings ni ad-libs,0.9375961910196
sans featurings ni ad-libs,0.9382476219512323
sans featurings ni ad-libs,0.9184206848437235
sans featurings ni ad-libs,0.9572651040666689
sans featurings ni ad-libs,0.9619100075161175
sans featurings ni ad-libs,0.9401270190829902
sans featurings ni ad-libs,0.9373494323289305
sans featurings ni ad-libs,0.9527212028224906
sans featurings ni ad-libs,0.8734112758088408
sans featurings ni ad-libs,0.9350785805143589
sans featurings ni ad-libs,0.8675637379928465
sans featurings ni ad-libs,0.8874617944964424
sans featurings ni ad-libs,0.9569893843671551
sans featurings ni ad-libs,0.9022687203081845
sans featurings ni ad-libs,0.9066472130927099
sans featurings ni ad-libs,0.9617036838408719
sans featurings ni ad-libs,0.9272680472259754
sans featurings ni ad-libs,1.0053499545866127
sans featurings ni ad-libs,1.0001569322608281
sans featurings ni ad-libs,0.9270331472631153
sans featurings ni ad-libs,0.931491000544921
sans featurings ni ad-libs,0.9004174843285011
sans featurings ni ad-libs,0.9409909088275763
sans featurings ni ad-libs,0.9475285186251774
sans featurings ni ad-libs,0.9524527136449313
sans featurings ni ad-libs,0.9007469741204241
sans featurings ni ad-libs,0.924145187784996
sans featurings ni ad-libs,0.9533691660156866
sans featurings ni ad-libs,0.9021606154745909
sans featurings ni ad-libs,0.9875473393345537
sans featurings ni ad-libs,0.8991710801955377
sans featurings ni ad-libs,0.9335658694869444
sans featurings ni ad-libs,0.969653065783892
sans featurings ni ad-libs,0.9442874874259923
sans featurings ni ad-libs,0.909565595980358
sans featurings ni ad-libs,0.9732353672374077
sans featurings ni ad-libs,0.9404137488774995
sans featurings ni ad-libs,0.9296926851048294
sans featurings ni ad-libs,0.9541022672215638
sans featurings ni ad-libs,0.9521784111294542
sans featurings ni ad-libs,0.9335079044755674
sans featurings ni ad-libs,0.9302262473549101
sans featurings ni ad-libs,0.9238080272400213
sans featurings ni ad-libs,0.9274162872017404
sans featurings ni ad-libs,0.9062021918049397
sans featurings ni ad-libs,0.9184837847729058
sans featurings ni ad-libs,0.9242259932966007
sans featurings ni ad-libs,0.9024260546615551
sans featurings ni ad-libs,0.9524173181073585
sans featurings ni ad-libs,0.899065267743948
sans featurings ni ad-libs,0.9377585319802787
sans featurings ni ad-libs,0.9376961755143705
sans featurings ni ad-libs,0.8856939510681967
sans featurings ni ad-libs,0.9287266565270101
sans featurings ni ad-libs,0.9306573015810613
sans featurings ni ad-libs,0.9723920924774325
sans featurings ni ad-libs,0.9337688785971952
sans featurings ni ad-libs,0.9547703467345128
sans featurings ni ad-libs,0.9067271154171017
sans featurings ni ad-libs,0.9116561255064333
sans featurings ni ad-libs,0.9263208718404313
sans featurings ni ad-libs,0.9578054462141055
sans featurings ni ad-libs,0.9406380386295863
sans featurings ni ad-libs,0.9223713044267574
sans featurings ni ad-libs,0.9631116931474064
sans featurings ni ad-libs,0.9792082321434931
sans featurings ni ad-libs,0.9497654311857531
sans featurings ni ad-libs,0.9536934138391807
sans featurings ni ad-libs,0.9414802206428453
sans featurings ni ad-libs,0.9190387108187215
sans featurings ni ad-libs,0.9340901064643096
sans featurings ni ad-libs,0.8871861450531016
sans featurings ni ad-libs,0.9389784478039278
sans featurings ni ad-libs,0.8502657179648563
sans featurings ni ad-libs,0.9261117201741635
sans featurings ni ad-libs,0.9181880006220678
sans featurings ni ad-libs,0.9214876560942149
sans featurings ni ad-libs,0.9496727393254496
sans featurings ni ad-libs,0.9106460506212283
sans featurings ni ad-libs,0.9262423553830483
sans featurings ni ad-libs,0.9683728349604993
sans featurings ni ad-libs,0.9807594691554218
sans featurings ni ad-libs,0.9053429401342098
sans featurings ni ad-libs,0.920263375934905
sans featurings ni ad-libs,0.9371581857123198
sans featurings ni ad-libs,0.9662924322597003
sans featurings ni ad-libs,0.9452120347769524
sans featurings ni ad-libs,0.9606147569823686
sans featurings ni ad-libs,0.9282854709537793
sans featurings ni ad-libs,0.9243232051699605
sans featurings ni ad-libs,0.9106918886843509
sans featurings ni ad-libs,0.9519835597185937
sans featurings ni ad-libs,0.9480335620146549
sans featurings ni ad-libs,0.8453576036662681
sans featurings ni ad-libs,0.9170906973752111
sans featurings ni ad-libs,0.8579181418904591
sans featurings ni ad-libs,0.946540575189889
sans featurings ni ad-libs,0.9112085435078617
sans featurings ni ad-libs,0.9501532365759322
sans featurings ni ad-libs,0.9031811902286171
sans featurings ni ad-libs,0.9723231684396436
sans featurings ni ad-libs,0.9366360566166455
sans featurings ni ad-libs,0.8895771501902991
sans featurings ni ad-libs,0.933728090820657
sans featurings ni ad-libs,0.912064254625139
sans featurings ni ad-libs,0.9087365018135241
sans featurings ni ad-libs,0.9375029673517233
sans featurings ni ad-libs,0.9489762591973853
sans featurings ni ad-libs,0.9758070828397384
sans featurings ni ad-libs,0.9455414248926789
sans featurings ni ad-libs,0.9082012019592451
sans featurings ni ad-libs,0.9254395097783639
sans featurings ni ad-libs,0.930419042507661
sans featurings ni ad-libs,0.9500241950351322
sans featurings ni ad-libs,0.9156554868092369
sans featurings ni ad-libs,0.9555064893388273
sans featurings ni ad-libs,0.9112004313843645
sans featurings ni ad-libs,0.943685055615501
sans featurings ni ad-libs,0.993937144277337
sans featurings ni ad-libs,0.97013950143342
sans featurings ni ad-libs,0.9703736032150359
sans featurings ni ad-libs,0.9145470376404333
sans featurings ni ad-libs,0.9436631274215087
sans featurings ni ad-libs,0.9433394684171054
sans featurings ni ad-libs,0.9548010991404389
sans featurings ni ad-libs,0.9163521722037844
sans featurings ni ad-libs,0.9365880420532896
sans featurings ni ad-libs,0.9554277563785956
sans featurings ni ad-libs,0.9433449440522019
sans featurings ni ad-libs,0.8969925046926316
sans featurings ni ad-libs,0.9497183459996973
sans featurings ni ad-libs,0.9335260285196042
sans featurings ni ad-libs,0.9224296618037496
sans featurings ni ad-libs,0.9239092410993573
sans featurings ni ad-libs,0.9587253580563724
sans featurings ni ad-libs,0.9661334823975022
sans featurings ni ad-libs,0.9494072236302782
sans featurings ni ad-libs,0.977434805501773
sans featurings ni ad-libs,0.9821164541868136
sans featurings ni ad-libs,0.9395042658966999
sans featurings ni ad-libs,0.9538079740790716
sans featurings ni ad-libs,0.9339548988015208
sans featurings ni ad-libs,0.8943264747282677
sans featurings ni ad-libs,0.8898240911239691
sans featurings ni ad-libs,0.959880675230845
sans featurings ni ad-libs,0.9607594155491926
sans featurings ni ad-libs,0.9036627813573206
sans featurings ni ad-libs,0.9166289632181677
sans featurings ni ad-libs,0.9027317735494984
sans featurings ni ad-libs,0.9429567443397004
sans featurings ni ad-libs,0.8705858942483707
sans featurings ni ad-libs,0.9182821151340504
sans featurings ni ad-libs,0.9447990721340723
sans featurings ni ad-libs,0.9042402070855855
sans featurings ni ad-libs,0.9044699147821987
sans featurings ni ad-libs,0.9008584834648811
sans featurings ni ad-libs,0.8923576220251711
sans featurings ni ad-libs,0.9105095485019812
sans featurings ni ad-libs,0.9610186080152264
sans featurings ni ad-libs,0.9083655786655023
sans featurings ni ad-libs,0.9265098432840203
sans featurings ni ad-libs,0.8897339023050861
sans featurings ni ad-libs,0.9308809074814837
sans featurings ni ad-libs,0.9100657735530967
sans featurings ni ad-libs,0.9203847478668046
sans featurings ni ad-libs,0.9147238259734483
sans featurings ni ad-libs,0.9290190268522498
sans featurings ni ad-libs,0.9234764326662105
sans featurings ni ad-libs,0.9237524758982438
sans featurings ni ad-libs,0.9563366714529874
sans featurings ni ad-libs,0.9145526619063334
sans featurings ni ad-libs,0.9240491186565758
sans featurings ni ad-libs,0.9746443591416319
sans featurings ni ad-libs,0.9717679101064379
sans featurings ni ad-libs,0.9490208700960177
sans featurings ni ad-libs,0.9209199600237093
sans featurings ni ad-libs,0.9393411912257391
sans featurings ni ad-libs,0.9393670366463401
sans featurings ni ad-libs,0.8540324960084724
sans featurings ni ad-libs,0.914031971427532
sans featurings ni ad-libs,0.9493323552982458
sans featurings ni ad-libs,0.9235085874280076
sans featurings ni ad-libs,0.9492200007889589
sans featurings ni ad-libs,0.9443210097699459
sans featurings ni ad-libs,0.9449086481526201
sans featurings ni ad-libs,0.8954546429365936
sans featurings ni ad-libs,0.9226658921734425
sans featurings ni ad-libs,0.9431684016622665
sans featurings ni ad-libs,0.9428363390804512
sans featurings ni ad-libs,0.9605571335364714
sans featurings ni ad-libs,0.9676748147821765
sans featurings ni ad-libs,0.9685092409570709
sans featurings ni ad-libs,0.938749188181402
sans featurings ni ad-libs,0.9660661368385252
sans featurings ni ad-libs,0.8798764601375392
sans featurings ni ad-libs,0.9325874652144917
sans featurings ni ad-libs,0.9745555389207171
sans featurings ni ad-libs,0.951749041232715
sans featurings ni ad-libs,0.935980242695931
sans featurings ni ad-libs,0.9442918963368436
sans featurings ni ad-libs,0.9557897895654309
sans featurings ni ad-libs,0.9535554361757818
sans featurings ni ad-libs,0.928106527539896
sans featurings ni ad-libs,0.9346634240434291
sans featurings ni ad-libs,0.9673536699598834
sans featurings ni ad-libs,0.9534312309527808
sans featurings ni ad-libs,0.912003503391999
sans featurings ni ad-libs,0.9111573762235343
sans featurings ni ad-libs,0.8933715239633243
sans featurings ni ad-libs,0.9615160078962705
sans featurings ni ad-libs,0.9295336612814133
sans featurings ni ad-libs,0.9463971914930046
sans featurings ni ad-libs,0.8711597259395474
sans featurings ni ad-libs,0.9143359212153652
sans featurings ni ad-libs,0.8714896012429503
sans featurings ni ad-libs,0.9498922787277997
sans featurings ni ad-libs,0.9715696881177761
sans featurings ni ad-libs,0.9262806962197281
sans featurings ni ad-libs,0.8967987708649326
sans featurings ni ad-libs,0.9429965136529309
sans featurings ni ad-libs,0.9675120753105795
sans featurings ni ad-libs,0.9063464262621801
sans featurings ni ad-libs,0.9485821335767854
sans featurings ni ad-libs,0.9483276167887211
sans featurings ni ad-libs,0.8969361737632502
sans featurings ni ad-libs,0.9695618655738112
sans featurings ni ad-libs,0.9487928083257526
sans featurings ni ad-libs,0.8845814759614056
sans featurings ni ad-libs,0.9493605022632212
sans featurings ni ad-libs,0.9488953731792473
sans featurings ni ad-libs,0.9341920871039464
sans featurings ni ad-libs,0.9325576350782688
sans featurings ni ad-libs,0.9433133223363791
sans featurings ni ad-libs,0.9241182509251297
sans featurings ni ad-libs,0.9554722254393311
sans featurings ni ad-libs,0.9403236901556185
sans featurings ni ad-libs,0.952248398550699
sans featurings ni ad-libs,0.964494131801331
sans featurings ni ad-libs,0.9437903207107381
sans featurings ni ad-libs,0.9471867820284773
sans featurings ni ad-libs,0.9293659644415382
sans featurings ni ad-libs,0.964542255510512
sans featurings ni ad-libs,0.9575515739192386
sans featurings ni ad-libs,0.9054771082421711
sans featurings ni ad-libs,0.9721715418437711
sans featurings ni ad-libs,0.9257145630564558
sans featurings ni ad-libs,0.9798843088403121
sans featurings ni ad-libs,0.9022649639686773
sans featurings ni ad-libs,0.9228624665642501
sans featurings ni ad-libs,0.909460243739117
sans featurings ni ad-libs,0.9205136865461028
sans featurings ni ad-libs,0.9438400785643436
sans featurings ni ad-libs,0.9517554334402357
sans featurings ni ad-libs,0.9524700874871628
sans featurings ni ad-libs,0.921875732386249
sans featurings ni ad-libs,0.9338304282328281
sans featurings ni ad-libs,0.9495685273378821
sans featurings ni ad-libs,0.9499935978816719
sans featurings ni ad-libs,0.9334939327889699
sans featurings ni ad-libs,0.9359148274048872
sans featurings ni ad-libs,0.9451984976340835
sans featurings ni ad-libs,0.9389591527928168
sans featurings ni ad-libs,0.9262876835391041
sans featurings ni ad-libs,0.9639642765847481
sans featurings ni ad-libs,0.985266778699106
sans featurings ni ad-libs,0.9255578641016342
sans featurings ni ad-libs,0.9745489469689957
sans featurings ni ad-libs,0.8976512843552151
sans featurings ni ad-libs,0.9335135633923317
sans featurings ni ad-libs,0.9436185769640516
sans featurings ni ad-libs,0.9335070761315359
sans featurings ni ad-libs,0.9428089478557841
sans featurings ni ad-libs,0.9619900023643932
sans featurings ni ad-libs,0.9543169485199399
sans featurings ni ad-libs,0.8912176242945969
sans featurings ni ad-libs,0.9653991858727119
sans featurings ni ad-libs,0.8894667639984071
sans featurings ni ad-libs,0.9607351902500725
sans featurings ni ad-libs,0.9480108648443644
sans featurings ni ad-libs,0.9417452004275108
sans featurings ni ad-libs,0.9347063970140618
sans featurings ni ad-libs,0.9477605664646174
sans featurings ni ad-libs,0.9776471418948223
sans featurings ni ad-libs,0.9151120825333459
sans featurings ni ad-libs,0.9471254786819804
sans featurings ni ad-libs,0.9404850961145935
sans featurings ni ad-libs,0.8967324368732128
sans featurings ni ad-libs,0.948872537493818
sans featurings ni ad-libs,0.9498304097630017
sans featurings ni ad-libs,0.9462845843930651
sans featurings ni ad-libs,0.952377800683217
sans featurings ni ad-libs,0.9347024093876434
sans featurings ni ad-libs,0.9361102686526752
sans featurings ni ad-libs,0.9323024001437351
sans featurings ni ad-libs,0.9425585647388242
sans featurings ni ad-libs,0.9524979941222974
sans featurings ni ad-libs,0.9229906570793937
sans featurings ni ad-libs,0.9148539547516358
sans featurings ni ad-libs,0.9182286637142952
sans featurings ni ad-libs,0.8795340745343883
sans featurings ni ad-libs,0.935842204554295
sans featurings ni ad-libs,0.9552340937498952
sans featurings ni ad-libs,0.9069410354385636
sans featurings ni ad-libs,0.9625298683162853
sans featurings ni ad-libs,0.9175987790888593
sans featurings ni ad-libs,0.9273849682634436
sans featurings ni ad-libs,0.887589761455901
sans featurings ni ad-libs,0.9250303782386133
sans featurings ni ad-libs,0.9579601295372137
sans featurings ni ad-libs,0.9089532492263483
sans featurings ni ad-libs,0.9484616515820521
sans featurings ni ad-libs,0.9250816807161677
sans featurings ni ad-libs,0.9553771518354928
sans featurings ni ad-libs,0.9229146793673728
sans featurings ni ad-libs,0.9377411831697624
sans featurings ni ad-libs,0.9154188476270989
sans featurings ni ad-libs,0.9700157369013073
sans featurings ni ad-libs,0.9632589092716071
sans featurings ni ad-libs,0.9293230622178055
sans featurings ni ad-libs,0.932494818972261
sans featurings ni ad-libs,0.89795407517379
sans featurings ni ad-libs,0.9483127171330062
sans featurings ni ad-libs,0.9517030619370268
sans featurings ni ad-libs,0.9501973447818299
sans featurings ni ad-libs,0.946310336390058
sans featurings ni ad-libs,0.9260297711696286
sans featurings ni ad-libs,0.894558788374884
sans featurings ni ad-libs,0.9593369385050672
sans featurings ni ad-libs,0.9757991776256959
sans featurings ni ad-libs,0.9153720228353859
sans featurings ni ad-libs,0.9279299538935426
sans featurings ni ad-libs,0.945839130348645
sans featurings ni ad-libs,0.9282012173351573
sans featurings ni ad-libs,0.9451360650261568
sans featurings ni ad-libs,0.9481708590817008
sans featurings ni ad-libs,0.9594538688885837
sans featurings ni ad-libs,0.9141706330522503
sans featurings ni ad-libs,0.96016220033608
sans featurings ni ad-libs,0.970342233634845
sans featurings ni ad-libs,0.8927667997157016
sans featurings ni ad-libs,0.9458845062082901
sans featurings ni ad-libs,0.9499814992080788
sans featurings ni ad-libs,0.9601150455960378
sans featurings ni ad-libs,0.9518544078332841
sans featurings ni ad-libs,0.8849014054926692
sans featurings ni ad-libs,0.9283009750368219
sans featurings ni ad-libs,0.9695025489947312
sans featurings ni ad-libs,0.9268030273511156
sans featurings ni ad-libs,0.9770326032584478
sans featurings ni ad-libs,0.930234710697719
sans featurings ni ad-libs,0.9747466362536703
sans featurings ni ad-libs,0.9436967622394671
sans featurings ni ad-libs,0.9646786971654354
sans featurings ni ad-libs,0.9441205120745104
sans featurings ni ad-libs,0.9192027400510898
sans featurings ni ad-libs,0.9034407982548681
sans featurings ni ad-libs,0.9473643562912659
sans featurings ni ad-libs,0.921427013374035
sans featurings ni ad-libs,0.8994545823218099
sans featurings ni ad-libs,0.9178905774367081
sans featurings ni ad-libs,0.9293916524311435
sans featurings ni ad-libs,0.8905007589656072
sans featurings ni ad-libs,0.9547747808821514
sans featurings ni ad-libs,0.9244933987386513
sans featurings ni ad-libs,0.8905739364905686
sans featurings ni ad-libs,0.957400103700768
sans featurings ni ad-libs,0.9013517115532175
sans featurings ni ad-libs,0.9425522583178727
sans featurings ni ad-libs,0.9022728393920789
sans featurings ni ad-libs,0.8930573360717073
sans featurings ni ad-libs,0.9335655432225204
sans featurings ni ad-libs,0.9398383528644078
sans featurings ni ad-libs,0.9743334204206544
sans featurings ni ad-libs,0.91390063151163
sans featurings ni ad-libs,0.912034650371362
sans featurings ni ad-libs,0.9430950332113957
sans featurings ni ad-libs,0.9584084600223242
sans featurings ni ad-libs,0.8885355280686982
sans featurings ni ad-libs,0.9071672225560492
sans featurings ni ad-libs,0.916692337541509
sans featurings ni ad-libs,0.9083610605176946
sans featurings ni ad-libs,0.9147568864967491
sans featurings ni ad-libs,0.9388499125744001
sans featurings ni ad-libs,0.9803379566482373
sans featurings ni ad-libs,0.9245852286101003
sans featurings ni ad-libs,0.9209995879599784
sans featurings ni ad-libs,0.946614492367348
sans featurings ni ad-libs,0.9866992563169626
sans featurings ni ad-libs,0.9768345420220725
sans featurings ni ad-libs,0.9284938343591405
sans featurings ni ad-libs,0.9209608026403241
sans featurings ni ad-libs,0.9849948852665233
sans featurings ni ad-libs,0.9075867818660102
sans featurings ni ad-libs,0.9247392311365066
sans featurings ni ad-libs,1.0064523928164608
sans featurings ni ad-libs,0.9658742027357603
sans featurings ni ad-libs,0.9282663816688479
sans featurings ni ad-libs,0.9324275730931986
sans featurings ni ad-libs,0.9375292733860413
sans featurings ni ad-libs,0.9716858501658947
sans featurings ni ad-libs,0.9500207447044049
sans featurings ni ad-libs,0.954631465894973
sans featurings ni ad-libs,0.953449722581813
sans featurings ni ad-libs,0.9231908939886087
sans featurings ni ad-libs,0.900376371914324
sans featurings ni ad-libs,0.9807332881347104
sans featurings ni ad-libs,0.940807601978807
sans featurings ni ad-libs,0.9613522110336578
sans featurings ni ad-libs,0.9229563042177474
sans featurings ni ad-libs,0.9095998284929776
sans featurings ni ad-libs,0.9235372626738398
sans featurings ni ad-libs,0.9155192109283172
sans featurings ni ad-libs,0.9601820691108358
sans featurings ni ad-libs,0.9614209866537038
sans featurings ni ad-libs,0.9689305755901537
sans featurings ni ad-libs,0.9545671086268821
sans featurings ni ad-libs,0.865692343651858
sans featurings ni ad-libs,0.9610981924011283
sans featurings ni ad-libs,0.9229991565862612
sans featurings ni ad-libs,0.8870985139446588
sans featurings ni ad-libs,0.9619717858109864
sans featurings ni ad-libs,0.9565004372248515
sans featurings ni ad-libs,0.9019764240235819
sans featurings ni ad-libs,0.9339050803080338
sans featurings ni ad-libs,0.907109069548394
sans featurings ni ad-libs,0.8877456282521466
sans featurings ni ad-libs,0.9318930900579189
sans featurings ni ad-libs,0.9463592252995
sans featurings ni ad-libs,0.9234042718384732
sans featurings ni ad-libs,0.919642119702236
sans featurings ni ad-libs,0.9246419903570354
sans featurings ni ad-libs,0.9492870142152552
sans featurings ni ad-libs,0.9506317518605323
sans featurings ni ad-libs,0.9360491580058536
sans featurings ni ad-libs,0.9427759484721452
sans featurings ni ad-libs,0.9585821986967178
sans featurings ni ad-libs,0.9764933079382504
sans featurings ni ad-libs,0.9625820320487617
sans featurings ni ad-libs,0.8971076351959124
sans featurings ni ad-libs,0.880237444956735
sans featurings ni ad-libs,0.9349050265119393
sans featurings ni ad-libs,0.9610710236948254
sans featurings ni ad-libs,0.9707300954925714
sans featurings ni ad-libs,0.9191856124277791
sans featurings ni ad-libs,0.9166917840698373
sans featurings ni ad-libs,0.8867522592084532
sans featurings ni ad-libs,0.92022401400734
sans featurings ni ad-libs,0.9040118166494024
sans featurings ni ad-libs,0.9308326469080762
sans featurings ni ad-libs,0.939506794195371
sans featurings ni ad-libs,0.9546701047695288
sans featurings ni ad-libs,1.0054971791929952
sans featurings ni ad-libs,0.96189483642484
sans featurings ni ad-libs,0.8667361815580974
sans featurings ni ad-libs,0.9172294491752192
sans featurings ni ad-libs,0.9101481690248343
sans featurings ni ad-libs,0.9034416045716014
sans featurings ni ad-libs,0.9485210796109087
sans featurings ni ad-libs,0.938256455647217
sans featurings ni ad-libs,0.9606474427807048
sans featurings ni ad-libs,0.9061076452773487
sans featurings ni ad-libs,0.9568942201097305
sans featurings ni ad-libs,0.954083601467886
sans featurings ni ad-libs,0.933534040794549
sans featurings ni ad-libs,0.9505071332323534
sans featurings ni ad-libs,0.9316106368428657
sans featurings ni ad-libs,0.9559980269148833
sans featurings ni ad-libs,0.9292711322061364
sans featurings ni ad-libs,0.9588325365289501
sans featurings ni ad-libs,0.8998403843105218
sans featurings ni ad-libs,0.9361692544260098
sans featurings ni ad-libs,0.9276171260563841
sans featurings ni ad-libs,0.9221520615496536
sans featurings ni ad-libs,0.9634969371488968
sans featurings ni ad-libs,0.9296746083996177
sans featurings ni ad-libs,0.9564872538640231
sans featurings ni ad-libs,0.9481529967656199
sans featurings ni ad-libs,0.932213001488364
sans featurings ni ad-libs,0.9360810620519134
sans featurings ni ad-libs,0.9525952839784263
sans featurings ni ad-libs,0.9254581150104249
sans featurings ni ad-libs,0.9420109824428082
sans featurings ni ad-libs,0.9436898733372687
sans featurings ni ad-libs,0.9142467492737931
sans featurings ni ad-libs,0.9720008800982144
sans featurings ni ad-libs,0.9036734488125147
sans featurings ni ad-libs,0.8757338823990605
sans featurings ni ad-libs,0.979230863755333
sans featurings ni ad-libs,0.9555098269304346
sans featurings ni ad-libs,0.8868713308212186
sans featurings ni ad-libs,0.9100074763125882
sans featurings ni ad-libs,0.9768350789851457
sans featurings ni ad-libs,0.9279214035875636
sans featurings ni ad-libs,0.9385167340712527
sans featurings ni ad-libs,0.9618217785377093
sans featurings ni ad-libs,0.947752503078306
sans featurings ni ad-libs,0.9269697597001629
sans featurings ni ad-libs,0.9370435742572153
sans featurings ni ad-libs,0.9412750784046563
sans featurings ni ad-libs,0.9144227164239513
sans featurings ni ad-libs,0.9556267037957801
sans featurings ni ad-libs,0.9062667123829884
sans featurings ni ad-libs,0.9298870984821025
sans featurings ni ad-libs,0.9555145165035634
sans featurings ni ad-libs,0.9434631954115867
sans featurings ni ad-libs,0.9469079823055083
sans featurings ni ad-libs,0.907719697629737
sans featurings ni ad-libs,0.9310943207407243
sans featurings ni ad-libs,0.8923823536888167
sans featurings ni ad-libs,0.8885200337812031
sans featurings ni ad-libs,0.8663985897480927
sans featurings ni ad-libs,0.9574502225786207
sans featurings ni ad-libs,0.9672623400897564
sans featurings ni ad-libs,0.9260355334373824
sans featurings ni ad-libs,0.9153410168085949
sans featurings ni ad-libs,0.8935219694099574
sans featurings ni ad-libs,0.915983804813441
sans featurings ni ad-libs,0.9707417626436123
sans featurings ni ad-libs,0.9021686100752984
sans featurings ni ad-libs,0.9454465792421892
sans featurings ni ad-libs,0.9053724638487014
sans featurings ni ad-libs,0.9530937390563213
sans featurings ni ad-libs,0.932678266434526
sans featurings ni ad-libs,0.9163238830046762
sans featurings ni ad-libs,0.946190175324918
sans featurings ni ad-libs,0.9356318042528518
sans featurings ni ad-libs,0.9290887104260791
sans featurings ni ad-libs,0.9731145627819137
sans featurings ni ad-libs,0.8950864432078101
sans featurings ni ad-libs,0.901807249909766
sans featurings ni ad-libs,0.9459363412454312
sans featurings ni ad-libs,0.9146658401914103
sans featurings ni ad-libs,0.9068218868597393
sans featurings ni ad-libs,0.9077942861890699
sans featurings ni ad-libs,0.8900797744809807
sans featurings ni ad-libs,0.9128528424806726
sans featurings ni ad-libs,0.9934081684449686
sans featurings ni ad-libs,0.9200150410433829
sans featurings ni ad-libs,0.9519393042924716
sans featurings ni ad-libs,0.9439544752354423
sans featurings ni ad-libs,0.9781275783822878
sans featurings ni ad-libs,0.9513513569799363
sans featurings ni ad-libs,0.9732715008324536
sans featurings ni ad-libs,0.950093077989379
sans featurings ni ad-libs,0.9914572836313061
sans featurings ni ad-libs,0.9588425055050739
sans featurings ni ad-libs,0.931805002331223
sans featurings ni ad-libs,0.9745613060620845
sans featurings ni ad-libs,0.9380316818527286
sans featurings ni ad-libs,0.9476303220353894
sans featurings ni ad-libs,0.9601150899633669
sans featurings ni ad-libs,0.9711585044089133
sans featurings ni ad-libs,0.9580465545736411
sans featurings ni ad-libs,0.921175698624285
sans featurings ni ad-libs,0.9523924352325984
sans featurings ni ad-libs,0.9557312457269462
sans featurings ni ad-libs,0.9136368731201501
sans featurings ni ad-libs,0.9479472751745267
sans featurings ni ad-libs,0.8967333790142553
sans featurings ni ad-libs,0.897827786803805
sans featurings ni ad-libs,0.9279665030166465
sans featurings ni ad-libs,0.9112049193353016
sans featurings ni ad-libs,0.9257687134382987
sans featurings ni ad-libs,0.9153790479760644
sans featurings ni ad-libs,0.9439959057224226
sans featurings ni ad-libs,0.9387510851870677
sans featurings ni ad-libs,0.9601641416982456
sans featurings ni ad-libs,0.9223858958911924
sans featurings ni ad-libs,0.9386195834037101
sans featurings ni ad-libs,0.9117698588736916
sans featurings ni ad-libs,0.9449799827593355
sans featurings ni ad-libs,0.956352009365397
sans featurings ni ad-libs,0.9374625427087989
sans featurings ni ad-libs,0.9285369138956541
sans featurings ni ad-libs,0.9425504101459239
sans featurings ni ad-libs,0.9522194691263176
sans featurings ni ad-libs,0.9757116079402312
sans featurings ni ad-libs,0.9472814034638899
sans featurings ni ad-libs,0.9292899510776724
sans featurings ni ad-libs,0.9409735461645463
sans featurings ni ad-libs,0.9048520177622992
sans featurings ni ad-libs,0.8993386671609632
sans featurings ni ad-libs,0.9071364559150804
sans featurings ni ad-libs,0.9344777625669328
sans featurings ni ad-libs,0.8940799513333629
sans featurings ni ad-libs,0.8883421765073409
sans featurings ni ad-libs,0.9634330221295453
sans featurings ni ad-libs,0.9751531504617879
sans featurings ni ad-libs,0.923786791863127
sans featurings ni ad-libs,0.9325707292596602
sans featurings ni ad-libs,0.9392148611925003
sans featurings ni ad-libs,0.9063964629291368
sans featurings ni ad-libs,0.9566700578936905
sans featurings ni ad-libs,0.9165881343865303
sans featurings ni ad-libs,0.9790740786752807
sans featurings ni ad-libs,0.9097488656085088
sans featurings ni ad-libs,0.9785572635516614
sans featurings ni ad-libs,0.9295668619536208
sans featurings ni ad-libs,0.9447967968783847
sans featurings ni ad-libs,0.9010765517154118
sans featurings ni ad-libs,0.9524199383932365
sans featurings ni ad-libs,0.9474129997835925
sans featurings ni ad-libs,0.8895179061162088
sans featurings ni ad-libs,0.9819284465546749
sans featurings ni ad-libs,0.9171972278528842
sans featurings ni ad-libs,0.9846746137995054
sans featurings ni ad-libs,0.8577868865470665
sans featurings ni ad-libs,0.9274548188956344
sans featurings ni ad-libs,0.9004278471779403
sans featurings ni ad-libs,0.9149548686695618
sans featurings ni ad-libs,0.9625169249858176
sans featurings ni ad-libs,0.9160960994251633
sans featurings ni ad-libs,0.9681925106249682
sans featurings ni ad-libs,0.9465854503823745
sans featurings ni ad-libs,0.9504067383665871
sans featurings ni ad-libs,0.910049213111207
sans featurings ni ad-libs,0.9225626337930265
sans featurings ni ad-libs,0.9706759939827218
sans featurings ni ad-libs,0.9208556533587611
sans featurings ni ad-libs,0.9282840999485176
sans featurings ni ad-libs,0.9719244283175842
sans featurings ni ad-libs,0.9457572569734429
sans featurings ni ad-libs,0.9500658772716508
sans featurings ni ad-libs,0.9106977949667714
sans featurings ni ad-libs,0.9267733467324656
sans featurings ni ad-libs,0.9120862590518708
sans featurings ni ad-libs,0.9380350527650855
sans featurings ni ad-libs,0.9153630959939523
sans featurings ni ad-libs,0.9469192022665666
sans featurings ni ad-libs,0.9062014858267027
sans featurings ni ad-libs,0.8963704045125712
sans featurings ni ad-libs,0.9498311504232326
sans featurings ni ad-libs,0.9440536864801122
sans featurings ni ad-libs,0.9305731868520011
sans featurings ni ad-libs,0.9919965644579437
sans featurings ni ad-libs,0.9108040384906739
sans featurings ni ad-libs,0.9584708683795994
sans featurings ni ad-libs,0.9600070207229465
sans featurings ni ad-libs,0.9499003172384253
sans featurings ni ad-libs,0.983235946731805
sans featurings ni ad-libs,0.9829592506069866
sans featurings ni ad-libs,0.907516826682683
sans featurings ni ad-libs,0.9703018013648368
sans featurings ni ad-libs,0.9266046790044918
sans featurings ni ad-libs,0.9060627749182253
sans featurings ni ad-libs,0.9437814448196336
sans featurings ni ad-libs,0.9952525879766285
sans featurings ni ad-libs,0.8996937849932936
sans featurings ni ad-libs,0.9617003904437567
sans featurings ni ad-libs,0.9363720804285643
sans featurings ni ad-libs,0.9195377645895941
sans featurings ni ad-libs,0.9637766521787069
sans featurings ni ad-libs,0.883227902616465
sans featurings ni ad-libs,0.9416565158163578
sans featurings ni ad-libs,0.9506320588160827
sans featurings ni ad-libs,0.9491576574429812
sans featurings ni ad-libs,0.941799385109714
sans featurings ni ad-libs,0.8656217739319918
sans featurings ni ad-libs,0.9324897178093084
sans featurings ni ad-libs,0.9348531441278456
sans featurings ni ad-libs,0.9027125454926908
sans featurings ni ad-libs,0.9353030944244574
sans featurings ni ad-libs,0.9395161834836094
sans featurings ni ad-libs,0.9300650066314874
sans featurings ni ad-libs,0.9914906064180602
sans featurings ni ad-libs,0.9040242728584045
sans featurings ni ad-libs,0.9022924329003913
sans featurings ni ad-libs,0.9348526996855043
sans featurings ni ad-libs,0.8819337910656199
sans featurings ni ad-libs,0.9192466379396459
sans featurings ni ad-libs,0.9845391240274362
sans featurings ni ad-libs,0.9702557843623275
sans featurings ni ad-libs,0.9431639864958893
sans featurings ni ad-libs,0.8811736494705146
sans featurings ni ad-libs,0.9323050631991996
sans featurings ni ad-libs,0.9249592767798208
sans featurings ni ad-libs,0.9076357828791806
sans featurings ni ad-libs,0.9241896774523105
sans featurings ni ad-libs,0.9389281116552508
sans featurings ni ad-libs,0.92704037944794
sans featurings ni ad-libs,0.9215768524973919
sans featurings ni ad-libs,0.9597180530111132
sans featurings ni ad-libs,0.9714827663172982
sans featurings ni ad-libs,0.9743170780435336
sans featurings ni ad-libs,0.9844305976647927
sans featurings ni ad-libs,0.9155718762917399
sans featurings ni ad-libs,0.9397328185006127
sans featurings ni ad-libs,0.9219034058947393
sans featurings ni ad-libs,0.9927733537828175
sans featurings ni ad-libs,0.9120318818552241
sans featurings ni ad-libs,0.9290169501150246
sans featurings ni ad-libs,0.9355370525628257
sans featurings ni ad-libs,0.9072567320387047
sans featurings ni ad-libs,0.9055065982897219
sans featurings ni ad-libs,0.9285696666987607
sans featurings ni ad-libs,0.906488340116279
sans featurings ni ad-libs,0.9930150518121338
sans featurings ni ad-libs,0.9398155810544393
sans featurings ni ad-libs,0.944934880720353
sans featurings ni ad-libs,0.9443082685681631
sans featurings ni ad-libs,0.8941136716578901
sans featurings ni ad-libs,0.9288756343548287
sans featurings ni ad-libs,0.9524872089738696
sans featurings ni ad-libs,0.9703447999598201
sans featurings ni ad-libs,0.918767640238768
sans featurings ni ad-libs,0.9527529194145112
sans featurings ni ad-libs,0.9581625352863412
sans featurings ni ad-libs,0.9666577196150477
sans featurings ni ad-libs,0.9571882422370893
sans featurings ni ad-libs,0.9435439745862482
sans featurings ni ad-libs,0.9287414274484302
sans featurings ni ad-libs,0.948974982228468
sans featurings ni ad-libs,0.9627329863987231
sans featurings ni ad-libs,0.9357149974844235
sans featurings ni ad-libs,0.9177260194985618
sans featurings ni ad-libs,0.9110089746018569
sans featurings ni ad-libs,0.922311213195028
sans featurings ni ad-libs,0.9013384680646322
sans featurings ni ad-libs,0.8952196555692027
sans featurings ni ad-libs,0.9508193601180366
sans featurings ni ad-libs,0.9229658172484628
sans featurings ni ad-libs,0.9862908352362887
sans featurings ni ad-libs,0.9585610785252108
sans featurings ni ad-libs,0.8536463080222334
sans featurings ni ad-libs,0.9072307960668542
sans featurings ni ad-libs,0.9367620436405036
sans featurings ni ad-libs,0.9188541876427838
sans featurings ni ad-libs,0.9858620175954013
sans featurings ni ad-libs,0.9145859766243732
sans featurings ni ad-libs,0.9458765872908799
sans featurings ni ad-libs,0.9520576982131438
sans featurings ni ad-libs,0.9450159506090832
sans featurings ni ad-libs,0.9595344472433385
sans featurings ni ad-libs,0.9210625362356988
sans featurings ni ad-libs,0.8950753772784145
sans featurings ni ad-libs,0.9329157114010169
sans featurings ni ad-libs,0.9736621454592718
sans featurings ni ad-libs,0.9206779212967225
sans featurings ni ad-libs,0.9762058196738024
sans featurings ni ad-libs,0.9086375300293349
sans featurings ni ad-libs,0.9937091131731974
sans featurings ni ad-libs,0.8663588166213766
sans featurings ni ad-libs,0.9456657739775094
sans featurings ni ad-libs,0.982699161100383
sans featurings ni ad-libs,0.9703028864465337
sans featurings ni ad-libs,0.9301266257828558
sans featurings ni ad-libs,0.9517689044459492
sans featurings ni ad-libs,0.9259775441248214
sans featurings ni ad-libs,0.8955301822481933
sans featurings ni ad-libs,0.9195831846644711
sans featurings ni ad-libs,0.8878175502098578
sans featurings ni ad-libs,0.8865012730269402
sans featurings ni ad-libs,0.9449761451693182
sans featurings ni ad-libs,0.9739817701030726
sans featurings ni ad-libs,0.8867915026090208
sans featurings ni ad-libs,0.9541969815471505
sans featurings ni ad-libs,0.9235583190028557
sans featurings ni ad-libs,0.9095304943781084
sans featurings ni ad-libs,0.9870654853140224
sans featurings ni ad-libs,0.9485239476439455
sans featurings ni ad-libs,0.9228576801626828
sans featurings ni ad-libs,0.9270112216791736
sans featurings ni ad-libs,0.9056860053238842
sans featurings ni ad-libs,0.9208533524013717
sans featurings ni ad-libs,0.9484906917569647
sans featurings ni ad-libs,0.9394492325707153
sans featurings ni ad-libs,0.9505401254197503
sans featurings ni ad-libs,0.9481094359968443
sans featurings ni ad-libs,0.9349731055019577
sans featurings ni ad-libs,0.9431101295203398
sans featurings ni ad-libs,0.9261721702532694
sans featurings ni ad-libs,0.9763940985422599
sans featurings ni ad-libs,0.9060553673994496
sans featurings ni ad-libs,0.9270201485790778
sans featurings ni ad-libs,0.9081473566581816
sans featurings ni ad-libs,0.9251415720547227
sans featurings ni ad-libs,0.9596668363501693
sans featurings ni ad-libs,0.933506625135504
sans featurings ni ad-libs,0.9415642022906395
sans featurings ni ad-libs,0.8913998671944823
sans featurings ni ad-libs,0.9256306378545381
sans featurings ni ad-libs,0.8907559318586848
sans featurings ni ad-libs,0.9304616358301084
sans featurings ni ad-libs,0.9158510732525236
sans featurings ni ad-libs,0.9265098042875202
sans featurings ni ad-libs,0.982210519726725
sans featurings ni ad-libs,0.9177260383010941
sans featurings ni ad-libs,0.9466843966839427
sans featurings ni ad-libs,0.9516047986632032
sans featurings ni ad-libs,0.9229268945645317
sans featurings ni ad-libs,0.9293502610803105
sans featurings ni ad-libs,0.8862049724982802
sans featurings ni ad-libs,0.9255750419078803
sans featurings ni ad-libs,0.9519851156672223
sans featurings ni ad-libs,0.9235630819186262
sans featurings ni ad-libs,0.9456444080893054
sans featurings ni ad-libs,0.9549172392969675
sans featurings ni ad-libs,0.8941394361183057
sans featurings ni ad-libs,0.8925852128243307
sans featurings ni ad-libs,0.9702688707062823
sans featurings ni ad-libs,0.9648471752200166
sans featurings ni ad-libs,0.9496349400551959
sans featurings ni ad-libs,0.9992386422771194
sans featurings ni ad-libs,0.9817225866904163
sans featurings ni ad-libs,0.924027535123864
sans featurings ni ad-libs,0.9750992925963035
sans featurings ni ad-libs,0.9641283977589131
sans featurings ni ad-libs,0.9358928661386523
sans featurings ni ad-libs,0.9308462512124377
sans featurings ni ad-libs,0.9501802458087953
sans featurings ni ad-libs,0.9451077414970902
sans featurings ni ad-libs,0.9335035188093752
sans featurings ni ad-libs,0.9561239916166876
sans featurings ni ad-libs,0.952470396163888
sans featurings ni ad-libs,0.9555024660319648
sans featurings ni ad-libs,0.9471060386236562
sans featurings ni ad-libs,0.9239321244939542
sans featurings ni ad-libs,0.9405144797818288
sans featurings ni ad-libs,0.9068502107473767
sans featurings ni ad-libs,0.9331062063232559
sans featurings ni ad-libs,0.9420579597664309
sans featurings ni ad-libs,0.9390382851079665
sans featurings ni ad-libs,0.961371557088401
sans featurings ni ad-libs,0.8793977260590362
sans featurings ni ad-libs,0.9393619154913001
sans featurings ni ad-libs,0.9088972953501997
sans featurings ni ad-libs,0.8783395428783329
sans featurings ni ad-libs,0.9360792256897696
sans featurings ni ad-libs,0.9670655380912373
sans featurings ni ad-libs,0.9173010019820157
sans featurings ni ad-libs,0.9832945036204096
sans featurings ni ad-libs,0.9691270494337891
sans featurings ni ad-libs,0.940213996403676
sans featurings ni ad-libs,0.9285998764693446
sans featurings ni ad-libs,0.9560564661540609
sans featurings ni ad-libs,0.9331707136937742
sans featurings ni ad-libs,0.9499868500213972
sans featurings ni ad-libs,0.973767915141384
sans featurings ni ad-libs,0.9626431313824729
sans featurings ni ad-libs,0.9253898202015046
sans featurings ni ad-libs,0.9062214844703014
sans featurings ni ad-libs,0.9280596741536761
sans featurings ni ad-libs,0.9093969075859326
sans featurings ni ad-libs,0.9450551696023839
sans featurings ni ad-libs,0.9177520851054158
sans featurings ni ad-libs,0.9610585678876392
sans featurings ni ad-libs,0.9368358716360055
sans featurings ni ad-libs,0.9023408971400722
sans featurings ni ad-libs,0.9550139801604967
sans featurings ni ad-libs,0.9563685418289131
sans featurings ni ad-libs,0.9376351228362053
sans featurings ni ad-libs,0.9331391982211434
sans featurings ni ad-libs,0.9371717250964817
sans featurings ni ad-libs,0.914549244139417
sans featurings ni ad-libs,0.9706856468799279
sans featurings ni ad-libs,0.9097572108096161
sans featurings ni ad-libs,0.9110853663774322
sans featurings ni ad-libs,0.9727605504491902
sans featurings ni ad-libs,0.9460551875533773
sans featurings ni ad-libs,0.9379897293480783
sans featurings ni ad-libs,0.9841435948416362
sans featurings ni ad-libs,0.9622310608856994
sans featurings ni ad-libs,0.9434092634652835
sans featurings ni ad-libs,0.92688200231186
sans featurings ni ad-libs,0.976612859359971
sans featurings ni ad-libs,0.9252784018370903
sans featurings ni ad-libs,0.9252921905886698
sans featurings ni ad-libs,0.9319142161980702
sans featurings ni ad-libs,0.9458739145974008
sans featurings ni ad-libs,0.9740656354907937
sans featurings ni ad-libs,0.9462357775572078
sans featurings ni ad-libs,0.9534349730093336
sans featurings ni ad-libs,0.9352165095031988
sans featurings ni ad-libs,0.9548253218697581
sans featurings ni ad-libs,0.9369965882421607
sans featurings ni ad-libs,0.9150568899058988
sans featurings ni ad-libs,0.9548025579851985
sans featurings ni ad-libs,0.8931089761928955
sans featurings ni ad-libs,0.9395767980435356
sans featurings ni ad-libs,0.8839110187794388
sans featurings ni ad-libs,0.9136886133196277
sans featurings ni ad-libs,0.9395361020260494
sans featurings ni ad-libs,0.9020787985833353
sans featurings ni ad-libs,0.9947386307041457
sans featurings ni ad-libs,0.8717137983085782
sans featurings ni ad-libs,0.9366235122829627
sans featurings ni ad-libs,0.9299255632391022
sans featurings ni ad-libs,0.9820258484403228
sans featurings ni ad-libs,0.9621784435434793
sans featurings ni ad-libs,0.9540703652376392
sans featurings ni ad-libs,0.9360433423247758
sans featurings ni ad-libs,0.9161421850862169
sans featurings ni ad-libs,0.9613224777231439
sans featurings ni ad-libs,0.8901851994056567
sans featurings ni ad-libs,0.9339631585934961
sans featurings ni ad-libs,0.9420665821025165
sans featurings ni ad-libs,0.9507666095012389
sans featurings ni ad-libs,0.9425985662674135
sans featurings ni ad-libs,0.9077895758560715
sans featurings ni ad-libs,0.8903987286828839
sans featurings ni ad-libs,0.9270721464085606
sans featurings ni ad-libs,0.9343023577060451
sans featurings ni ad-libs,0.9486548847706293
sans featurings ni ad-libs,0.9673339924233133
sans featurings ni ad-libs,0.8999449309881626
sans featurings ni ad-libs,0.9073581627852754
sans featurings ni ad-libs,0.9068677289535843
sans featurings ni ad-libs,0.9486839226524549
sans featurings ni ad-libs,0.9451397492190589
sans featurings ni ad-libs,0.9260709663803988
sans featurings ni ad-libs,0.944573372870546
sans featurings ni ad-libs,0.92681234084985
sans featurings ni ad-libs,0.9109817506389029
sans featurings ni ad-libs,0.8959444734593507
sans featurings ni ad-libs,0.9270491145076207
sans featurings ni ad-libs,0.9475951350345355
sans featurings ni ad-libs,0.8920919085142027
sans featurings ni ad-libs,0.9557555292377483
sans featurings ni ad-libs,0.9452663335221719
sans featurings ni ad-libs,0.9846949195604877
sans featurings ni ad-libs,0.9743349900235195
sans featurings ni ad-libs,0.9106507686907037
sans featurings ni ad-libs,0.8918470779978325
sans featurings ni ad-libs,0.9235346270902437
sans featurings ni ad-libs,0.9061940389429042
sans featurings ni ad-libs,0.9612651325479642
sans featurings ni ad-libs,0.9146987107434704
sans featurings ni ad-libs,0.946281232823555
sans featurings ni ad-libs,0.9186155765584685
sans featurings ni ad-libs,0.9274167382406775
sans featurings ni ad-libs,0.9272113366720791
sans featurings ni ad-libs,0.9393045368533577
sans featurings ni ad-libs,0.9509908701979023
sans featurings ni ad-libs,0.937265446720623
sans featurings ni ad-libs,0.9424911006468362
sans featurings ni ad-libs,0.9368258089887018
sans featurings ni ad-libs,0.9960239625814388
sans featurings ni ad-libs,0.8896089895496344
sans featurings ni ad-libs,0.944425002290702
sans featurings ni ad-libs,0.9362988623169808
sans featurings ni ad-libs,0.9517992486897638
sans featurings ni ad-libs,0.9539345064547932
sans featurings ni ad-libs,0.9691335782723669
sans featurings ni ad-libs,0.9003893771211083
sans featurings ni ad-libs,0.9249030309038366
sans featurings ni ad-libs,0.9244375367154303
sans featurings ni ad-libs,0.933843358597939
sans featurings ni ad-libs,0.8863881391815657
sans featurings ni ad-libs,0.9463272541192568
sans featurings ni ad-libs,0.9260467860626158
sans featurings ni ad-libs,0.9297327638065698
sans featurings ni ad-libs,0.9541901450271771
sans featurings ni ad-libs,0.8808930069431168
sans featurings ni ad-libs,0.9269209981306399
sans featurings ni ad-libs,0.9184124822421722
sans featurings ni ad-libs,0.9601823693243903
sans featurings ni ad-libs,0.9216439489635743
sans featurings ni ad-libs,0.944717310820284
sans featurings ni ad-libs,0.9177806740338114
sans featurings ni ad-libs,0.8756838030331413
sans featurings ni ad-libs,0.8987292355356677
sans featurings ni ad-libs,0.9497305738788944
sans featurings ni ad-libs,0.9056192905154804
sans featurings ni ad-libs,0.9574281551847589
sans featurings ni ad-libs,0.9345507318635754
sans featurings ni ad-libs,0.947234113938582
sans featurings ni ad-libs,0.9694118015415182
sans featurings ni ad-libs,0.8555492461402728
sans featurings ni ad-libs,0.9317664085491809
sans featurings ni ad-libs,0.9625051172484114
sans featurings ni ad-libs,0.9148053976902444
sans featurings ni ad-libs,0.8688700982993584
sans featurings ni ad-libs,0.9689233175328962
sans featurings ni ad-libs,0.9415815787028049
sans featurings ni ad-libs,0.9329073525580894
sans featurings ni ad-libs,0.931857852479291
sans featurings ni ad-libs,0.9256913361653094
sans featurings ni ad-libs,0.9186265271883247
sans featurings ni ad-libs,0.9341369627829929
sans featurings ni ad-libs,0.921567135925434
sans featurings ni ad-libs,0.934311463020064
sans featurings ni ad-libs,0.9545094172966471
sans featurings ni ad-libs,0.9360654646640406
sans featurings ni ad-libs,0.9384758958260779
sans featurings ni ad-libs,1.008738476076366
sans featurings ni ad-libs,0.9519595868713872
sans featurings ni ad-libs,0.9046412091506308
sans featurings ni ad-libs,0.9432110764358815
sans featurings ni ad-libs,0.946953702685278
sans featurings ni ad-libs,0.9072079060100419
sans featurings ni ad-libs,0.9396036802316158
sans featurings ni ad-libs,0.9592745307149226
sans featurings ni ad-libs,1.0021814215695082
sans featurings ni ad-libs,0.9497916545356115
sans featurings ni ad-libs,0.8941641029964037
sans featurings ni ad-libs,0.977000267619463
sans featurings ni ad-libs,0.9698328552980177
sans featurings ni ad-libs,0.9544201296336201
sans featurings ni ad-libs,0.9869115354898553
sans featurings ni ad-libs,0.9249047435103883
sans featurings ni ad-libs,0.9795897868090513
sans featurings ni ad-libs,0.9571043505525882
sans featurings ni ad-libs,0.9728946218939205
sans featurings ni ad-libs,0.9305805579663633
sans featurings ni ad-libs,0.9606520719991566
sans featurings ni ad-libs,0.9705370852583752
sans featurings ni ad-libs,0.9785572635516614
sans featurings ni ad-libs,0.928978577416602
sans featurings ni ad-libs,0.9591244838458344
sans featurings ni ad-libs,0.8799525640763312
sans featurings ni ad-libs,0.9524662886946085
sans featurings ni ad-libs,0.9240464003292232
sans featurings ni ad-libs,0.9842357046492308
sans featurings ni ad-libs,0.8652729688406671
sans featurings ni ad-libs,0.8431534331898367
sans featurings ni ad-libs,0.962570345315406
sans featurings ni ad-libs,0.9302836818746709
sans featurings ni ad-libs,0.9493613287492672
sans featurings ni ad-libs,0.9269075736234799
sans featurings ni ad-libs,0.9315427980700753
sans featurings ni ad-libs,0.939826046990976
sans featurings ni ad-libs,0.9231742572658567
sans featurings ni ad-libs,0.8912661352353212
sans featurings ni ad-libs,0.9373239063827413
sans featurings ni ad-libs,0.9154929306873035
sans featurings ni ad-libs,0.9600900553986641
sans featurings ni ad-libs,0.9149265193722181
sans featurings ni ad-libs,0.9080392075306671
sans featurings ni ad-libs,0.9308251119831845
sans featurings ni ad-libs,0.8993703126568189
sans featurings ni ad-libs,0.9165922346772144
sans featurings ni ad-libs,0.9289752926680055
sans featurings ni ad-libs,0.9479834184244802
sans featurings ni ad-libs,0.9423896046246483
sans featurings ni ad-libs,0.904291644406042
sans featurings ni ad-libs,0.9506102831197465
sans featurings ni ad-libs,0.9392437317899672
sans featurings ni ad-libs,0.9339639032675449
sans featurings ni ad-libs,0.9148182182679072
sans featurings ni ad-libs,0.8937657392341884
sans featurings ni ad-libs,0.9460396165241982
sans featurings ni ad-libs,0.9523701749501627
sans featurings ni ad-libs,0.9449385600996826
sans featurings ni ad-libs,0.9246125933412674
sans featurings ni ad-libs,0.9504562740870363
sans featurings ni ad-libs,0.9133840423382094
sans featurings ni ad-libs,0.9297316402086186
sans featurings ni ad-libs,0.9278515458851169
sans featurings ni ad-libs,0.9159883489180387
sans featurings ni ad-libs,0.923127922755069
sans featurings ni ad-libs,0.899635764861155
sans featurings ni ad-libs,0.9335187960292248
sans featurings ni ad-libs,0.902817602462942
sans featurings ni ad-libs,0.9276433849783083
sans featurings ni ad-libs,0.9256486573585634
sans featurings ni ad-libs,0.9424193897367489
sans featurings ni ad-libs,0.9348994854454923
sans featurings ni ad-libs,0.9404084405321875
sans featurings ni ad-libs,0.9722354479955713
sans featurings ni ad-libs,0.9550556655320837
sans featurings ni ad-libs,0.9700766505541388
sans featurings ni ad-libs,0.9471044575559636
sans featurings ni ad-libs,0.9400253306395986
sans featurings ni ad-libs,0.8955159679202056
sans featurings ni ad-libs,0.965286495225881
sans featurings ni ad-libs,0.964667869340856
sans featurings ni ad-libs,0.941920756004041
sans featurings ni ad-libs,0.891521979442229
sans featurings ni ad-libs,0.9036535456859619
sans featurings ni ad-libs,0.9276872085190361
sans featurings ni ad-libs,0.9420105693638422
sans featurings ni ad-libs,0.9392407904186862
sans featurings ni ad-libs,0.9555581120544089
sans featurings ni ad-libs,0.9377978024776163
sans featurings ni ad-libs,0.9567502317200054
sans featurings ni ad-libs,0.8981647358124399
sans featurings ni ad-libs,0.973296401504969
sans featurings ni ad-libs,0.9130600284529966
sans featurings ni ad-libs,0.8905753996896
sans featurings ni ad-libs,0.9776521900028147
sans featurings ni ad-libs,0.9367678384619934
sans featurings ni ad-libs,0.9426902760477438
sans featurings ni ad-libs,0.9830309930260931
sans featurings ni ad-libs,0.9263227087582249
sans featurings ni ad-libs,0.9653138847715965
sans featurings ni ad-libs,0.9487893627304613
sans featurings ni ad-libs,0.9409286902300429
sans featurings ni ad-libs,0.9954662438189543
sans featurings ni ad-libs,0.8775388209625467
sans featurings ni ad-libs,0.9391147949690551
sans featurings ni ad-libs,0.9385630008851544
sans featurings ni ad-libs,0.930235727801272
sans featurings ni ad-libs,0.903919266863105
sans featurings ni ad-libs,0.8981924107713074
sans featurings ni ad-libs,0.9265188343085331
sans featurings ni ad-libs,0.9541583972528611
sans featurings ni ad-libs,0.919891529809137
sans featurings ni ad-libs,0.9208978145113333
sans featurings ni ad-libs,0.9385971649845112
sans featurings ni ad-libs,0.8784839357618479
sans featurings ni ad-libs,0.9305187475832939
sans featurings ni ad-libs,0.8944287150399599
sans featurings ni ad-libs,0.9352497294269109
sans featurings ni ad-libs,0.9370509073391677
sans featurings ni ad-libs,0.9477082878646346
sans featurings ni ad-libs,0.9003515971124287
sans featurings ni ad-libs,0.8783438315099704
sans featurings ni ad-libs,0.9780306475969733
sans featurings ni ad-libs,0.9471911810874531
sans featurings ni ad-libs,0.9538334125716764
sans featurings ni ad-libs,0.9237027036242358
sans featurings ni ad-libs,0.9086889323868189
sans featurings ni ad-libs,0.9188591326442777
sans featurings ni ad-libs,0.9437840755402541
sans featurings ni ad-libs,0.9537240883526302
sans featurings ni ad-libs,0.9142761688680323
sans featurings ni ad-libs,0.9338873523059995
sans featurings ni ad-libs,0.9176542696865633
sans featurings ni ad-libs,0.956875064612614
sans featurings ni ad-libs,0.9717686150419939
sans featurings ni ad-libs,0.91628553698913
sans featurings ni ad-libs,0.9087863355589608
sans featurings ni ad-libs,0.9573782295085366
sans featurings ni ad-libs,0.9646221693235766
sans featurings ni ad-libs,0.9754761906016485
sans featurings ni ad-libs,0.9384268454193405
sans featurings ni ad-libs,0.9300012670425483
sans featurings ni ad-libs,0.9514941222229836
sans featurings ni ad-libs,0.9582553687503654
sans featurings ni ad-libs,0.9276749502773719
sans featurings ni ad-libs,0.9252446514164346
sans featurings ni ad-libs,0.9278419154367361
sans featurings ni ad-libs,0.9416431132519408
sans featurings ni ad-libs,0.9502887847107016
sans featurings ni ad-libs,0.9301503649924973
sans featurings ni ad-libs,0.8969755287558075
sans featurings ni ad-libs,0.8982566829220239
sans featurings ni ad-libs,0.9316866211894558
sans featurings ni ad-libs,0.9749821926187483
sans featurings ni ad-libs,0.9201158262379213
sans featurings ni ad-libs,0.9821887172401051
sans featurings ni ad-libs,0.8981180879938611
sans featurings ni ad-libs,0.9999216738394018
sans featurings ni ad-libs,0.8921665525287863
sans featurings ni ad-libs,0.9268373976496811
sans featurings ni ad-libs,0.9015951628729996
sans featurings ni ad-libs,0.9734306511825028
sans featurings ni ad-libs,0.911236913724703
sans featurings ni ad-libs,0.9721816642924832
sans featurings ni ad-libs,0.9109177569227459
sans featurings ni ad-libs,0.9342302771873033
sans featurings ni ad-libs,0.9282856494836796
sans featurings ni ad-libs,0.9184671859633476
sans featurings ni ad-libs,0.968153752918536
sans featurings ni ad-libs,0.9350270339186443
sans featurings ni ad-libs,0.8895151246407809
sans featurings ni ad-libs,0.9632696257002547
sans featurings ni ad-libs,0.9319915902266651
sans featurings ni ad-libs,0.9649000298163094
sans featurings ni ad-libs,0.9307346682760362
sans featurings ni ad-libs,0.9594733328113543
sans featurings ni ad-libs,0.9205973641420133
sans featurings ni ad-libs,0.9465870783850685
sans featurings ni ad-libs,0.973857438399425
sans featurings ni ad-libs,0.9421414425457185
sans featurings ni ad-libs,0.893846076893459
sans featurings ni ad-libs,0.9916690262458193
sans featurings ni ad-libs,0.9072402807401648
sans featurings ni ad-libs,0.9216884683275566
sans featurings ni ad-libs,0.9437085988100488
sans featurings ni ad-libs,0.9276646163732972
sans featurings ni ad-libs,0.9901579494875679
sans featurings ni ad-libs,0.9457040691847771
sans featurings ni ad-libs,0.9262435662062091
sans featurings ni ad-libs,0.9550932146945037
sans featurings ni ad-libs,0.9390346980400399
sans featurings ni ad-libs,0.9562937988310088
sans featurings ni ad-libs,0.9509870117273105
sans featurings ni ad-libs,0.9003751467186939
sans featurings ni ad-libs,0.9098275212181413
sans featurings ni ad-libs,0.8973868663419836
sans featurings ni ad-libs,0.8535003666898795
sans featurings ni ad-libs,0.9754894656746016
sans featurings ni ad-libs,0.9242688769815097
sans featurings ni ad-libs,0.9519001671423991
sans featurings ni ad-libs,0.9560076922770996
sans featurings ni ad-libs,0.9368651137856545
sans featurings ni ad-libs,0.922023250740068
sans featurings ni ad-libs,0.9374166894830022
sans featurings ni ad-libs,0.9617694294959528
sans featurings ni ad-libs,0.9451301157046107
sans featurings ni ad-libs,0.9270993317066335
sans featurings ni ad-libs,0.9326886709557011
sans featurings ni ad-libs,0.9021608638736586
sans featurings ni ad-libs,0.9532780553343159
sans featurings ni ad-libs,0.945275087247862
sans featurings ni ad-libs,0.8766746599990087
sans featurings ni ad-libs,0.9189009797500771
sans featurings ni ad-libs,0.9432930916999238
sans featurings ni ad-libs,0.9051508652727903
sans featurings ni ad-libs,0.9569240896708133
sans featurings ni ad-libs,0.9169146166994426
sans featurings ni ad-libs,0.9694360093762852
sans featurings ni ad-libs,0.9156233272595573
sans featurings ni ad-libs,0.9090024964097134
sans featurings ni ad-libs,0.9192964720294214
sans featurings ni ad-libs,0.9697021529268244
sans featurings ni ad-libs,0.9184000993062847
sans featurings ni ad-libs,0.9457395438542242
sans featurings ni ad-libs,0.9362585348230165
sans featurings ni ad-libs,0.9325227033487508
sans featurings ni ad-libs,0.9039397982054151
sans featurings ni ad-libs,0.9560009163887037
sans featurings ni ad-libs,0.878658607183413
sans featurings ni ad-libs,0.9585015501999608
sans featurings ni ad-libs,0.9152564704379698
sans featurings ni ad-libs,0.9250596469091801
sans featurings ni ad-libs,0.9519173464023736
sans featurings ni ad-libs,0.9402898131169066
sans featurings ni ad-libs,0.9146431559955989
sans featurings ni ad-libs,0.952172773220711
sans featurings ni ad-libs,0.9477188041540565
sans featurings ni ad-libs,0.857154960435281
sans featurings ni ad-libs,0.9238619572917023
sans featurings ni ad-libs,0.917343923632567
sans featurings ni ad-libs,0.9332611668723804
sans featurings ni ad-libs,0.9728991761344504
sans featurings ni ad-libs,0.9395319152734705
sans featurings ni ad-libs,0.9070376238621906
sans featurings ni ad-libs,0.8996082889395658
sans featurings ni ad-libs,0.9140311869842571
sans featurings ni ad-libs,0.9802684160252578
sans featurings ni ad-libs,0.9315230309328396
sans featurings ni ad-libs,0.9607682837913395
sans featurings ni ad-libs,0.9105249488076432
sans featurings ni ad-libs,0.9365340425580334
sans featurings ni ad-libs,0.9389577704121135
sans featurings ni ad-libs,0.9227625974160155
sans featurings ni ad-libs,0.9534120532979784
sans featurings ni ad-libs,0.9665528410101976
sans featurings ni ad-libs,0.9741809684915637
sans featurings ni ad-libs,0.9863059568381048
sans featurings ni ad-libs,0.9691382350232458
sans featurings ni ad-libs,0.9048308904996525
sans featurings ni ad-libs,0.9660873771436351
sans featurings ni ad-libs,0.9171009796380883
sans featurings ni ad-libs,0.9507461386938075
sans featurings ni ad-libs,0.8698987492420919
sans featurings ni ad-libs,0.9887151308179702
sans featurings ni ad-libs,0.928267363084697
sans featurings ni ad-libs,0.9105192999937142
sans featurings ni ad-libs,0.9469093915885928
sans featurings ni ad-libs,0.9285009188672627
sans featurings ni ad-libs,0.9083352590499084
sans featurings ni ad-libs,0.9190638938869616
sans featurings ni ad-libs,0.9024944529358057
sans featurings ni ad-libs,0.974383475660472
sans featurings ni ad-libs,0.9692601128208437
sans featurings ni ad-libs,0.9703034733345912
sans featurings ni ad-libs,0.9458303340084189
sans featurings ni ad-libs,0.937536562542633
sans featurings ni ad-libs,0.8981651396088294
sans featurings ni ad-libs,0.9213442174411841
sans featurings ni ad-libs,0.954581701844551
sans featurings ni ad-libs,1.0177676590795302
sans featurings ni ad-libs,0.9045581639130778
sans featurings ni ad-libs,0.9629434789591766
sans featurings ni ad-libs,0.9506004124946232
sans featurings ni ad-libs,0.9018585492004825
sans featurings ni ad-libs,0.9607020323513356
sans featurings ni ad-libs,0.911211493364532
sans featurings ni ad-libs,0.9628934379222781
sans featurings ni ad-libs,0.9459199494154938
sans featurings ni ad-libs,0.9267055546811824
sans featurings ni ad-libs,0.9755253165962425
sans featurings ni ad-libs,0.893081387515313
sans featurings ni ad-libs,0.8704932203277724
sans featurings ni ad-libs,0.9613547045232376
sans featurings ni ad-libs,0.9323497740468011
sans featurings ni ad-libs,0.9090694845764172
sans featurings ni ad-libs,0.9247278584759833
sans featurings ni ad-libs,0.98420400683284
sans featurings ni ad-libs,0.9998289851684609
sans featurings ni ad-libs,0.9783196469906839
sans featurings ni ad-libs,0.9282328853933042
sans featurings ni ad-libs,0.9506496726281645
sans featurings ni ad-libs,0.9090051910823718
sans featurings ni ad-libs,0.9233868557143637
sans featurings ni ad-libs,0.901646187203774
sans featurings ni ad-libs,0.9392950352441739
sans featurings ni ad-libs,0.9117224962696275
sans featurings ni ad-libs,0.9448632643651812
sans featurings ni ad-libs,0.9178825613226227
sans featurings ni ad-libs,0.9272789865053858
sans featurings ni ad-libs,0.957500633083805
sans featurings ni ad-libs,0.8760966068037175
sans featurings ni ad-libs,0.9746133938242089
sans featurings ni ad-libs,0.8763696543723979
sans featurings ni ad-libs,0.9484738872850034
sans featurings ni ad-libs,0.9123453239845113
sans featurings ni ad-libs,0.9372185036010467
sans featurings ni ad-libs,0.9659111946040625
sans featurings ni ad-libs,0.9103785902381367
sans featurings ni ad-libs,1.0053499545866127
sans featurings ni ad-libs,0.8998473002274889
sans featurings ni ad-libs,0.925024934288053
sans featurings ni ad-libs,0.9872177455357046
sans featurings ni ad-libs,0.9280569481545143
sans featurings ni ad-libs,0.9999089461005929
sans featurings ni ad-libs,0.9474988235043904
sans featurings ni ad-libs,0.9625098230072683
sans featurings ni ad-libs,0.928406607618625
sans featurings ni ad-libs,0.9221703155737117
sans featurings ni ad-libs,0.9339722605264763
sans featurings ni ad-libs,0.9126598155683258
sans featurings ni ad-libs,0.9674343932916856
sans featurings ni ad-libs,0.9427407383856606
sans featurings ni ad-libs,0.9206319816405091
sans featurings ni ad-libs,0.8906228471202683
sans featurings ni ad-libs,0.9136839912117932
sans featurings ni ad-libs,0.9293932588122511
sans featurings ni ad-libs,0.9242633116564569
sans featurings ni ad-libs,0.9669040060656003
sans featurings ni ad-libs,0.9773959280342852
sans featurings ni ad-libs,0.9246121417126345
sans featurings ni ad-libs,0.8936762310457841
sans featurings ni ad-libs,0.9138894372409617
sans featurings ni ad-libs,0.9030918902309883
sans featurings ni ad-libs,0.9716929311833418
sans featurings ni ad-libs,0.9179695522845047
sans featurings ni ad-libs,0.945154745101199
sans featurings ni ad-libs,0.9211597059180403
sans featurings ni ad-libs,0.9603264390071411
sans featurings ni ad-libs,0.9625804159305403
sans featurings ni ad-libs,0.8702536044334271
sans featurings ni ad-libs,0.8987092566556871
sans featurings ni ad-libs,1.0105798275030236
sans featurings ni ad-libs,0.8949939652279018
sans featurings ni ad-libs,0.9186542174937018
sans featurings ni ad-libs,0.9641971322862782
sans featurings ni ad-libs,0.9516192637772594
sans featurings ni ad-libs,0.924871770398412
sans featurings ni ad-libs,0.9507315828641053
sans featurings ni ad-libs,0.9489264166555275
sans featurings ni ad-libs,0.9269399558366684
sans featurings ni ad-libs,0.9376375624534342
sans featurings ni ad-libs,0.9413453991033316
sans featurings ni ad-libs,0.9054409631286685
sans featurings ni ad-libs,0.9345806262687135
sans featurings ni ad-libs,0.9389492901868647
sans featurings ni ad-libs,0.9240173635708755
sans featurings ni ad-libs,0.9665972621742643
sans featurings ni ad-libs,0.9711574025440189
sans featurings ni ad-libs,0.9537985131746748
sans featurings ni ad-libs,0.9469957622083411
sans featurings ni ad-libs,0.871929253840551
sans featurings ni ad-libs,0.9312184641379736
sans featurings ni ad-libs,0.9159878403291889
sans featurings ni ad-libs,0.9553725315436493
sans featurings ni ad-libs,0.951664303986001
sans featurings ni ad-libs,0.90561308105454
sans featurings ni ad-libs,0.8771945784609316
sans featurings ni ad-libs,0.9036478204146016
sans featurings ni ad-libs,0.9686231154394168
sans featurings ni ad-libs,0.9429685378377154
sans featurings ni ad-libs,0.9249711368996112
sans featurings ni ad-libs,0.9473137192713351
sans featurings ni ad-libs,0.9472612138030838
sans featurings ni ad-libs,0.9420899091348256
sans featurings ni ad-libs,0.961361566640598
sans featurings ni ad-libs,0.9112700516109578
sans featurings ni ad-libs,0.9558671870956927
sans featurings ni ad-libs,0.9809827379634073
sans featurings ni ad-libs,0.9007756161012269
sans featurings ni ad-libs,0.9255820937342819
sans featurings ni ad-libs,0.9268697947475141
sans featurings ni ad-libs,0.9808342022844646
sans featurings ni ad-libs,0.9510453507657504
sans featurings ni ad-libs,0.9610825428401957
sans featurings ni ad-libs,0.9444248458417028
sans featurings ni ad-libs,0.9381124625490053
sans featurings ni ad-libs,0.8815846041585239
sans featurings ni ad-libs,0.9735751198734018
sans featurings ni ad-libs,0.9766470851869009
sans featurings ni ad-libs,0.9018655931646516
sans featurings ni ad-libs,0.9136368731201501
sans featurings ni ad-libs,0.9726520222552472
sans featurings ni ad-libs,0.9163632992855459
sans featurings ni ad-libs,0.9405518396121888
sans featurings ni ad-libs,0.9072099162971919
sans featurings ni ad-libs,0.9438490933336504
sans featurings ni ad-libs,0.9147668777239315
sans featurings ni ad-libs,0.9632579952281264
sans featurings ni ad-libs,0.9651400972661575
sans featurings ni ad-libs,0.9431143093802989
sans featurings ni ad-libs,0.8826891313801921
sans featurings ni ad-libs,0.9667161713140079
sans featurings ni ad-libs,0.9064319577806383
sans featurings ni ad-libs,0.9287278052617334
sans featurings ni ad-libs,0.9501858893241628
sans featurings ni ad-libs,0.98293099613723
sans featurings ni ad-libs,0.9266227078164417
sans featurings ni ad-libs,0.941425176634761
sans featurings ni ad-libs,0.8904147466012677
sans featurings ni ad-libs,0.930069212787379
sans featurings ni ad-libs,0.8730046426567611
sans featurings ni ad-libs,0.9387239054778408
sans featurings ni ad-libs,0.9178398966728255
sans featurings ni ad-libs,0.9137855982747739
sans featurings ni ad-libs,0.8536817739569281
sans featurings ni ad-libs,0.9142010269757174
sans featurings ni ad-libs,0.9079927202405633
sans featurings ni ad-libs,0.9001460195118656
sans featurings ni ad-libs,0.9090581695970572
sans featurings ni ad-libs,0.9817220685533306
sans featurings ni ad-libs,0.9346652020647809
sans featurings ni ad-libs,0.9560102183807865
sans featurings ni ad-libs,0.9398228898644181
sans featurings ni ad-libs,0.9893931622272203
sans featurings ni ad-libs,0.9539520192293964
sans featurings ni ad-libs,0.9607862103874613
sans featurings ni ad-libs,0.9260372184938448
sans featurings ni ad-libs,0.9181751139772312
sans featurings ni ad-libs,0.8985111001849657
sans featurings ni ad-libs,0.9346079898930658
sans featurings ni ad-libs,0.9080151026291031
sans featurings ni ad-libs,0.887797955496406
sans featurings ni ad-libs,0.9396258991580041
sans featurings ni ad-libs,0.9146576277969659
sans featurings ni ad-libs,0.938153344662764
sans featurings ni ad-libs,0.9694307387352237
sans featurings ni ad-libs,0.9543427313281793
sans featurings ni ad-libs,0.9461007262839977
sans featurings ni ad-libs,0.9623810889581224
sans featurings ni ad-libs,0.9946572827652138
sans featurings ni ad-libs,0.9350272460932766
sans featurings ni ad-libs,0.8872387614970114
sans featurings ni ad-libs,0.8605611367273777
sans featurings ni ad-libs,0.9507810231838036
sans featurings ni ad-libs,0.9180022895834662
sans featurings ni ad-libs,0.8889896843763799
sans featurings ni ad-libs,0.922553417125887
sans featurings ni ad-libs,0.9096544971881546
sans featurings ni ad-libs,0.9719577986312935
sans featurings ni ad-libs,0.9031904857268488
sans featurings ni ad-libs,0.9227192969443866
sans featurings ni ad-libs,0.95035457465246
sans featurings ni ad-libs,0.9364384798684509
sans featurings ni ad-libs,0.9543931012732763
sans featurings ni ad-libs,0.9058934148881145
sans featurings ni ad-libs,0.9614384715623913
sans featurings ni ad-libs,0.9289023708848827
sans featurings ni ad-libs,0.8969017528209703
sans featurings ni ad-libs,0.9207434388831884
sans featurings ni ad-libs,0.8600897983695515
sans featurings ni ad-libs,0.9735704392157639
sans featurings ni ad-libs,0.9325149656640631
sans featurings ni ad-libs,0.944019898708021
sans featurings ni ad-libs,0.8834144735496612
sans featurings ni ad-libs,0.930498953451025
sans featurings ni ad-libs,0.9407814282177276
sans featurings ni ad-libs,0.8919334483162028
sans featurings ni ad-libs,0.961378097906461
sans featurings ni ad-libs,0.9222171176927874
sans featurings ni ad-libs,0.9380533826647227
sans featurings ni ad-libs,0.921974102357042
sans featurings ni ad-libs,0.9000699117568485
sans featurings ni ad-libs,0.9087481523185672
sans featurings ni ad-libs,0.9337429145020572
sans featurings ni ad-libs,0.9548561968054053
sans featurings ni ad-libs,0.9599119857714211
sans featurings ni ad-libs,0.9648449834029295
sans featurings ni ad-libs,0.9169149201359224
sans featurings ni ad-libs,0.8975407009429532
sans featurings ni ad-libs,0.8846269582260389
sans featurings ni ad-libs,0.9442791578314299
sans featurings ni ad-libs,0.949353477678941
sans featurings ni ad-libs,0.9373988675787962
sans featurings ni ad-libs,0.9019216947121443
sans featurings ni ad-libs,0.9714961665573032
sans featurings ni ad-libs,0.9736621454592718
sans featurings ni ad-libs,0.9057746418286076
sans featurings ni ad-libs,0.86876019999364
sans featurings ni ad-libs,0.9189435997113489
sans featurings ni ad-libs,0.9164670610692089
sans featurings ni ad-libs,0.9462549317243307
sans featurings ni ad-libs,0.881470283653382
sans featurings ni ad-libs,0.9415404570279085
sans featurings ni ad-libs,0.940337771707141
sans featurings ni ad-libs,0.9036445080398169
sans featurings ni ad-libs,0.9367299776903747
sans featurings ni ad-libs,0.9403331228545703
sans featurings ni ad-libs,0.9748165196194299
sans featurings ni ad-libs,0.9159702298306661
sans featurings ni ad-libs,0.9069299812986
sans featurings ni ad-libs,0.91476606670998
sans featurings ni ad-libs,0.9033151069316854
sans featurings ni ad-libs,0.9026564402232726
sans featurings ni ad-libs,0.9561770098034659
sans featurings ni ad-libs,0.9552319818562909
sans featurings ni ad-libs,0.9006023260606838
sans featurings ni ad-libs,0.9259113744816825
sans featurings ni ad-libs,0.9074110282004821
sans featurings ni ad-libs,0.947221680643772
sans featurings ni ad-libs,0.9783787601905863
sans featurings ni ad-libs,0.910640360593234
sans featurings ni ad-libs,0.8975908364895594
sans featurings ni ad-libs,0.8927000436871244
sans featurings ni ad-libs,0.9792946610275115
sans featurings ni ad-libs,0.9617350215075511
sans featurings ni ad-libs,0.9056150266972905
sans featurings ni ad-libs,0.9597494596419337
sans featurings ni ad-libs,0.9584694195916815
sans featurings ni ad-libs,0.9160307053277742
sans featurings ni ad-libs,0.898797364410248
sans featurings ni ad-libs,0.921427013374035
sans featurings ni ad-libs,0.9707099570790768
sans featurings ni ad-libs,0.9517105749684516
sans featurings ni ad-libs,0.9304446512974007
sans featurings ni ad-libs,0.9807089695371383
sans featurings ni ad-libs,0.9385986041767899
sans featurings ni ad-libs,0.9220755845988751
sans featurings ni ad-libs,0.9170565798823158
sans featurings ni ad-libs,0.9442229852933754
sans featurings ni ad-libs,0.9554218449023737
sans featurings ni ad-libs,0.9594384420331911
sans featurings ni ad-libs,0.881888711028161
sans featurings ni ad-libs,0.9539408441858986
sans featurings ni ad-libs,0.9153964832670495
sans featurings ni ad-libs,0.9241855009721966
sans featurings ni ad-libs,0.9338851876077884
sans featurings ni ad-libs,0.9147612642152224
sans featurings ni ad-libs,0.9357430800442346
sans featurings ni ad-libs,0.9014772241906533
sans featurings ni ad-libs,0.9257799476610453
sans featurings ni ad-libs,0.958311841559685
sans featurings ni ad-libs,0.9382451537035968
sans featurings ni ad-libs,0.894230430233545
sans featurings ni ad-libs,0.9039100906417208
sans featurings ni ad-libs,0.931157670555737
sans featurings ni ad-libs,0.9760713179230822
sans featurings ni ad-libs,0.8860859600023603
sans featurings ni ad-libs,0.9306652773022525
sans featurings ni ad-libs,0.8813801840986702
sans featurings ni ad-libs,0.9330064823839619
sans featurings ni ad-libs,0.9508961016321449
sans featurings ni ad-libs,0.9314928082560083
sans featurings ni ad-libs,0.9499367499998213
sans featurings ni ad-libs,0.8981906437108388
sans featurings ni ad-libs,0.9538002669556627
sans featurings ni ad-libs,0.9020295122693043
sans featurings ni ad-libs,0.8941531708911278
sans featurings ni ad-libs,0.9005598707811995
sans featurings ni ad-libs,0.8889613444518453
sans featurings ni ad-libs,0.9114057952547641
sans featurings ni ad-libs,0.9339732283560971
sans featurings ni ad-libs,0.9133662249033335
sans featurings ni ad-libs,0.899949856746498
sans featurings ni ad-libs,0.926988241078365
sans featurings ni ad-libs,0.9197041446698997
sans featurings ni ad-libs,0.9393367642287205
sans featurings ni ad-libs,0.9665793010945546
sans featurings ni ad-libs,0.9695727389347156
sans featurings ni ad-libs,0.9710403510575134
sans featurings ni ad-libs,1.0070746782688116
sans featurings ni ad-libs,0.9298569597240114
sans featurings ni ad-libs,0.9153823001658677
sans featurings ni ad-libs,0.9028861442619741
sans featurings ni ad-libs,0.9105652233777606
sans featurings ni ad-libs,0.9111197983589929
sans featurings ni ad-libs,0.9719816840681748
sans featurings ni ad-libs,0.9238355373775643
sans featurings ni ad-libs,0.8972351992265788
sans featurings ni ad-libs,0.934808692443485
sans featurings ni ad-libs,0.9044887577355627
sans featurings ni ad-libs,0.9662004602596399
sans featurings ni ad-libs,0.9709921224250813
sans featurings ni ad-libs,0.8910050408213908
sans featurings ni ad-libs,0.9512278332393649
sans featurings ni ad-libs,0.940385785092953
sans featurings ni ad-libs,0.9390539145699022
sans featurings ni ad-libs,0.9444982651711598
sans featurings ni ad-libs,0.941703418885672
sans featurings ni ad-libs,0.8806789031884054
sans featurings ni ad-libs,0.9075792420701695
sans featurings ni ad-libs,0.9614826999351919
sans featurings ni ad-libs,0.8910097047590928
sans featurings ni ad-libs,0.9123643273808979
sans featurings ni ad-libs,0.9612021011766819
sans featurings ni ad-libs,0.9220969476499605
sans featurings ni ad-libs,0.8584383530425043
sans featurings ni ad-libs,0.9545211297243003
sans featurings ni ad-libs,0.9218901528825625
sans featurings ni ad-libs,0.924138203521772
sans featurings ni ad-libs,0.9718305239120476
sans featurings ni ad-libs,0.9428142109396476
sans featurings ni ad-libs,0.9183993777670034
sans featurings ni ad-libs,0.8956513850363487
sans featurings ni ad-libs,0.906736909046472
sans featurings ni ad-libs,0.9235626587315408
sans featurings ni ad-libs,0.9785378753405567
sans featurings ni ad-libs,0.9086184504830911
sans featurings ni ad-libs,0.9354076282731576
sans featurings ni ad-libs,0.971341253257509
sans featurings ni ad-libs,0.924531999128032
sans featurings ni ad-libs,0.958314211799217
sans featurings ni ad-libs,0.9342989634254093
sans featurings ni ad-libs,0.8742551743952824
sans featurings ni ad-libs,0.9086052407367322
sans featurings ni ad-libs,0.8860418419783656
sans featurings ni ad-libs,0.9364914334407092
sans featurings ni ad-libs,0.9121167996531425
sans featurings ni ad-libs,0.9860728860330366
sans featurings ni ad-libs,0.9803259587568587
sans featurings ni ad-libs,0.9300777261753528
sans featurings ni ad-libs,0.9639823644850408
sans featurings ni ad-libs,0.9513691395155424
sans featurings ni ad-libs,0.949088344255762
sans featurings ni ad-libs,0.9210184846540229
sans featurings ni ad-libs,0.9219745959566981
sans featurings ni ad-libs,0.9402029679248125
sans featurings ni ad-libs,0.9304958857844707
sans featurings ni ad-libs,0.9248805005308107
sans featurings ni ad-libs,0.9260137597106931
sans featurings ni ad-libs,0.943602223027687
sans featurings ni ad-libs,0.9169787454457556
sans featurings ni ad-libs,0.997919885686934
sans featurings ni ad-libs,0.9512386445195726
sans featurings ni ad-libs,0.8903637681816906
sans featurings ni ad-libs,0.885617100237388
sans featurings ni ad-libs,0.9487765325273126
sans featurings ni ad-libs,0.8888565003683299
sans featurings ni ad-libs,0.904482216434492
sans featurings ni ad-libs,0.9179997344392725
sans featurings ni ad-libs,0.9035456732932426
sans featurings ni ad-libs,0.9268923217250176
sans featurings ni ad-libs,0.9006906873109845
sans featurings ni ad-libs,0.9153523952368103
sans featurings ni ad-libs,0.8747668273248466
sans featurings ni ad-libs,0.9130383731234675
sans featurings ni ad-libs,0.9598780775907747
sans featurings ni ad-libs,0.9332436621036783
sans featurings ni ad-libs,0.9065622446920258
sans featurings ni ad-libs,0.9193178610059938
sans featurings ni ad-libs,0.8993432928389736
sans featurings ni ad-libs,0.9676764219219521
sans featurings ni ad-libs,0.9323208026434179
sans featurings ni ad-libs,0.9640163677427784
sans featurings ni ad-libs,0.9861135436501164
sans featurings ni ad-libs,0.9623894240493889
sans featurings ni ad-libs,0.8964590380807943
sans featurings ni ad-libs,0.9334299127958526
sans featurings ni ad-libs,0.9702631168645476
sans featurings ni ad-libs,0.9459114931374473
sans featurings ni ad-libs,0.9443598756400947
sans featurings ni ad-libs,0.936308114130896
sans featurings ni ad-libs,0.9633070248524775
sans featurings ni ad-libs,0.9345728755155854
sans featurings ni ad-libs,0.9783743901576495
sans featurings ni ad-libs,0.9145300458386638
sans featurings ni ad-libs,0.9392180513354077
sans featurings ni ad-libs,0.9393583542971906
sans featurings ni ad-libs,0.9369824990127164
sans featurings ni ad-libs,0.9362847992140321
sans featurings ni ad-libs,0.9728298956153341
sans featurings ni ad-libs,0.9376627405476645
sans featurings ni ad-libs,1.004171154467783
sans featurings ni ad-libs,0.9188249214890748
sans featurings ni ad-libs,0.9543417623882119
sans featurings ni ad-libs,0.9502510449675772
sans featurings ni ad-libs,0.9293597823927368
sans featurings ni ad-libs,0.9474275694743697
sans featurings ni ad-libs,0.8852174821917401
sans featurings ni ad-libs,0.9409642807305885
sans featurings ni ad-libs,0.8753837604858109
sans featurings ni ad-libs,0.9236908765023886
sans featurings ni ad-libs,0.9038124490316417
sans featurings ni ad-libs,0.9518616641749144
sans featurings ni ad-libs,0.9138693099755085
sans featurings ni ad-libs,0.9302804929242452
sans featurings ni ad-libs,0.9811728813592151
sans featurings ni ad-libs,0.9308616696752429
sans featurings ni ad-libs,0.934165173731148
sans featurings ni ad-libs,0.9125034503523355
sans featurings ni ad-libs,0.9417919095657286
sans featurings ni ad-libs,0.933755226343854
sans featurings ni ad-libs,0.9371340744472074
sans featurings ni ad-libs,0.9445499833263424
sans featurings ni ad-libs,0.955400540131575
sans featurings ni ad-libs,0.9064975315080664
sans featurings ni ad-libs,0.965526790430401
sans featurings ni ad-libs,0.9422588319973131
sans featurings ni ad-libs,0.938802500764531
sans featurings ni ad-libs,0.8982345009560109
sans featurings ni ad-libs,0.9667888243075784
sans featurings ni ad-libs,0.9401821527645808
sans featurings ni ad-libs,0.9175907462331073
sans featurings ni ad-libs,0.9725840385049422
sans featurings ni ad-libs,0.9612646972695552
sans featurings ni ad-libs,0.9486327395354675
sans featurings ni ad-libs,0.9519788249889924
sans featurings ni ad-libs,0.9053459990106906
sans featurings ni ad-libs,0.8892250931800199
sans featurings ni ad-libs,0.9167239500080928
sans featurings ni ad-libs,0.933949656851331
sans featurings ni ad-libs,0.9275701445134364
sans featurings ni ad-libs,0.8917946749935013
sans featurings ni ad-libs,0.9334037467436993
sans featurings ni ad-libs,0.8985190758200735
sans featurings ni ad-libs,0.919275602445607
sans featurings ni ad-libs,0.9411708990204518
sans featurings ni ad-libs,0.967202198125629
sans featurings ni ad-libs,0.920255180527916
sans featurings ni ad-libs,0.9494435655058477
sans featurings ni ad-libs,0.9325117248779498
sans featurings ni ad-libs,0.943006463830417
sans featurings ni ad-libs,0.9785141374220018
sans featurings ni ad-libs,0.8999071012816104
sans featurings ni ad-libs,0.9194984144240583
sans featurings ni ad-libs,0.9359741785458976
sans featurings ni ad-libs,0.9610256474044884
sans featurings ni ad-libs,0.9098110114226817
sans featurings ni ad-libs,0.9312367972244661
sans featurings ni ad-libs,0.9540884757801378
sans featurings ni ad-libs,0.9102069647596015
sans featurings ni ad-libs,0.8888934926976985
sans featurings ni ad-libs,0.9681881801447889
sans featurings ni ad-libs,0.9182669934250559
sans featurings ni ad-libs,0.919268366448066
sans featurings ni ad-libs,0.9539798081222077
sans featurings ni ad-libs,0.9188390826635612
sans featurings ni ad-libs,0.8969257321796911
sans featurings ni ad-libs,0.9746662290581367
sans featurings ni ad-libs,0.9653574671663812
sans featurings ni ad-libs,0.9088200462392274
sans featurings ni ad-libs,0.9299319000653087
sans featurings ni ad-libs,0.9156746069666255
sans featurings ni ad-libs,0.9212013991136934
sans featurings ni ad-libs,0.9197753801374817
sans featurings ni ad-libs,0.9022376387882355
sans featurings ni ad-libs,0.947979820978802
sans featurings ni ad-libs,0.9146325697122255
sans featurings ni ad-libs,0.923756104925851
sans featurings ni ad-libs,0.9393054186587153
sans featurings ni ad-libs,0.9110089746018569
sans featurings ni ad-libs,0.9131213678237988
sans featurings ni ad-libs,0.8566045252534081
sans featurings ni ad-libs,0.9236001029239604
sans featurings ni ad-libs,0.8602766065249396
sans featurings ni ad-libs,0.9718940708920769
sans featurings ni ad-libs,0.9850741496908851
sans featurings ni ad-libs,0.9005508557705227
sans featurings ni ad-libs,0.9315261152594643
sans featurings ni ad-libs,0.9477600213119072
sans featurings ni ad-libs,0.9360144158589652
sans featurings ni ad-libs,0.9126972845236654
sans featurings ni ad-libs,0.9704946242593009
sans featurings ni ad-libs,0.9608948080571273
sans featurings ni ad-libs,0.9870696186918729
sans featurings ni ad-libs,0.933900488330614
sans featurings ni ad-libs,0.9533568554421511
sans featurings ni ad-libs,0.8876049621745802
sans featurings ni ad-libs,0.9420194054618604
sans featurings ni ad-libs,0.9382143603433398
sans featurings ni ad-libs,0.9282452674729552
sans featurings ni ad-libs,0.9199425029983592
sans featurings ni ad-libs,0.948169411967244
sans featurings ni ad-libs,0.9665651442623143
sans featurings ni ad-libs,0.92994673048965
sans featurings ni ad-libs,0.8893036671223655
sans featurings ni ad-libs,0.8869043656034696
sans featurings ni ad-libs,0.959385582922288
sans featurings ni ad-libs,0.9786542662591711
sans featurings ni ad-libs,0.9167130712695271
sans featurings ni ad-libs,0.97206451131018
sans featurings ni ad-libs,0.922087935173565
sans featurings ni ad-libs,0.8891469842935574
sans featurings ni ad-libs,0.9250479559128707
sans featurings ni ad-libs,0.9060942524056288
sans featurings ni ad-libs,0.9521049808183586
sans featurings ni ad-libs,0.969232484820983
sans featurings ni ad-libs,0.9051641747680267
sans featurings ni ad-libs,0.9340316067864299
sans featurings ni ad-libs,0.9414974003861821
sans featurings ni ad-libs,0.9437666436692582
sans featurings ni ad-libs,0.9426597040259881
sans featurings ni ad-libs,0.9309734252842271
sans featurings ni ad-libs,0.9238743757111175
sans featurings ni ad-libs,0.8805522686833476
sans featurings ni ad-libs,0.9167130055882341
sans featurings ni ad-libs,0.9176749666629199
sans featurings ni ad-libs,0.8891177270991204
sans featurings ni ad-libs,0.9196105906918004
sans featurings ni ad-libs,0.9256763236731094
sans featurings ni ad-libs,0.964092252868984
sans featurings ni ad-libs,0.9075647919883978
sans featurings ni ad-libs,0.9526525091754535
sans featurings ni ad-libs,0.9697430367432082
sans featurings ni ad-libs,0.8877480281755383
sans featurings ni ad-libs,0.9251458454218003
sans featurings ni ad-libs,0.8946236565595479
sans featurings ni ad-libs,0.8752531256551676
sans featurings ni ad-libs,0.9657358875218324
sans featurings ni ad-libs,0.906519856450045
sans featurings ni ad-libs,0.9541199168476295
sans featurings ni ad-libs,0.9229906329492724
sans featurings ni ad-libs,0.9392715746994856
sans featurings ni ad-libs,0.9247255158515756
sans featurings ni ad-libs,0.935587306870241
sans featurings ni ad-libs,0.9242134426223498
sans featurings ni ad-libs,0.9368225300510311
sans featurings ni ad-libs,0.9561874530742305
sans featurings ni ad-libs,0.9264075384826751
sans featurings ni ad-libs,0.9434257374024312
sans featurings ni ad-libs,0.9516526031986013
sans featurings ni ad-libs,0.9528524256927414
sans featurings ni ad-libs,0.9233217444691121
sans featurings ni ad-libs,0.9377770038339491
sans featurings ni ad-libs,0.9146555705872854
sans featurings ni ad-libs,0.9061030765358375
sans featurings ni ad-libs,0.9624268994336934
sans featurings ni ad-libs,0.9658435493862152
sans featurings ni ad-libs,0.9295068212989137
sans featurings ni ad-libs,0.9385217616611706
sans featurings ni ad-libs,0.9515926023504352
sans featurings ni ad-libs,0.9489316425519121
sans featurings ni ad-libs,0.9711181851694178
sans featurings ni ad-libs,0.9490445745468155
sans featurings ni ad-libs,0.9337698881741083
sans featurings ni ad-libs,0.9543794818521669
sans featurings ni ad-libs,0.9032197163125508
sans featurings ni ad-libs,0.9514913985735611
sans featurings ni ad-libs,0.9571127694472439
sans featurings ni ad-libs,0.9060792881541674
sans featurings ni ad-libs,0.9443016221669044
sans featurings ni ad-libs,0.960574911946947
sans featurings ni ad-libs,0.9522256241771251
sans featurings ni ad-libs,0.9366072629436849
sans featurings ni ad-libs,0.9202341645624716
sans featurings ni ad-libs,0.9509055132128574
sans featurings ni ad-libs,0.8665753624770134
sans featurings ni ad-libs,0.9091265355061365
sans featurings ni ad-libs,0.9063973279625467
sans featurings ni ad-libs,1.0141074443567464
sans featurings ni ad-libs,0.9483855261905624
sans featurings ni ad-libs,0.8660770360696899
sans featurings ni ad-libs,0.9489940928265285
sans featurings ni ad-libs,0.9279334712337417
sans featurings ni ad-libs,0.9053404124974891
sans featurings ni ad-libs,0.980766115680173
sans featurings ni ad-libs,0.941440255806507
sans featurings ni ad-libs,0.9196263837358514
sans featurings ni ad-libs,0.9564170219553689
sans featurings ni ad-libs,0.9560028041281851
sans featurings ni ad-libs,0.9256087413685395
sans featurings ni ad-libs,0.9037416431165839
sans featurings ni ad-libs,0.9213459892897361
sans featurings ni ad-libs,0.9533602199522845
sans featurings ni ad-libs,0.9506084178497031
sans featurings ni ad-libs,0.917335118524034
sans featurings ni ad-libs,0.9227200002590301
sans featurings ni ad-libs,0.9169538305819028
sans featurings ni ad-libs,0.9769082375311912
sans featurings ni ad-libs,0.9406558488634386
sans featurings ni ad-libs,0.91186432876314
sans featurings ni ad-libs,0.932450713335869
sans featurings ni ad-libs,0.9130434515974075
sans featurings ni ad-libs,0.94012738992779
sans featurings ni ad-libs,0.9301817667308415
sans featurings ni ad-libs,0.8570702239770688
sans featurings ni ad-libs,0.9296614071831327
sans featurings ni ad-libs,0.9221018128906218
sans featurings ni ad-libs,0.9267824811380935
sans featurings ni ad-libs,0.9486568867201509
sans featurings ni ad-libs,0.9447534054138456
sans featurings ni ad-libs,0.9685840536285386
sans featurings ni ad-libs,0.9482707195237419
sans featurings ni ad-libs,0.8820227857785654
sans featurings ni ad-libs,0.9081748126152798
sans featurings ni ad-libs,0.9299684707181557
sans featurings ni ad-libs,0.9681992483326299
sans featurings ni ad-libs,0.9289929590479091
sans featurings ni ad-libs,0.9511502424750755
sans featurings ni ad-libs,0.9370234780576026
sans featurings ni ad-libs,0.9203321850726203
sans featurings ni ad-libs,0.917100876012085
sans featurings ni ad-libs,0.8880602429893079
sans featurings ni ad-libs,0.9781217033809352
sans featurings ni ad-libs,0.9990544081964392
sans featurings ni ad-libs,0.942725346273796
sans featurings ni ad-libs,0.930740808105277
sans featurings ni ad-libs,0.9277100914285217
sans featurings ni ad-libs,0.8942443554469393
sans featurings ni ad-libs,0.9580011740764458
sans featurings ni ad-libs,0.9192169332992735
sans featurings ni ad-libs,0.9315262326156073
sans featurings ni ad-libs,0.9631717903875379
sans featurings ni ad-libs,0.9244506719579253
sans featurings ni ad-libs,0.9423283690645822
sans featurings ni ad-libs,0.9385948142503697
sans featurings ni ad-libs,0.9714992928161728
sans featurings ni ad-libs,0.9440682736662298
sans featurings ni ad-libs,0.9304291994324488
sans featurings ni ad-libs,0.970082485573762
sans featurings ni ad-libs,0.9740222622400474
sans featurings ni ad-libs,0.9514195573212645
sans featurings ni ad-libs,0.8591787089739138
sans featurings ni ad-libs,0.9470402077723913
sans featurings ni ad-libs,0.8985369059518156
sans featurings ni ad-libs,0.9610479316584868
sans featurings ni ad-libs,0.9232301090997547
sans featurings ni ad-libs,0.9623473482116878
sans featurings ni ad-libs,0.914226686188645
sans featurings ni ad-libs,0.9479486932043918
sans featurings ni ad-libs,0.9411633423187521
sans featurings ni ad-libs,0.9085721797543664
sans featurings ni ad-libs,0.9194274939024825
sans featurings ni ad-libs,0.9938758650162439
sans featurings ni ad-libs,0.9279159589031042
sans featurings ni ad-libs,0.9092869979535391
sans featurings ni ad-libs,0.9389590785197934
sans featurings ni ad-libs,0.9785732916620619
sans featurings ni ad-libs,0.9529793598758137
sans featurings ni ad-libs,0.9449223344592839
sans featurings ni ad-libs,0.9225218124990355
sans featurings ni ad-libs,0.9033893496546491
sans featurings ni ad-libs,0.9401064553557161
sans featurings ni ad-libs,0.915057267546823
sans featurings ni ad-libs,0.9596882606848132
sans featurings ni ad-libs,0.9539383037392793
sans featurings ni ad-libs,0.8844258329283072
sans featurings ni ad-libs,0.9136434876659221
sans featurings ni ad-libs,0.8972697854910614
sans featurings ni ad-libs,0.9037003755923395
sans featurings ni ad-libs,0.9162951264430766
sans featurings ni ad-libs,0.8928818048438437
sans featurings ni ad-libs,0.9759961643693339
sans featurings ni ad-libs,0.9364797070400589
sans featurings ni ad-libs,0.9473542765771163
sans featurings ni ad-libs,0.9574751831395517
sans featurings ni ad-libs,0.9389917863983689
sans featurings ni ad-libs,0.9005724523252208
sans featurings ni ad-libs,0.8774834104241267
sans featurings ni ad-libs,0.9492626679428091
sans featurings ni ad-libs,0.940601355169263
sans featurings ni ad-libs,0.9247536963910824
sans featurings ni ad-libs,0.961534257946949
sans featurings ni ad-libs,0.9156432977125726
sans featurings ni ad-libs,0.9076689287425597
sans featurings ni ad-libs,0.9436541333395418
sans featurings ni ad-libs,0.9976278329366021
sans featurings ni ad-libs,0.862893519295016
sans featurings ni ad-libs,0.9086892259979842
sans featurings ni ad-libs,0.9538489556583641
sans featurings ni ad-libs,0.9753652069408258
sans featurings ni ad-libs,0.9237180894955079
sans featurings ni ad-libs,0.9112655460978386
sans featurings ni ad-libs,0.9313212223909024
sans featurings ni ad-libs,0.9844140584529647
sans featurings ni ad-libs,0.9519042622299254
sans featurings ni ad-libs,0.9684564979973224
sans featurings ni ad-libs,0.9343721394770121
sans featurings ni ad-libs,0.8795042646019832
sans featurings ni ad-libs,0.9345986867468231
sans featurings ni ad-libs,0.994490444674562
sans featurings ni ad-libs,0.9141678947115287
sans featurings ni ad-libs,0.9114265347969527
sans featurings ni ad-libs,0.9517299762117452
sans featurings ni ad-libs,0.9495679818945703
sans featurings ni ad-libs,0.967827520108985
sans featurings ni ad-libs,0.9004072414694333
sans featurings ni ad-libs,0.932596196993033
sans featurings ni ad-libs,0.8967448396825767
sans featurings ni ad-libs,0.9263983876921267
sans featurings ni ad-libs,0.8694751306779652
sans featurings ni ad-libs,0.9168673103479776
sans featurings ni ad-libs,0.9190785204949995
sans featurings ni ad-libs,0.90928303485729
sans featurings ni ad-libs,0.9267580794464407
sans featurings ni ad-libs,0.9623802313683261
sans featurings ni ad-libs,0.930780695908694
sans featurings ni ad-libs,0.9445465423543987
sans featurings ni ad-libs,0.966017595629998
sans featurings ni ad-libs,0.9175691213206996
sans featurings ni ad-libs,0.9535112483647902
sans featurings ni ad-libs,0.9242277659583459
sans featurings ni ad-libs,0.8928179861803556
sans featurings ni ad-libs,0.9388030047023224
sans featurings ni ad-libs,0.9389779947046403
sans featurings ni ad-libs,0.9697852448084381
sans featurings ni ad-libs,0.9277402836659828
sans featurings ni ad-libs,0.9151844434670443
sans featurings ni ad-libs,0.9444291135379519
sans featurings ni ad-libs,0.9454221575915234
sans featurings ni ad-libs,0.8937940209920701
sans featurings ni ad-libs,0.8777728571999542
sans featurings ni ad-libs,0.914041694458652
sans featurings ni ad-libs,0.907191692680609
sans featurings ni ad-libs,0.916370117074554
sans featurings ni ad-libs,0.9652421630977908
sans featurings ni ad-libs,0.959639578674398
sans featurings ni ad-libs,0.9762286611787273
sans featurings ni ad-libs,0.911236913724703
sans featurings ni ad-libs,0.9358284785614251
sans featurings ni ad-libs,0.9793090575598938
sans featurings ni ad-libs,0.9283418872859026
sans featurings ni ad-libs,0.9264666066561955
sans featurings ni ad-libs,0.8955179696841655
sans featurings ni ad-libs,0.9498776957273635
sans featurings ni ad-libs,0.8999520026388675
sans featurings ni ad-libs,0.9348182271646298
sans featurings ni ad-libs,0.9402889868793589
sans featurings ni ad-libs,0.9250405231107962
sans featurings ni ad-libs,0.9692594799877557
sans featurings ni ad-libs,0.9240769297736843
sans featurings ni ad-libs,0.9088493331125509
sans featurings ni ad-libs,0.8988121086606404
sans featurings ni ad-libs,0.9307500551226567
sans featurings ni ad-libs,0.9161614735988259
sans featurings ni ad-libs,0.858191283181841
sans featurings ni ad-libs,0.9356622238206473
sans featurings ni ad-libs,0.9093890470524715
sans featurings ni ad-libs,0.931856376850306
sans featurings ni ad-libs,0.9404256097297685
sans featurings ni ad-libs,1.0029636516601568
sans featurings ni ad-libs,0.936440895127896
sans featurings ni ad-libs,0.931333817485142
sans featurings ni ad-libs,0.9492140476849981
sans featurings ni ad-libs,0.9200034613776659
sans featurings ni ad-libs,0.8980015712560306
sans featurings ni ad-libs,0.9138926038005074
sans featurings ni ad-libs,0.8827895107692142
sans featurings ni ad-libs,0.959535137209388
sans featurings ni ad-libs,0.9124128654813491
sans featurings ni ad-libs,0.9259392500547102
sans featurings ni ad-libs,0.9608987944891464
sans featurings ni ad-libs,0.9632259049464257
sans featurings ni ad-libs,0.9599332593456456
sans featurings ni ad-libs,0.9389379927442058
sans featurings ni ad-libs,0.9124734232665662
sans featurings ni ad-libs,0.8982395046859727
sans featurings ni ad-libs,0.9598992311431973
sans featurings ni ad-libs,0.9403977385328968
sans featurings ni ad-libs,0.9701027438918428
sans featurings ni ad-libs,0.9276626840067778
sans featurings ni ad-libs,0.9353681250066399
sans featurings ni ad-libs,0.9412331779726962
sans featurings ni ad-libs,0.9045183588255786
sans featurings ni ad-libs,0.9639473858081382
sans featurings ni ad-libs,0.9025888047091425
sans featurings ni ad-libs,0.9238462838993736
sans featurings ni ad-libs,0.926982597721463
sans featurings ni ad-libs,0.9063401572461337
sans featurings ni ad-libs,0.8631590500692695
sans featurings ni ad-libs,0.9456058253250141
sans featurings ni ad-libs,0.9249645570174526
sans featurings ni ad-libs,0.9339629898127932
sans featurings ni ad-libs,0.96557623076585
sans featurings ni ad-libs,0.9131760498867844
sans featurings ni ad-libs,0.9654597366557401
sans featurings ni ad-libs,0.8769820185944218
sans featurings ni ad-libs,0.9113000795957608
sans featurings ni ad-libs,0.9443850517189253
sans featurings ni ad-libs,0.9277694868203703
sans featurings ni ad-libs,0.9023605133605863
sans featurings ni ad-libs,0.995674628298226
sans featurings ni ad-libs,0.9126708762929066
sans featurings ni ad-libs,0.8952944117924523
sans featurings ni ad-libs,0.8840007896590791
sans featurings ni ad-libs,0.9542028665598433
sans featurings ni ad-libs,0.9364009951205624
sans featurings ni ad-libs,0.9592820989264367
sans featurings ni ad-libs,0.9258473058628092
sans featurings ni ad-libs,0.9263820717042706
sans featurings ni ad-libs,0.9657437064447926
sans featurings ni ad-libs,0.9226228642122292
sans featurings ni ad-libs,0.9533556190417976
sans featurings ni ad-libs,0.9191121676779597
sans featurings ni ad-libs,0.9448392846094672
sans featurings ni ad-libs,0.943585346806266
sans featurings ni ad-libs,0.9045898382818648
sans featurings ni ad-libs,0.9346754622825653
sans featurings ni ad-libs,0.930198115695808
sans featurings ni ad-libs,0.9457455664439757
sans featurings ni ad-libs,0.961287635624336
sans featurings ni ad-libs,0.9607873221321004
sans featurings ni ad-libs,0.8634298871939202
sans featurings ni ad-libs,0.899162746021673
sans featurings ni ad-libs,0.9394097531571449
sans featurings ni ad-libs,0.9202645445559468
sans featurings ni ad-libs,0.9041132752191491
sans featurings ni ad-libs,0.920282583337329
sans featurings ni ad-libs,0.9498595206835687
sans featurings ni ad-libs,0.956887664417536
sans featurings ni ad-libs,0.9449353149659997
sans featurings ni ad-libs,0.9453312322298063
sans featurings ni ad-libs,0.9339245516362843
sans featurings ni ad-libs,0.9327571626270874
sans featurings ni ad-libs,0.9247121716091685
sans featurings ni ad-libs,0.8912661352353212
sans featurings ni ad-libs,0.9730971439423056
sans featurings ni ad-libs,0.9150537540850238
sans featurings ni ad-libs,0.9276988669670474
sans featurings ni ad-libs,0.9208426989130207
sans featurings ni ad-libs,0.9490636158675616
sans featurings ni ad-libs,0.9415266761708797
sans featurings ni ad-libs,0.9364621483746309
sans featurings ni ad-libs,0.9834261735700709
sans featurings ni ad-libs,0.8972105081827677
sans featurings ni ad-libs,0.9077909903494581
sans featurings ni ad-libs,0.9471208301384599
sans featurings ni ad-libs,0.9288632853867044
sans featurings ni ad-libs,0.9315668653259506
sans featurings ni ad-libs,0.9408146010908378
sans featurings ni ad-libs,0.9553212851184597
sans featurings ni ad-libs,0.9474122327292909
sans featurings ni ad-libs,0.931481448177736
sans featurings ni ad-libs,0.9315138994354979
sans featurings ni ad-libs,0.9711199283136299
sans featurings ni ad-libs,0.9013288117933315
sans featurings ni ad-libs,0.9178250050523545
sans featurings ni ad-libs,0.8989885568036591
sans featurings ni ad-libs,0.9219286123816778
sans featurings ni ad-libs,0.951880839693063
sans featurings ni ad-libs,0.9342989432378124
sans featurings ni ad-libs,0.9602582762799446
sans featurings ni ad-libs,0.932007537986054
sans featurings ni ad-libs,0.92761704108068
sans featurings ni ad-libs,0.9165266417803611
sans featurings ni ad-libs,0.9399861926009815
sans featurings ni ad-libs,0.9386943373581615
sans featurings ni ad-libs,0.9466134446589549
sans featurings ni ad-libs,0.9391879168146672
sans featurings ni ad-libs,0.9287686809534087
sans featurings ni ad-libs,0.9504388592802225
sans featurings ni ad-libs,0.8958076551363047
sans featurings ni ad-libs,0.9283434961407835
sans featurings ni ad-libs,0.9244741229769822
sans featurings ni ad-libs,0.9619959785915347
sans featurings ni ad-libs,0.8898268935072798
sans featurings ni ad-libs,0.9185821346136164
sans featurings ni ad-libs,0.9203476141902003
sans featurings ni ad-libs,0.9249633505024062
sans featurings ni ad-libs,0.9337744646208288
sans featurings ni ad-libs,0.9597305755982816
sans featurings ni ad-libs,0.9608336341426688
sans featurings ni ad-libs,0.9773895441119667
sans featurings ni ad-libs,0.9304408279805065
sans featurings ni ad-libs,0.9000348875066762
sans featurings ni ad-libs,0.9062135918696848
sans featurings ni ad-libs,0.9224986304275579
sans featurings ni ad-libs,0.9764224388028714
sans featurings ni ad-libs,0.9059897193662008
sans featurings ni ad-libs,0.9511509803991361
sans featurings ni ad-libs,0.9128266714858904
sans featurings ni ad-libs,0.9602119088915773
sans featurings ni ad-libs,0.9310950296473278
sans featurings ni ad-libs,0.9302894982056558
sans featurings ni ad-libs,0.9488263594105308
sans featurings ni ad-libs,0.9335776753001006
sans featurings ni ad-libs,0.9408116560259077
sans featurings ni ad-libs,0.9062565432774803
sans featurings ni ad-libs,0.8852898831613709
sans featurings ni ad-libs,0.941087929969152
sans featurings ni ad-libs,0.9497316589710652
sans featurings ni ad-libs,0.9559757802305712
sans featurings ni ad-libs,0.8832987012647504
sans featurings ni ad-libs,0.9607094213556266
sans featurings ni ad-libs,0.9501093356429722
sans featurings ni ad-libs,0.9274526911545072
sans featurings ni ad-libs,0.9032823797056372
sans featurings ni ad-libs,0.925582748017052
sans featurings ni ad-libs,0.9677939854250971
sans featurings ni ad-libs,0.9301443614806153
sans featurings ni ad-libs,0.9342171488358815
sans featurings ni ad-libs,0.9491772182458169
sans featurings ni ad-libs,0.9515986165318553
sans featurings ni ad-libs,0.9032043253371451
sans featurings ni ad-libs,0.9047127140652051
sans featurings ni ad-libs,0.884526530803066
sans featurings ni ad-libs,0.9285208048100674
sans featurings ni ad-libs,0.9561244717304545
sans featurings ni ad-libs,0.9065035340013795
sans featurings ni ad-libs,0.9317314409107998
sans featurings ni ad-libs,0.8912660091794289
sans featurings ni ad-libs,0.9728244706484903
sans featurings ni ad-libs,0.9198958380315454
sans featurings ni ad-libs,0.9494376349068586
sans featurings ni ad-libs,0.9445652572558588
sans featurings ni ad-libs,0.9501279863194501
sans featurings ni ad-libs,0.9553976045878494
sans featurings ni ad-libs,0.9588636977186255
sans featurings ni ad-libs,0.8884595709399097
sans featurings ni ad-libs,0.9343434139478386
sans featurings ni ad-libs,0.9362298174389281
sans featurings ni ad-libs,0.9415429548813347
sans featurings ni ad-libs,0.9193716504039761
sans featurings ni ad-libs,0.9532529177167092
sans featurings ni ad-libs,0.9193938978351085
sans featurings ni ad-libs,0.883523577972506
sans featurings ni ad-libs,0.9484588990397628
sans featurings ni ad-libs,0.9313887983890633
sans featurings ni ad-libs,0.9184896061841037
sans featurings ni ad-libs,0.9389099324869904
sans featurings ni ad-libs,0.9822809557878907
sans featurings ni ad-libs,0.9320128548873594
sans featurings ni ad-libs,0.9395294469501323
sans featurings ni ad-libs,0.9772509219768264
sans featurings ni ad-libs,0.9681224525189401
sans featurings ni ad-libs,0.9400172067229595
sans featurings ni ad-libs,0.9649560339438787
sans featurings ni ad-libs,0.9090684254483259
sans featurings ni ad-libs,0.9405675904807289
sans featurings ni ad-libs,0.9337191021102248
sans featurings ni ad-libs,0.9345729613794668
sans featurings ni ad-libs,0.9380671635359756
sans featurings ni ad-libs,0.9111946786581783
sans featurings ni ad-libs,0.9528402813203681
sans featurings ni ad-libs,0.9720642665179346
sans featurings ni ad-libs,0.9228437098294799
sans featurings ni ad-libs,0.9401595308934041
sans featurings ni ad-libs,0.9158751728412895
sans featurings ni ad-libs,0.9686959110598565
sans featurings ni ad-libs,0.9709440028998227
sans featurings ni ad-libs,0.9066275794638803
sans featurings ni ad-libs,0.9535997156450903
sans featurings ni ad-libs,0.9087619191615082
sans featurings ni ad-libs,0.9467187023466617
sans featurings ni ad-libs,0.9335566063104063
sans featurings ni ad-libs,0.9004168428711383
sans featurings ni ad-libs,0.9436789539140565
sans featurings ni ad-libs,0.9306668450597511
sans featurings ni ad-libs,0.934209732441765
sans featurings ni ad-libs,0.9381538892640038
sans featurings ni ad-libs,0.9288865284397647
sans featurings ni ad-libs,0.939479206104684
sans featurings ni ad-libs,0.9461344908496659
sans featurings ni ad-libs,0.9066326117874751
sans featurings ni ad-libs,0.9432532376633153
sans featurings ni ad-libs,0.9826986860229896
sans featurings ni ad-libs,0.9033714883932049
sans featurings ni ad-libs,0.9660447574815308
sans featurings ni ad-libs,0.9496806894888927
sans featurings ni ad-libs,0.9656492645854146
sans featurings ni ad-libs,1.0047080166142073
sans featurings ni ad-libs,0.9054190209910631
sans featurings ni ad-libs,0.9289521495030659
sans featurings ni ad-libs,0.9390986952641974
sans featurings ni ad-libs,0.9457312807448742
sans featurings ni ad-libs,0.9223425216151959
sans featurings ni ad-libs,0.9350506865827244
sans featurings ni ad-libs,0.9387829117462771
sans featurings ni ad-libs,0.937650382368335
sans featurings ni ad-libs,0.9099980150631215
sans featurings ni ad-libs,0.9443571393446601
sans featurings ni ad-libs,0.9204409031642958
sans featurings ni ad-libs,0.9621826254042395
sans featurings ni ad-libs,0.9323779294538795
sans featurings ni ad-libs,0.9558717636923748
sans featurings ni ad-libs,0.9445548124458015
sans featurings ni ad-libs,0.9726314381679215
sans featurings ni ad-libs,0.9250832020639717
sans featurings ni ad-libs,0.9158424216275787
sans featurings ni ad-libs,0.9207626150918973
sans featurings ni ad-libs,0.949078167820504
sans featurings ni ad-libs,0.9577113958238579
sans featurings ni ad-libs,0.9565869950391347
sans featurings ni ad-libs,0.9041928656293892
sans featurings ni ad-libs,0.916247492192958
sans featurings ni ad-libs,0.9507445182876958
sans featurings ni ad-libs,0.9166230969584035
sans featurings ni ad-libs,0.9104053722379142
sans featurings ni ad-libs,0.8953038132531167
sans featurings ni ad-libs,0.8852286929078417
sans featurings ni ad-libs,0.9333944347500263
sans featurings ni ad-libs,0.890254822865193
sans featurings ni ad-libs,0.8937823762658264
sans featurings ni ad-libs,0.9629947055871544
sans featurings ni ad-libs,0.919753038504495
sans featurings ni ad-libs,0.9319353560944642
sans featurings ni ad-libs,0.8932821406078338
sans featurings ni ad-libs,0.9367563577547944
sans featurings ni ad-libs,0.9773186028795058
sans featurings ni ad-libs,0.8905052963232747
sans featurings ni ad-libs,0.9409650708147529
sans featurings ni ad-libs,0.9316452235854591
sans featurings ni ad-libs,0.9378968217596327
sans featurings ni ad-libs,0.9188309053303809
sans featurings ni ad-libs,0.9718636086415501
sans featurings ni ad-libs,0.9696298862803957
sans featurings ni ad-libs,0.9383589814183659
sans featurings ni ad-libs,0.9535023623101931
sans featurings ni ad-libs,0.9012601028547903
sans featurings ni ad-libs,0.923776685503464
sans featurings ni ad-libs,0.9226240644917574
sans featurings ni ad-libs,0.9255549681241028
sans featurings ni ad-libs,0.9266289516029729
sans featurings ni ad-libs,0.9543812737795646
sans featurings ni ad-libs,0.9407765780679874
sans featurings ni ad-libs,0.8924758413838308
sans featurings ni ad-libs,0.9163073423164688
sans featurings ni ad-libs,0.934521632969143
sans featurings ni ad-libs,0.9484393706315466
sans featurings ni ad-libs,0.9532492185785175
sans featurings ni ad-libs,0.9682350062787325
sans featurings ni ad-libs,0.9735603430712814
sans featurings ni ad-libs,0.9670025556266728
sans featurings ni ad-libs,0.9651735618239334
sans featurings ni ad-libs,0.9002360316521391
sans featurings ni ad-libs,0.9320769695312445
sans featurings ni ad-libs,0.9706939292575335
sans featurings ni ad-libs,0.9077774225569589
sans featurings ni ad-libs,0.9569911932741708
sans featurings ni ad-libs,0.918747669699802
sans featurings ni ad-libs,0.8977554466668265
sans featurings ni ad-libs,0.8906969846331374
sans featurings ni ad-libs,0.9311653577442993
sans featurings ni ad-libs,0.9571199495240771
sans featurings ni ad-libs,0.917100092662356
sans featurings ni ad-libs,0.8914553552398995
sans featurings ni ad-libs,0.9120033105620505
sans featurings ni ad-libs,0.9435715557538188
sans featurings ni ad-libs,0.9024104530212312
sans featurings ni ad-libs,0.9615857677495471
sans featurings ni ad-libs,0.9493735461176307
sans featurings ni ad-libs,0.9553765511831329
sans featurings ni ad-libs,0.9215883521522213
sans featurings ni ad-libs,0.9386388717288654
sans featurings ni ad-libs,0.9189285980944311
sans featurings ni ad-libs,0.8951200390845129
sans featurings ni ad-libs,0.9106859871562831
sans featurings ni ad-libs,0.930584786486232
sans featurings ni ad-libs,0.9518730557693829
sans featurings ni ad-libs,0.9322297635870688
sans featurings ni ad-libs,0.9354479279823432
sans featurings ni ad-libs,0.9610881825668981
sans featurings ni ad-libs,0.9696599710580964
sans featurings ni ad-libs,0.9652202569378735
sans featurings ni ad-libs,0.9246968745618611
sans featurings ni ad-libs,0.957891697458356
sans featurings ni ad-libs,0.9532101693460842
sans featurings ni ad-libs,0.9592110282319319
sans featurings ni ad-libs,0.8993179206025764
sans featurings ni ad-libs,0.9449528956860054
sans featurings ni ad-libs,0.8930175928864611
sans featurings ni ad-libs,0.9672939281406389
sans featurings ni ad-libs,0.9423637077798879
sans featurings ni ad-libs,0.9587442393316912
sans featurings ni ad-libs,0.9901342266756464
sans featurings ni ad-libs,0.9677578490690643
sans featurings ni ad-libs,0.9108392429938965
sans featurings ni ad-libs,0.9546403183723001
sans featurings ni ad-libs,0.9035320547766309
sans featurings ni ad-libs,0.9152782954238183
sans featurings ni ad-libs,0.9980641924530904
sans featurings ni ad-libs,0.913540622300175
sans featurings ni ad-libs,0.9417822347997238
sans featurings ni ad-libs,0.9343126018356469
sans featurings ni ad-libs,0.9353787858864582
sans featurings ni ad-libs,0.9321026906381543
sans featurings ni ad-libs,0.9063381775426789
sans featurings ni ad-libs,0.9746272228163839
sans featurings ni ad-libs,0.9597170387197331
sans featurings ni ad-libs,0.9673571491613872
sans featurings ni ad-libs,0.9371984963272872
sans featurings ni ad-libs,0.9359642693251329
sans featurings ni ad-libs,0.9189628919721491
sans featurings ni ad-libs,0.9123265326956934
sans featurings ni ad-libs,0.9391739109010027
sans featurings ni ad-libs,0.9290601177419503
sans featurings ni ad-libs,0.9582249094630936
sans featurings ni ad-libs,0.974746271525689
sans featurings ni ad-libs,0.9126981302711754
sans featurings ni ad-libs,0.9235335375416436
sans featurings ni ad-libs,0.913908831028287
sans featurings ni ad-libs,0.9405374341776433
sans featurings ni ad-libs,0.9479139722426482
sans featurings ni ad-libs,0.9095587501265706
sans featurings ni ad-libs,0.9921286526238048
sans featurings ni ad-libs,0.9296460291633442
sans featurings ni ad-libs,0.9574507744123598
sans featurings ni ad-libs,0.9555252388671098
sans featurings ni ad-libs,0.8869802119271044
sans featurings ni ad-libs,0.9516972549337595
sans featurings ni ad-libs,0.9497500604979607
sans featurings ni ad-libs,0.9648968114139295
sans featurings ni ad-libs,0.9447693789664213
sans featurings ni ad-libs,0.9534481835878259
sans featurings ni ad-libs,0.9006014335714703
sans featurings ni ad-libs,0.9610881825668981
sans featurings ni ad-libs,0.9233620769864384
sans featurings ni ad-libs,0.9600059924364406
sans featurings ni ad-libs,0.9117346024132301
sans featurings ni ad-libs,0.9738481509475075
sans featurings ni ad-libs,0.9202947746316117
sans featurings ni ad-libs,0.8576970944669408
sans featurings ni ad-libs,0.9078804976290145
sans featurings ni ad-libs,0.955976203907886
sans featurings ni ad-libs,0.9776237959949685
sans featurings ni ad-libs,0.8676270663280022
sans featurings ni ad-libs,0.9542080926376031
sans featurings ni ad-libs,0.945366450094899
sans featurings ni ad-libs,0.9273661558540155
sans featurings ni ad-libs,0.9277493898610061
sans featurings ni ad-libs,0.9392307183311966
sans featurings ni ad-libs,0.9080728703816292
sans featurings ni ad-libs,0.9411510132949203
sans featurings ni ad-libs,0.9081418922916342
sans featurings ni ad-libs,0.926648015715237
sans featurings ni ad-libs,0.963663544260392
sans featurings ni ad-libs,0.8852725747289879
sans featurings ni ad-libs,0.9536951615000137
sans featurings ni ad-libs,0.9267015300446568
sans featurings ni ad-libs,0.9391659845316637
sans featurings ni ad-libs,0.9518920848296641
sans featurings ni ad-libs,0.9667148647817613
sans featurings ni ad-libs,0.9930786215852219
sans featurings ni ad-libs,0.960376354273308
sans featurings ni ad-libs,0.9359005354931604
sans featurings ni ad-libs,0.9799788057052564
sans featurings ni ad-libs,0.9285039192431331
sans featurings ni ad-libs,0.9447063669908213
sans featurings ni ad-libs,0.9466722962398226
sans featurings ni ad-libs,0.9455342937296121
sans featurings ni ad-libs,0.9104322648241832
sans featurings ni ad-libs,0.9485132194992842
sans featurings ni ad-libs,0.9686044587878297
sans featurings ni ad-libs,0.9137114488391117
sans featurings ni ad-libs,0.9323575645760263
sans featurings ni ad-libs,0.924881857065099
sans featurings ni ad-libs,0.946738535440533
sans featurings ni ad-libs,0.899442690310075
sans featurings ni ad-libs,0.8854740007415404
sans featurings ni ad-libs,0.9252020223900805
sans featurings ni ad-libs,0.9336211638530978
sans featurings ni ad-libs,0.958174496418981
sans featurings ni ad-libs,0.9135410179456886
sans featurings ni ad-libs,0.9082142427649897
sans featurings ni ad-libs,0.9834989986244155
sans featurings ni ad-libs,0.9228622851321141
sans featurings ni ad-libs,0.9179490032313546
sans featurings ni ad-libs,0.9546976846575012
sans featurings ni ad-libs,0.9358951603395419
sans featurings ni ad-libs,0.940992578357253
sans featurings ni ad-libs,0.9755536352186868
sans featurings ni ad-libs,0.9751994466888069
sans featurings ni ad-libs,0.9294496435531571
sans featurings ni ad-libs,0.9961864760994944
sans featurings ni ad-libs,0.9541102572693745
sans featurings ni ad-libs,0.9411633423187521
sans featurings ni ad-libs,0.9691954736249908
sans featurings ni ad-libs,0.8866012502874155
sans featurings ni ad-libs,0.9480120341194607
sans featurings ni ad-libs,0.9712719460833166
sans featurings ni ad-libs,0.961037838550318
sans featurings ni ad-libs,0.9082787935553379
sans featurings ni ad-libs,0.8943841820229395
sans featurings ni ad-libs,0.9098727414400928
sans featurings ni ad-libs,0.9577786753319832
sans featurings ni ad-libs,0.9247882641383538
sans featurings ni ad-libs,0.937013654355716
sans featurings ni ad-libs,0.9065682973009908
sans featurings ni ad-libs,0.9377053835054016
sans featurings ni ad-libs,0.934681874219053
sans featurings ni ad-libs,0.9333228974350742
sans featurings ni ad-libs,0.9258170579124174
sans featurings ni ad-libs,0.9621830529111502
sans featurings ni ad-libs,0.9368668503986691
sans featurings ni ad-libs,0.9400141906963729
sans featurings ni ad-libs,0.9510476110280266
sans featurings ni ad-libs,0.9217500678603161
sans featurings ni ad-libs,0.9056557774534484
sans featurings ni ad-libs,0.9732621878174696
sans featurings ni ad-libs,0.9791340199076285
sans featurings ni ad-libs,1.0204202252772867
sans featurings ni ad-libs,0.9073779954246022
sans featurings ni ad-libs,0.9038236037849003
sans featurings ni ad-libs,0.926867763472407
sans featurings ni ad-libs,0.9474272883087256
sans featurings ni ad-libs,0.9194025875502337
sans featurings ni ad-libs,0.8922839123264452
sans featurings ni ad-libs,0.9355066345068678
sans featurings ni ad-libs,0.983835194182072
sans featurings ni ad-libs,0.9346917238789567
sans featurings ni ad-libs,0.939424791658632
sans featurings ni ad-libs,0.9500368676301617
sans featurings ni ad-libs,0.9209898256554699
sans featurings ni ad-libs,0.9489032317748998
sans featurings ni ad-libs,0.9630849695380713
sans featurings ni ad-libs,0.9174900789851044
sans featurings ni ad-libs,0.9463863389950559
sans featurings ni ad-libs,0.9449493375420985
sans featurings ni ad-libs,0.9876963280051301
sans featurings ni ad-libs,0.9601157253318096
sans featurings ni ad-libs,0.9771754900129489
sans featurings ni ad-libs,0.9310922702310918
sans featurings ni ad-libs,0.8863884171580623
sans featurings ni ad-libs,0.9403490644223546
sans featurings ni ad-libs,0.9377128665517059
sans featurings ni ad-libs,0.9515711214567869
sans featurings ni ad-libs,0.8937362860801243
sans featurings ni ad-libs,0.8887791235987393
sans featurings ni ad-libs,0.9631530162536124
sans featurings ni ad-libs,0.9484694260450715
sans featurings ni ad-libs,0.9430062031770063
sans featurings ni ad-libs,0.913235346542526
sans featurings ni ad-libs,0.912952726786292
sans featurings ni ad-libs,0.8709010091204307
sans featurings ni ad-libs,0.9680195004889991
sans featurings ni ad-libs,0.8921395445640938
sans featurings ni ad-libs,0.9172301231885948
sans featurings ni ad-libs,0.9706348695346971
sans featurings ni ad-libs,0.9410967699678625
sans featurings ni ad-libs,0.9475102981268014
sans featurings ni ad-libs,0.9008581222939203
sans featurings ni ad-libs,0.9075712475365777
sans featurings ni ad-libs,0.9050925281544555
sans featurings ni ad-libs,0.962389402063283
sans featurings ni ad-libs,0.9628961639370159
sans featurings ni ad-libs,0.9276905431204888
sans featurings ni ad-libs,0.9370024155489463
sans featurings ni ad-libs,0.9068397737265953
sans featurings ni ad-libs,0.965336365171882
sans featurings ni ad-libs,0.9357493137433659
sans featurings ni ad-libs,0.9367357265763843
sans featurings ni ad-libs,0.9464647914224736
sans featurings ni ad-libs,0.9527781233862139
sans featurings ni ad-libs,0.8915683452085238
sans featurings ni ad-libs,0.9155141145335617
sans featurings ni ad-libs,0.8992153486302205
sans featurings ni ad-libs,0.9336640749154363
sans featurings ni ad-libs,0.9272462144117933
sans featurings ni ad-libs,0.9071125131631529
sans featurings ni ad-libs,0.9158466115501688
sans featurings ni ad-libs,0.9638805347957589
sans featurings ni ad-libs,0.9383051838418096
sans featurings ni ad-libs,0.9304879331576169
sans featurings ni ad-libs,0.9389330597559846
sans featurings ni ad-libs,0.9579163928875346
sans featurings ni ad-libs,0.9523652534803378
sans featurings ni ad-libs,0.8981316201284488
sans featurings ni ad-libs,0.9284741491660353
sans featurings ni ad-libs,0.929004621624199
sans featurings ni ad-libs,0.9244903645205251
sans featurings ni ad-libs,0.9044654924512215
sans featurings ni ad-libs,0.9454684624864118
sans featurings ni ad-libs,0.9227016331698211
sans featurings ni ad-libs,0.9152074393362544
sans featurings ni ad-libs,0.9378877380145001
sans featurings ni ad-libs,0.9616020357231877
sans featurings ni ad-libs,0.9061641007635226
sans featurings ni ad-libs,0.9108195280051017
sans featurings ni ad-libs,0.9284129631002198
sans featurings ni ad-libs,0.9701777586346891
sans featurings ni ad-libs,0.9023312362529268
sans featurings ni ad-libs,0.9235372626738398
sans featurings ni ad-libs,0.9756845957398783
sans featurings ni ad-libs,0.9378371064923555
sans featurings ni ad-libs,0.935283527792204
sans featurings ni ad-libs,0.9453093563615921
sans featurings ni ad-libs,0.9275404016824967
sans featurings ni ad-libs,0.9066233075627428
sans featurings ni ad-libs,0.9494155594422063
sans featurings ni ad-libs,0.8895936758560186
sans featurings ni ad-libs,0.8936486774501773
sans featurings ni ad-libs,0.9490626778064516
sans featurings ni ad-libs,0.9281000612081427
sans featurings ni ad-libs,1.003902683588536
sans featurings ni ad-libs,0.9755520690033637
sans featurings ni ad-libs,0.8979304412613328
sans featurings ni ad-libs,0.9328214232230243
sans featurings ni ad-libs,0.9273993978092772
sans featurings ni ad-libs,0.9250790349004456
sans featurings ni ad-libs,0.9429414291748477
sans featurings ni ad-libs,0.8702671537638622
sans featurings ni ad-libs,0.9071585269526118
sans featurings ni ad-libs,0.9006166881890221
sans featurings ni ad-libs,0.8850461326339033
sans featurings ni ad-libs,0.9265456590916888
sans featurings ni ad-libs,0.9751032812403265
sans featurings ni ad-libs,0.9638719777776714
sans featurings ni ad-libs,0.8892356001830958
sans featurings ni ad-libs,0.9025290199871265
sans featurings ni ad-libs,0.9622841799583135
sans featurings ni ad-libs,0.9370228999085277
sans featurings ni ad-libs,0.94762941348332
sans featurings ni ad-libs,0.9284324475081831
sans featurings ni ad-libs,0.9263432601197897
sans featurings ni ad-libs,0.9161640566996343
sans featurings ni ad-libs,0.9344470054279532
sans featurings ni ad-libs,0.9119467331204113
sans featurings ni ad-libs,0.952332989338966
sans featurings ni ad-libs,0.8920285324038785
sans featurings ni ad-libs,0.9276544539768194
sans featurings ni ad-libs,0.9603850618440619
sans featurings ni ad-libs,0.945719194878539
sans featurings ni ad-libs,0.8976445711495755
sans featurings ni ad-libs,0.9549887833891731
sans featurings ni ad-libs,0.9907393941284887
sans featurings ni ad-libs,0.9395029740812457
sans featurings ni ad-libs,0.9769655191329705
sans featurings ni ad-libs,0.9253617062726912
sans featurings ni ad-libs,0.9686543636870275
sans featurings ni ad-libs,0.9289418912715783
sans featurings ni ad-libs,0.9530726617141178
sans featurings ni ad-libs,0.9323239578053696
sans featurings ni ad-libs,0.964454345661516
sans featurings ni ad-libs,0.930237186570213
sans featurings ni ad-libs,0.9369982042076689
sans featurings ni ad-libs,0.9277128762332172
sans featurings ni ad-libs,0.9544640200817925
sans featurings ni ad-libs,0.9593099316533648
sans featurings ni ad-libs,0.9314631384668549
sans featurings ni ad-libs,0.9258300041952979
sans featurings ni ad-libs,1.0050854922285068
sans featurings ni ad-libs,0.9353516168553604
sans featurings ni ad-libs,0.9283178629603318
sans featurings ni ad-libs,0.9291808216124078
sans featurings ni ad-libs,0.9098985883145573
sans featurings ni ad-libs,0.9125568848730679
sans featurings ni ad-libs,0.9232521194454567
sans featurings ni ad-libs,0.9458110357462791
sans featurings ni ad-libs,0.9315888220490824
sans featurings ni ad-libs,0.8988535597289048
sans featurings ni ad-libs,0.9154759510128297
sans featurings ni ad-libs,0.9567765647299846
sans featurings ni ad-libs,0.9476239126938791
sans featurings ni ad-libs,0.9710658535543485
sans featurings ni ad-libs,0.9885055479686083
sans featurings ni ad-libs,0.9055315610461873
sans featurings ni ad-libs,0.9688422769545709
sans featurings ni ad-libs,0.9054422144725346
sans featurings ni ad-libs,0.899246338783239
sans featurings ni ad-libs,0.9147565033729049
sans featurings ni ad-libs,0.9084940770112306
sans featurings ni ad-libs,0.9363833611710207
sans featurings ni ad-libs,0.9653514561105344
sans featurings ni ad-libs,0.9376194090122074
sans featurings ni ad-libs,0.9190077399498446
sans featurings ni ad-libs,0.9638480729389522
sans featurings ni ad-libs,0.9713835201431421
sans featurings ni ad-libs,0.9670930225966656
sans featurings ni ad-libs,0.9658745994974696
sans featurings ni ad-libs,0.8648055884117425
sans featurings ni ad-libs,0.9194035164717309
sans featurings ni ad-libs,0.9615305781503327
sans featurings ni ad-libs,0.9262776852078676
sans featurings ni ad-libs,0.9627450892536024
sans featurings ni ad-libs,0.9002332080855323
sans featurings ni ad-libs,0.950653432812484
sans featurings ni ad-libs,0.9466046761116474
sans featurings ni ad-libs,0.9751876345850674
sans featurings ni ad-libs,0.9582176473657873
sans featurings ni ad-libs,0.9591600425219616
sans featurings ni ad-libs,0.9050344664925144
sans featurings ni ad-libs,0.9368686901546251
sans featurings ni ad-libs,0.9571189492658274
sans featurings ni ad-libs,0.9192803547447581
sans featurings ni ad-libs,0.9442874362906248
sans featurings ni ad-libs,0.9225447190609736
sans featurings ni ad-libs,0.9340017580881281
sans featurings ni ad-libs,0.884018635147694
sans featurings ni ad-libs,0.902203842902878
sans featurings ni ad-libs,0.9478220925784969
sans featurings ni ad-libs,0.9410346600221664
sans featurings ni ad-libs,0.920563988946442
sans featurings ni ad-libs,0.9364291326059818
sans featurings ni ad-libs,0.9678340235901918
sans featurings ni ad-libs,0.9301425875797213
sans featurings ni ad-libs,0.9442098622558759
sans featurings ni ad-libs,0.9388692113702075
sans featurings ni ad-libs,0.9367499065753131
sans featurings ni ad-libs,0.9697963253182035
sans featurings ni ad-libs,0.94777205142142
sans featurings ni ad-libs,0.9201501280552163
sans featurings ni ad-libs,0.9299229449278601
sans featurings ni ad-libs,0.9022140263221248
sans featurings ni ad-libs,0.9155541795083982
sans featurings ni ad-libs,0.9533523603369868
sans featurings ni ad-libs,0.8712219449263424
sans featurings ni ad-libs,0.9460000879568266
sans featurings ni ad-libs,0.9329770719319763
sans featurings ni ad-libs,0.9709751664727205
sans featurings ni ad-libs,0.9327773378866837
sans featurings ni ad-libs,0.9644197086073361
sans featurings ni ad-libs,0.9223920294637773
sans featurings ni ad-libs,0.9184069661785708
sans featurings ni ad-libs,0.8754753863204499
sans featurings ni ad-libs,0.9537082380521604
sans featurings ni ad-libs,0.9012710087489507
sans featurings ni ad-libs,0.8930568102888787
sans featurings ni ad-libs,0.9383287154252139
sans featurings ni ad-libs,0.930299804583083
sans featurings ni ad-libs,0.9609180058114106
sans featurings ni ad-libs,0.9355668525459226
sans featurings ni ad-libs,0.9444415727180798
sans featurings ni ad-libs,0.9085782019903105
sans featurings ni ad-libs,0.9075435369216909
sans featurings ni ad-libs,0.9066160975148778
sans featurings ni ad-libs,0.9339511351109624
sans featurings ni ad-libs,0.9583619204155402
sans featurings ni ad-libs,0.9038274886228694
sans featurings ni ad-libs,0.9313246492042836
sans featurings ni ad-libs,0.9269985394735216
sans featurings ni ad-libs,0.9140450921139476
sans featurings ni ad-libs,0.9217309973018227
sans featurings ni ad-libs,0.9190979937010915
sans featurings ni ad-libs,0.9353952483220298
sans featurings ni ad-libs,0.9284731848458088
sans featurings ni ad-libs,0.9314171469289875
sans featurings ni ad-libs,0.9755640529423266
sans featurings ni ad-libs,0.90947396159617
sans featurings ni ad-libs,0.9472390090941316
sans featurings ni ad-libs,0.9713407942753016
sans featurings ni ad-libs,0.9004446188227302
sans featurings ni ad-libs,0.9344047803550912
sans featurings ni ad-libs,0.9291117002395334
sans featurings ni ad-libs,0.8986681923863834
sans featurings ni ad-libs,0.9794333096562726
sans featurings ni ad-libs,0.9088782997347472
sans featurings ni ad-libs,0.9411027444540783
sans featurings ni ad-libs,0.9644113396231289
sans featurings ni ad-libs,0.9032318678143989
sans featurings ni ad-libs,0.908539089500094
sans featurings ni ad-libs,0.9029702644821046
sans featurings ni ad-libs,0.9740641042010373
sans featurings ni ad-libs,0.9336232210083077
sans featurings ni ad-libs,0.9525372544634343
sans featurings ni ad-libs,0.9142998930876827
sans featurings ni ad-libs,0.920243772875393
sans featurings ni ad-libs,0.900178706602706
sans featurings ni ad-libs,0.9256545081056868
sans featurings ni ad-libs,0.9497672077342871
sans featurings ni ad-libs,0.9502827489528975
sans featurings ni ad-libs,0.9280802039661146
sans featurings ni ad-libs,0.9053742932570497
sans featurings ni ad-libs,0.9179490032313546
sans featurings ni ad-libs,0.9753406759197227
sans featurings ni ad-libs,0.9032769011660858
sans featurings ni ad-libs,0.9514473233011352
sans featurings ni ad-libs,0.9061920633906242
sans featurings ni ad-libs,0.9475121658979301
sans featurings ni ad-libs,0.9303081112282006
sans featurings ni ad-libs,0.9238734399834556
sans featurings ni ad-libs,0.9477395705099382
sans featurings ni ad-libs,0.9364013841384039
sans featurings ni ad-libs,0.9355187269553247
sans featurings ni ad-libs,0.8888797533580647
sans featurings ni ad-libs,0.9183372295524506
sans featurings ni ad-libs,0.94502475790405
sans featurings ni ad-libs,0.9225529832878607
sans featurings ni ad-libs,0.9085146168248796
sans featurings ni ad-libs,0.9482717925015098
sans featurings ni ad-libs,0.9448668745104921
sans featurings ni ad-libs,0.9076966492600979
sans featurings ni ad-libs,0.9603015039086042
sans featurings ni ad-libs,0.9243226456063458
sans featurings ni ad-libs,0.9348608910006552
sans featurings ni ad-libs,0.9074397621763818
sans featurings ni ad-libs,0.90618024133126
sans featurings ni ad-libs,0.9462024225209972
sans featurings ni ad-libs,0.9225735050303506
sans featurings ni ad-libs,0.9203931511762026
sans featurings ni ad-libs,0.9412606444953797
sans featurings ni ad-libs,1.017940491699971
sans featurings ni ad-libs,0.9532487980412879
sans featurings ni ad-libs,0.9657692614747607
sans featurings,0.9769507033087712
sans featurings,0.9462572324134302
sans featurings,0.9778521855534518
sans featurings,0.913345938704464
sans featurings,0.939365347734187
sans featurings,0.9090428778045345
sans featurings,1.0109685421634325
sans featurings,0.9286836935125851
sans featurings,0.941132698327583
sans featurings,0.9459637895865136
sans featurings,0.9242774821295984
sans featurings,0.8982348549130487
sans featurings,0.9901342355245997
sans featurings,0.9809182591778166
sans featurings,0.9129070018870828
sans featurings,0.8909549682683544
sans featurings,0.9450506080700651
sans featurings,0.9930680482123363
sans featurings,0.8995169677653793
sans featurings,0.9673686839258806
sans featurings,0.9329531125067995
sans featurings,0.9437723757557551
sans featurings,0.9740997994022118
sans featurings,0.9013773352307063
sans featurings,0.932820890377899
sans featurings,0.8993537445961522
sans featurings,0.9089603765295828
sans featurings,0.9515675469332397
sans featurings,0.8890457553223399
sans featurings,0.9253600674081118
sans featurings,0.9004889125711135
sans featurings,0.8581326391938189
sans featurings,0.9253507792990397
sans featurings,0.9090494507319087
sans featurings,0.9487133974739032
sans featurings,0.9125492218402633
sans featurings,0.9662888269183629
sans featurings,0.9592619866835947
sans featurings,0.9306182860054312
sans featurings,0.9210326404345647
sans featurings,0.9477617312221149
sans featurings,0.9310789782083012
sans featurings,0.91381838944595
sans featurings,0.9112200070852197
sans featurings,0.881266348619192
sans featurings,0.9052520560172175
sans featurings,0.9089609667493808
sans featurings,0.9416729238437901
sans featurings,0.962967368990539
sans featurings,0.9882642981671093
sans featurings,0.9510190546006122
sans featurings,0.9616617749703807
sans featurings,0.8891287848545535
sans featurings,0.901611480967322
sans featurings,0.9467667450731916
sans featurings,0.8999970909463606
sans featurings,0.9197334393314349
sans featurings,0.969400978752858
sans featurings,0.928763221704537
sans featurings,0.9377362154981934
sans featurings,0.9423706004579466
sans featurings,0.9426075713705367
sans featurings,0.9433993164155445
sans featurings,0.9332636805720851
sans featurings,0.9219811326814631
sans featurings,0.9194927072104992
sans featurings,0.9451417735505658
sans featurings,0.8970291048353523
sans featurings,0.8913891360168669
sans featurings,0.9583065575401221
sans featurings,0.9526745396293886
sans featurings,0.935415236661807
sans featurings,0.9596443267847261
sans featurings,0.9706991893670711
sans featurings,0.9850034834195387
sans featurings,0.9283733746011017
sans featurings,0.9048148324734768
sans featurings,0.9591869988937888
sans featurings,0.9395289316802024
sans featurings,0.9417955307690632
sans featurings,0.963895842970126
sans featurings,0.9650934943053922
sans featurings,0.9527293290187193
sans featurings,0.914270903028743
sans featurings,0.9435782089745812
sans featurings,0.9312292115294221
sans featurings,0.9207532298973365
sans featurings,0.9351087520270677
sans featurings,0.9501717398787497
sans featurings,0.9795647159352585
sans featurings,0.91878459670607
sans featurings,0.9382432682809071
sans featurings,0.8922117599408451
sans featurings,0.9331211791768971
sans featurings,0.9712265865558141
sans featurings,0.9475532405309426
sans featurings,0.9252753497716089
sans featurings,0.9020179711781973
sans featurings,0.939453949475649
sans featurings,1.0009302141984595
sans featurings,0.9624959034284807
sans featurings,0.9235831305971005
sans featurings,0.9039739932872729
sans featurings,0.9857586528765502
sans featurings,0.9382048570415614
sans featurings,0.9861248224663217
sans featurings,0.9033777332253554
sans featurings,0.9357227648786818
sans featurings,0.9381965427782089
sans featurings,0.950757971520595
sans featurings,0.9394958031146802
sans featurings,0.9081625780352824
sans featurings,0.9433908696763503
sans featurings,0.9308291189870257
sans featurings,0.9256843392965783
sans featurings,0.9896735285797086
sans featurings,0.9126541975514864
sans featurings,0.9165967427991686
sans featurings,0.9156282840384251
sans featurings,0.9579738257482553
sans featurings,0.9476809822246245
sans featurings,0.9049554613972602
sans featurings,0.9600201843900438
sans featurings,0.9033095998501457
sans featurings,0.9961808630645319
sans featurings,0.9586809901816684
sans featurings,0.9411766389286456
sans featurings,0.8925748385523524
sans featurings,0.9363222681064114
sans featurings,0.9773782227407496
sans featurings,0.975930200703266
sans featurings,0.9423123917804979
sans featurings,0.9516904651093439
sans featurings,0.9744799278979824
sans featurings,0.9596194114010704
sans featurings,0.9716186709407583
sans featurings,0.9525761789025796
sans featurings,0.9208309671099091
sans featurings,0.9156999440165488
sans featurings,0.935324137018466
sans featurings,0.9887202983001669
sans featurings,0.9718276628872875
sans featurings,0.9592312165531124
sans featurings,0.9409994231881236
sans featurings,0.9292703763697732
sans featurings,0.9446842896570228
sans featurings,0.9414003702069303
sans featurings,0.9446096597011553
sans featurings,0.9792889644256084
sans featurings,1.004552523828121
sans featurings,0.953597440418786
sans featurings,0.9835590978776094
sans featurings,0.9369736259584391
sans featurings,0.8694019686090749
sans featurings,0.9387595570444727
sans featurings,0.9253385148805923
sans featurings,0.9516220446724797
sans featurings,0.8948838183861537
sans featurings,0.9271910536525181
sans featurings,0.9800495807158175
sans featurings,0.9322825837650441
sans featurings,0.9229850572652348
sans featurings,0.9347268676548811
sans featurings,0.9749862676786412
sans featurings,0.9397852424250713
sans featurings,0.9510450225806274
sans featurings,0.911344573396142
sans featurings,0.9199759009603727
sans featurings,0.9121158609445578
sans featurings,0.9331275806508511
sans featurings,0.9353358780436478
sans featurings,0.9417652430868857
sans featurings,0.9313120575327191
sans featurings,0.9441618695033229
sans featurings,1.0048536741874354
sans featurings,0.9431442178601157
sans featurings,0.9630433226363618
sans featurings,0.9436375042051
sans featurings,0.8903895935292184
sans featurings,0.9806321668696659
sans featurings,0.9652336971300599
sans featurings,0.946242133471231
sans featurings,0.9840608224087946
sans featurings,0.9484628708541198
sans featurings,0.897793060407515
sans featurings,0.9036511765133997
sans featurings,0.9271630473405483
sans featurings,0.9499610336549382
sans featurings,0.8954504520681472
sans featurings,0.9943390155539948
sans featurings,0.9266606361886077
sans featurings,0.9079202774110081
sans featurings,0.9066939278925997
sans featurings,0.9613987826597685
sans featurings,0.9464121244840145
sans featurings,0.9475501699027652
sans featurings,0.9132674672063796
sans featurings,0.8814195049196343
sans featurings,0.9675574339341535
sans featurings,0.9327635556606728
sans featurings,0.9573466608304037
sans featurings,0.93308714011679
sans featurings,0.9659200515102402
sans featurings,0.9540773292559802
sans featurings,0.9888886939316256
sans featurings,1.013584253605241
sans featurings,0.9563616080867938
sans featurings,0.9215836107773894
sans featurings,0.9808315924151249
sans featurings,0.9539907340225523
sans featurings,0.9185549919204524
sans featurings,0.9644344437609328
sans featurings,0.9061820520007688
sans featurings,0.9198193759703899
sans featurings,0.9375250367917389
sans featurings,0.9323914045326669
sans featurings,0.9579266814339646
sans featurings,0.9675654042118005
sans featurings,0.9691416079846036
sans featurings,0.9270190511544817
sans featurings,0.947921340758063
sans featurings,0.9600697435616365
sans featurings,0.8849916593106245
sans featurings,0.9714983731116343
sans featurings,0.9205712579487145
sans featurings,0.9429686752098805
sans featurings,0.9254248493599451
sans featurings,0.9498640054729501
sans featurings,0.948903652180143
sans featurings,0.9872904535693781
sans featurings,0.9085730336390084
sans featurings,0.951552193389556
sans featurings,0.8797656346815456
sans featurings,0.9462761517190218
sans featurings,0.9595897120847227
sans featurings,0.9500021124792091
sans featurings,0.9183238984240922
sans featurings,0.9360044077108524
sans featurings,0.9338579607528473
sans featurings,0.9400410883480546
sans featurings,0.9390866882860054
sans featurings,0.9692428670435931
sans featurings,0.9742193722309129
sans featurings,0.9464899098094978
sans featurings,0.9508831656959146
sans featurings,0.9184120651717705
sans featurings,0.9723527225112613
sans featurings,0.898374375594603
sans featurings,0.9040091079677871
sans featurings,0.9526555736788366
sans featurings,0.9212286234647009
sans featurings,0.90653468921397
sans featurings,0.9533829498739769
sans featurings,0.9369157445885951
sans featurings,0.9535887358281803
sans featurings,0.9377467348354364
sans featurings,0.9485413588092213
sans featurings,0.9651204599763943
sans featurings,0.9058366166145981
sans featurings,0.8723800052904679
sans featurings,0.8994197283907317
sans featurings,0.9510252503449285
sans featurings,0.9485704375555277
sans featurings,0.9581653039861838
sans featurings,0.9151542640657014
sans featurings,0.918633997295515
sans featurings,0.9172357900953945
sans featurings,0.9335894611610721
sans featurings,0.9376350335753626
sans featurings,0.9377109988328133
sans featurings,0.9217869379384664
sans featurings,0.963017069499749
sans featurings,1.002222278553208
sans featurings,0.8600287871288318
sans featurings,0.9476542257803131
sans featurings,0.9268818464406885
sans featurings,0.9583075520926889
sans featurings,0.9503925253510038
sans featurings,0.9243225796561544
sans featurings,0.9234432586145715
sans featurings,0.9793044165899052
sans featurings,0.901797552121125
sans featurings,0.9081221139257875
sans featurings,0.9016751663300523
sans featurings,0.9411279494543532
sans featurings,0.9455047513156364
sans featurings,0.9246950071825363
sans featurings,0.8989375590946923
sans featurings,0.9223049763569546
sans featurings,0.9219500631747855
sans featurings,0.9160971843870381
sans featurings,0.942193068051915
sans featurings,0.9364321135720503
sans featurings,0.9381831725532894
sans featurings,0.9466144458502256
sans featurings,0.9359437616584043
sans featurings,0.8980146008154516
sans featurings,0.925474099383844
sans featurings,0.9260866018654929
sans featurings,0.9301189718568221
sans featurings,0.8922074019539576
sans featurings,0.9426679178842116
sans featurings,0.9445756316636893
sans featurings,0.9682656435874666
sans featurings,0.939456017351365
sans featurings,0.8910018063357819
sans featurings,0.954229139752984
sans featurings,0.8886093650494186
sans featurings,0.9162529630300172
sans featurings,0.9441441554508117
sans featurings,0.9733600661646525
sans featurings,0.9322778035018868
sans featurings,0.9441858473978112
sans featurings,0.9213161972289606
sans featurings,0.9350721581730769
sans featurings,0.9529914607980918
sans featurings,0.9219148825766047
sans featurings,0.9368519640223959
sans featurings,0.9143657865384865
sans featurings,0.8912403606801969
sans featurings,0.9480546603115362
sans featurings,0.904211381458588
sans featurings,0.9271331154192243
sans featurings,0.8891072243620622
sans featurings,0.9564503931704732
sans featurings,0.9515061601941657
sans featurings,0.9887537514631046
sans featurings,0.9853145744052948
sans featurings,0.9602217705390448
sans featurings,0.9173481627440929
sans featurings,0.9749685521802931
sans featurings,0.9181596921559491
sans featurings,0.910406651398548
sans featurings,0.9704112843335203
sans featurings,0.9127940598339005
sans featurings,0.8825067542627769
sans featurings,0.8996659093477997
sans featurings,0.9621148166919925
sans featurings,0.8803669824056601
sans featurings,0.9502186023380785
sans featurings,0.949738885608162
sans featurings,0.93613913804617
sans featurings,0.9142622575951609
sans featurings,0.9222607784671311
sans featurings,0.9071466605922491
sans featurings,0.9282689482117015
sans featurings,0.9775847886300404
sans featurings,0.9333267833627708
sans featurings,0.9109387112604839
sans featurings,0.923283278479116
sans featurings,0.9261429922833747
sans featurings,0.925253182873886
sans featurings,0.9227590843249912
sans featurings,0.9803363782600799
sans featurings,0.9104201503079499
sans featurings,0.9683308269543071
sans featurings,0.9123240210018622
sans featurings,0.944227935507047
sans featurings,0.9386240981173922
sans featurings,0.9668629882011515
sans featurings,0.9229246750584922
sans featurings,0.9150597758334823
sans featurings,0.8931140445278464
sans featurings,0.9185330184339718
sans featurings,0.9406456806346271
sans featurings,0.9222117798777918
sans featurings,0.9282780261355097
sans featurings,0.8860075194717604
sans featurings,0.9649401213010717
sans featurings,0.9466984258509765
sans featurings,0.9158800562051341
sans featurings,0.9503831306843288
sans featurings,0.9097262772186155
sans featurings,0.9503837132443105
sans featurings,0.9649736439579681
sans featurings,0.924745993560955
sans featurings,0.9578597935664463
sans featurings,0.9647460523068989
sans featurings,0.9267671406129556
sans featurings,0.9661333482066048
sans featurings,0.9171044269682407
sans featurings,0.908307477063484
sans featurings,0.9565552111162353
sans featurings,0.9148982080078814
sans featurings,0.960894518020956
sans featurings,0.9987628979637054
sans featurings,0.935087249644406
sans featurings,0.9256209483961083
sans featurings,0.9546928039217488
sans featurings,0.9643811429210005
sans featurings,0.970531661654983
sans featurings,0.9886270121642564
sans featurings,0.9495181189282387
sans featurings,0.9173551979866231
sans featurings,0.9526158855136034
sans featurings,0.9298581536103265
sans featurings,0.9379073280266585
sans featurings,0.9179614003428105
sans featurings,0.9021693883988537
sans featurings,0.9348577160737767
sans featurings,1.0051417935783264
sans featurings,0.9299793699957221
sans featurings,0.9468537799669138
sans featurings,0.9021766486704117
sans featurings,1.0004681916193483
sans featurings,0.8947053999205237
sans featurings,0.9386384737617243
sans featurings,0.9378450111932054
sans featurings,0.9208552624128828
sans featurings,0.9305083410619213
sans featurings,0.8682785025238878
sans featurings,0.967753974197803
sans featurings,0.9204503382514183
sans featurings,0.934189862566743
sans featurings,0.9095845796657832
sans featurings,0.9431805225157635
sans featurings,0.9223995522293399
sans featurings,0.9923634221686343
sans featurings,0.9551562559088539
sans featurings,0.9457382752923237
sans featurings,0.933723134370072
sans featurings,0.9131586885062188
sans featurings,0.9438831496522943
sans featurings,0.9493099912883249
sans featurings,0.9156362417511053
sans featurings,0.931844948643918
sans featurings,0.9382242290115432
sans featurings,0.9258256877098662
sans featurings,0.9165374151823776
sans featurings,0.9727664741888791
sans featurings,0.9024641665557304
sans featurings,0.9573093094472622
sans featurings,0.9041603665498794
sans featurings,0.943668024157188
sans featurings,0.9890552610203299
sans featurings,0.9651490979732181
sans featurings,0.9543125109655988
sans featurings,0.9748544649836318
sans featurings,0.9210525825767416
sans featurings,0.8977865297819185
sans featurings,0.8994802071795519
sans featurings,0.8567168864533927
sans featurings,0.9423400258681347
sans featurings,0.9610300446487684
sans featurings,0.9613479658680455
sans featurings,0.9289756581428648
sans featurings,0.9573682907466816
sans featurings,0.911410314381354
sans featurings,0.9750852971066247
sans featurings,1.0065567028225284
sans featurings,0.9066022575590995
sans featurings,0.9513660378299023
sans featurings,0.9905778933892975
sans featurings,0.9113762091929626
sans featurings,0.9334187010729426
sans featurings,0.9568625234661844
sans featurings,0.9544962689453562
sans featurings,0.9239470376961555
sans featurings,0.9691332710882475
sans featurings,0.97285020870571
sans featurings,0.9479768544308893
sans featurings,0.9601439510552553
sans featurings,0.9230149296485256
sans featurings,0.9807759957205564
sans featurings,0.9285324385435078
sans featurings,0.9065903232512975
sans featurings,0.979265264808164
sans featurings,0.9669559687706621
sans featurings,0.9716728658350592
sans featurings,0.9185410196128763
sans featurings,0.9224506051498195
sans featurings,0.9239948052221701
sans featurings,0.9479318085176252
sans featurings,0.9451794659819632
sans featurings,0.9022721285837203
sans featurings,0.9947617658396433
sans featurings,0.902914290463943
sans featurings,0.9505860013531887
sans featurings,0.9459119412781172
sans featurings,0.9884184041806284
sans featurings,0.9760863353296901
sans featurings,0.925289884069793
sans featurings,0.9101791030378948
sans featurings,0.938343419453448
sans featurings,0.9659128561747762
sans featurings,0.9566788620195235
sans featurings,0.9851273062951139
sans featurings,0.9517625103393262
sans featurings,0.9577957136128055
sans featurings,1.003703331607033
sans featurings,0.9682275234455235
sans featurings,0.9945874057835341
sans featurings,0.957673337412182
sans featurings,0.9387985114878803
sans featurings,0.8978513062615708
sans featurings,0.9558387134903981
sans featurings,0.9358884971811965
sans featurings,0.9337314563677135
sans featurings,0.9440813898889495
sans featurings,0.9266157151925531
sans featurings,0.9663013970762071
sans featurings,0.925182881747886
sans featurings,0.9017106192935416
sans featurings,0.9630345938533962
sans featurings,0.9420713776231594
sans featurings,0.9386896579390701
sans featurings,0.9071075137175063
sans featurings,0.93602487142694
sans featurings,0.9543620473518566
sans featurings,0.9290457569334003
sans featurings,0.9970902276469773
sans featurings,0.9744411824038457
sans featurings,0.9903903913212307
sans featurings,0.9326773953086109
sans featurings,0.9663741823692161
sans featurings,0.9211063149257005
sans featurings,0.9410326031997669
sans featurings,0.9329930230621811
sans featurings,0.9698219741178812
sans featurings,0.9884545512658909
sans featurings,0.9651864556738445
sans featurings,0.8775966474614327
sans featurings,0.9340736016007508
sans featurings,0.9787622083089874
sans featurings,0.927217376586136
sans featurings,0.9302545887824697
sans featurings,0.9314777607667121
sans featurings,0.9522784113729804
sans featurings,0.9409195796642759
sans featurings,0.9148740872001976
sans featurings,0.9409662878287679
sans featurings,0.9425843430634117
sans featurings,0.9047426388998385
sans featurings,0.9791608552410002
sans featurings,0.933043733390731
sans featurings,0.958085142069262
sans featurings,0.9725700247187148
sans featurings,0.961419413179917
sans featurings,0.9407852945294088
sans featurings,0.9550782005415374
sans featurings,1.0157625437267817
sans featurings,0.9300156087894602
sans featurings,0.9626333731286829
sans featurings,0.959069750351957
sans featurings,0.9309665391896292
sans featurings,0.9732616735313714
sans featurings,0.9502100473862605
sans featurings,0.9395520076978546
sans featurings,0.9578811807704096
sans featurings,0.9532974924734331
sans featurings,0.9465018027625702
sans featurings,0.9389247312859663
sans featurings,0.9361805587995481
sans featurings,0.9542399516580369
sans featurings,0.9325545645561198
sans featurings,0.952487778636275
sans featurings,0.8871441605747243
sans featurings,0.9058154586406597
sans featurings,0.9671412040572095
sans featurings,0.9435803922694409
sans featurings,0.9547653507387596
sans featurings,0.9564672826782843
sans featurings,0.9085792560153926
sans featurings,0.9319847099463925
sans featurings,0.991714034477947
sans featurings,0.9125090124786017
sans featurings,0.9239122016753439
sans featurings,0.9730425919145941
sans featurings,0.9322010351513738
sans featurings,0.9814454291402047
sans featurings,0.906639647416464
sans featurings,0.9772818348331489
sans featurings,0.9290703704007703
sans featurings,0.9148209662463666
sans featurings,0.9682333838359857
sans featurings,0.9240840820812065
sans featurings,0.9180421069979556
sans featurings,0.9569036911525541
sans featurings,0.9894290757277636
sans featurings,0.9409299350753995
sans featurings,0.9207700755247047
sans featurings,0.9367203516364959
sans featurings,0.8784478455738356
sans featurings,0.951372950691113
sans featurings,0.9284084174097474
sans featurings,0.9757395446900411
sans featurings,0.9115722654585175
sans featurings,0.9309451596788847
sans featurings,1.0059153514425838
sans featurings,0.9754036826771287
sans featurings,0.934249845156776
sans featurings,0.9396057631264727
sans featurings,0.9344914015283341
sans featurings,0.9775669918565009
sans featurings,0.9148988783318156
sans featurings,0.9500295323872594
sans featurings,0.9646123106402119
sans featurings,0.9190973198789709
sans featurings,0.9413452465024021
sans featurings,0.9670700932720403
sans featurings,0.9592838580760464
sans featurings,0.9474040665374913
sans featurings,0.9457477006861188
sans featurings,1.0131782742894624
sans featurings,0.9126217265427703
sans featurings,0.9253823988675244
sans featurings,0.9162521447563658
sans featurings,0.9690565229217053
sans featurings,0.9077689017833976
sans featurings,0.8782626484234536
sans featurings,1.0099262939328113
sans featurings,0.9733727528970119
sans featurings,0.8594610604754019
sans featurings,0.986599163021526
sans featurings,0.9256272924890576
sans featurings,0.9391336223299755
sans featurings,0.9735643827761736
sans featurings,0.9441928537221327
sans featurings,0.9072418399895709
sans featurings,0.9436417506471875
sans featurings,0.9636129972561713
sans featurings,0.9042911615621962
sans featurings,0.9738759399297643
sans featurings,0.9221456168186525
sans featurings,0.9294189088428517
sans featurings,0.9026760120000065
sans featurings,0.8868215982171929
sans featurings,0.9344973378783685
sans featurings,0.9719240772614189
sans featurings,0.9424974786892917
sans featurings,0.9338872841190187
sans featurings,0.9468635445332225
sans featurings,0.9656001369665743
sans featurings,0.924387371931082
sans featurings,1.0037618115112383
sans featurings,0.9022403596251195
sans featurings,0.9865081323870171
sans featurings,0.9304293610289495
sans featurings,0.9001734508183035
sans featurings,0.9185698772909663
sans featurings,0.938265048988856
sans featurings,0.9215841133971552
sans featurings,0.9230978594232452
sans featurings,0.9306051932418893
sans featurings,0.9809513393086275
sans featurings,0.9687083977519492
sans featurings,0.9574156222358964
sans featurings,0.9545469795104307
sans featurings,0.9605593263394991
sans featurings,0.9056183014199386
sans featurings,0.9315523800704381
sans featurings,0.8932709541747024
sans featurings,0.9016211280914374
sans featurings,1.0165186631123888
sans featurings,0.916495662270616
sans featurings,0.9332574554586047
sans featurings,0.9417092247025751
sans featurings,0.9797354825169974
sans featurings,0.9343805726196592
sans featurings,0.926763980256671
sans featurings,0.9409264717387388
sans featurings,0.9377885530019855
sans featurings,0.9615029118824614
sans featurings,0.9554810493128933
sans featurings,0.9407376062352923
sans featurings,0.8809572383503547
sans featurings,0.9395152660876813
sans featurings,0.9341274281181775
sans featurings,0.9360864348243458
sans featurings,0.940277947990813
sans featurings,0.9151604364555928
sans featurings,0.9307245502972864
sans featurings,1.0042719694659072
sans featurings,0.9416992205740345
sans featurings,0.9215893324826083
sans featurings,0.9498455815119359
sans featurings,0.9256140337868254
sans featurings,0.9203491473002979
sans featurings,0.9139800707441852
sans featurings,0.9499692453460757
sans featurings,0.9327853378088078
sans featurings,0.895300061882831
sans featurings,0.9336640906402979
sans featurings,0.9518497036741624
sans featurings,0.9739221430390225
sans featurings,0.974467682824452
sans featurings,0.9414436246022007
sans featurings,0.9165231957577294
sans featurings,0.9295278722176255
sans featurings,0.946850884473318
sans featurings,0.9788085601095796
sans featurings,0.9523677750357278
sans featurings,0.9356340245674295
sans featurings,0.9496697258797936
sans featurings,0.921737350716521
sans featurings,0.9702889345486033
sans featurings,0.9232213968636543
sans featurings,0.9781975415711592
sans featurings,0.9396963687143909
sans featurings,0.9096738678261845
sans featurings,0.9045193996595874
sans featurings,0.9260368343330057
sans featurings,0.9450480703825906
sans featurings,0.9529333448010892
sans featurings,0.9081268555362703
sans featurings,0.91472035256176
sans featurings,0.9736270817709726
sans featurings,0.9498263856424323
sans featurings,0.9707686425877985
sans featurings,0.9538222513791883
sans featurings,0.9080247754549364
sans featurings,0.9452972212939575
sans featurings,0.9424358867585777
sans featurings,0.9290335841277698
sans featurings,0.9366911319784113
sans featurings,0.9235860368091633
sans featurings,0.9446389776191805
sans featurings,0.947716936827028
sans featurings,0.9606945211266437
sans featurings,0.9157078552039791
sans featurings,0.8688845827617012
sans featurings,0.9596462850808517
sans featurings,0.979686237793795
sans featurings,0.9353647444290268
sans featurings,0.9481349323726173
sans featurings,0.9525810278189085
sans featurings,0.9595559258397757
sans featurings,0.8994693693885482
sans featurings,0.9073581757342538
sans featurings,0.9475227652782889
sans featurings,0.9357024505148384
sans featurings,0.9063758834405636
sans featurings,1.0143292301280074
sans featurings,0.9322457274172947
sans featurings,0.9382204911897326
sans featurings,0.9129481299425423
sans featurings,0.9707778156509103
sans featurings,0.9391409820730118
sans featurings,0.9716768836410825
sans featurings,0.9329073101120942
sans featurings,0.9299567433768483
sans featurings,0.9131789345571224
sans featurings,0.9540336906456788
sans featurings,0.9274967400017116
sans featurings,0.9581177614908098
sans featurings,0.912507857637624
sans featurings,0.9111345022568713
sans featurings,0.959101030233923
sans featurings,0.9334261866386058
sans featurings,0.9027540734434101
sans featurings,0.9026305802162241
sans featurings,0.9870539729874505
sans featurings,0.9877976661927176
sans featurings,0.9517333328203859
sans featurings,0.9353515063482438
sans featurings,0.9248794323476385
sans featurings,0.9334381307156956
sans featurings,0.9347681887571136
sans featurings,0.9390321519225113
sans featurings,0.9446859585052128
sans featurings,0.9484072281444091
sans featurings,0.9620530598040397
sans featurings,0.8631140437596416
sans featurings,0.9792964745502022
sans featurings,0.9850088315848259
sans featurings,0.9124151853669881
sans featurings,0.9372404735033495
sans featurings,0.8863149087160613
sans featurings,0.9102963804862553
sans featurings,0.922369137758843
sans featurings,0.9181324879202605
sans featurings,0.938394985961248
sans featurings,0.9029898497612519
sans featurings,0.9432529368965439
sans featurings,0.9448225752038496
sans featurings,0.876635095524342
sans featurings,0.9366477049126188
sans featurings,0.9570100610516092
sans featurings,0.9413370990837027
sans featurings,0.9112943410736231
sans featurings,0.937125222181152
sans featurings,0.8931980158057408
sans featurings,0.923471707738419
sans featurings,0.9509407401186154
sans featurings,0.9432191417716624
sans featurings,0.9457233976424634
sans featurings,0.9654397855337894
sans featurings,0.8979949724695154
sans featurings,1.001334083821904
sans featurings,0.9725836570047063
sans featurings,0.881237553851724
sans featurings,0.9374418385245167
sans featurings,0.8761727691458322
sans featurings,0.9322842313148049
sans featurings,0.9527594734296372
sans featurings,0.9203453933993362
sans featurings,0.9198815310126488
sans featurings,0.9139800707441852
sans featurings,0.9412041424753084
sans featurings,0.9239070428839815
sans featurings,0.9748778355652401
sans featurings,0.9289087632795373
sans featurings,0.9288723906515102
sans featurings,0.8922263906341591
sans featurings,0.9229954624185659
sans featurings,0.91332774002836
sans featurings,0.9197763761757776
sans featurings,0.8969983234498479
sans featurings,0.9100170192255262
sans featurings,0.9169997167401537
sans featurings,0.9123542020459816
sans featurings,0.9299237140738387
sans featurings,0.936265966029511
sans featurings,0.910405855945636
sans featurings,0.9064528227942055
sans featurings,0.962355556475782
sans featurings,0.9524056657516348
sans featurings,0.9610355690011929
sans featurings,0.938357267248348
sans featurings,0.8894537071787414
sans featurings,0.9225251036417954
sans featurings,0.9120519662491958
sans featurings,0.8697875186971034
sans featurings,0.9562309796148821
sans featurings,0.9028149327149935
sans featurings,0.9781163615218991
sans featurings,0.8734100980306168
sans featurings,0.9484550315316891
sans featurings,0.9647282480838064
sans featurings,0.9476743242718955
sans featurings,0.9299656049764601
sans featurings,0.9331263207501842
sans featurings,0.956443245086228
sans featurings,0.9557346336216719
sans featurings,0.9308831205665024
sans featurings,0.9597109064937102
sans featurings,0.9141268899025767
sans featurings,0.9481790239677206
sans featurings,0.943120010891416
sans featurings,0.9297844350265534
sans featurings,0.9297482237033915
sans featurings,0.9140638916995312
sans featurings,0.8959978250849343
sans featurings,0.9251217167018968
sans featurings,0.9514242573187061
sans featurings,0.9644267753594472
sans featurings,0.9633225998050733
sans featurings,0.9476972862582566
sans featurings,0.9938753827919434
sans featurings,0.9476972862582566
sans featurings,0.964378479337272
sans featurings,0.9504198485275832
sans featurings,0.9849864519776297
sans featurings,0.9161242179247155
sans featurings,0.9794114900769004
sans featurings,0.9507568543598751
sans featurings,0.9145691680387719
sans featurings,0.944282964924172
sans featurings,0.9245536281204892
sans featurings,0.927083937929611
sans featurings,0.918840710481305
sans featurings,0.9041375967086892
sans featurings,0.915902252056278
sans featurings,0.9408371704304335
sans featurings,0.9557303873201962
sans featurings,0.9895365156943094
sans featurings,0.8968688851736886
sans featurings,0.902077556636969
sans featurings,0.973205105633908
sans featurings,0.9480212049172289
sans featurings,0.9203794905551472
sans featurings,0.9349888662325019
sans featurings,0.9474543193571473
sans featurings,0.9183155819460009
sans featurings,0.9428617140516504
sans featurings,0.9054766327605123
sans featurings,0.9655983742340067
sans featurings,0.9488059786554817
sans featurings,0.9967956482737192
sans featurings,0.9366340265398531
sans featurings,0.9352955958086837
sans featurings,0.9414048806718623
sans featurings,0.9441333627365504
sans featurings,0.938864006249436
sans featurings,0.9605545908488377
sans featurings,0.9222334085778042
sans featurings,0.9195203623084378
sans featurings,0.8992544155658677
sans featurings,0.941072231049713
sans featurings,0.9712467354460922
sans featurings,0.9011344929287924
sans featurings,0.9249568218371146
sans featurings,0.9687574642525566
sans featurings,0.9560768570835929
sans featurings,0.9717651983820738
sans featurings,0.9457817716042701
sans featurings,0.8986835043728678
sans featurings,0.9457283632494198
sans featurings,0.9212786451063136
sans featurings,0.9380326420841552
sans featurings,0.9353666973535397
sans featurings,0.9767757275513484
sans featurings,0.9450162620872482
sans featurings,0.9787994169938524
sans featurings,0.93556617054238
sans featurings,0.9020967434269381
sans featurings,0.9459821501452759
sans featurings,0.9753680452609059
sans featurings,0.9240680507058786
sans featurings,0.9310819764140633
sans featurings,0.8968723496821334
sans featurings,0.9124230883378811
sans featurings,0.9894265169763784
sans featurings,0.9031210572810955
sans featurings,0.9261609426714621
sans featurings,0.9046084927670868
sans featurings,0.9336649885189989
sans featurings,0.9429381904621419
sans featurings,0.9299988653356365
sans featurings,0.9035583798744153
sans featurings,0.9558393759393646
sans featurings,0.9960403767165953
sans featurings,0.9721654988431606
sans featurings,0.9863854923417441
sans featurings,0.9354659409413096
sans featurings,0.9513620220892303
sans featurings,0.9067682741470992
sans featurings,0.9084818056944182
sans featurings,0.9657836973374397
sans featurings,0.8926037275726073
sans featurings,0.9337153615631082
sans featurings,0.9277080109765075
sans featurings,0.9603264636754848
sans featurings,0.9643940262203926
sans featurings,0.9287984944008294
sans featurings,0.9152793649880933
sans featurings,0.9330056799756546
sans featurings,0.9260862321367255
sans featurings,0.8924857368582358
sans featurings,0.9404755369455805
sans featurings,0.9269202586626422
sans featurings,0.9779273049485158
sans featurings,0.93193865248787
sans featurings,0.9664818682443639
sans featurings,0.9238304993460947
sans featurings,0.9259054480384826
sans featurings,0.942912638174891
sans featurings,0.9082791671776396
sans featurings,0.9664048495492458
sans featurings,0.947682790060124
sans featurings,0.9274093638481236
sans featurings,0.9171701980458287
sans featurings,0.9055846741930174
sans featurings,0.8920881189146849
sans featurings,0.930988854907075
sans featurings,0.9491581087118799
sans featurings,0.9406622807379835
sans featurings,0.9005676560044895
sans featurings,0.9629195089602542
sans featurings,1.0016440875367274
sans featurings,0.9579880254285348
sans featurings,0.9218896496236235
sans featurings,0.8832580136492687
sans featurings,0.9130418124397769
sans featurings,0.9698051412701899
sans featurings,0.9302482016030246
sans featurings,0.9764578464602646
sans featurings,0.9315829386211287
sans featurings,0.9712635987752137
sans featurings,0.9287313868121164
sans featurings,0.947160452626574
sans featurings,0.9211736229445888
sans featurings,0.9349917363368883
sans featurings,0.9455696675060787
sans featurings,0.9278636369533962
sans featurings,0.9258869649305242
sans featurings,0.9741329085366042
sans featurings,0.9153174223817074
sans featurings,0.97401136171099
sans featurings,0.9540885583628258
sans featurings,0.9507958916039965
sans featurings,0.8996753589520247
sans featurings,0.9625373275698806
sans featurings,0.9338780965435961
sans featurings,0.9536843631570501
sans featurings,0.9127608761875068
sans featurings,0.9045534090504852
sans featurings,0.9275569072230108
sans featurings,0.9351601249986482
sans featurings,0.994519236525005
sans featurings,0.9454883637768671
sans featurings,0.9181943871285047
sans featurings,0.9464621672445774
sans featurings,0.8792559166732828
sans featurings,0.9322167834768094
sans featurings,0.9503064155017202
sans featurings,0.8754503046104392
sans featurings,0.9218045000251623
sans featurings,0.9567794643065065
sans featurings,1.0142043794145505
sans featurings,0.993641929083731
sans featurings,0.9556902510022655
sans featurings,0.9133754788238069
sans featurings,0.9037628383566247
sans featurings,0.8928094905802484
sans featurings,0.9518722982976187
sans featurings,0.9062598389249242
sans featurings,0.9237030700772542
sans featurings,0.9010484926286941
sans featurings,0.9467776724200203
sans featurings,0.943634996317807
sans featurings,0.9460440595672406
sans featurings,0.9498388081694392
sans featurings,0.9785430472075911
sans featurings,0.9269374067157455
sans featurings,0.9155215141824262
sans featurings,0.9310900648342302
sans featurings,0.9470294563456695
sans featurings,0.9146252648186701
sans featurings,0.9551786707843684
sans featurings,0.9226192648419203
sans featurings,0.9311886472041155
sans featurings,0.9260981077350001
sans featurings,0.9485744483607689
sans featurings,0.9534601359619809
sans featurings,0.9754818362560035
sans featurings,0.9284563558413134
sans featurings,0.9566003693552299
sans featurings,0.9526135808035517
sans featurings,0.9079019267349971
sans featurings,0.9020524466993638
sans featurings,0.9352406006259032
sans featurings,0.9105990474703495
sans featurings,0.9634226988550364
sans featurings,0.9291362186387353
sans featurings,0.9183823154484618
sans featurings,0.9937708825351007
sans featurings,0.9719804413878594
sans featurings,0.875091595816401
sans featurings,0.897787498660236
sans featurings,0.9225087737564353
sans featurings,0.94838586731475
sans featurings,0.93231760350312
sans featurings,0.9101929356528896
sans featurings,0.9449320071437144
sans featurings,0.8807752220643128
sans featurings,0.915380162601396
sans featurings,0.9250942622404352
sans featurings,0.9161971933906194
sans featurings,0.9762746113882829
sans featurings,0.9110030289885487
sans featurings,0.9740644815590571
sans featurings,0.9381488081881751
sans featurings,0.9130858796062344
sans featurings,0.9094963181310578
sans featurings,0.9119383224939293
sans featurings,0.952045673549849
sans featurings,0.916587275865287
sans featurings,0.9132124812292445
sans featurings,0.9737541466601572
sans featurings,0.9895102711117247
sans featurings,0.9266798193604877
sans featurings,0.955000397792151
sans featurings,0.9673797565087783
sans featurings,0.975840612268898
sans featurings,0.9362488251631669
sans featurings,0.9520292550634707
sans featurings,0.9511273896422784
sans featurings,0.9540447457172645
sans featurings,0.9634968169188523
sans featurings,0.9464616475565029
sans featurings,0.959523866371761
sans featurings,0.9035634912657596
sans featurings,0.9293559375309245
sans featurings,0.9914612766149972
sans featurings,0.953758337475181
sans featurings,0.9452693243970911
sans featurings,0.9538552267331427
sans featurings,0.9425833136073862
sans featurings,0.9105386863518827
sans featurings,0.9475099876009364
sans featurings,0.9643469040141677
sans featurings,0.9267945614726285
sans featurings,0.9125240104497412
sans featurings,0.9023886447270153
sans featurings,0.9336803744267834
sans featurings,0.903170902852455
sans featurings,0.9132045343894017
sans featurings,0.9531741124899283
sans featurings,0.9531449913384673
sans featurings,0.9291999715615312
sans featurings,0.9571339234824973
sans featurings,0.9114486862774824
sans featurings,0.9083679615102708
sans featurings,0.9160294440691324
sans featurings,0.9872677615066537
sans featurings,0.8990543017196511
sans featurings,0.9228412868857924
sans featurings,0.9198484268321447
sans featurings,0.9412903311384588
sans featurings,0.8934893125001742
sans featurings,0.933043502628496
sans featurings,0.9795850700736359
sans featurings,0.9465905541219206
sans featurings,0.9549754173356784
sans featurings,0.9510179544195722
sans featurings,0.9482807922273933
sans featurings,0.9353358780436478
sans featurings,0.8809441096500695
sans featurings,0.9554714377836713
sans featurings,0.9579342200984318
sans featurings,0.949100311491502
sans featurings,0.9094559528608493
sans featurings,0.9647449058951286
sans featurings,0.9313871858506628
sans featurings,0.8897753595217116
sans featurings,0.9631110168998603
sans featurings,0.8800039161535005
sans featurings,0.9184062455954141
sans featurings,0.9150341010085238
sans featurings,0.9094020281773642
sans featurings,0.938239459863583
sans featurings,0.9075392084584295
sans featurings,0.9047261216884739
sans featurings,0.951091908829751
sans featurings,0.9327430359191736
sans featurings,0.9421946915582292
sans featurings,0.9520495114067116
sans featurings,0.9577427911307793
sans featurings,0.9009274902746772
sans featurings,0.8950483456741617
sans featurings,0.8942983130990443
sans featurings,0.9448890288046415
sans featurings,0.9470175007293863
sans featurings,0.9374178076955533
sans featurings,0.9392514277452206
sans featurings,0.8937464644504431
sans featurings,0.9631977405906238
sans featurings,0.9744371028265716
sans featurings,0.8739249541359156
sans featurings,0.9731036992581624
sans featurings,0.9397806015693565
sans featurings,0.9184931805996296
sans featurings,0.9746905068770101
sans featurings,0.9483205909160912
sans featurings,0.9661692392280061
sans featurings,0.902176819688361
sans featurings,0.92641578422759
sans featurings,0.8775761847534879
sans featurings,0.9381697975971832
sans featurings,0.9275884593157886
sans featurings,0.9398188956159392
sans featurings,0.8913500758774527
sans featurings,0.9459034318655583
sans featurings,0.9145548401245076
sans featurings,0.9529095908390224
sans featurings,0.9242318717760145
sans featurings,0.8919884738935568
sans featurings,0.950151515289654
sans featurings,0.9654534359577925
sans featurings,0.9695521736684607
sans featurings,0.9647267019452924
sans featurings,0.8808159621548532
sans featurings,0.9435425568282204
sans featurings,0.9370358743109408
sans featurings,0.9200390690156267
sans featurings,0.9145701278808047
sans featurings,0.9059142072899973
sans featurings,0.9144769724753022
sans featurings,0.9171841400232243
sans featurings,0.9794903879849727
sans featurings,0.8963520500924586
sans featurings,0.9134635224513201
sans featurings,0.9317665872144759
sans featurings,0.9609019991143717
sans featurings,0.9469491741512958
sans featurings,0.9153743261176651
sans featurings,0.8948253690257668
sans featurings,0.9194607213199728
sans featurings,0.9595253525118661
sans featurings,0.984325793718658
sans featurings,0.9335881052350066
sans featurings,1.0008826009630198
sans featurings,0.9251847988257236
sans featurings,0.9081798225988855
sans featurings,0.9558707828219237
sans featurings,0.9096636805823745
sans featurings,0.9501032361546878
sans featurings,0.8923108766700062
sans featurings,0.9376350306896666
sans featurings,0.9405680939434183
sans featurings,0.8835111727717311
sans featurings,0.941776968586915
sans featurings,0.9779822155411202
sans featurings,0.9726455447957135
sans featurings,0.9388833853199197
sans featurings,0.888534832042856
sans featurings,0.9697398860942444
sans featurings,0.9502139739414368
sans featurings,0.9301039015173094
sans featurings,0.9534599780532614
sans featurings,0.9765421607863467
sans featurings,0.8803657242849375
sans featurings,0.9741333596848678
sans featurings,0.9087502570977855
sans featurings,0.9243823151115923
sans featurings,0.9524358129785392
sans featurings,0.9640007415687006
sans featurings,0.9452714017469479
sans featurings,0.9132090314054818
sans featurings,0.9787114576677386
sans featurings,0.9180831097831708
sans featurings,0.9600690317511503
sans featurings,0.9720674128266676
sans featurings,0.9825937206029358
sans featurings,0.9340003383740529
sans featurings,0.9326849112212546
sans featurings,0.974236427298253
sans featurings,0.9249381650898301
sans featurings,0.9720170820247782
sans featurings,0.990510766573258
sans featurings,0.9327277137514304
sans featurings,0.9238008701813569
sans featurings,0.9630832166338498
sans featurings,0.9285292468136305
sans featurings,0.8625524285374252
sans featurings,0.8803424198002818
sans featurings,0.9029707637284856
sans featurings,0.971174280871899
sans featurings,0.9694073376610574
sans featurings,0.9548684352071538
sans featurings,0.9564872771543758
sans featurings,0.9424103682280945
sans featurings,0.9317476103703654
sans featurings,0.8925857471251168
sans featurings,0.9279761140873205
sans featurings,0.9058716357759276
sans featurings,0.8968303544913993
sans featurings,0.9638938800834523
sans featurings,0.9009163421471034
sans featurings,0.8616659402921001
sans featurings,0.9548880311510552
sans featurings,0.9618865027394243
sans featurings,0.9283410865354755
sans featurings,0.9271974254235176
sans featurings,0.9234043885775092
sans featurings,0.9211497140239336
sans featurings,0.9296733784410725
sans featurings,0.9530451724389982
sans featurings,0.9118248454385524
sans featurings,0.9319334483119527
sans featurings,0.8875179181853109
sans featurings,0.9527111959694682
sans featurings,0.9471795700201769
sans featurings,0.9301731483288206
sans featurings,0.8954725179522212
sans featurings,0.9346324121669648
sans featurings,0.9574251153541271
sans featurings,0.9533983123900787
sans featurings,0.9331074031473703
sans featurings,0.9228535230006438
sans featurings,0.9068628131052091
sans featurings,1.0252768711479274
sans featurings,0.9397852424250713
sans featurings,0.931055050318635
sans featurings,0.9115606064454179
sans featurings,0.9355238226870765
sans featurings,0.9266203796345511
sans featurings,0.9535163677288618
sans featurings,0.9480586370158276
sans featurings,0.887132384782032
sans featurings,0.9450386107500152
sans featurings,0.9728833702370078
sans featurings,0.9517902654963418
sans featurings,0.8820285442301382
sans featurings,0.9362070545531658
sans featurings,0.9167389460949549
sans featurings,0.9431020690155133
sans featurings,0.8951689988638352
sans featurings,0.9762347276229799
sans featurings,0.9487309785524449
sans featurings,0.9642066700789047
sans featurings,0.9550284236467022
sans featurings,0.9350736156779901
sans featurings,0.9586261174876645
sans featurings,0.9384475509667393
sans featurings,0.9447475453114216
sans featurings,0.8928384396880382
sans featurings,0.9151249374768666
sans featurings,0.9497310922175464
sans featurings,0.9068153787381346
sans featurings,0.9607080589546184
sans featurings,0.9606822412444483
sans featurings,1.013630677980077
sans featurings,0.8792372495146403
sans featurings,0.9050215323324793
sans featurings,0.9410832772692826
sans featurings,0.961121762094209
sans featurings,0.9103596593764575
sans featurings,0.9704231025760851
sans featurings,0.9606308068935445
sans featurings,0.9567642910874594
sans featurings,0.9625527362624318
sans featurings,0.9286629481304688
sans featurings,0.9648640432361482
sans featurings,0.9359101970734993
sans featurings,0.9517481992308149
sans featurings,0.9425165706198826
sans featurings,0.8829418765048851
sans featurings,0.9510088126403453
sans featurings,0.9049737876489579
sans featurings,0.9276800631063444
sans featurings,0.9889728987419778
sans featurings,0.9495051116541775
sans featurings,0.9203263636799867
sans featurings,0.946838595105441
sans featurings,0.9140554233751745
sans featurings,0.9399786840961802
sans featurings,0.9208395286404792
sans featurings,0.8808649227544417
sans featurings,0.9248064832780811
sans featurings,0.9945130856669819
sans featurings,0.9185205319647418
sans featurings,0.9611618257985917
sans featurings,0.9594576449727942
sans featurings,0.9438720632613249
sans featurings,0.8900830935810488
sans featurings,0.9609431477675114
sans featurings,0.9249340231563974
sans featurings,0.9535357822478101
sans featurings,0.9528879988186152
sans featurings,0.9009530432246787
sans featurings,0.8738101462844223
sans featurings,0.9203886238939116
sans featurings,0.9536595260563409
sans featurings,0.9228679531584187
sans featurings,0.95241396155937
sans featurings,0.9442339853110446
sans featurings,0.9733223544872561
sans featurings,0.9180084743728004
sans featurings,0.9160866222236743
sans featurings,0.9429494190838643
sans featurings,0.9429034610635185
sans featurings,0.9475526195959546
sans featurings,0.8887036663440905
sans featurings,0.8623616456043204
sans featurings,0.9256576685343452
sans featurings,0.9726688451931321
sans featurings,1.032197701219747
sans featurings,0.8961882465533484
sans featurings,0.9391894544392535
sans featurings,0.9234940085092754
sans featurings,0.9748247976515129
sans featurings,0.9422248598965822
sans featurings,0.8977069341698196
sans featurings,0.9395884446258863
sans featurings,0.9281807863679974
sans featurings,0.9242774821295984
sans featurings,0.959448553773011
sans featurings,0.9215109909452346
sans featurings,0.9366508624478296
sans featurings,0.9283578626710774
sans featurings,0.9357524630029025
sans featurings,0.9542830479309417
sans featurings,0.9563018888774323
sans featurings,0.9407803094661629
sans featurings,0.9120354467970102
sans featurings,0.9210777038753979
sans featurings,0.9461844242981807
sans featurings,0.9350968531569964
sans featurings,0.9299961353322674
sans featurings,0.9154482239301246
sans featurings,0.9569733144832551
sans featurings,0.9663773193164829
sans featurings,0.9020673620076699
sans featurings,0.9535893714211662
sans featurings,0.9542396057559728
sans featurings,0.9534952406379968
sans featurings,0.9082425712376592
sans featurings,1.002011640805998
sans featurings,0.9308059903312587
sans featurings,0.8827173185816077
sans featurings,0.9525336457836878
sans featurings,0.9839784359280023
sans featurings,0.9296527681107357
sans featurings,0.9587441392132168
sans featurings,0.952803904660925
sans featurings,0.8987695295712669
sans featurings,0.943545808882497
sans featurings,0.9116729107507419
sans featurings,0.9464050813409952
sans featurings,0.9412925970948873
sans featurings,0.8841943206422157
sans featurings,0.9617036093832447
sans featurings,0.9552472076192007
sans featurings,0.942819975373454
sans featurings,0.9547766799366948
sans featurings,0.9327784734638543
sans featurings,0.9269099121869804
sans featurings,0.9474074694766101
sans featurings,0.9466633201920672
sans featurings,0.8868764512363049
sans featurings,0.9186016120251727
sans featurings,0.9135477641893266
sans featurings,0.9079509827651147
sans featurings,0.9175104553774625
sans featurings,0.9621550875422236
sans featurings,0.9628998941507052
sans featurings,0.9224921511335495
sans featurings,0.9602526352494082
sans featurings,0.9248903958669471
sans featurings,0.929656221847802
sans featurings,0.9634994492800891
sans featurings,1.0004419641871913
sans featurings,0.9540549462678868
sans featurings,0.9444965787348731
sans featurings,0.9359644006283109
sans featurings,0.924763819501033
sans featurings,0.9293778123947338
sans featurings,0.9627096635071997
sans featurings,0.9319133890844725
sans featurings,0.9426510820993079
sans featurings,0.9435850702290282
sans featurings,0.9354267469968321
sans featurings,0.9101048481247415
sans featurings,0.9162346259735585
sans featurings,0.9052508427017781
sans featurings,0.9104058734214089
sans featurings,0.9327888847143859
sans featurings,0.9318177444519358
sans featurings,0.9161481640921492
sans featurings,0.9533444583340951
sans featurings,0.975193142243658
sans featurings,0.9679667376479889
sans featurings,0.9036947369523759
sans featurings,0.981532630187284
sans featurings,0.9809642979463657
sans featurings,0.8784342513087835
sans featurings,0.9607866404455647
sans featurings,0.9166393827952162
sans featurings,0.9522236373595183
sans featurings,0.9351285429488518
sans featurings,0.9162143881108922
sans featurings,0.9687247503702738
sans featurings,0.9837129736035543
sans featurings,0.9015316852458855
sans featurings,0.9388918554156015
sans featurings,0.892472982346373
sans featurings,0.9549574171542425
sans featurings,0.9021025095120908
sans featurings,0.988693739681322
sans featurings,0.9151173631334456
sans featurings,0.9304365886782974
sans featurings,1.000690648868692
sans featurings,0.9429236863629584
sans featurings,0.9083508345965815
sans featurings,0.9643676448947557
sans featurings,0.9460392957638425
sans featurings,0.9540845502659084
sans featurings,0.9381094597049298
sans featurings,0.9401840966648088
sans featurings,0.9029800539258747
sans featurings,0.9179344432241823
sans featurings,0.9949667136839597
sans featurings,0.9633785953710613
sans featurings,0.8818506914699318
sans featurings,0.9062568233605615
sans featurings,0.9696389766831932
sans featurings,0.9288428096717343
sans featurings,0.8990787443779575
sans featurings,0.9266613266602247
sans featurings,0.926056757597705
sans featurings,0.9565358242203843
sans featurings,0.9301052505602747
sans featurings,0.9254074306348004
sans featurings,0.8949211447791151
sans featurings,0.9280740966463701
sans featurings,0.9571763909435365
sans featurings,0.9847342049183487
sans featurings,0.9040452165732364
sans featurings,0.9512440911969761
sans featurings,0.9583146956427516
sans featurings,0.9728434770132041
sans featurings,0.9107186991144554
sans featurings,0.9555387774871225
sans featurings,0.8935012274129814
sans featurings,0.9409023236508811
sans featurings,0.9434771556488285
sans featurings,0.9567095606828461
sans featurings,0.9227956181828487
sans featurings,0.9318116707727262
sans featurings,0.8840324422855723
sans featurings,0.8933227278688535
sans featurings,0.8916202300395341
sans featurings,0.9220226997558716
sans featurings,0.9190813562560145
sans featurings,0.9616991140333209
sans featurings,0.9162815475160938
sans featurings,0.956993167639393
sans featurings,0.9479501906677539
sans featurings,0.9419257584278551
sans featurings,0.9054582932721338
sans featurings,0.8811348698877128
sans featurings,0.9156908560844007
sans featurings,0.9370178357203136
sans featurings,0.8944504180735737
sans featurings,0.8999505727555094
sans featurings,0.9238774027506049
sans featurings,0.9257497279273981
sans featurings,0.8710500833199876
sans featurings,0.9287038720349462
sans featurings,0.8567618651910567
sans featurings,0.9133498985072583
sans featurings,0.9503854373039541
sans featurings,0.9352027678713637
sans featurings,0.9630683065856483
sans featurings,0.8918872675127003
sans featurings,0.8946582612289424
sans featurings,0.968156827956981
sans featurings,0.9730761166278578
sans featurings,0.9060407477328434
sans featurings,0.8943989686478167
sans featurings,0.9540471139550123
sans featurings,0.9167372190226057
sans featurings,0.9443543139735733
sans featurings,0.9429754727813517
sans featurings,0.9700547662495392
sans featurings,0.9051902976042705
sans featurings,0.9130223891882671
sans featurings,0.9411886431822616
sans featurings,0.927960692208965
sans featurings,0.90916289607186
sans featurings,0.9334894831158143
sans featurings,0.9879471199255919
sans featurings,0.9134355217451048
sans featurings,0.9714638306461891
sans featurings,0.9103840021817386
sans featurings,0.9571062767239558
sans featurings,0.9794619022190806
sans featurings,0.9864335573465687
sans featurings,0.9598199792747901
sans featurings,0.9887767097000274
sans featurings,0.9296276789828491
sans featurings,0.9294465225223536
sans featurings,0.9278270760276921
sans featurings,0.9458643510345034
sans featurings,0.9186600958677911
sans featurings,0.9332746765474152
sans featurings,0.9726477110043433
sans featurings,0.9246536109051775
sans featurings,0.935619007985369
sans featurings,0.9345621958411738
sans featurings,0.9558821587687731
sans featurings,0.9696996353961197
sans featurings,0.9784407196937729
sans featurings,0.9292968045411663
sans featurings,0.9295911958849296
sans featurings,0.9577195350939957
sans featurings,0.8598024503268361
sans featurings,0.9526116465549898
sans featurings,0.9177539323356397
sans featurings,0.9331407386484027
sans featurings,0.9159776708324087
sans featurings,0.9392045031771652
sans featurings,0.9850587137330935
sans featurings,0.95427023915799
sans featurings,0.9596234340665986
sans featurings,0.9533829498739769
sans featurings,0.9465382689235792
sans featurings,0.9307908112614649
sans featurings,0.9421066988834865
sans featurings,0.9336645648733013
sans featurings,0.9064762540602171
sans featurings,0.892150677377916
sans featurings,0.9256286767206309
sans featurings,0.9029019792967421
sans featurings,0.9188006400241595
sans featurings,0.9471928007287612
sans featurings,0.9962887065260642
sans featurings,0.9478360632280838
sans featurings,0.9109879411415784
sans featurings,0.9212092235857903
sans featurings,0.9827338540912682
sans featurings,0.9327654335219849
sans featurings,0.9476213901419782
sans featurings,0.9543586597015978
sans featurings,0.9612911519629224
sans featurings,0.9583546438809213
sans featurings,0.8864597638545686
sans featurings,0.9181019445399607
sans featurings,0.9388620174954334
sans featurings,0.9345738772549649
sans featurings,0.9534265415179124
sans featurings,0.9517461974455973
sans featurings,0.9435807077121909
sans featurings,0.8867466110429506
sans featurings,0.9693370290425491
sans featurings,0.9642120478164329
sans featurings,0.9055890941228946
sans featurings,0.913121488513358
sans featurings,0.946280152256712
sans featurings,0.9554664254381527
sans featurings,0.9400846289637778
sans featurings,0.9835692320374175
sans featurings,0.9189027867229478
sans featurings,0.9305062914545035
sans featurings,0.9258703441097903
sans featurings,0.9485640206502409
sans featurings,0.9354242660640931
sans featurings,0.9367840630069539
sans featurings,0.9084751338531626
sans featurings,0.9161741882796062
sans featurings,0.9378334933954302
sans featurings,0.9222972163368836
sans featurings,0.9479763942687974
sans featurings,0.9042824355501353
sans featurings,0.931501979180774
sans featurings,0.9691301060682235
sans featurings,0.9501230764440263
sans featurings,0.9626535056030845
sans featurings,0.9857850323677717
sans featurings,0.9182183892092599
sans featurings,0.9003528064884969
sans featurings,0.9289330339228805
sans featurings,0.9028017885115857
sans featurings,0.9289298528159028
sans featurings,0.9165732151940794
sans featurings,0.9323994403149694
sans featurings,0.8880262272313822
sans featurings,0.9793081033732958
sans featurings,0.9354940116464843
sans featurings,0.9658319199274589
sans featurings,0.9557451501000747
sans featurings,0.9301270887974469
sans featurings,0.9731365470810998
sans featurings,0.9681193088546274
sans featurings,0.9419437172326492
sans featurings,0.9124523997737156
sans featurings,0.9422787964298482
sans featurings,0.9852932639007659
sans featurings,0.9477935477618021
sans featurings,0.9238115984224585
sans featurings,0.8828197747395372
sans featurings,0.9803176931002087
sans featurings,0.9117469008316994
sans featurings,0.9740603050433579
sans featurings,0.9522049779046332
sans featurings,0.940709377556882
sans featurings,0.9292007729115632
sans featurings,0.9275513292125208
sans featurings,0.9401087771541216
sans featurings,0.9393955050206383
sans featurings,0.8911336183018613
sans featurings,0.9312638445547349
sans featurings,0.9591989901816527
sans featurings,0.971175152196635
sans featurings,0.9326891884666224
sans featurings,0.9100969388220587
sans featurings,0.9534307287993147
sans featurings,0.9398943285486102
sans featurings,0.9719198516978961
sans featurings,0.9174512477408221
sans featurings,0.9392584700725587
sans featurings,0.8968901396544894
sans featurings,0.9627318261089813
sans featurings,0.9438060844333281
sans featurings,0.9864935792390318
sans featurings,0.9097050539822302
sans featurings,0.9217989526480641
sans featurings,0.932949476778477
sans featurings,0.9309423546297744
sans featurings,0.9279655551755248
sans featurings,0.940178836334352
sans featurings,0.9802882112629453
sans featurings,0.9374036868800762
sans featurings,0.9745577521221916
sans featurings,0.9356267011645334
sans featurings,0.9741614065217148
sans featurings,1.0018304944608158
sans featurings,0.9287361835104533
sans featurings,0.9992249239727443
sans featurings,0.9606184705335916
sans featurings,0.9171240077507622
sans featurings,0.9216563965727267
sans featurings,0.9801183345857014
sans featurings,0.9207589499122053
sans featurings,0.943930023399746
sans featurings,0.950694108560669
sans featurings,0.9192934629021936
sans featurings,0.9511449493999218
sans featurings,0.8744928962533987
sans featurings,0.972895048688722
sans featurings,0.9728591591830619
sans featurings,0.9270393803326207
sans featurings,0.9244821757407139
sans featurings,0.9092511055650465
sans featurings,0.9199423969616445
sans featurings,0.8960163746848875
sans featurings,0.833454309228501
sans featurings,0.9424463058441495
sans featurings,0.9069943346040766
sans featurings,0.8974326795314234
sans featurings,0.9643904494890935
sans featurings,0.9325828205376916
sans featurings,0.9173074143214784
sans featurings,0.9156110630001021
sans featurings,0.9451367854627152
sans featurings,0.9300960970699039
sans featurings,0.9580380641212696
sans featurings,0.9545393055635479
sans featurings,0.9442407766490986
sans featurings,0.9233708476188767
sans featurings,0.9119652205475537
sans featurings,0.8945926363871473
sans featurings,0.952889739035755
sans featurings,0.9341201769280938
sans featurings,0.9259848159113363
sans featurings,0.9088325081808658
sans featurings,0.9113307965631712
sans featurings,0.9448120091928754
sans featurings,0.9282828340343174
sans featurings,0.9540244156378146
sans featurings,0.9198781157248349
sans featurings,0.9197951814886836
sans featurings,0.9243847586302648
sans featurings,0.9389731479926482
sans featurings,0.9124682933800388
sans featurings,0.8895065772937049
sans featurings,0.9678801698331747
sans featurings,0.9289636762432577
sans featurings,0.9351360463361607
sans featurings,0.9480261448194116
sans featurings,0.9033365031308828
sans featurings,0.9322457274172947
sans featurings,0.9719171865556323
sans featurings,0.9344667270598501
sans featurings,0.9060525804114955
sans featurings,0.954682542151889
sans featurings,0.9235457898582524
sans featurings,0.9451735077263861
sans featurings,0.97778771758307
sans featurings,0.9150979405936773
sans featurings,0.9538635203133565
sans featurings,0.9877473020324546
sans featurings,0.9753256830964362
sans featurings,0.9180269990334391
sans featurings,0.932326839850282
sans featurings,0.9603904463535808
sans featurings,0.9269982214567737
sans featurings,0.931370330714212
sans featurings,0.8656950994940662
sans featurings,0.987803483503712
sans featurings,0.9278739765258461
sans featurings,0.9908700741374623
sans featurings,0.9582754280624427
sans featurings,0.9848237824546973
sans featurings,0.9279353288061919
sans featurings,0.9590140872505266
sans featurings,0.9538364515990458
sans featurings,0.9378020560790222
sans featurings,0.9138313084114082
sans featurings,0.9133582160327807
sans featurings,1.0054140431931708
sans featurings,0.9446885425267123
sans featurings,0.9258802053868352
sans featurings,0.9380505082121546
sans featurings,0.9489361416385129
sans featurings,0.9190808466918783
sans featurings,0.9161200966315577
sans featurings,0.9388112103575958
sans featurings,0.9312904679249047
sans featurings,0.9470420773675645
sans featurings,0.9674510697369262
sans featurings,0.9502447168159165
sans featurings,0.9539151793109042
sans featurings,0.9327189175832604
sans featurings,0.8905458944346856
sans featurings,0.9510823757320934
sans featurings,0.8935850965996512
sans featurings,0.9090675838309925
sans featurings,0.9071897127104575
sans featurings,0.9295771558406337
sans featurings,0.9514353003400633
sans featurings,0.9614069493567118
sans featurings,0.9019101076247629
sans featurings,0.963066855503465
sans featurings,0.9796159911363393
sans featurings,0.9242458520344756
sans featurings,0.9490893210639418
sans featurings,0.9398065522947582
sans featurings,0.9307951026908649
sans featurings,0.9495394560151028
sans featurings,0.9856013088048282
sans featurings,0.9548192824875678
sans featurings,0.9141821740234662
sans featurings,0.9766331858543702
sans featurings,0.9618249682755209
sans featurings,0.9560488487501841
sans featurings,0.902889777753891
sans featurings,0.9242912132322968
sans featurings,0.9486487329265457
sans featurings,0.9228687149197219
sans featurings,0.9082255491451827
sans featurings,0.8944593969762665
sans featurings,0.9558459623821867
sans featurings,0.9323832690805623
sans featurings,0.9852541059811909
sans featurings,0.9653213493793531
sans featurings,0.9123115702546162
sans featurings,0.9188687862129249
sans featurings,0.9455625303438616
sans featurings,0.9384961049380005
sans featurings,0.985583725338121
sans featurings,0.9398390608804696
sans featurings,0.9740175068488459
sans featurings,0.9518985284954565
sans featurings,0.9135580530076032
sans featurings,0.917948984404525
sans featurings,0.9414076179370203
sans featurings,0.9726455134109397
sans featurings,0.9432334856298835
sans featurings,0.9426818103081359
sans featurings,0.940908131285867
sans featurings,0.9407266448826989
sans featurings,0.9744900366289659
sans featurings,0.9523808646099766
sans featurings,0.9809151479520355
sans featurings,0.9011975636734361
sans featurings,0.9143025530751314
sans featurings,0.9796004491644239
sans featurings,0.8953562334804249
sans featurings,0.9838175977424912
sans featurings,0.9031563430999969
sans featurings,0.9685243785123357
sans featurings,0.9513316318580173
sans featurings,0.911058614773191
sans featurings,0.9353515063482438
sans featurings,0.9155639069026574
sans featurings,0.9477217178395565
sans featurings,0.9655529661522958
sans featurings,0.9355356444311739
sans featurings,0.9085659900950617
sans featurings,0.9310777015735635
sans featurings,0.9249603639988184
sans featurings,0.909620318808713
sans featurings,0.9184090408562205
sans featurings,0.9984736524652134
sans featurings,0.908500365798871
sans featurings,0.9725216863897229
sans featurings,0.9789456132184486
sans featurings,0.9270478670769358
sans featurings,0.925545752634257
sans featurings,0.9454761637876447
sans featurings,0.9733610676153729
sans featurings,0.9185126008894099
sans featurings,0.9170256776614863
sans featurings,0.9301100160336617
sans featurings,0.9573879636839174
sans featurings,0.9107338972674149
sans featurings,0.9184908341899267
sans featurings,0.8689642041367549
sans featurings,0.8794111762141182
sans featurings,0.9476932077962256
sans featurings,0.920379122608128
sans featurings,0.9391887842205795
sans featurings,0.9218474029268209
sans featurings,0.9376904326474408
sans featurings,0.9397476212366389
sans featurings,0.9164815458781804
sans featurings,0.9692652565964645
sans featurings,0.9194612251489603
sans featurings,0.9338812568396149
sans featurings,0.9204899467975857
sans featurings,0.8894034808363961
sans featurings,0.955068465817553
sans featurings,0.9755828850777961
sans featurings,0.9161278898443649
sans featurings,0.9131709682793397
sans featurings,0.9637040643818754
sans featurings,0.953594222597997
sans featurings,0.9658095885333464
sans featurings,0.8958695223609667
sans featurings,0.9770314028933038
sans featurings,0.8793521610748681
sans featurings,0.9353428612073513
sans featurings,0.9309520645851648
sans featurings,0.9405040439753203
sans featurings,0.9210165486369074
sans featurings,0.9354091025376331
sans featurings,0.9240438087629534
sans featurings,0.9102829370952779
sans featurings,0.9786493995995147
sans featurings,0.9782607533648142
sans featurings,0.9763963164713759
sans featurings,0.9479687601287536
sans featurings,0.9587464210566417
sans featurings,0.8873051951439751
sans featurings,0.9904089726533106
sans featurings,0.9623858015081722
sans featurings,0.9279405589389457
sans featurings,0.9746792514184063
sans featurings,0.9457543936530309
sans featurings,0.8757768356816323
sans featurings,0.8931618403333859
sans featurings,0.9463434548958977
sans featurings,0.9528200237482096
sans featurings,0.8997803334681709
sans featurings,0.9186842189088826
sans featurings,0.9742872671955464
sans featurings,0.9066204284818983
sans featurings,0.9079487787648803
sans featurings,0.8815977310651503
sans featurings,0.9321871876104617
sans featurings,0.9511019659980227
sans featurings,0.9639999568124649
sans featurings,0.8780972302554966
sans featurings,0.9242919609067899
sans featurings,0.9635272699549351
sans featurings,0.9376915037315348
sans featurings,0.9467612034199787
sans featurings,0.9530226809095943
sans featurings,0.9628362985226575
sans featurings,0.9231269606961112
sans featurings,0.9130186102836475
sans featurings,0.8954142179758502
sans featurings,0.9357148884545846
sans featurings,0.9509939291520949
sans featurings,0.923752105068036
sans featurings,0.9303709109308037
sans featurings,0.9944090810139268
sans featurings,0.8862533812890985
sans featurings,0.9654107172502217
sans featurings,0.9055251245022642
sans featurings,0.9288687284611663
sans featurings,0.9846385820377979
sans featurings,0.9683957050794196
sans featurings,0.9438152069217954
sans featurings,0.9587803180928718
sans featurings,0.9791620819601853
sans featurings,0.9643932893605606
sans featurings,0.9141931780087375
sans featurings,0.9276330828354784
sans featurings,0.9316056051299667
sans featurings,0.885573510011213
sans featurings,0.9388424130979138
sans featurings,0.9777338601132587
sans featurings,0.9793098906645689
sans featurings,0.9200392876136074
sans featurings,0.9266284943339519
sans featurings,0.9014462385819665
sans featurings,0.9075935982758327
sans featurings,0.9333125191036054
sans featurings,0.9583919657462803
sans featurings,0.9466587717374936
sans featurings,0.9325754918274715
sans featurings,0.9362442566136225
sans featurings,0.9158717438688017
sans featurings,0.9377694280673867
sans featurings,1.0112394611361635
sans featurings,0.9733303999102981
sans featurings,0.9298095653987699
sans featurings,0.9131926729258428
sans featurings,0.8803007566695479
sans featurings,0.9311072637048804
sans featurings,0.9481319636363712
sans featurings,0.9246286044059892
sans featurings,0.9357562881183087
sans featurings,0.9300638261499142
sans featurings,0.8969653975368583
sans featurings,0.9710603336064181
sans featurings,0.9668534867599433
sans featurings,0.9342665436013633
sans featurings,0.9271550164422436
sans featurings,0.9098185750278461
sans featurings,0.9317236118622276
sans featurings,0.8764945723863495
sans featurings,0.9298075518496821
sans featurings,0.9354481607862654
sans featurings,0.9216562425886976
sans featurings,0.9572547196512672
sans featurings,0.9211228793456998
sans featurings,0.8925352292875591
sans featurings,0.9072386349023416
sans featurings,0.9259879107906462
sans featurings,0.9402191270000892
sans featurings,0.9498982933510884
sans featurings,0.9674258408796639
sans featurings,1.029854230920278
sans featurings,0.9438095905620423
sans featurings,0.9868105785667669
sans featurings,0.9210891204935737
sans featurings,0.9356416253132102
sans featurings,0.9077284090321693
sans featurings,0.9345111653478724
sans featurings,0.8901465436820778
sans featurings,0.9388724487277473
sans featurings,0.9438246867005043
sans featurings,0.9798221730449831
sans featurings,0.9366201295505624
sans featurings,0.94075330845958
sans featurings,0.9251247652592189
sans featurings,0.9222919864094543
sans featurings,0.9177076904809214
sans featurings,0.9157080094973209
sans featurings,0.9648394651908359
sans featurings,0.9347635484821426
sans featurings,0.8985422723304048
sans featurings,0.9586250995408471
sans featurings,0.9221389207286651
sans featurings,0.9054799754266442
sans featurings,0.9409848943729086
sans featurings,0.9631090903221288
sans featurings,0.9721642220288754
sans featurings,0.9175336289884797
sans featurings,0.9480715685551726
sans featurings,0.9435672856804158
sans featurings,0.9847282716643094
sans featurings,0.9340218148247692
sans featurings,0.9328819920192649
sans featurings,0.9539419447949495
sans featurings,0.9431634412312023
sans featurings,0.9186759170773441
sans featurings,0.8973869776914404
sans featurings,0.9327837585284569
sans featurings,0.9526718163591952
sans featurings,0.9533971272537977
sans featurings,0.9323344300127886
sans featurings,0.9205805404399083
sans featurings,0.934986413984088
sans featurings,0.9543242900928514
sans featurings,0.8885689732922631
sans featurings,0.9509227182186694
sans featurings,0.8970575735461971
sans featurings,0.8927631917661957
sans featurings,0.9083311526918546
sans featurings,0.944011179934046
sans featurings,0.9685849417663918
sans featurings,0.9326986424902641
sans featurings,0.8759866295293767
sans featurings,0.9612870592443244
sans featurings,0.9532279743944277
sans featurings,0.942437145456558
sans featurings,0.8977877331302149
sans featurings,0.9295472131282005
sans featurings,0.9273088361361334
sans featurings,0.9436261361740814
sans featurings,0.9283371864788154
sans featurings,0.9486011015331729
sans featurings,0.9105222470758025
sans featurings,0.9275899121648543
sans featurings,0.9378927434764333
sans featurings,0.9755377834410103
sans featurings,0.9405379768540089
sans featurings,0.937263631556106
sans featurings,0.9532584454157181
sans featurings,0.9643251302643813
sans featurings,1.0078438345193452
sans featurings,0.9382024489930739
sans featurings,0.9193822367448917
sans featurings,0.9649940259982857
sans featurings,0.8859869043929258
sans featurings,0.9333608638357349
sans featurings,0.9137165620050312
sans featurings,0.9381631463069984
sans featurings,0.9273994028737392
sans featurings,0.9096747601153071
sans featurings,0.9388245250887106
sans featurings,0.9689098806901645
sans featurings,0.9438524735711966
sans featurings,0.8729945066839045
sans featurings,0.9841510684400766
sans featurings,0.9163383062455965
sans featurings,0.9422182641257686
sans featurings,0.9271339551065723
sans featurings,0.9060833609473034
sans featurings,0.937392316930254
sans featurings,0.9697738544469781
sans featurings,0.9100545075518679
sans featurings,0.9146957972262036
sans featurings,0.9095742228336213
sans featurings,0.9712431187693438
sans featurings,0.8764195461028105
sans featurings,0.9411386893448213
sans featurings,0.8936857664269426
sans featurings,0.91557079461384
sans featurings,0.9211365553407175
sans featurings,0.9442040268525892
sans featurings,0.9351192156456206
sans featurings,0.9314004501237964
sans featurings,0.9674794949673344
sans featurings,0.9149961337632837
sans featurings,0.9219722048809876
sans featurings,0.923695953348428
sans featurings,0.9548027900063603
sans featurings,0.9253532028227519
sans featurings,0.889056351756079
sans featurings,1.00520944496397
sans featurings,0.942870087811835
sans featurings,0.9408739493261514
sans featurings,0.9458695835496175
sans featurings,0.9711509811543882
sans featurings,0.9243253382530611
sans featurings,0.9257849903105233
sans featurings,0.9454829452545561
sans featurings,0.942552368601739
sans featurings,0.9796344454959827
sans featurings,0.9336298911606463
sans featurings,0.942551377811738
sans featurings,0.9586452050517924
sans featurings,0.9204500411257613
sans featurings,0.9429233811400202
sans featurings,0.9220427657252663
sans featurings,0.9071718175830386
sans featurings,0.9455047059040691
sans featurings,1.004443503387141
sans featurings,0.9328374858667808
sans featurings,0.9059849450271955
sans featurings,0.9561779668670678
sans featurings,0.9293499357831082
sans featurings,0.9752746258129317
sans featurings,0.8587033749171858
sans featurings,0.9390729896878738
sans featurings,0.9446941690851183
sans featurings,0.9711995351148877
sans featurings,0.9287811643714097
sans featurings,0.9396572725661635
sans featurings,0.9704848276272269
sans featurings,0.9291894614249184
sans featurings,0.952093259511897
sans featurings,0.8854480463493619
sans featurings,0.9533921974411059
sans featurings,0.925450098118502
sans featurings,0.9735473264107959
sans featurings,0.9560246201706813
sans featurings,0.9499434220191927
sans featurings,0.9019940168429511
sans featurings,0.8988267761962245
sans featurings,0.9329420478234206
sans featurings,0.8835195789431699
sans featurings,0.9392265356349674
sans featurings,0.9110876290263585
sans featurings,0.943444947721675
sans featurings,0.8815309102177287
sans featurings,0.9610019303026504
sans featurings,0.9299844023432436
sans featurings,0.9383678852182908
sans featurings,0.9368535445294622
sans featurings,0.9559941012165403
sans featurings,0.9339547133367399
sans featurings,0.922085657736513
sans featurings,0.9631600910905171
sans featurings,0.9448310693931898
sans featurings,0.9683454361668058
sans featurings,0.9662350025335519
sans featurings,0.9506617136276314
sans featurings,0.9783157129294225
sans featurings,0.9316920488855605
sans featurings,0.9256545526690398
sans featurings,0.9455710779478488
sans featurings,0.9454618526710212
sans featurings,0.9503954894754226
sans featurings,0.9025709017094354
sans featurings,0.8955888123983096
sans featurings,0.9363978441276243
sans featurings,0.8970433660047894
sans featurings,0.935546891856752
sans featurings,0.9206016442929639
sans featurings,0.9478887218755976
sans featurings,0.9599742142061719
sans featurings,0.9019482290500224
sans featurings,0.8949460061344128
sans featurings,0.9163767275666068
sans featurings,0.9968582117055546
sans featurings,0.9169743395226799
sans featurings,0.9057282108681969
sans featurings,0.9474743964863134
sans featurings,0.9510622656518595
sans featurings,0.9653991893115449
sans featurings,0.940434596774484
sans featurings,0.898116313812833
sans featurings,0.9559330132679353
sans featurings,0.9872353328270291
sans featurings,0.9220635756929514
sans featurings,0.9715804162955256
sans featurings,0.9300467687472048
sans featurings,0.9651601058392181
sans featurings,0.9375180990931565
sans featurings,0.9083239259246092
sans featurings,0.9158186353214365
sans featurings,0.9329561139097154
sans featurings,0.8974280184217596
sans featurings,0.9492638900745589
sans featurings,0.9943652774176421
sans featurings,0.9502171906992622
sans featurings,0.8949057301602779
sans featurings,0.9532867581141483
sans featurings,0.9730580858479542
sans featurings,0.9271149325122293
sans featurings,0.9824991439761558
sans featurings,1.0082227705807094
sans featurings,0.9256701903564764
sans featurings,0.9268580378743216
sans featurings,0.9147683544339842
sans featurings,0.9784850227361461
sans featurings,0.9271118173227676
sans featurings,0.9510865965084587
sans featurings,0.932582772934494
sans featurings,0.9368535445294622
sans featurings,0.9740520961054399
sans featurings,0.9465174922988623
sans featurings,0.9467253069180492
sans featurings,1.01186957784123
sans featurings,0.9543423212113651
sans featurings,0.919830005747855
sans featurings,0.9816954926535099
sans featurings,0.9668433379920716
sans featurings,0.8996487926336395
sans featurings,0.8835195789431699
sans featurings,0.8807336442458424
sans featurings,0.9373195219208259
sans featurings,0.9093568442819551
sans featurings,0.9316009921635633
sans featurings,0.9638975558288393
sans featurings,0.9432038426065322
sans featurings,0.9159696088310958
sans featurings,0.8903934133637241
sans featurings,0.9637433783954397
sans featurings,0.9519076503475132
sans featurings,0.9244419211630373
sans featurings,0.9321160504973564
sans featurings,0.8984617044013727
sans featurings,0.8802811821715646
sans featurings,0.9570773598337496
sans featurings,0.9268941341173417
sans featurings,0.8859326857855622
sans featurings,0.971925154626693
sans featurings,0.9151789326776488
sans featurings,0.9229391150174477
sans featurings,0.9140930486162651
sans featurings,0.9660524984197223
sans featurings,0.9456310821239046
sans featurings,0.8867457404308613
sans featurings,0.9303888886830729
sans featurings,0.9709340617307629
sans featurings,0.9063501847404328
sans featurings,0.9398854449242088
sans featurings,0.8963387749951228
sans featurings,0.9411497182729109
sans featurings,0.9276515497012408
sans featurings,0.9000826876680246
sans featurings,0.9281290648417941
sans featurings,0.9327353180141286
sans featurings,0.9692384850824133
sans featurings,0.9673639717821403
sans featurings,0.9439561433659684
sans featurings,0.8955195495645288
sans featurings,0.9404513061725099
sans featurings,0.9306448225754556
sans featurings,0.9492397605221784
sans featurings,0.9519641853568304
sans featurings,0.9265936422527599
sans featurings,0.9469616483773662
sans featurings,0.8854913636507525
sans featurings,0.9242643102907202
sans featurings,0.9920895439204575
sans featurings,0.9290716429768278
sans featurings,0.8904483653718884
sans featurings,0.9318751277147551
sans featurings,0.8932836743385925
sans featurings,0.9145550310817971
sans featurings,0.9341727855981392
sans featurings,1.0034178516232342
sans featurings,0.9200982595078443
sans featurings,0.9543222717350931
sans featurings,0.9623353266086682
sans featurings,0.9930686720364336
sans featurings,0.8939694619627425
sans featurings,0.9587975113601105
sans featurings,0.9311930672936013
sans featurings,0.9491600012961975
sans featurings,0.8943457092965527
sans featurings,0.8784737178434017
sans featurings,0.9636049314374657
sans featurings,0.9492284648815986
sans featurings,0.9296004946975693
sans featurings,0.9754047466058812
sans featurings,0.9300046009167169
sans featurings,0.894299155719764
sans featurings,0.9546862610397752
sans featurings,0.9523541607904138
sans featurings,0.8879298277356883
sans featurings,0.9318971384265167
sans featurings,0.9115005934397944
sans featurings,0.8910135219955475
sans featurings,0.9568148000565836
sans featurings,0.9064864513546618
sans featurings,0.9548485356840942
sans featurings,0.9390139162777126
sans featurings,0.9516620616123
sans featurings,0.9541666706792609
sans featurings,0.9782982045022254
sans featurings,0.8912809618233789
sans featurings,0.9254022506361272
sans featurings,0.9879659283790881
sans featurings,0.9442403739756282
sans featurings,0.9231384630468715
sans featurings,0.9224133068750762
sans featurings,0.9699721195327685
sans featurings,0.9438265394957578
sans featurings,0.9056845853821993
sans featurings,0.9615908971647519
sans featurings,0.9119727523365108
sans featurings,0.9643484601441575
sans featurings,0.936779040245657
sans featurings,0.9214476823263789
sans featurings,0.9602423203251804
sans featurings,0.9138497262932944
sans featurings,0.9691018570188437
sans featurings,0.9753830080943963
sans featurings,0.9696493986247197
sans featurings,0.9315860401448721
sans featurings,0.9931465223037206
sans featurings,0.9605801259936153
sans featurings,0.9260382432764978
sans featurings,0.9905027099153746
sans featurings,0.9501654896629331
sans featurings,0.9357793789377249
sans featurings,0.9107224412949894
sans featurings,0.9257913376269832
sans featurings,0.9705497451849913
sans featurings,0.948869671075602
sans featurings,0.9417222616785704
sans featurings,0.9285312927508784
sans featurings,0.8802074681176858
sans featurings,0.9275082340925074
sans featurings,0.9529727975961545
sans featurings,0.9145369087880423
sans featurings,0.9510161256800967
sans featurings,0.8973792324474652
sans featurings,0.9308446423384098
sans featurings,0.9496386128664139
sans featurings,0.9819510239112614
sans featurings,0.9673972490554344
sans featurings,0.9082168483108738
sans featurings,0.9183715506819226
sans featurings,0.967324612853991
sans featurings,0.9422375189861124
sans featurings,0.9116082004154347
sans featurings,0.9247141223508945
sans featurings,1.006151655222544
sans featurings,0.9573699320569516
sans featurings,0.9307411448663708
sans featurings,0.9482920249033078
sans featurings,0.9361767506996064
sans featurings,0.9490654624324253
sans featurings,0.9186018785669832
sans featurings,0.9358223392871585
sans featurings,0.9492769368087872
sans featurings,0.9337714428922919
sans featurings,0.9231461730807373
sans featurings,0.9704951666016297
sans featurings,0.9512584585602815
sans featurings,0.8941012637564029
sans featurings,0.8987790202673598
sans featurings,0.915599576260803
sans featurings,0.9496430999581291
sans featurings,0.9660087606609052
sans featurings,0.9562285292386585
sans featurings,0.962485600319384
sans featurings,0.9580719899448236
sans featurings,0.9519444591689052
sans featurings,0.9641078972887648
sans featurings,0.9239588304576498
sans featurings,0.9673493828130302
sans featurings,0.9417639588836046
sans featurings,0.964174350705205
sans featurings,0.9234922092367107
sans featurings,0.9519691111921169
sans featurings,0.9889581760948168
sans featurings,0.9577224107973638
sans featurings,0.9227174805432247
sans featurings,0.9026983704445319
sans featurings,0.9064267375735988
sans featurings,0.9264802348244152
sans featurings,0.9319617930540451
sans featurings,0.885311019563247
sans featurings,0.9294620903486355
sans featurings,0.9543565233058872
sans featurings,0.9719037758542259
sans featurings,0.9010152143151445
sans featurings,0.9847876284395175
sans featurings,0.9430986766986438
sans featurings,0.9647172952343054
sans featurings,0.9341110759173272
sans featurings,0.9222303450726159
sans featurings,0.9398312757018349
sans featurings,0.9670854861241875
sans featurings,0.9637436490515368
sans featurings,0.9467782093214188
sans featurings,0.9445479713031446
sans featurings,0.9605801259936153
sans featurings,0.9604820425134221
sans featurings,0.9477993740216637
sans featurings,0.9426472071992527
sans featurings,0.9120060122653985
sans featurings,0.9249196243511815
sans featurings,0.9348834544671741
sans featurings,0.9297155752548742
sans featurings,0.9531666332423925
sans featurings,0.9745376962365413
sans featurings,0.9378530269839427
sans featurings,0.89700260239427
sans featurings,0.9229712198939977
sans featurings,0.9331769215341257
sans featurings,0.9700494257565354
sans featurings,0.8979939912986804
sans featurings,0.9570272590136532
sans featurings,0.9636308054409233
sans featurings,0.9359145518773268
sans featurings,0.8674923155509724
sans featurings,0.9565246197969611
sans featurings,0.9587240414348893
sans featurings,0.9864180845996312
sans featurings,0.9267783542785036
sans featurings,0.9295685667546566
sans featurings,0.8982319253650413
sans featurings,0.9457309500771613
sans featurings,0.9329695044061386
sans featurings,0.9326374941018761
sans featurings,0.898870318403523
sans featurings,0.9424658191040846
sans featurings,0.9302040304247875
sans featurings,0.9457027148932583
sans featurings,0.9711881360619639
sans featurings,0.9090610395515357
sans featurings,0.956636591493663
sans featurings,0.9764611173748762
sans featurings,0.9475566554581647
sans featurings,0.9289616303704484
sans featurings,0.9126535365413038
sans featurings,0.9474803027020167
sans featurings,0.9459437776936697
sans featurings,0.9742724358993194
sans featurings,0.9887257717006359
sans featurings,0.9545247503066128
sans featurings,0.9372906455491643
sans featurings,0.8860225197623202
sans featurings,0.9389202292879762
sans featurings,0.9367919679776119
sans featurings,0.9768992628009686
sans featurings,0.935166475118404
sans featurings,0.9309881155318384
sans featurings,0.9288119896810358
sans featurings,0.8965139447316492
sans featurings,0.9341357718538527
sans featurings,0.9184137969176176
sans featurings,0.968052763928632
sans featurings,0.9401998502089076
sans featurings,0.9513041144606325
sans featurings,0.9412667079934659
sans featurings,0.9419440791095919
sans featurings,0.9152533830497102
sans featurings,0.9031102508522482
sans featurings,0.9693926435844353
sans featurings,0.8939305181395749
sans featurings,0.9471459962947972
sans featurings,0.919227457122841
sans featurings,0.9228427966458518
sans featurings,0.9591488129111537
sans featurings,0.9174357978034193
sans featurings,0.99687924810454
sans featurings,0.9118932273613386
sans featurings,0.9003371518028956
sans featurings,0.9607549367796075
sans featurings,0.8875358401837081
sans featurings,0.9689402863373539
sans featurings,0.939114501622164
sans featurings,0.9110667617630175
sans featurings,0.9473310426825556
sans featurings,0.9233625003349817
sans featurings,0.8998737733262173
sans featurings,0.9755828850777961
sans featurings,0.9587562391729623
sans featurings,0.8941232297680619
sans featurings,0.9628358407933296
sans featurings,0.9138667414126443
sans featurings,0.9212058387721209
sans featurings,0.9230652045352371
sans featurings,0.8808233226013418
sans featurings,0.9524040821415877
sans featurings,0.9452297801961907
sans featurings,0.9567649304415706
sans featurings,0.9160238671060159
sans featurings,0.9585683726637597
sans featurings,0.9775739986844404
sans featurings,0.9691573346158114
sans featurings,0.932032183012668
sans featurings,0.9639684358102995
sans featurings,0.957979397823205
sans featurings,0.957641874642182
sans featurings,0.9571944575858273
sans featurings,0.9032233538383346
sans featurings,0.9993124147674907
sans featurings,0.9483273186570116
sans featurings,0.966478510689681
sans featurings,0.9270291883242978
sans featurings,0.9793289836518749
sans featurings,0.9480629435378815
sans featurings,0.9705346381337656
sans featurings,0.9859598044136377
sans featurings,0.9379308368119524
sans featurings,0.9619872127393512
sans featurings,0.8983896981249508
sans featurings,0.940270951605874
sans featurings,0.9790563664318686
sans featurings,0.9552316845451618
sans featurings,0.9350536200753784
sans featurings,0.9202192297768748
sans featurings,0.9589402667327042
sans featurings,0.9953548728122307
sans featurings,1.0063470010120366
sans featurings,0.9357289063287595
sans featurings,0.9532045904892914
sans featurings,0.957803739178595
sans featurings,0.9560866618863672
sans featurings,0.9351813371604483
sans featurings,0.8840247181426938
sans featurings,0.9072956060476229
sans featurings,0.9448404649800025
sans featurings,0.9260298390303403
sans featurings,0.9247275118139386
sans featurings,0.9405424354089067
sans featurings,0.9392923925235169
sans featurings,0.9760137054652053
sans featurings,0.9570768895416187
sans featurings,0.9084771466606483
sans featurings,0.9042394670649483
sans featurings,0.9560004353130884
sans featurings,0.9507836617849336
sans featurings,0.9439354608586711
sans featurings,0.8688509361289936
sans featurings,0.967929075922086
sans featurings,0.8964137491081154
sans featurings,0.9780347786575961
sans featurings,0.991474753871106
sans featurings,0.8788644941330636
sans featurings,0.9478202033571606
sans featurings,0.9243399853326895
sans featurings,1.0062780526888708
sans featurings,0.9386631579717082
sans featurings,0.901403187035719
sans featurings,0.9057978635590456
sans featurings,0.9257623720125989
sans featurings,0.9513360424221008
sans featurings,0.9623065873805633
sans featurings,0.9645607872179763
sans featurings,0.9761466936908768
sans featurings,0.8921951485677546
sans featurings,0.933833180817023
sans featurings,0.9509515437161393
sans featurings,0.9303617065745454
sans featurings,0.9067105029207299
sans featurings,0.9581237431251052
sans featurings,0.9921625603791614
sans featurings,0.9383896217390363
sans featurings,0.9664998089068852
sans featurings,0.966668679700079
sans featurings,0.8894948231643598
sans featurings,0.9692357147406372
sans featurings,0.9748369407017765
sans featurings,0.9276634321816775
sans featurings,0.9308851433950733
sans featurings,0.9616608065373576
sans featurings,0.8978313082224805
sans featurings,0.982649945616414
sans featurings,0.907872150974921
sans featurings,0.9410890307926459
sans featurings,0.9155184470256978
sans featurings,0.9753209449738078
sans featurings,0.9120899800037181
sans featurings,0.9262861645990409
sans featurings,0.9255494637745051
sans featurings,0.9072897725997637
sans featurings,0.9123973953264419
sans featurings,0.9618877134167872
sans featurings,0.9481748534764899
sans featurings,0.9154721929797626
sans featurings,0.9690593912872734
sans featurings,0.8898167016727181
sans featurings,0.9277947821281752
sans featurings,0.9579793095569099
sans featurings,0.93503756707219
sans featurings,0.953080569837042
sans featurings,0.9206139227573117
sans featurings,0.9207794431976994
sans featurings,0.9186018785669832
sans featurings,0.9434342682760853
sans featurings,0.9355804493000466
sans featurings,0.9182332521333808
sans featurings,0.9457279665459124
sans featurings,0.9528741571713586
sans featurings,0.9429587238083351
sans featurings,0.9653354967556246
sans featurings,0.9361394936978312
sans featurings,0.9440023254295283
sans featurings,0.9652784323575564
sans featurings,0.9305666880538306
sans featurings,0.9555377160037057
sans featurings,0.9236549008195774
sans featurings,0.9076165281041817
sans featurings,0.9367799480305309
sans featurings,0.9273143521031328
sans featurings,0.9998261246322429
sans featurings,0.9317330713362998
sans featurings,0.8989272390406045
sans featurings,0.963496809836319
sans featurings,0.9173762850419598
sans featurings,0.9501145721867174
sans featurings,0.9073140512619936
sans featurings,0.9603490640900629
sans featurings,0.8943045072899248
sans featurings,0.928337151734837
sans featurings,0.9186844868792864
sans featurings,0.9037123727065265
sans featurings,0.9352588353540048
sans featurings,0.9329632613281287
sans featurings,0.9041537690752219
sans featurings,0.9353926882855695
sans featurings,0.8993828614428574
sans featurings,0.9316731983496627
sans featurings,0.9688107328676533
sans featurings,0.9369251167463006
sans featurings,0.9786114832255005
sans featurings,0.9555059303785212
sans featurings,0.9326850424165952
sans featurings,0.9547359289545057
sans featurings,0.9372349675838254
sans featurings,0.9474302529617482
sans featurings,0.9776694944774851
sans featurings,0.9339282250101887
sans featurings,0.9873997248775014
sans featurings,0.8828728469519144
sans featurings,0.9341917790511288
sans featurings,0.9630008817586173
sans featurings,0.8905656082019164
sans featurings,0.8992761219562686
sans featurings,0.9473788741362229
sans featurings,0.9419016734992868
sans featurings,0.9754823594363551
sans featurings,0.9050318769390971
sans featurings,0.9095134182192167
sans featurings,0.9376742041897587
sans featurings,0.9809731268684463
sans featurings,0.9725148939998626
sans featurings,0.9144569840872712
sans featurings,0.9626076323110183
sans featurings,0.94314667228845
sans featurings,0.9323321422177635
sans featurings,0.9611919767295697
sans featurings,0.9392304436516112
sans featurings,0.9905665353762712
sans featurings,0.8963317466913249
sans featurings,0.9805248246429304
sans featurings,0.8956268337471452
sans featurings,0.9058656281840562
sans featurings,0.9087188124836968
sans featurings,0.9302308350184373
sans featurings,0.9469025534847956
sans featurings,0.9414877953478329
sans featurings,0.9661648147920211
sans featurings,0.9410618017822806
sans featurings,0.9001130675591663
sans featurings,0.9473163170004113
sans featurings,0.9443913487089028
sans featurings,0.9255316566979861
sans featurings,0.9464924642434056
sans featurings,0.9120261438310452
sans featurings,0.9716728658350592
sans featurings,0.9440436015498601
sans featurings,0.9601192980058086
sans featurings,0.9158233736327861
sans featurings,0.8735145089704627
sans featurings,0.9202219494327539
sans featurings,0.944514347480793
sans featurings,0.9288875722925601
sans featurings,0.9390143984530632
sans featurings,0.9064632343305735
sans featurings,0.9544241809044957
sans featurings,0.905823502456906
sans featurings,0.9253415650025916
sans featurings,0.8993487162104568
sans featurings,0.9512131780729518
sans featurings,0.9122321288894294
sans featurings,0.9009403397609161
sans featurings,0.9603399198063618
sans featurings,1.0071570879032699
sans featurings,0.8913340250337046
sans featurings,0.9741739462275472
sans featurings,0.960316341884504
sans featurings,0.9823291550946671
sans featurings,0.9107428963262869
sans featurings,0.8956264894168172
sans featurings,0.9758626281348524
sans featurings,0.9206489095698082
sans featurings,0.9293243092947234
sans featurings,0.9519467637029742
sans featurings,0.9478799380273424
sans featurings,0.8634998193192287
sans featurings,0.9594513222595855
sans featurings,0.9572406742244428
sans featurings,0.9715977330416247
sans featurings,0.9215398071871143
sans featurings,0.9343332877199705
sans featurings,0.9526385956382268
sans featurings,0.9275865565861303
sans featurings,0.9345518987163888
sans featurings,0.935583339379335
sans featurings,0.9615903516303531
sans featurings,0.9150025472148653
sans featurings,0.9703389113310077
sans featurings,0.9390809134685337
sans featurings,0.9719831836152542
sans featurings,0.9919264028346189
sans featurings,0.9294227975791653
sans featurings,0.9657828572532328
sans featurings,0.901269935027529
sans featurings,0.9269705742469595
sans featurings,0.8956083748534984
sans featurings,0.9201103164824866
sans featurings,0.9708545996371247
sans featurings,0.9066078705252567
sans featurings,0.9579360502761958
sans featurings,0.9633844884761809
sans featurings,0.8812256974692803
sans featurings,0.9578638940460793
sans featurings,0.9399944880564401
sans featurings,0.9516912504705869
sans featurings,0.9395971744481738
sans featurings,0.939979528654433
sans featurings,0.985089824973511
sans featurings,0.8795300354743063
sans featurings,0.9322724403172575
sans featurings,0.8713049064242857
sans featurings,0.9494264610321669
sans featurings,0.9041180428607376
sans featurings,0.9401555320942907
sans featurings,0.9068989233769318
sans featurings,0.9299727592620673
sans featurings,0.9757997515055995
sans featurings,0.8981316067699584
sans featurings,0.9493643001818302
sans featurings,0.9311709560885594
sans featurings,0.9483762592301536
sans featurings,0.9513079666885836
sans featurings,0.9276538030270325
sans featurings,0.918521837180712
sans featurings,0.8855371733448465
sans featurings,0.8999567769578555
sans featurings,0.9271631523165682
sans featurings,0.9128356390899999
sans featurings,0.9419441838650443
sans featurings,0.9136916971287888
sans featurings,0.9194866589933199
sans featurings,0.9580641796857972
sans featurings,0.9491260642757448
sans featurings,0.9271468857130082
sans featurings,0.9772063515819787
sans featurings,0.9095942437543755
sans featurings,0.9640944486354129
sans featurings,0.9608811570304512
sans featurings,0.9261500989951452
sans featurings,0.8946850033364997
sans featurings,0.9702327384981861
sans featurings,0.9284052508976744
sans featurings,0.9166219259557715
sans featurings,0.9234669930416334
sans featurings,0.9425614786722424
sans featurings,0.9219229135479077
sans featurings,0.9691705105058384
sans featurings,0.9365287322310726
sans featurings,0.9125037237653773
sans featurings,0.9584695727436089
sans featurings,0.9514100833782255
sans featurings,0.9849929677882606
sans featurings,0.9035839130780516
sans featurings,0.9330337207698495
sans featurings,0.9335822538305267
sans featurings,0.8887694757397251
sans featurings,1.0124256601301582
sans featurings,0.9062142162450739
sans featurings,0.9076966697046214
sans featurings,0.9334483152748249
sans featurings,0.9266886153912559
sans featurings,0.8959331654095971
sans featurings,0.9046877147107234
sans featurings,0.9159887664966432
sans featurings,0.9038535637909724
sans featurings,0.9448978593153408
sans featurings,0.9332827556402792
sans featurings,0.9556977204689231
sans featurings,0.8906753029664904
sans featurings,0.9626533707404352
sans featurings,1.0043754850008046
sans featurings,0.9294620903486355
sans featurings,0.9531747346739897
sans featurings,0.9693493350023991
sans featurings,0.9642897105141451
sans featurings,0.9580562858782207
sans featurings,0.9305696535951812
sans featurings,0.906214680061404
sans featurings,0.9490136466933979
sans featurings,0.9405725010409555
sans featurings,0.9014544105671778
sans featurings,0.9535439866219848
sans featurings,0.9165135603159814
sans featurings,0.882746616921175
sans featurings,0.9460036922015865
sans featurings,0.9837541031107718
sans featurings,0.9451737666959834
sans featurings,0.8892791162188578
sans featurings,0.9491228464006074
sans featurings,0.9259742181824882
sans featurings,0.9021863149248052
sans featurings,0.9817616913783355
sans featurings,0.9234655467304359
sans featurings,0.9420187745863505
sans featurings,0.9227260698003525
sans featurings,0.9338818884294009
sans featurings,0.9382886858572234
sans featurings,0.9077225494647905
sans featurings,0.9036550636157369
sans featurings,0.9845373966644432
sans featurings,0.9372539185774916
sans featurings,0.9302684407262489
sans featurings,0.9481389166157606
sans featurings,0.9539387946245004
sans featurings,0.9490195111008104
sans featurings,0.9369150904939143
sans featurings,0.9299712417245959
sans featurings,0.9650360198051295
sans featurings,0.9276879813599924
sans featurings,0.8811959620992921
sans featurings,0.9320098286033882
sans featurings,0.9138999579094479
sans featurings,0.9503079004836513
sans featurings,0.9477858327638041
sans featurings,0.9526008475313061
sans featurings,0.9826098401236603
sans featurings,0.9532413359846502
sans featurings,0.9418401381887955
sans featurings,0.9429567539430813
sans featurings,0.9159599773444024
sans featurings,0.9624321752146046
sans featurings,0.9056319369031504
sans featurings,0.9519651916394295
sans featurings,0.9646054836757771
sans featurings,0.9173742381392364
sans featurings,0.9347020910691918
sans featurings,0.945750813925741
sans featurings,0.9539652200865039
sans featurings,0.9344383100527006
sans featurings,0.9125859309435198
sans featurings,0.9277765028153389
sans featurings,0.9220410850761933
sans featurings,0.9008573569183571
sans featurings,0.9127172190887848
sans featurings,0.9626541331373087
sans featurings,0.9100375955822156
sans featurings,0.978198137266078
sans featurings,0.9349985097515661
sans featurings,0.9272349117209727
sans featurings,0.9341611143714367
sans featurings,0.9869922180075191
sans featurings,0.9225663662051017
sans featurings,0.9071816787939231
sans featurings,0.981310752192441
sans featurings,0.8884489223505023
sans featurings,0.9202467207719893
sans featurings,0.9713751365837936
sans featurings,0.9279511823342126
sans featurings,0.9737260568763956
sans featurings,0.9720066077591438
sans featurings,0.9332781975169541
sans featurings,0.9120800881541689
sans featurings,0.9419373472345229
sans featurings,0.9323904252646975
sans featurings,0.937392434848969
sans featurings,0.9591601197410069
sans featurings,0.9236837487787843
sans featurings,0.8856656659172677
sans featurings,0.9317677070820584
sans featurings,0.9643925559279078
sans featurings,0.9527167625167585
sans featurings,0.9087578648811345
sans featurings,0.9242226287255321
sans featurings,0.9944620167218805
sans featurings,0.9077166813869304
sans featurings,0.9218036127262355
sans featurings,0.9745164563546596
sans featurings,0.9809018244341262
sans featurings,0.9661341741990145
sans featurings,0.9411595152791206
sans featurings,0.981975186134962
sans featurings,0.863960588759034
sans featurings,0.8957899640762337
sans featurings,0.9347540172860072
sans featurings,0.9251178061820716
sans featurings,0.9128108788759532
sans featurings,0.9366346095274349
sans featurings,0.9600604501895693
sans featurings,0.9193946658255692
sans featurings,0.9026635525836563
sans featurings,0.9478839499352107
sans featurings,0.9539312657171841
sans featurings,0.9301722989300854
sans featurings,0.9001639241582533
sans featurings,0.9844000198510883
sans featurings,0.941449351003297
sans featurings,0.9429902755435038
sans featurings,0.9410160151969744
sans featurings,0.9036571126849449
sans featurings,0.9168391268776421
sans featurings,1.0111585551262194
sans featurings,0.9732046796739915
sans featurings,0.9311828919170244
sans featurings,0.9399515011076548
sans featurings,0.9932779062331121
sans featurings,0.9311923454149262
sans featurings,0.9206432405307325
sans featurings,0.9818433544313262
sans featurings,0.9641603926866508
sans featurings,0.9433726843520337
sans featurings,0.9894771706393363
sans featurings,0.8954292635080253
sans featurings,0.9501202835456544
sans featurings,0.9040027984426459
sans featurings,0.9137652066935227
sans featurings,0.9174319736547056
sans featurings,0.9048708382880006
sans featurings,0.9571113662965682
sans featurings,0.9137547280501556
sans featurings,0.976554448530275
sans featurings,0.9686536234607258
sans featurings,0.9353593481841124
sans featurings,0.9756919036068286
sans featurings,0.8842525702066719
sans featurings,0.9551981154481932
sans featurings,0.9399534590787837
sans featurings,0.9305511712559354
sans featurings,0.9279378723855378
sans featurings,0.9489767379799694
sans featurings,0.8924038379161291
sans featurings,0.9552568785243001
sans featurings,0.954649189581858
sans featurings,0.8904514366751409
sans featurings,0.932203890615401
sans featurings,0.9449285183477514
sans featurings,0.9207432510658499
sans featurings,0.9319079269774865
sans featurings,0.942839419281643
sans featurings,0.8930833334432858
sans featurings,0.9016999001012306
sans featurings,0.9385355443803587
sans featurings,0.9411060146172352
sans featurings,0.912023561667692
sans featurings,0.8779983948912786
sans featurings,0.9292308562838539
sans featurings,0.8752213178838468
sans featurings,0.9591316205228205
sans featurings,0.9588614840355817
sans featurings,0.9310476644963024
sans featurings,0.929789610204806
sans featurings,0.9035938214329442
sans featurings,0.9315525926419168
sans featurings,0.9471550231542393
sans featurings,1.0357509654216432
sans featurings,0.9508574106563904
sans featurings,0.9415651984208742
sans featurings,0.9301899929738967
sans featurings,0.9123856337514924
sans featurings,0.9246654147446798
sans featurings,0.9166754126577177
sans featurings,0.9409734143907699
sans featurings,0.9361594323800352
sans featurings,0.9965406672226752
sans featurings,0.9324438849051896
sans featurings,0.9718851011886523
sans featurings,0.9411410723074671
sans featurings,0.9477831598131686
sans featurings,0.9222446688272304
sans featurings,0.9699240641394405
sans featurings,0.8660148655150448
sans featurings,0.9515010104540522
sans featurings,0.9160316879876975
sans featurings,0.9077344765654309
sans featurings,1.001026051219882
sans featurings,0.9744070262198359
sans featurings,0.9712210263373446
sans featurings,0.9961455645378732
sans featurings,0.9134625328678039
sans featurings,0.9498560483545783
sans featurings,0.9559182832248696
sans featurings,1.0030546267117466
sans featurings,0.9159366970611735
sans featurings,0.9437354100580655
sans featurings,0.9524518979713232
sans featurings,0.936651535864675
sans featurings,0.9410697797082771
sans featurings,0.9422136835542552
sans featurings,0.9565161255695702
sans featurings,0.9236608634302778
sans featurings,0.9760191871220398
sans featurings,0.9159541945559659
sans featurings,0.9749978284584045
sans featurings,0.8983780748089563
sans featurings,0.9669269379099125
sans featurings,0.9146869685401329
sans featurings,0.9125189224910948
sans featurings,0.924524958114121
sans featurings,0.9190169931920029
sans featurings,0.9349397419426252
sans featurings,0.9112674037879488
sans featurings,0.9403699420880257
sans featurings,0.9277937191181582
sans featurings,0.953901243494471
sans featurings,0.9180175908715287
sans featurings,0.9164150771772703
sans featurings,0.9698861556415787
sans featurings,0.9242099287973762
sans featurings,0.9740239933571166
sans featurings,0.9473883334311994
sans featurings,1.0199053920397776
sans featurings,0.9629975159388752
sans featurings,0.970583248590745
sans featurings,0.9409953635086837
sans featurings,0.9513231550902208
sans featurings,0.9566120689151255
sans featurings,1.0126767160169092
sans featurings,0.9259082969654141
sans featurings,0.9728126279929782
sans featurings,0.9373712258864667
sans featurings,0.942630475784222
sans featurings,0.9573153805339626
sans featurings,0.9669186744875754
sans featurings,0.9029305355862448
sans featurings,0.955511804526885
sans featurings,0.8882635614066774
sans featurings,1.012085147615073
sans featurings,0.9324902376383626
sans featurings,0.9081466760010001
sans featurings,0.9619909323063427
sans featurings,0.9287912869210662
sans featurings,0.9093625419760933
sans featurings,0.9188431024234356
sans featurings,0.9127722011396677
sans featurings,0.9585106876175413
sans featurings,0.9718626248998754
sans featurings,0.9214478708644913
sans featurings,0.9413644756410323
sans featurings,0.9767494666395962
sans featurings,0.8670159137085145
sans featurings,0.9528051065021377
sans featurings,0.9471709617591078
sans featurings,0.9123604465767112
sans featurings,0.9398822066587065
sans featurings,0.9550783364787847
sans featurings,0.9021827116722942
sans featurings,0.9327330007863406
sans featurings,0.8991538964698289
sans featurings,0.9329287086498527
sans featurings,0.9212129765834195
sans featurings,0.9104021632078882
sans featurings,0.921441942514498
sans featurings,0.9262066907697203
sans featurings,0.9641131015258623
sans featurings,0.9026427218621245
sans featurings,0.9125898441181306
sans featurings,0.9659285870548706
sans featurings,0.9676823657365061
sans featurings,0.9091077134779775
sans featurings,0.9226053393083529
sans featurings,0.9203777741163905
sans featurings,0.9679274618296925
sans featurings,0.9267329569004763
sans featurings,0.8940303652592215
sans featurings,0.9040484561581859
sans featurings,0.9321438654411265
sans featurings,0.9561155221396748
sans featurings,0.8961052783342511
sans featurings,0.9410887088807712
sans featurings,0.9812530100890207
sans featurings,0.9601348911883313
sans featurings,0.928238038276215
sans featurings,0.8981990178585351
sans featurings,0.9853283785534457
sans featurings,0.9293399649208623
sans featurings,0.9531086001110831
sans featurings,0.9585086814316415
sans featurings,0.9020846371541887
sans featurings,0.9762622075025873
sans featurings,0.9311546856673517
sans featurings,0.9414359367795675
sans featurings,0.9343658082308786
sans featurings,0.9263033792751689
sans featurings,0.944881274023489
sans featurings,0.9113575471404994
sans featurings,0.9355204499727346
sans featurings,0.9497925525090719
sans featurings,0.9124889625230685
sans featurings,0.9369037752969931
sans featurings,0.955724618733815
sans featurings,0.9128578604605541
sans featurings,0.9060578856465047
sans featurings,0.9501239813450445
sans featurings,0.983661921708006
sans featurings,0.9463702641613511
sans featurings,0.9574475437582255
sans featurings,0.9425970042780586
sans featurings,0.9251443529212392
sans featurings,0.9468144080670188
sans featurings,0.9169152878328105
sans featurings,0.9668271845370274
sans featurings,0.9553849299640241
sans featurings,0.8915409104295857
sans featurings,0.986237011681106
sans featurings,0.9564552411010019
sans featurings,0.9491742793450846
sans featurings,0.9757260776154062
sans featurings,0.9229901854683277
sans featurings,0.9478410169923256
sans featurings,0.9289870167628789
sans featurings,0.9364776712457614
sans featurings,0.8989048987180319
sans featurings,0.9432072119924878
sans featurings,0.9532276622495454
sans featurings,0.9339046624873878
sans featurings,0.9380554708932028
sans featurings,0.9203552231431863
sans featurings,0.9319779919129275
sans featurings,0.9249863376056052
sans featurings,0.9668479889966473
sans featurings,0.9329654316586973
sans featurings,0.9809749899942504
sans featurings,0.9267358866258565
sans featurings,0.8869757665338182
sans featurings,0.9648899324881204
sans featurings,0.9484688585880587
sans featurings,0.9842712523194729
sans featurings,0.9404270819864106
sans featurings,0.8594764104943289
sans featurings,0.9533995476771466
sans featurings,0.9491127540237692
sans featurings,0.9024614536957656
sans featurings,0.9274799374731485
sans featurings,0.9686241598828204
sans featurings,0.9344261134466852
sans featurings,0.9715636977480004
sans featurings,1.0156285648851455
sans featurings,0.9201113754360197
sans featurings,0.9342636209200567
sans featurings,0.9551230373006138
sans featurings,0.9477833501260025
sans featurings,0.9203307571075996
sans featurings,0.9282280044101904
sans featurings,0.9173291960578583
sans featurings,0.9133326296513069
sans featurings,0.9610750050141247
sans featurings,0.9160641201778215
sans featurings,0.916431710144435
sans featurings,0.9887382883482293
sans featurings,1.0274010044527593
sans featurings,0.9124688169647561
sans featurings,0.9453343793341263
sans featurings,0.9019842612133209
sans featurings,0.9211328449240723
sans featurings,0.9409583283220404
sans featurings,0.9767209668315902
sans featurings,0.8985355616465458
sans featurings,0.9169040148242016
sans featurings,0.9144313852136948
sans featurings,0.9225241261243218
sans featurings,0.9624621514621686
sans featurings,0.9295729909187311
sans featurings,0.9604537348799301
sans featurings,0.9448078847221489
sans featurings,0.9277305123677104
sans featurings,0.9452621940351228
sans featurings,0.9534118386097905
sans featurings,1.0066691015761051
sans featurings,0.9727315858453103
sans featurings,0.9401769447865056
sans featurings,0.9434742520571265
sans featurings,0.8909185289288329
sans featurings,0.9313381236246423
sans featurings,0.9513996689931342
sans featurings,0.90734164047165
sans featurings,0.9928191325506427
sans featurings,0.9300402745532654
sans featurings,0.9431999021617676
sans featurings,0.924353373998112
sans featurings,0.9881049954373171
sans featurings,0.9415846079979163
sans featurings,0.9527113167783411
sans featurings,0.8947143387158338
sans featurings,0.9444422214963528
sans featurings,0.9136458089794831
sans featurings,0.9619776837781164
sans featurings,0.9096287652400509
sans featurings,0.9536064393525576
sans featurings,0.9530235525369496
sans featurings,0.9645953119762639
sans featurings,0.9546105919586573
sans featurings,0.8887069388030766
sans featurings,0.9504826214438601
sans featurings,0.9199401544112276
sans featurings,0.9233348485578361
sans featurings,0.9333748997927105
sans featurings,0.9411066679945781
sans featurings,0.929755185780884
sans featurings,0.9271913152997828
sans featurings,0.9519609512865607
sans featurings,0.9763518069068671
sans featurings,0.9423110882699649
sans featurings,0.9311164323595242
sans featurings,0.9238717937904535
sans featurings,0.9409395713983182
sans featurings,0.918377825660403
sans featurings,0.9178228875046544
sans featurings,0.9697427126317315
sans featurings,0.9641700772270112
sans featurings,0.9185873597816276
sans featurings,0.9285357338803211
sans featurings,0.9006118122445921
sans featurings,0.9823692618648403
sans featurings,0.9715077260188236
sans featurings,0.9796588995026114
sans featurings,0.9548131924011821
sans featurings,0.9400767405617316
sans featurings,0.9428892696996747
sans featurings,0.942854766789774
sans featurings,0.925182276148847
sans featurings,0.9253369452598345
sans featurings,0.9488812111346152
sans featurings,0.980082287228403
sans featurings,0.875069556523046
sans featurings,0.9363535005102848
sans featurings,0.9326854393406998
sans featurings,0.9490952438448362
sans featurings,0.9628695944450051
sans featurings,0.9661732626567896
sans featurings,0.9139204096576637
sans featurings,0.9280804063999659
sans featurings,0.9656158962629312
sans featurings,0.9805223269308705
sans featurings,0.9349868736446035
sans featurings,0.9540299509205599
sans featurings,0.976193575730779
sans featurings,0.9536026212662612
sans featurings,0.9824237078843895
sans featurings,0.9179987408977215
sans featurings,0.8713171961377069
sans featurings,0.9455756392817702
sans featurings,1.0034892450755262
sans featurings,0.8895533934757368
sans featurings,0.9355407998524958
sans featurings,0.9675501615205715
sans featurings,0.9257186641702825
sans featurings,0.9532610751767869
sans featurings,0.956011831589741
sans featurings,0.9493615545861472
sans featurings,0.9583986442262258
sans featurings,0.9623521363264458
sans featurings,0.889819206071261
sans featurings,0.9291174101792508
sans featurings,0.8806139742170979
sans featurings,0.931310701801165
sans featurings,0.9683186219781293
sans featurings,0.9019871031367374
sans featurings,0.8938521041510115
sans featurings,0.9283091948822031
sans featurings,0.9865205907281649
sans featurings,0.8961793556367958
sans featurings,0.9483939285384542
sans featurings,0.8970695354420292
sans featurings,0.9046348576790528
sans featurings,0.859723441706574
sans featurings,0.972851810600131
sans featurings,0.9270600750278786
sans featurings,0.9734287782452203
sans featurings,0.9449086713743169
sans featurings,0.9114204339579515
sans featurings,0.880390588976899
sans featurings,0.9251659136290654
sans featurings,0.9347547676258626
sans featurings,0.9393856251470916
sans featurings,0.9150602283672055
sans featurings,0.9878485763028527
sans featurings,0.925056594685391
sans featurings,0.8981747809318177
sans featurings,0.9447656211271857
sans featurings,0.9473293327012736
sans featurings,0.9618926634865904
sans featurings,0.9736273328213998
sans featurings,0.9653432788930965
sans featurings,0.9495729887790562
sans featurings,1.0293516513260097
sans featurings,0.9143073945432187
sans featurings,0.9580288779045772
sans featurings,0.9198206515901571
sans featurings,0.9299460197441622
sans featurings,0.8566963550855837
sans featurings,0.9185799555442138
sans featurings,0.9200793496443364
sans featurings,0.9451962008850208
sans featurings,0.9146226989030243
sans featurings,0.937392434848969
sans featurings,0.9268745062107556
sans featurings,0.9185130072498809
sans featurings,0.974222227868897
sans featurings,0.9239021885137398
sans featurings,0.9278284748345333
sans featurings,0.9319142290008818
sans featurings,0.9439403986217926
sans featurings,0.958554710986908
sans featurings,0.9791128462255136
sans featurings,0.9844422449683908
sans featurings,0.8881251253462773
sans featurings,0.929828271160688
sans featurings,0.9520776079670116
sans featurings,0.9414627695091369
sans featurings,0.9033695152173151
sans featurings,0.9213379197365942
sans featurings,0.8869607554931208
sans featurings,0.9294567056058991
sans featurings,0.9762928352964096
sans featurings,0.9415316060339257
sans featurings,0.9269419604020671
sans featurings,0.9433703129864294
sans featurings,0.9297398043863632
sans featurings,0.9313073869414246
sans featurings,0.8779956184496771
sans featurings,0.9471537278435546
sans featurings,0.9257840353161009
sans featurings,0.9366798941397786
sans featurings,0.9068946243957304
sans featurings,0.963904048450221
sans featurings,0.9322050435590372
sans featurings,0.9190086097204793
sans featurings,0.9097464763536586
sans featurings,0.9083808612519737
sans featurings,0.9342334131501909
sans featurings,0.9990358751902266
sans featurings,0.9818633357029031
sans featurings,0.9313267154004252
sans featurings,0.9312824652909413
sans featurings,0.8979597309781009
sans featurings,0.9501742769853869
sans featurings,0.9565856769535175
sans featurings,0.90258130282081
sans featurings,0.9323163022543597
sans featurings,0.9245182828391545
sans featurings,0.9152748698660111
sans featurings,0.9329879793597058
sans featurings,0.9400706228504859
sans featurings,0.9801305219773888
sans featurings,0.9320840852391346
sans featurings,0.9768973335006385
sans featurings,0.9328183139491373
sans featurings,0.9246928364895145
sans featurings,0.926610863399458
sans featurings,0.9567001137566348
sans featurings,0.8821794313696946
sans featurings,0.92471927305117
sans featurings,0.9177987310436284
sans featurings,0.9368547504939327
sans featurings,0.9580520071998331
sans featurings,0.9122099216370767
sans featurings,0.9448706161133067
sans featurings,0.8660843291523362
sans featurings,0.9509386634218808
sans featurings,0.9578605337216501
sans featurings,0.9425878018706584
sans featurings,0.9161002662535669
sans featurings,0.9488468336527357
sans featurings,0.874055937986903
sans featurings,0.9334273506931049
sans featurings,0.9244929428892322
sans featurings,0.9593314130876605
sans featurings,0.9918012583278791
sans featurings,0.9476421250937481
sans featurings,0.9252121357570061
sans featurings,0.9361745473983452
sans featurings,0.9569188241137329
sans featurings,0.9252037228889025
sans featurings,0.9649694946570859
sans featurings,0.919125572923357
sans featurings,0.9447148285783834
sans featurings,0.9532892585179922
sans featurings,0.920200510423751
sans featurings,1.0163716888890928
sans featurings,0.9528222553446528
sans featurings,0.9333274299863961
sans featurings,0.958571945176714
sans featurings,0.88716884398001
sans featurings,0.890524782077602
sans featurings,0.9217086196773326
sans featurings,0.9069909652608726
sans featurings,0.985225426100095
sans featurings,0.9423141302834557
sans featurings,0.9625889377327458
sans featurings,0.880131809453071
sans featurings,0.8508891610656737
sans featurings,0.9553980291303287
sans featurings,0.9475459578107486
sans featurings,0.9117195811702946
sans featurings,0.9603436203678432
sans featurings,0.9212687528903051
sans featurings,0.9669419087197435
sans featurings,0.9680434506379347
sans featurings,0.9391661082313053
sans featurings,0.9257577795195141
sans featurings,0.9200502819092157
sans featurings,0.9433465024770241
sans featurings,0.9343474421409208
sans featurings,0.9510432171039926
sans featurings,0.9099721333431445
sans featurings,0.9487186072136748
sans featurings,0.9784776055106114
sans featurings,0.9795460136746602
sans featurings,0.9431645158874968
sans featurings,0.9008654997680395
sans featurings,0.9346803761509196
sans featurings,0.9058736606510325
sans featurings,0.9382298360643753
sans featurings,0.9474578549924362
sans featurings,0.8989094513311201
sans featurings,0.8972203613880899
sans featurings,0.890666901833339
sans featurings,0.9528189431987476
sans featurings,1.0023680488396414
sans featurings,0.9561905011256189
sans featurings,0.9192481484188076
sans featurings,0.9819444264266465
sans featurings,0.9463110638789616
sans featurings,0.9248113120379094
sans featurings,0.9186823439914147
sans featurings,0.9047581528882777
sans featurings,0.9790697397825787
sans featurings,0.9500496906915283
sans featurings,0.9380384878034894
sans featurings,0.9498912019328116
sans featurings,0.9196199851451231
sans featurings,0.9139511924885262
sans featurings,0.9198584995515464
sans featurings,0.8879973785023868
sans featurings,0.9566613119970261
sans featurings,0.9242061294563485
sans featurings,0.9822041985620144
sans featurings,0.9110640818257972
sans featurings,0.9339224742529622
sans featurings,0.9908522541723915
sans featurings,0.9044334644745946
sans featurings,0.9510029073368969
sans featurings,0.9204865175677506
sans featurings,0.9376482812708964
sans featurings,0.9181320475967739
sans featurings,0.9507127806175476
sans featurings,0.9347870220335828
sans featurings,0.9391246389282519
sans featurings,0.9063933513203061
sans featurings,0.9878310106453562
sans featurings,0.8870779336988089
sans featurings,0.9007716254661363
sans featurings,0.9089543495716357
sans featurings,0.9463556198450562
sans featurings,0.9248055576579612
sans featurings,0.9330533921504887
sans featurings,0.9600841146526587
sans featurings,0.9374224399071862
sans featurings,0.9462446501438325
sans featurings,0.9560029192468583
sans featurings,0.9323439703085354
sans featurings,0.9758897862167494
sans featurings,0.9331396069462404
sans featurings,0.9006029588261864
sans featurings,0.9489252505186476
sans featurings,0.959111568842625
sans featurings,0.9048736472607338
sans featurings,0.9603789710393394
sans featurings,0.9296951435890437
sans featurings,0.9594502458804672
sans featurings,0.9701358847608852
sans featurings,0.9261255220512178
sans featurings,0.9017241063028749
sans featurings,0.9901760198426561
sans featurings,0.9430181476556148
sans featurings,0.9444608033647884
sans featurings,0.9146111800298937
sans featurings,0.9327077913026931
sans featurings,0.9349124831222155
sans featurings,0.9032623669965454
sans featurings,0.93719324782074
sans featurings,0.9597275899482621
sans featurings,0.925559981747757
sans featurings,0.9514697868238168
sans featurings,0.9487139296290448
sans featurings,0.9652884710506097
sans featurings,0.9312289760431435
sans featurings,0.943953601747339
sans featurings,0.9097859753211752
sans featurings,0.9625046235237619
sans featurings,0.8894838359255273
sans featurings,0.9657576430530116
sans featurings,0.9784356759517381
sans featurings,0.9810921019864511
sans featurings,0.9382461198891148
sans featurings,0.9636632414146968
sans featurings,0.9282728573061418
sans featurings,0.912626125137367
sans featurings,0.9062248138620914
sans featurings,0.9151377905259077
sans featurings,0.9675611808777695
sans featurings,0.9728756809597789
sans featurings,1.0130070874957242
sans featurings,0.9332061062740469
sans featurings,0.9678040539274956
sans featurings,0.8995967118675341
sans featurings,0.9756566253688241
sans featurings,0.9205600659357556
sans featurings,0.9453934401907952
sans featurings,0.9912800990633227
sans featurings,0.9673165461962353
sans featurings,0.9638743556061178
sans featurings,0.9616624677309672
sans featurings,0.9306702550353446
sans featurings,0.9360557557968174
sans featurings,0.9472352683965253
sans featurings,0.9339663745851801
sans featurings,0.9105142138505959
sans featurings,0.9259589322999444
sans featurings,0.9506291457333891
sans featurings,0.917174887406845
sans featurings,0.9403536144984974
sans featurings,0.9969324874566244
sans featurings,0.9233294112588051
sans featurings,0.9440415342234986
sans featurings,0.9100565904134851
sans featurings,0.9559126033217248
sans featurings,1.0052994530993677
sans featurings,0.9237743497342938
sans featurings,0.9517782662693954
sans featurings,0.9088801500244414
sans featurings,0.9310573746840662
sans featurings,0.9361080740193959
sans featurings,0.9394590409611441
sans featurings,0.9045975718569483
sans featurings,0.9079503805120628
sans featurings,0.9284230991382618
sans featurings,0.9568305502009159
sans featurings,0.9441560004983311
sans featurings,0.9422762706655302
sans featurings,0.9494537006703547
sans featurings,0.9306254883039254
sans featurings,0.9429104673751535
sans featurings,0.9116625614418371
sans featurings,0.9404383948621553
sans featurings,0.9623063050058422
sans featurings,0.9975903988392948
sans featurings,0.9495302271821506
sans featurings,0.9490058694681804
sans featurings,0.9596294930855573
sans featurings,0.9449952032807574
sans featurings,0.9047608209066068
sans featurings,0.8958437356444687
sans featurings,0.9601957740464766
sans featurings,0.9893571566384514
sans featurings,0.9024926168401298
sans featurings,0.9242525217184955
sans featurings,0.9094655663794309
sans featurings,0.9386714634996862
sans featurings,0.9487422648551053
sans featurings,0.9678654651851102
sans featurings,0.9768605392512184
sans featurings,0.9891494738231734
sans featurings,0.9672507965954439
sans featurings,0.9551150691756126
sans featurings,0.9672849284976222
sans featurings,0.9813356422927777
sans featurings,0.9056624815437944
sans featurings,0.9672751049915292
sans featurings,0.9160452961696326
sans featurings,0.9169008161076269
sans featurings,0.9368049527993831
sans featurings,0.9521537514774812
sans featurings,0.9413447148796167
sans featurings,0.9439958993091516
sans featurings,0.9344262058587114
sans featurings,0.9260704264904438
sans featurings,0.9448816978641015
sans featurings,0.9585758725422435
sans featurings,0.9248684300929364
sans featurings,0.9082977980140903
sans featurings,0.9231883887170074
sans featurings,0.9429739268697956
sans featurings,0.9573166133641619
sans featurings,0.9800275266094469
sans featurings,0.92243796509202
sans featurings,0.9076776639872738
sans featurings,0.9397471922852867
sans featurings,0.9655873386635105
sans featurings,0.9079362840499746
sans featurings,0.9282643391980496
sans featurings,0.9510009950805014
sans featurings,0.9588287133268074
sans featurings,0.9996290423879531
sans featurings,0.9049442896511933
sans featurings,0.9137595712231114
sans featurings,0.9878104868730239
sans featurings,0.9373421780175075
sans featurings,0.9313753360685759
sans featurings,0.9668634090004005
sans featurings,0.9071897127104575
sans featurings,0.9407634314503196
sans featurings,0.8899816671145343
sans featurings,0.9414420295921805
sans featurings,0.9278513144343881
sans featurings,0.941262871936292
sans featurings,0.9481535074926046
sans featurings,0.91316894178595
sans featurings,0.940238243033131
sans featurings,0.9424418144180069
sans featurings,0.9193399654011583
sans featurings,0.938816577435072
sans featurings,0.890286726194544
sans featurings,0.961960714297891
sans featurings,0.9247736482796812
sans featurings,0.9327003755478216
sans featurings,0.9434321329266034
sans featurings,0.9352558741094958
sans featurings,0.9396848286087764
sans featurings,0.9414664689441073
sans featurings,0.9420404458399465
sans featurings,0.9350327189474519
sans featurings,0.9473688361354811
sans featurings,0.9721549898308182
sans featurings,0.9561590158665857
sans featurings,0.9029707637284856
sans featurings,0.980160203109929
sans featurings,0.9303037867496089
sans featurings,0.9484711939852208
sans featurings,0.9901204516509254
sans featurings,0.9572098394240317
sans featurings,0.9368374989077763
sans featurings,0.9092323184822865
sans featurings,0.9562610200772244
sans featurings,0.9561443892093163
sans featurings,0.9046293157129484
sans featurings,0.8801391185191042
sans featurings,0.8906102911194801
sans featurings,0.9506957210333942
sans featurings,0.9583418320544135
sans featurings,0.9853503015062169
sans featurings,0.9880386497859727
sans featurings,0.9287903935777607
sans featurings,0.9186363586976406
sans featurings,0.8968467328322338
sans featurings,0.8910143913784503
sans featurings,0.9770058817589731
sans featurings,0.9495867906399366
sans featurings,0.9757787222109433
sans featurings,0.9197374862874429
sans featurings,0.9014277064645638
sans featurings,0.9209406982658437
sans featurings,0.9481075437261067
sans featurings,0.8982922411654527
sans featurings,0.9318745425190433
sans featurings,0.9609215100882443
sans featurings,0.9569827779114101
sans featurings,0.9554013372891794
sans featurings,0.9688722162124146
sans featurings,0.9284573122213556
sans featurings,0.9717117788611797
sans featurings,0.9673952724115432
sans featurings,0.893142699612812
sans featurings,0.9212312036328774
sans featurings,0.9142524816899782
sans featurings,0.9181138560605373
sans featurings,0.9880916989328047
sans featurings,0.9518354119447182
sans featurings,0.9320742026669285
sans featurings,0.9794998732614716
sans featurings,0.9005504568555961
sans featurings,1.0117128975510168
sans featurings,0.8795443122993709
sans featurings,0.9261440013320228
sans featurings,0.9501663753318781
sans featurings,0.8728162650887232
sans featurings,0.9365014784229929
sans featurings,0.9164658002772889
sans featurings,0.9574553128591115
sans featurings,0.9394937338142619
sans featurings,0.948959834734607
sans featurings,0.8957735914174065
sans featurings,0.9583721367019751
sans featurings,0.9396683443441756
sans featurings,0.9300633951716428
sans featurings,0.9548755826645325
sans featurings,0.9225545513835399
sans featurings,1.0021137933207724
sans featurings,0.9566967496351763
sans featurings,0.9897710493213044
sans featurings,0.9177431096751238
sans featurings,0.9900371634031069
sans featurings,0.9249105987883465
sans featurings,0.9259318086327922
sans featurings,0.9615317355362105
sans featurings,0.909226233612333
sans featurings,0.9861609266576037
sans featurings,0.9251310437341189
sans featurings,0.934179509254967
sans featurings,0.9431030321368076
sans featurings,0.9223440717146414
sans featurings,0.9389376100049301
sans featurings,0.8630274377905514
sans featurings,0.9123953147453925
sans featurings,1.0055694315924024
sans featurings,0.933047937138499
sans featurings,0.9088197864907888
sans featurings,0.9059184693551502
sans featurings,0.9506726874482005
sans featurings,0.9317992066201577
sans featurings,0.9155418880414593
sans featurings,0.9055199674410073
sans featurings,0.933243608458291
sans featurings,0.9448705437100271
sans featurings,0.9625034518823576
sans featurings,0.8937971127619997
sans featurings,0.9658145700214649
sans featurings,0.9395897420385131
sans featurings,0.9555835803659234
sans featurings,0.9254416940515247
sans featurings,0.9524462835102921
sans featurings,0.9303546512954124
sans featurings,0.9523128017204274
sans featurings,0.9405292908383132
sans featurings,0.9013625928997189
sans featurings,0.979517048914075
sans featurings,0.9325281891922282
sans featurings,0.9030082353992618
sans featurings,0.975931515975621
sans featurings,0.9167324377300127
sans featurings,0.904320460883067
sans featurings,0.9098732718390243
sans featurings,0.8883269976199741
sans featurings,0.9426493334470828
sans featurings,0.9231694006317595
sans featurings,0.9537811165895627
sans featurings,0.9594608645489721
sans featurings,0.9649786676909098
sans featurings,0.9224230732572324
sans featurings,0.930323565555642
sans featurings,0.949123082000575
sans featurings,0.9441444843001193
sans featurings,0.9477605387524274
sans featurings,0.9003139379315874
sans featurings,0.9724678856884342
sans featurings,0.9422734829386399
sans featurings,0.8696918642427646
sans featurings,0.9570093146995224
sans featurings,0.936755609498535
sans featurings,0.941907643421174
sans featurings,0.9170135151596798
sans featurings,0.9924698516119064
sans featurings,0.9244653087171975
sans featurings,0.9604097932365099
sans featurings,0.9179206702327979
sans featurings,0.948327455243854
sans featurings,0.9276123430032802
sans featurings,0.9182204275882453
sans featurings,0.9822947065803794
sans featurings,0.9683131021587924
sans featurings,0.9205985219751419
sans featurings,0.9709270467624267
sans featurings,0.929923954107546
sans featurings,0.9676986001820667
sans featurings,0.941419588720386
sans featurings,0.9688493823531354
sans featurings,0.938384815284858
sans featurings,0.9027036188430928
sans featurings,0.8916129416934852
sans featurings,0.9902617683269332
sans featurings,0.9295874763239824
sans featurings,0.955701234468357
sans featurings,0.9296212025064974
sans featurings,0.9492836137578462
sans featurings,0.9628956470037091
sans featurings,0.9056624768087881
sans featurings,0.9654933553138298
sans featurings,0.8920798011550464
sans featurings,0.9759467440284023
sans featurings,0.9012607093254998
sans featurings,0.9356974653160464
sans featurings,0.9582123902901412
sans featurings,0.9131721160308733
sans featurings,0.9543228910383473
sans featurings,0.9621471821094921
sans featurings,0.9135835281801878
sans featurings,0.9668702449886315
sans featurings,0.9582901377023402
sans featurings,0.9372724059973783
sans featurings,0.9895198077672195
sans featurings,0.9397677017817108
sans featurings,0.9527815950394283
sans featurings,0.8976452195186079
sans featurings,0.9930720114969924
sans featurings,1.0164176574733268
sans featurings,0.9340209195831888
sans featurings,0.9296324123149309
sans featurings,0.8935942811207795
sans featurings,0.9866597523829465
sans featurings,0.9459970232976841
sans featurings,0.9557319577262021
sans featurings,0.9705561153347059
sans featurings,0.9386047729672032
sans featurings,0.9506353960523891
sans featurings,0.9652940309685425
sans featurings,0.897768707461341
sans featurings,0.9218896496236235
sans featurings,0.9257909326796879
sans featurings,0.9865119848977115
sans featurings,0.961039127501666
sans featurings,0.9381183867412733
sans featurings,0.9617638168079379
sans featurings,0.9107543627580629
sans featurings,0.954438270761221
sans featurings,0.9491833229703306
sans featurings,0.9024315400736559
sans featurings,0.9505671626136102
sans featurings,0.9076911673304789
sans featurings,0.9795138889224123
sans featurings,0.9382874369480251
sans featurings,0.9294633168712656
sans featurings,0.923940844110433
sans featurings,0.8698477143116378
sans featurings,0.9919562568730169
sans featurings,0.9279231313318006
sans featurings,0.9450700070501727
sans featurings,0.8928310120692259
sans featurings,0.9113049783469548
sans featurings,0.9373235170343042
sans featurings,0.9787714331893234
sans featurings,0.9274643865922715
sans featurings,0.9121930824389536
sans featurings,1.0128464220126034
sans featurings,0.9201639158422115
sans featurings,0.9898507879001468
sans featurings,0.9542965491657567
sans featurings,0.9030637624530069
sans featurings,0.9469505572725238
sans featurings,0.9306805648395589
sans featurings,0.9368695023415071
sans featurings,0.9351919289583672
sans featurings,0.947303720185812
sans featurings,0.9325538801269888
sans featurings,0.9711800903245785
sans featurings,0.9221007241622959
sans featurings,0.9565930493889155
sans featurings,0.9129175651745618
sans featurings,0.9415579391483471
sans featurings,0.9511630852358823
sans featurings,0.9340272377720329
sans featurings,0.8862767927445662
sans featurings,0.8974235043194562
sans featurings,0.9856724297589216
sans featurings,0.9220839297363503
sans featurings,0.925386685835919
sans featurings,0.9144241641471981
sans featurings,0.9193202671328853
sans featurings,0.954233130434924
sans featurings,0.937969769704503
sans featurings,0.9333663588501746
sans featurings,0.9295959783210019
sans featurings,0.9855419436844365
sans featurings,0.8761887523486224
sans featurings,0.9169883468693673
sans featurings,0.9336555845841207
sans featurings,0.9490231703887724
sans featurings,0.9133159256125261
sans featurings,0.9391717424161359
sans featurings,0.8770769030728046
sans featurings,0.9586914787473914
sans featurings,0.9964671210445052
sans featurings,0.9091899456050222
sans featurings,0.9141853985553369
sans featurings,0.9367346788158676
sans featurings,0.9605756370941696
sans featurings,0.9643292886556429
sans featurings,0.9530659641260502
sans featurings,0.9847290723304534
sans featurings,0.914876693987709
sans featurings,0.9309694264159523
sans featurings,0.897041877065422
sans featurings,0.9682056025054355
sans featurings,0.9566828140747674
sans featurings,0.9591921684075667
sans featurings,0.9480896399510284
sans featurings,0.9663232430185329
sans featurings,0.9725474166241515
sans featurings,0.8947585827970368
sans featurings,0.9596272791601257
sans featurings,0.9528341992556407
sans featurings,0.914612961155286
sans featurings,0.9503589152864804
sans featurings,0.993272747749795
sans featurings,0.9659221690798043
sans featurings,0.927198049793534
sans featurings,0.9385665277463944
sans featurings,0.9738840444757932
sans featurings,0.9361778128155029
sans featurings,0.9593218961323362
sans featurings,0.9438274082212568
sans featurings,0.9777732387803623
sans featurings,0.9119292051707727
sans featurings,0.9411228771837891
sans featurings,0.9494177086116634
sans featurings,0.9358383377838932
sans featurings,0.9230633029095826
sans featurings,0.9672577534026158
sans featurings,0.9455459920983389
sans featurings,0.9604287216359648
sans featurings,0.9529001528497664
sans featurings,0.9364743008111537
sans featurings,1.0129018595171075
sans featurings,0.9509568325583794
sans featurings,0.9843421079782568
sans featurings,0.9451506928747913
sans featurings,0.9592962827745881
sans featurings,0.9256891581716719
sans featurings,0.9031384072014864
sans featurings,1.0036747847792853
sans featurings,0.9230438642158905
sans featurings,0.9985698747270693
sans featurings,0.9230776788577613
sans featurings,0.9065616676510786
sans featurings,0.9070952050583361
sans featurings,0.9167089099998106
sans featurings,0.9714677626365081
sans featurings,0.9581291870894275
sans featurings,0.9880149711659484
sans featurings,0.9719024273007036
sans featurings,0.9280198191853565
sans featurings,0.9027909152936725
sans featurings,0.932071623967035
sans featurings,0.9319065206929111
sans featurings,0.9117070281809426
sans featurings,0.9822299608796556
sans featurings,0.9166473231617459
sans featurings,0.9424681433634354
sans featurings,0.9012315555982282
sans featurings,0.9442098343746869
sans featurings,0.905573486017479
sans featurings,0.9631096232023344
sans featurings,0.8917888629934246
sans featurings,0.9411644748426873
sans featurings,0.8763468886049083
sans featurings,0.9268247749893809
sans featurings,0.8889160263338447
sans featurings,0.9263021128946398
sans featurings,0.9360001188836298
sans featurings,0.8960346415090455
sans featurings,1.0092354449169831
sans featurings,0.9410209495199333
sans featurings,0.9132404193614496
sans featurings,0.9367286494199359
sans featurings,0.9120253893164298
sans featurings,0.9644514106775453
sans featurings,0.9291189684089549
sans featurings,0.9056431899991886
sans featurings,0.9388373239735648
sans featurings,0.9679250654223691
sans featurings,0.9524782252745072
sans featurings,0.935442461479291
sans featurings,0.9251274482970646
sans featurings,0.9254660289239317
sans featurings,0.9420113496351209
sans featurings,0.9121392916532461
sans featurings,0.9489107559725829
sans featurings,0.965267640499481
sans featurings,0.9509130412207154
sans featurings,0.8619701983085051
sans featurings,0.9228901171182022
sans featurings,0.9439632078933702
sans featurings,0.90639930183494
sans featurings,0.9222079319502264
sans featurings,0.9306402238002771
sans featurings,0.925855676053781
sans featurings,0.888639812885982
sans featurings,0.9400891601245305
sans featurings,0.9595684150610361
sans featurings,0.9932967876427126
sans featurings,0.9424099956377745
sans featurings,0.9512577920195466
sans featurings,0.9598114082300057
sans featurings,0.9464143795138187
sans featurings,0.97524075752321
sans featurings,0.9281412185344632
sans featurings,0.940276841940503
sans featurings,0.9399338543515889
sans featurings,0.9147842231830332
sans featurings,0.9368911940323774
sans featurings,0.9094247055098955
sans featurings,0.9528499827215756
sans featurings,0.8821129674543526
sans featurings,0.9423799916637071
sans featurings,0.9501478361382486
sans featurings,0.9653910039160498
sans featurings,0.9638586885891832
sans featurings,0.9428205166433701
sans featurings,0.9432474861791339
sans featurings,0.9430418106513111
sans featurings,0.9558403112816796
sans featurings,0.9449568632509532
sans featurings,0.9778761991196092
sans featurings,0.9830776025279114
sans featurings,0.9168466420773064
sans featurings,0.971559938184388
sans featurings,0.9273004588077738
sans featurings,0.9781665556724054
sans featurings,0.8996115525678441
sans featurings,0.9699886818181181
sans featurings,0.9236787244834299
sans featurings,0.9484242927147946
sans featurings,0.9602643073014228
sans featurings,0.9370746383237369
sans featurings,0.9363652211238549
sans featurings,0.9677149029337139
sans featurings,0.8814037865544443
sans featurings,0.9118798324495914
sans featurings,0.9192950790268904
sans featurings,0.9769309109797085
sans featurings,0.9669857382093562
sans featurings,0.971154924644764
sans featurings,0.9214279399836056
sans featurings,0.9730685272644669
sans featurings,0.9124971010685795
sans featurings,0.9303965630841464
sans featurings,0.8994514786409623
sans featurings,0.8947970102398944
sans featurings,0.9324824572966647
sans featurings,0.9068371428404396
sans featurings,0.9205392037685276
sans featurings,0.9807445848250059
sans featurings,0.9802539011770174
sans featurings,0.9104309548390244
sans featurings,0.9199731572904714
sans featurings,0.9065290707564994
sans featurings,0.9853203900371889
sans featurings,0.9384610391188523
sans featurings,0.9528300539067235
sans featurings,0.9418108568247326
sans featurings,0.921665150734777
sans featurings,0.9668177079263848
sans featurings,0.9767275520259602
sans featurings,0.9305057468055052
sans featurings,0.9556024259503417
sans featurings,0.9399077899057309
sans featurings,0.914664750712553
sans featurings,0.9515085992232607
sans featurings,0.9589176608838892
sans featurings,0.9451079375758352
sans featurings,0.9006101945739466
sans featurings,0.9336243455929895
sans featurings,0.949967044489278
sans featurings,0.9628985554845743
sans featurings,0.9559342675761425
sans featurings,0.8638763614387881
sans featurings,0.9277344207552053
sans featurings,0.9260704582873084
sans featurings,0.9358728265954565
sans featurings,0.94345189618039
sans featurings,0.9247587482003735
sans featurings,0.9253257946524512
sans featurings,0.9237785545008483
sans featurings,0.9171041635870492
sans featurings,0.9090393853860493
sans featurings,0.9215289515390039
sans featurings,0.916937274367654
sans featurings,0.8968935570101713
sans featurings,0.9377217077184663
sans featurings,0.9141619481786517
sans featurings,0.9152864965186083
sans featurings,0.9378076560450437
sans featurings,0.9059028930236258
sans featurings,0.9908399253480813
sans featurings,0.8968908121016452
sans featurings,0.8983973412640419
sans featurings,0.9829121254323309
sans featurings,0.8907787230410087
sans featurings,0.9599223080638083
sans featurings,0.9447329429019828
sans featurings,0.9925172902379267
sans featurings,0.924130497306928
sans featurings,0.9795629784435452
sans featurings,0.9284264148726065
sans featurings,0.9467662551732213
sans featurings,0.9246532746519512
sans featurings,0.951943429408475
sans featurings,0.9565278759304705
sans featurings,0.9320022795497818
sans featurings,0.9644780262431825
sans featurings,0.9256459240665366
sans featurings,0.9112106902110789
sans featurings,0.9721861683021482
sans featurings,0.9468854281511107
sans featurings,0.9119686536488486
sans featurings,0.9269669280299698
sans featurings,0.9908696574019576
sans featurings,0.9097995172851382
sans featurings,0.9190290358535029
sans featurings,0.9131581549548384
sans featurings,0.950315718712677
sans featurings,0.8880847634701449
sans featurings,0.9403964180810565
sans featurings,0.9121661264343252
sans featurings,0.9010580876786103
sans featurings,0.9836251818456093
sans featurings,0.9157071645485089
sans featurings,0.961060819325408
sans featurings,0.9560020391324733
sans featurings,0.9682274601273254
sans featurings,0.9283060962015652
sans featurings,0.9398076381000241
sans featurings,0.9150685881142273
sans featurings,0.9349058984309382
sans featurings,0.9617550462644834
sans featurings,0.894993904495467
sans featurings,0.937973665826106
sans featurings,0.9024011737123279
sans featurings,0.962673645415734
sans featurings,0.9016074524594793
sans featurings,0.9642407530771976
sans featurings,0.9424119370585318
sans featurings,0.9578301522469975
sans featurings,0.8441644200571158
sans featurings,0.9487315080890422
sans featurings,0.8942016905326072
sans featurings,0.9195639055980517
sans featurings,0.9424559520048504
sans featurings,0.9394534800440841
sans featurings,0.9425272795444279
sans featurings,0.9847478976193501
sans featurings,0.9133816910942929
sans featurings,0.8934045025343547
sans featurings,0.8923463551165055
sans featurings,0.9056112535796277
sans featurings,0.9521408688172658
sans featurings,0.9122458792069265
sans featurings,0.9655309520041158
sans featurings,0.9374843500523823
sans featurings,0.9388958575864829
sans featurings,0.9612963024354869
sans featurings,0.9429804976506215
sans featurings,0.9422406368415167
sans featurings,0.9430938622111408
sans featurings,0.9304028828429585
sans featurings,0.9713139880466495
sans featurings,0.9431098616361407
sans featurings,0.9278858951041115
sans featurings,0.9115123717255411
sans featurings,0.9330702081516977
sans featurings,0.9822047891494826
sans featurings,0.9312588633758294
sans featurings,0.9391163153731797
sans featurings,0.8911600364026733
sans featurings,0.954716927997529
sans featurings,0.9696163494839513
sans featurings,0.9437219473428138
sans featurings,0.9351215604813766
sans featurings,0.9687986462232381
sans featurings,0.9126084835826405
sans featurings,0.9606220845495614
sans featurings,0.969092653912982
sans featurings,1.0017724857146133
sans featurings,0.9380894523470623
sans featurings,0.9453563399879529
sans featurings,0.9567503620580509
sans featurings,0.9458868836829202
sans featurings,0.8986277244200641
sans featurings,0.9282373871175863
sans featurings,0.9546257252401358
sans featurings,0.982343215126008
sans featurings,0.9131458182514234
sans featurings,0.9113245354067133
sans featurings,0.9171495534093822
sans featurings,0.8991074072114308
sans featurings,0.9417355869513299
sans featurings,0.9630779148021142
sans featurings,0.9736231580548107
sans featurings,0.8923193680649784
sans featurings,0.9799265999256981
sans featurings,0.9356623904223034
sans featurings,0.9728585324994169
sans featurings,0.9755952735029427
sans featurings,0.9394149800285065
sans featurings,0.8988072102687871
sans featurings,0.8807588681067118
sans featurings,0.9788701107943096
sans featurings,0.9512507103665908
sans featurings,0.9413529221039871
sans featurings,0.9154013180300897
sans featurings,0.9775530093690343
sans featurings,0.9542039010224044
sans featurings,0.9594920055632128
sans featurings,0.9300607121140981
sans featurings,0.9044493561482007
sans featurings,0.9221613309398567
sans featurings,0.9314312947779616
sans featurings,0.9163486187107617
sans featurings,0.9527004633489844
sans featurings,0.9617408297246544
sans featurings,0.9535460496588597
sans featurings,0.9415131588783601
sans featurings,0.9270971041473309
sans featurings,0.9585017659767668
sans featurings,0.9364700386673713
sans featurings,0.958642710935283
sans featurings,0.9076090795616648
sans featurings,0.9803547285086609
sans featurings,0.9117478019362536
sans featurings,0.9550608195560327
sans featurings,0.9519937535730012
sans featurings,0.9277205201150278
sans featurings,0.9724027358340767
sans featurings,0.9119966321476131
sans featurings,0.9646521662289949
sans featurings,0.8950444453411122
sans featurings,0.9703332400730487
sans featurings,0.9183005006649966
sans featurings,0.9957217337120995
sans featurings,0.9154359742906921
sans featurings,0.9413907885630183
sans featurings,0.906150921180511
sans featurings,0.89068241957153
sans featurings,0.9113571585075875
sans featurings,0.8670391945731776
sans featurings,0.9111835048449345
sans featurings,0.9325624287021204
sans featurings,0.917689322906903
sans featurings,0.895170033066407
sans featurings,0.9321583331029968
sans featurings,0.9606413808340162
sans featurings,0.929906320970042
sans featurings,0.966990659889641
sans featurings,0.9137282910700326
sans featurings,0.9041623138398799
sans featurings,0.9334519167228109
sans featurings,0.9347267571054584
sans featurings,0.9406815084835103
sans featurings,0.9255162578512597
sans featurings,0.9229144938453312
sans featurings,0.9133987810527299
sans featurings,0.9282071396303302
sans featurings,0.9680594622581993
sans featurings,0.9212209037499292
sans featurings,0.9476713911312686
sans featurings,0.9807905871831476
sans featurings,0.9165659153779904
sans featurings,0.8948876897681385
sans featurings,0.9127729551804834
sans featurings,0.8960360729508496
sans featurings,0.9495295409934662
sans featurings,0.9040202077246069
sans featurings,0.9496485269790833
sans featurings,0.9555140490702526
sans featurings,0.9067588501342468
sans featurings,0.9411409062616127
sans featurings,0.9765645312976233
sans featurings,0.9542242606118473
sans featurings,0.9269835944104096
sans featurings,0.9746605974639356
sans featurings,0.9905519209489654
sans featurings,0.9461771253846508
sans featurings,0.9142528089034008
sans featurings,0.861688070445419
sans featurings,0.945368694882698
sans featurings,0.9134172912458434
sans featurings,0.9764371816623959
sans featurings,0.9354659288835802
sans featurings,0.9116229947396184
sans featurings,0.8868070565202373
sans featurings,0.9179361382909633
sans featurings,0.9138836994899877
sans featurings,0.9291404998304836
sans featurings,0.947690085184831
sans featurings,0.9411866592205543
sans featurings,0.9198200779161504
sans featurings,0.8898162677250417
sans featurings,0.9251687002078228
sans featurings,0.9350738481802391
sans featurings,0.9894189128811856
sans featurings,0.9455372001757394
sans featurings,0.9147053378535166
sans featurings,0.8479742343061119
sans featurings,0.9993270029932715
sans featurings,0.9303541106463654
sans featurings,0.9501163236775346
sans featurings,0.9591952540288967
sans featurings,0.9086648404951303
sans featurings,0.9868288475046527
sans featurings,0.9392966477374474
sans featurings,0.9548646907053394
sans featurings,0.9183112486836417
sans featurings,0.9338353626586026
sans featurings,0.9087775067093613
sans featurings,0.9306265326235366
sans featurings,0.9097363955031845
sans featurings,0.9046032630966554
sans featurings,0.9108074716682724
sans featurings,0.9516560253135637
sans featurings,0.9357236525083829
sans featurings,0.9627034416759518
sans featurings,0.987617397993579
sans featurings,0.9189719927916863
sans featurings,0.9745577521221916
sans featurings,0.9398764138375336
sans featurings,0.9524436403984292
sans featurings,0.913181035210454
sans featurings,0.9590529592920616
sans featurings,0.9105166216852281
sans featurings,1.003940978777988
sans featurings,0.8963405443590857
sans featurings,0.9306262328394331
sans featurings,0.9760017712241122
sans featurings,0.9613541564867714
sans featurings,0.9256801263339074
sans featurings,0.9514787116226384
sans featurings,0.9568165657629503
sans featurings,0.9390734968925625
sans featurings,0.8983551113418901
sans featurings,0.8924281564627604
sans featurings,0.9169235304022638
sans featurings,0.9374650977859519
sans featurings,0.9466925482666019
sans featurings,0.9459620773506752
sans featurings,0.9014290762747994
sans featurings,0.9488985743355968
sans featurings,0.9279957133018508
sans featurings,0.9396258854176824
sans featurings,0.8864771708832693
sans featurings,0.9011536867382763
sans featurings,0.9415181142186919
sans featurings,0.922839052462427
sans featurings,0.9040563310979567
sans featurings,0.9783982545193565
sans featurings,0.9472087784742121
sans featurings,0.9351783217286768
sans featurings,0.8811193086722706
sans featurings,0.9566394638243074
sans featurings,0.9188424308378855
sans featurings,0.9021490857047969
sans featurings,0.8985453028879941
sans featurings,0.9382352403704537
sans featurings,0.9716826725932175
sans featurings,0.9041436668711833
sans featurings,0.9482978997270995
sans featurings,0.9673563549219142
sans featurings,0.9609306976299606
sans featurings,0.9822460628959792
sans featurings,0.9334175539424702
sans featurings,0.9407140785429484
sans featurings,0.9210375028202327
sans featurings,0.8727591743889793
sans featurings,0.9017247588252341
sans featurings,0.9510574448899549
sans featurings,0.9443214156503491
sans featurings,0.9052801537568936
sans featurings,0.8914786627849831
sans featurings,0.8795825897120776
sans featurings,0.9296062685912561
sans featurings,0.9137442528602693
sans featurings,0.9512590331838308
sans featurings,0.8648776510062648
sans featurings,0.9239998925629592
sans featurings,0.9526853505978236
sans featurings,0.8884840179277823
sans featurings,0.9414763206711462
sans featurings,0.9108374346097924
sans featurings,0.9871611440362947
sans featurings,0.9183406251007685
sans featurings,0.952111354205128
sans featurings,0.9007709899335316
sans featurings,0.9676234732832689
sans featurings,0.9282085910328826
sans featurings,0.9452298002109984
sans featurings,0.9302058593289435
sans featurings,0.9346492928201016
sans featurings,0.955932404521476
sans featurings,0.9289357262004051
sans featurings,0.9752038139250301
sans featurings,0.9368032016558676
sans featurings,0.9303217059903066
sans featurings,0.944110451094349
sans featurings,0.9025221250459162
sans featurings,0.9764430688460745
sans featurings,0.9196891605985251
sans featurings,0.9663269440040867
sans featurings,0.9303676275362668
sans featurings,0.9172312071855312
sans featurings,0.9872425407244423
sans featurings,0.9153756258930413
sans featurings,0.9899600276124717
sans featurings,0.945716230454656
sans featurings,0.9013378718494577
sans featurings,0.9107730912997215
sans featurings,0.9706644688807355
sans featurings,0.9488491303304463
sans featurings,0.9876053199567908
sans featurings,0.9673389705812973
sans featurings,0.9651420006474123
sans featurings,0.9366257898528899
sans featurings,0.929758638963403
sans featurings,0.9791098015038406
sans featurings,0.948598091061099
sans featurings,0.9205185795046392
sans featurings,0.9661415544153596
sans featurings,0.948210546482633
sans featurings,0.9122621385347343
sans featurings,0.9482835566080828
sans featurings,0.9172212878019376
sans featurings,0.9487086416890083
sans featurings,0.9324791296552154
sans featurings,0.9861151383080422
sans featurings,0.9125016496914103
sans featurings,0.9564569527401219
sans featurings,0.915375262265471
sans featurings,0.9277998922243651
sans featurings,0.9629268884954049
sans featurings,0.9187443681025864
sans featurings,0.9777970658587686
sans featurings,0.9259067959350207
sans featurings,0.9254394199803806
sans featurings,0.896472573471561
sans featurings,0.9661064547011222
sans featurings,0.9985694486727964
sans featurings,0.9125106272828564
sans featurings,0.9307560629091541
sans featurings,0.9591997043274686
sans featurings,0.9654808693743552
sans featurings,0.9387273794416844
sans featurings,0.9007406152485526
sans featurings,0.9422575906535607
sans featurings,0.9251476491450017
sans featurings,0.9438458866039079
sans featurings,0.9696224576047374
sans featurings,0.9181790988512429
sans featurings,0.9059928542365674
sans featurings,0.921901945400175
sans featurings,0.9283357642396555
sans featurings,0.9318414923143334
sans featurings,0.9607359017532016
sans featurings,0.9538245221341356
sans featurings,0.9469477458536234
sans featurings,0.9979031139770641
sans featurings,0.9624796072773959
sans featurings,0.9450489553717518
sans featurings,0.9566599666460939
sans featurings,0.9645146095016984
sans featurings,0.9135575747191576
sans featurings,0.926166076548521
sans featurings,0.924406993409845
sans featurings,0.9435349035808687
sans featurings,1.0000612831012425
sans featurings,0.9465648316707053
sans featurings,0.9595961211827667
sans featurings,0.9059298707652566
sans featurings,0.9071523761802864
sans featurings,0.9415508818795598
sans featurings,0.9686149570182631
sans featurings,0.9299067550339988
sans featurings,0.9573000357365945
sans featurings,0.9152153118186117
sans featurings,0.924097127798621
sans featurings,0.9029698176371247
sans featurings,0.9114029776913096
sans featurings,0.9678617330377259
sans featurings,0.9459526569396985
sans featurings,0.9506465487436914
sans featurings,0.9122486188651963
sans featurings,0.8818711855498631
sans featurings,0.9457406291830317
sans featurings,0.935165712763273
sans featurings,0.9197085215047506
sans featurings,0.976355058560654
sans featurings,0.8605406727466463
sans featurings,0.910806118909201
sans featurings,0.9074587550679403
sans featurings,0.9145264295344251
sans featurings,0.9179523614492701
sans featurings,0.9275399493327106
sans featurings,0.9367078764069103
sans featurings,0.9020936623735494
sans featurings,0.9474549706744185
sans featurings,0.896585965777225
sans featurings,0.9688979885211703
sans featurings,0.9758151186924579
sans featurings,0.9582464882821986
sans featurings,0.9469791615464737
sans featurings,0.9339922241236838
sans featurings,0.923762945020878
sans featurings,0.9226122860996719
sans featurings,0.8960179235643089
sans featurings,0.9162722986405658
sans featurings,0.9017905990425169
sans featurings,0.9773270152744681
sans featurings,0.9489619618810303
sans featurings,0.9033574701104605
sans featurings,0.9864629626248574
sans featurings,0.9199091092777699
sans featurings,0.9642891752275669
sans featurings,0.9564098756632952
sans featurings,0.9749812589450781
sans featurings,0.9676855001328145
sans featurings,0.957223227205574
sans featurings,0.9041657260444396
sans featurings,0.9339310566853997
sans featurings,0.9249431534132785
sans featurings,0.965616412635027
sans featurings,0.9824960890987501
sans featurings,0.950746642898264
sans featurings,0.9587270857376755
sans featurings,0.9163486187107617
sans featurings,0.900625018207722
sans featurings,0.885554858697074
sans featurings,0.9972246624266581
sans featurings,0.9322075991903197
sans featurings,0.9284343672322529
sans featurings,0.9315212353571198
sans featurings,0.9118477245297365
sans featurings,0.9595521346920789
sans featurings,0.886555410365184
sans featurings,0.9540700152146155
sans featurings,0.8908545969324366
sans featurings,0.9579378780948969
sans featurings,0.9001063088827944
sans featurings,0.87790379443302
sans featurings,0.9721837844149623
sans featurings,0.9031850683754689
sans featurings,0.9326384462938054
sans featurings,0.9318501825931963
sans featurings,0.9313697900052555
sans featurings,0.8810130197113872
sans featurings,0.8893721535423272
sans featurings,0.9273456336758277
sans featurings,0.9105198529667476
sans featurings,0.9236274444954796
sans featurings,0.9445408302588308
sans featurings,0.967983088425913
sans featurings,0.9051267179545561
sans featurings,0.9842508748589933
sans featurings,0.9660759369893717
sans featurings,0.9935771228419554
sans featurings,0.981663688328224
sans featurings,0.9845677713397519
sans featurings,0.9528099213868834
sans featurings,0.9851071688222001
sans featurings,0.9407353303372341
sans featurings,0.9130522898832616
sans featurings,0.9502662523368359
sans featurings,0.9343035002028355
sans featurings,0.9013956535144299
sans featurings,0.9205154700684323
sans featurings,0.9072584231620754
sans featurings,0.9635297727621759
sans featurings,0.8805108583985711
sans featurings,0.9368340496711122
sans featurings,0.899265927971974
sans featurings,0.9496792411344308
sans featurings,0.9036844846573164
sans featurings,0.9932654629957919
sans featurings,0.925822775345219
sans featurings,0.9592481471721568
sans featurings,0.9051741124415845
sans featurings,0.911886393385705
sans featurings,0.9610894420919387
sans featurings,1.0082801599464881
sans featurings,0.9313226003004931
sans featurings,0.9320718069903698
sans featurings,0.9049036275526932
sans featurings,0.9140501228841802
sans featurings,0.895778196036917
sans featurings,0.9398465186044637
sans featurings,0.9419280270889305
sans featurings,0.9379088450661819
sans featurings,0.965045814105054
sans featurings,0.9158079278839046
sans featurings,0.9727702551242841
sans featurings,0.9425893416070479
sans featurings,0.9445571548103723
sans featurings,0.9453388445521484
sans featurings,0.9758380280152724
sans featurings,0.9444105346066198
sans featurings,1.0215678114987188
sans featurings,0.9423537835130654
sans featurings,0.9412745933653304
sans featurings,0.9428757789296471
sans featurings,0.8799344638147601
sans featurings,0.955480227339118
sans featurings,0.9496998466773903
sans featurings,0.9405679860912651
sans featurings,0.9540997215850755
sans featurings,0.9214581187413788
sans featurings,0.9567288409447509
sans featurings,0.9245266576927528
sans featurings,0.888131507651915
sans featurings,0.9454112630024445
sans featurings,0.9423540644470686
sans featurings,0.9375897472021021
sans featurings,0.927694460797977
sans featurings,0.9790660182004111
sans featurings,0.9118691729983416
sans featurings,0.9209346969395051
sans featurings,0.9578100357529128
sans featurings,0.884272056132432
sans featurings,0.8935704294173851
sans featurings,0.9547998393577944
sans featurings,0.923404100457758
sans featurings,0.8977487439084496
sans featurings,0.9442869831610229
sans featurings,0.9307834055107982
sans featurings,0.9178133657672445
sans featurings,0.8489126382933226
sans featurings,0.9060951736916796
sans featurings,0.9548188313464534
sans featurings,0.9411422016070428
sans featurings,0.8930188229154077
sans featurings,0.9680396920495152
sans featurings,0.9553577436295304
sans featurings,0.8933595274511433
sans featurings,0.899139236251637
sans featurings,0.953905724409766
sans featurings,0.9569812503493982
sans featurings,0.9328560379443445
sans featurings,0.9452966696661971
sans featurings,0.9649465314495501
sans featurings,0.9444612946221749
sans featurings,0.9327495951550534
sans featurings,0.9454873651645543
sans featurings,0.8910889607109435
sans featurings,0.963947898490163
sans featurings,0.9075398522932815
sans featurings,0.9777190455188707
sans featurings,0.8809164906488869
sans featurings,0.9042557019373018
sans featurings,0.9296194593057507
sans featurings,0.9680938502489265
sans featurings,0.9270652439960929
sans featurings,1.0097478046579698
sans featurings,0.9061669759731881
sans featurings,0.9429927108557153
sans featurings,0.9421313802663367
sans featurings,0.936166828391049
sans featurings,0.9377910393277629
sans featurings,0.8761096484258168
sans featurings,0.918186057176326
sans featurings,0.9670548336821435
sans featurings,0.9238885480171396
sans featurings,0.9634051385385771
sans featurings,0.912010227915823
sans featurings,0.958336188739174
sans featurings,0.9217375441086375
sans featurings,0.9396860460284249
sans featurings,0.909299632046676
sans featurings,0.9008426578093714
sans featurings,0.8935392570593491
sans featurings,0.9274698930395415
sans featurings,0.9190091598305875
sans featurings,0.8954817366200917
sans featurings,0.9735414031498649
sans featurings,0.9039970657694099
sans featurings,0.953314121830495
sans featurings,0.9090864686856021
sans featurings,0.9225442196860331
sans featurings,0.9626445463445069
sans featurings,0.9478682108611137
sans featurings,0.914453882678725
sans featurings,0.9042904625707848
sans featurings,0.9469702389966779
sans featurings,0.9476616340790182
sans featurings,0.9334600798410458
sans featurings,0.9265194071080035
sans featurings,0.939516593859486
sans featurings,0.9272208804598848
sans featurings,0.907243393588829
sans featurings,0.928380626900979
sans featurings,0.9051698794257653
sans featurings,0.9700633670086817
sans featurings,0.9331176118056308
sans featurings,0.9377060706794347
sans featurings,0.9373624961699214
sans featurings,0.9619396717426852
sans featurings,0.9430802029179478
sans featurings,0.9234269374895142
sans featurings,0.9523931760929474
sans featurings,0.9933611713654966
sans featurings,0.9088006186001237
sans featurings,0.936383657212547
sans featurings,0.9378152699340541
sans featurings,0.9716597852701774
sans featurings,0.950218114248246
sans featurings,0.9226232004042337
sans featurings,0.9343349261842009
sans featurings,0.9022625211256196
sans featurings,0.9276862922501983
sans featurings,0.9372660093756996
sans featurings,0.9267576769526685
sans featurings,0.8854086035732904
sans featurings,0.9691668173779165
sans featurings,0.8942053735079764
sans featurings,0.9131892304680951
sans featurings,0.9154728092608203
sans featurings,0.9586911808005261
sans featurings,0.9042464204959919
sans featurings,0.9244250252712539
sans featurings,0.9385743666074361
sans featurings,0.9382794554336378
sans featurings,0.9616769056125201
sans featurings,0.9225427663585286
sans featurings,0.9155562886602209
sans featurings,0.9355899595509594
sans featurings,0.9383619476281106
sans featurings,0.9354239390713107
sans featurings,0.9118670422636341
sans featurings,0.9214318706885909
sans featurings,0.9630700124483047
sans featurings,0.9032972163532773
sans featurings,0.921420703211232
sans featurings,0.9405153013219255
sans featurings,0.9635291532746822
sans featurings,0.9247923889643218
sans featurings,0.9440785612904805
sans featurings,0.9170986608799518
sans featurings,0.954710682421014
sans featurings,0.9799166360068514
sans featurings,0.9072218675017271
sans featurings,0.9184132133713452
sans featurings,0.9381068365631188
sans featurings,0.9484393452229694
sans featurings,0.9581676274189183
sans featurings,0.9754959720483533
sans featurings,0.9661896698701161
sans featurings,0.9550270444024708
sans featurings,0.9139256530119257
sans featurings,0.9242191923745272
sans featurings,0.9100979172063448
sans featurings,0.983836357563827
sans featurings,0.922095558236946
sans featurings,0.9706457126729359
sans featurings,0.9217964848905651
sans featurings,0.9337551667272173
sans featurings,0.9319646917477982
sans featurings,0.904141043104031
sans featurings,0.9340025543869686
sans featurings,0.9477615990312188
sans featurings,0.901517036027798
sans featurings,0.9232812565633884
sans featurings,0.9545887207140764
sans featurings,0.9700187049142497
sans featurings,0.9141581019408478
sans featurings,0.9053837765438933
sans featurings,0.9401760896298602
sans featurings,0.9344333317344732
sans featurings,0.9482836409979312
sans featurings,0.9192450696523354
sans featurings,0.8908098541470758
sans featurings,0.9726913550921151
sans featurings,0.9228104736921152
sans featurings,0.980582885908335
sans featurings,0.9169421939259745
sans featurings,0.9329179633539983
sans featurings,0.8984184383434078
sans featurings,0.9808835531676416
sans featurings,0.966630946852376
sans featurings,0.9546120586611451
sans featurings,0.9798844880991426
sans featurings,0.9128989447274789
sans featurings,0.8999299061529692
sans featurings,0.921153336775697
sans featurings,0.9368373687499537
sans featurings,0.9588423631361869
sans featurings,0.9599657938492226
sans featurings,0.936984283096681
sans featurings,0.9462102992691912
sans featurings,0.8905896316562182
sans featurings,0.9168188233240352
sans featurings,0.973079510142046
sans featurings,0.9492580940666653
sans featurings,0.9282529462018677
sans featurings,0.8822519533935573
sans featurings,0.9075976049315817
sans featurings,0.9435165727111289
sans featurings,0.9156077728599351
sans featurings,0.9160654645144006
sans featurings,0.9818921449329177
sans featurings,0.9249574388471655
sans featurings,0.9723560860631077
sans featurings,0.9291062283313285
sans featurings,0.9412003457920534
sans featurings,0.9407093025937183
sans featurings,0.9310321868179826
sans featurings,0.905300940686796
sans featurings,0.9592108777592592
sans featurings,0.9542538850765743
sans featurings,0.8833902501674045
sans featurings,0.9256222968914268
sans featurings,0.9419955621449639
sans featurings,0.9424568664610165
sans featurings,0.8884234569028886
sans featurings,0.9469876811303569
sans featurings,0.929475798447086
sans featurings,0.9874518830760055
sans featurings,0.9233231529493224
sans featurings,0.9596863103601497
sans featurings,0.9055987383294326
sans featurings,1.0033444983579693
sans featurings,0.9218541869232885
sans featurings,0.9236758596124603
sans featurings,0.9267662030729604
sans featurings,0.9397443487123724
sans featurings,0.9112305191517587
sans featurings,0.9641205758578906
sans featurings,0.9129016632751338
sans featurings,0.9354620029227619
sans featurings,0.9125893536890245
sans featurings,0.9151438014433202
sans featurings,0.9651610740995035
sans featurings,0.9666238348031899
sans featurings,0.8937848214808296
sans featurings,0.9464103409583523
sans featurings,0.9293006006066876
sans featurings,0.926864689990643
sans featurings,0.9813139236209462
sans featurings,0.9463697873492888
sans featurings,0.9242325409313676
sans featurings,0.8985815282879311
sans featurings,0.8709019174247163
sans featurings,0.9475295617497264
sans featurings,0.8932476206660531
sans featurings,0.9195407376686157
sans featurings,0.9082358587342151
sans featurings,0.9037586372870609
sans featurings,0.9658434444845246
sans featurings,0.9468244733792787
sans featurings,0.9705024517076347
sans featurings,0.925253545270032
sans featurings,0.9063878235412491
sans featurings,0.9256708291292474
sans featurings,0.9728660895188695
sans featurings,0.9485226803427788
sans featurings,0.8865639708397328
sans featurings,0.9468143308759315
sans featurings,0.9301736712538724
sans featurings,0.9284299715415926
sans featurings,0.9301200671516843
sans featurings,0.9372709906208564
sans featurings,0.9509829843678801
sans featurings,0.8909361661842865
sans featurings,0.950696029786375
sans featurings,0.9181272996197927
sans featurings,0.9422561209925622
sans featurings,0.8953274461967033
sans featurings,0.946262278745178
sans featurings,0.9500981465625208
sans featurings,0.9668474995102304
sans featurings,0.9019208745725334
sans featurings,0.9215959141391314
sans featurings,0.9614256907786647
sans featurings,0.8981437034075007
sans featurings,1.0045456091250946
sans featurings,0.8837080807075668
sans featurings,0.9100849048667174
sans featurings,0.9620757031400818
sans featurings,0.9466516348495267
sans featurings,0.9255040503406825
sans featurings,0.9248389216346647
sans featurings,0.9597897999451906
sans featurings,0.901469092584914
sans featurings,0.9985169968388671
sans featurings,0.9363235310523423
sans featurings,0.8646878674410043
sans featurings,0.9312278364092896
sans featurings,1.0047146935933422
sans featurings,0.947776696305503
sans featurings,1.006858570807761
sans featurings,0.9045006462682075
sans featurings,0.9420115866723479
sans featurings,0.9139188551686932
sans featurings,0.9177527991659049
sans featurings,0.9329471318287252
sans featurings,0.9630012028789128
sans featurings,0.9278433670464956
sans featurings,0.9571328708866231
sans featurings,0.9542252692764562
sans featurings,0.9654087236669704
sans featurings,0.9361377212736421
sans featurings,0.947433559907856
sans featurings,0.9133588541991636
sans featurings,0.9097993154045279
sans featurings,0.9657635283466339
sans featurings,0.9691820958952958
sans featurings,0.8876818341559394
sans featurings,0.9493098671149868
sans featurings,0.9467783660841192
sans featurings,0.9326415926248323
sans featurings,0.9438848077458949
sans featurings,0.9384672285461818
sans featurings,0.887456633484942
sans featurings,0.9823409917878797
sans featurings,0.9936249109017316
sans featurings,0.8968184716466435
sans featurings,0.8976077781023191
sans featurings,0.9565842490251092
sans featurings,0.9765552295186837
sans featurings,0.9504232586319231
sans featurings,0.9408442232573593
sans featurings,0.9405982642807262
sans featurings,0.9306150527454221
sans featurings,0.9147250793169481
sans featurings,0.9419485700149607
sans featurings,0.9129637085237237
sans featurings,0.9509882600634085
sans featurings,0.9578739252359558
sans featurings,0.9709340617307629
sans featurings,0.9979921166582046
sans featurings,0.8956417708737517
sans featurings,0.8992528460483508
sans featurings,0.8945327352698001
sans featurings,0.93663024422882
sans featurings,0.9423053406162818
sans featurings,0.9442969398388703
sans featurings,0.9405639342340109
sans featurings,0.916730380619489
sans featurings,0.9668341920385914
sans featurings,0.974274249282839
sans featurings,0.968570378837227
sans featurings,0.8972275892072058
sans featurings,0.9305047454978531
sans featurings,0.9959691281856842
sans featurings,0.9443114434194485
sans featurings,0.9413097575830875
sans featurings,0.9197145928032853
sans featurings,0.9417701598379351
sans featurings,0.8984907160607145
sans featurings,0.9042337277932976
sans featurings,0.8650875502701052
sans featurings,0.9393854755961856
sans featurings,0.9302090865315618
sans featurings,0.9568716321853967
sans featurings,0.9373969986555049
sans featurings,0.9392125162507189
sans featurings,0.9507049426189177
sans featurings,0.8859938030787653
sans featurings,0.9497547772512325
sans featurings,0.957658344227891
sans featurings,0.9034907720888863
sans featurings,0.9170728567365546
sans featurings,0.9533144826042246
sans featurings,0.9318517577860589
sans featurings,0.9063767078604358
sans featurings,0.9333567058994204
sans featurings,0.9740724328470585
sans featurings,0.9601705697908683
sans featurings,0.8832814078536723
sans featurings,0.9080829388255026
sans featurings,0.9949242908217457
sans featurings,0.9556620483945435
sans featurings,0.9772200778277339
sans featurings,0.9934375256221929
sans featurings,0.8660338599362306
sans featurings,0.9401778158958413
sans featurings,0.8978120413231118
sans featurings,0.9581361938650143
sans featurings,0.8859730280608484
sans featurings,0.9348685783157822
sans featurings,0.9379741788710694
sans featurings,0.9160853042502795
sans featurings,0.9122766091134402
sans featurings,0.9534976809709953
sans featurings,0.934534625497124
sans featurings,0.952921883305329
sans featurings,0.9133588541991636
sans featurings,0.9152984317795113
sans featurings,0.9448745605129862
sans featurings,0.9436088829591395
sans featurings,0.8921009217779997
sans featurings,0.945034878126773
sans featurings,0.9564960925216162
sans featurings,0.9405812196964768
sans featurings,0.9381339995023568
sans featurings,0.9866328890942002
sans featurings,0.9751867123741622
