,100 Blaze,13 Block,3010,404Billy,47ter,4Keus,A2H,AM La Scampia,ASHE 22,Abou Debeing,Abou Tall,Alkpote,Alonzo,Alpha Wann,Alrima,Ateyaba,Barack,Beeby,Beendo Z,Bekar,Benab,Benjamin Epps,Bigflo & Oli,Black M,Bolémvn,Booba,Boostee,Bosh,Busta Flex,Butter Bullets,Chilla,Cookiesan,D. Ace,DTF,Dabs,Dadju,Damso,Dandyguel,Davodka,Deen Burbigo,Demi Portion,Denzo,Dibson,Diddi Trix,Dinos,Disiz,Djadja & Dinaz,Dosseh,Eddy de Pretto,Elams,Elh Kmer,F430,Franglish,Freeze Corleone,Fresh laDouille,Furax Barbarossa,GLK,Gambi,Gambino La MG,Gazo,Georgio,Gims,Gradur,Grand Corps Malade,Grems,Guizmo,Guy2Bezbar,Hamza,Hatik,Hayce Lemsi,Heuss L’enfoiré,Hippocampe Fou,Hooss,Hornet La Frappe,Hyacinthe,IAM,ISK,J9ueve,JNR Slice,Jack Uzi,Jarod,Jazzy Bazz,JeanJass,Joe Lucazz,Jok’Air,Jorrdee,Josman,JuL,KIK,KaNoé (BEL),Kaaris,Kalash,Kalash Criminel,Kamikaz,KeBlack,Kekra,Kemmler,Kerchak,Kery James,Koba LaD,Kodes,Kofs,Krisy,La Fouine,La Fève,Lacraps,Lacrim,Lala &ce,Landy,Lartiste,Laylow,Le Juiice,Lefa,Lesram,Leto,Limsa d’Aulnay,Lomepal,Lonepsi,Lord Esperanza,Lorenzo,Lucio Bukowski,Luidji,Lujipeka,Luni Sacks,Luv Resval,Lycos,L’Algérino,MHD,MRC,Mac Tyer,Maes,Maska,McFly & Carlito,Meryl,Mister V,Mister You,Moha K,Moha La Squale,Moubarak,Médine,Nahir,Naps,Naza,Nekfeu,Nemir,Niaks,Ninho,Niro,Niska,Nusky,OBOY,Odezenne,Ol’ Kainry,OrelSan,PLK,PRIME,Prince Waly,R.E.D.K.,RK,Retro X,Ridsa,Rim’K,Riski,Rockin’ Squat,Rohff,Roméo Elvis,Roshi,Rounhaa,S-Pion,S.Pri Noir,SCH,SDM,Sadek,Sam’s,Scylla,Serane,Seth Gueko,Sinik,Sneazzy,So La Lune,Sofiane,Soolking,Sopico,Soprano,Soso Maness,Souffrance,Spider ZED,Still Fresh,Suzuya,Swift Guad,Therapie TAXI,Timal,Tsew The Kid,USKY,UZI (FRA),VII,Vald,Vegedream,Vin’s,Volts Face,Werenoi,YL,Yaro,Younès,Youri,Youssoupha,Youv Dee,Zamdane,Zbig,Ziak,Zikxo,Zkr,Zola,Zuukou Mayzie,​DA Uzi,​nelick,​​okis
100 Blaze,0.0,0.7711213553988963,0.9722369772922935,0.8224487395806317,1.2269264622976612,0.750990518472396,0.929364772916792,0.7155412031016906,0.6230129672658399,1.162739614824912,1.0671156619232143,0.8644646152364234,0.6659932919995959,0.7238843254558439,1.132790567055936,1.0786630606688403,1.008524350563226,0.9372747490493386,0.9916912753666174,0.9567437731236232,0.8820510106184517,0.8454905437071915,0.8292504415937636,0.8850679343011614,0.8296108935476102,0.8693955664899632,1.0973429895551225,0.9812323885451196,0.989230171461609,1.323892950696939,0.8745623933958885,0.8121231403286628,0.9461488283242026,0.8169284892312505,0.6991024738239168,1.016394707871006,0.9838550072592358,0.9382881660789237,1.1913677742950843,0.7728958904488498,0.9844110670992219,1.0142041327668827,0.9700076219399357,1.0425601805237186,0.8261395233425876,1.0367875621828357,0.929035639943773,0.7080437873697923,1.4896225468461972,0.8593237374706423,0.9525056023813664,0.7657903537730981,1.247185425361777,0.9970766444480103,1.0695255319926833,1.111261279216329,0.7072246599024378,0.9717412589003739,0.8930405645444573,0.8842095114884995,0.9055729189478415,0.9329511401828046,0.9697309967962,1.3428484100299143,0.7619292985523074,0.8927763300341592,0.8177674022082925,0.9574964403969459,0.7628540140301414,0.7187892281094631,0.9779883972043841,0.8775860907724002,1.0516986134153508,0.7943422484258814,1.0331762723903457,1.0844573447628825,0.7989988181192079,1.2160115830640483,0.9192370239687022,0.8686985549661101,0.9373199743726606,0.9398874704746166,0.8766094162237107,1.0523013525123497,0.8831422522637133,1.0196271703025284,0.7766051972923698,0.8070382313554622,0.9330539450849422,0.912134355477857,0.7885251109010238,0.8181142094769942,0.7881954400751383,0.9033248912068533,0.9669699006491693,0.7264420252797239,1.0645354218942193,0.9182158441359163,1.0029641872792803,0.7699420976814277,0.8986616442652853,0.8563653098847994,1.1315100811814063,0.7995898993933364,0.8934592017560974,0.875375390472762,0.7867544295815264,0.9640888496375624,0.7149492859625493,0.8457134707460962,0.8870758919698493,1.0348851451717964,0.8292843260536629,1.0099839970098776,0.7893704444564071,1.0236070823056294,1.0285101801566159,1.425970210959639,0.8286329112855791,0.9944668776142239,1.1394176593331016,1.1998587063521755,0.8813791858343781,1.2667654383892133,0.8719521446039693,1.3020942128580737,0.8019368142830087,1.043665638951677,1.2449425626738417,0.9798413330634865,0.7075169195634929,0.8956575841181565,1.2125610740935437,1.0580056451412512,0.7702948884245092,0.8995102523746815,1.0486058845265824,1.2189053653152302,1.141133050771486,0.9184198352797968,0.7625256182794374,1.0976943072407617,0.8914941420703486,0.8612521502268703,1.0050154605071073,0.8745276231152412,0.7169088269621183,0.8141474284337303,0.9140072543162456,0.9077947656881009,1.0354173206865946,1.3688827204013327,0.9426188144390498,0.98215927742757,0.7584371749547185,1.0641483099955755,1.0900318040719958,0.8126325779647771,0.7016824522595442,1.08969630047815,1.259125809739139,1.1935527473413232,1.4231633818640772,1.1175441691016204,0.8223404270617778,0.8948774560595708,1.016344434761974,1.0919378209722326,0.7947699691086513,0.7975911738978596,0.7479212935983099,0.837688184222171,0.8163837505215125,0.7573681388153806,1.074667867885844,1.3483145580851088,0.8340313284543467,0.957679759316268,0.9902960762232127,0.7397116630101938,0.8535458513694768,0.8974172679082613,0.9146048357688705,1.087630343191463,0.8569221189273548,0.8910827158788307,1.4717767681129197,1.2039004142935292,1.187508359916098,0.8888047992028305,1.389829608160718,0.656310040214794,0.9347922352068893,1.1948695760923174,0.8375583502998597,1.185460056433355,0.8016726096298806,1.105103742972379,0.868272260161131,1.1353996723493396,0.914390984868459,0.7130949869782963,0.7605216481388503,1.0794152059687572,1.0338872659909795,0.9054258540395993,0.9094632681080719,0.7145886363178234,0.9087714671194594,0.7355028356896589,0.865688727445967,0.8648411880338766,0.761278741161657,0.915296630940372,0.729319622494593,1.0207935112866016,0.9213719805284977
13 Block,0.7711213553988963,0.0,1.0445844333822705,0.787749787306323,1.2348034272556765,0.8019401369620226,0.8985842304986271,0.8604076727385465,0.8091663380933657,1.13600323731475,1.037608756383868,0.9094161247326306,0.8055665553759064,0.7791422451150868,1.3080749196549506,1.067429029502061,1.1565771969378493,0.9036645714578533,1.0185642568432614,0.8508960826762568,0.859913225490581,0.8851745072027171,0.7739859724307387,0.9771916396801845,0.8245428794942494,0.8681030795801945,1.2391993977337183,0.9954850778234722,0.9122237923571904,1.2560927432237532,0.9702059772738308,0.9030877806772671,1.0514164609587275,0.8637171100836657,0.8059749471526888,1.0735076805477102,1.011348553594272,1.0676164141993694,1.1424917687483107,0.8311299789110859,1.0125133974457332,1.0740445582912697,0.919023797987681,0.9619656455891075,0.8372899482310404,0.945162451476352,1.0595993198778195,0.726178556530397,1.4010695902667196,0.8660446949908505,0.8970966800630124,0.8041535533638043,1.370674924847545,1.0099518777389995,0.9687915751678854,1.1893051553413663,0.8191521822621372,0.9532471068345096,0.9051200073402744,0.8167993600248675,0.8180439365202671,0.9632559775612104,1.021283899767951,1.2700495334093076,0.8584744548199701,0.9870593158273003,0.8783611331980794,1.058762868523356,0.8112854480560064,0.7586684488693393,0.936737539657113,0.9571076378773568,0.9660090237403257,0.7932463140581247,1.0405834525392754,0.9934611968572234,0.779135664274752,1.1517175408624587,0.9374604948987916,0.8828908690056371,0.9796503524055203,0.8618037179107728,0.9945359955378912,0.9418464834635415,0.8709438549248073,1.0782789666707597,0.741132774749342,0.8908121489542737,0.9570636478417963,0.8480698271459872,0.8495283335364082,0.8185959070950559,0.9344034531915208,1.0621709908877626,0.9774588341762843,0.8241320679614744,1.2304298833549387,0.9594934036956445,0.958859066428568,0.7309108877060116,0.8705667575574426,0.9388520629130768,1.066653848190369,0.9045963381434737,0.8418958853496481,0.960860813972575,0.8040064026582896,1.0004348200016628,0.730909204610927,1.0345594637190858,0.9641349902481509,1.0674956273639444,0.8294055974177664,1.0334139652812149,0.7771489558416381,1.079278916310628,1.0649899432401284,1.3768044605578993,0.8250405648578197,0.9465076678922134,1.1256474617815748,1.1850858019614205,0.8331328856983237,1.2232776035689132,0.780770938059386,1.403827399702218,0.9712856945299244,1.157065065225418,1.4710574131454004,0.9582004503167693,0.7232114608256118,0.9648224400176613,1.174672345725057,1.110086467503034,0.8160049303016353,0.8156373942990068,1.1985913869631424,1.1255363976542816,1.2598591333615332,0.82848278556346,0.7618792587203455,1.130865017111929,1.0171791348737589,0.8309742689812025,1.0668914990326934,0.975455021754213,0.6886701237696703,0.7992665764135036,0.8935903947984157,0.891586854204472,1.2043106562777657,1.2651231855168734,0.952845379412195,0.9433117376771984,0.6829321959082585,1.0084440350797441,1.0879145084712327,0.9077125230855732,0.789927683191739,1.2653775518331642,1.404519542720925,1.0786238096887617,1.4444276037533665,1.1348802384482513,0.8861426861078937,0.8432630830229407,0.9994345871007071,1.0841540018543503,0.8125997045244973,0.7120844202142713,0.7275195461287454,0.778679216444377,0.8359067650735839,0.7790207975810485,1.1202549759240747,1.3609981096487571,0.8358615278652686,1.0134392734667346,0.891010163868616,0.8358347290007754,0.8702044204693454,0.8504455526075703,0.940977278032443,1.1257781387455745,0.9209215453752235,0.8325024736682942,1.4424063531552564,1.2662890258852968,1.2541314113658037,0.878065214514049,1.4055840732512879,0.7027344363895853,1.0411466791019726,1.316323284273848,0.933646067461729,1.2202217151644208,0.7502872103302529,1.1997106947463427,0.9346470427687676,1.1309417734854352,0.8456065489077232,0.7565513781109026,0.8435879736056617,1.1112053273754172,1.1109308980505055,0.9025696977882341,0.9044297454292853,0.8368772573773083,0.9202775145057672,0.8715882858692418,0.7795517850090916,0.7873018380768145,0.7152798495440543,0.9506941549903556,0.7357217417541381,1.0425843187156163,0.855333482156184
3010,0.9722369772922935,1.0445844333822705,0.0,0.9612007686350462,1.1566625185572008,0.9201735398304766,0.9825867646257765,1.0454870032155557,0.9379845782782558,1.2145974476569075,1.0846532850406225,1.0101955705778543,0.9021518863212518,1.0068289356144928,1.2481297625159853,1.331629908363799,1.0374148883135683,0.9713455241418649,1.1099433470021898,1.031932394201605,0.9914911553178406,1.117116203493798,0.9567786097622268,1.0202835281759968,0.9187536156536479,0.9329043705220339,1.0811960648348735,1.1133172707408538,1.117343254415887,1.2511656579665584,1.0978501065796735,0.8895265074371239,0.9447449647795767,0.9587898521312532,0.9197897731110415,0.9983578080738614,0.9785429180979789,0.9407070223790858,1.0412991198257044,0.9361818165370258,0.9675834254277244,1.1590595997280415,0.9362670192024811,1.184263233853799,0.8528876788652056,0.8791949430543067,1.0653303791325177,0.8662885521055813,1.460106909347219,1.033933179212138,1.1391230850822474,0.9497696612611141,1.2450585660462508,1.377601987036706,1.131940057877866,1.1675057935413513,1.0065200526532616,1.090165326922014,1.0821000769857059,1.1511560715624602,0.9480372556087537,0.913494776351913,1.2880178260411272,1.1829052855269873,1.018661124082542,0.947879626887937,0.9384226964842075,1.0085233444164117,0.8385542816245898,0.9359582197635412,1.1718893395534435,1.0784571557014824,1.0594344767452362,0.9648902354573873,1.1029286739115518,1.0625858042632155,1.0021477785827833,1.1287010724065112,1.2387434033616551,1.0626721993324375,1.1192037417126814,0.9206998508984031,0.8480551975863109,1.066177870447628,0.9033445263830008,0.906835696922207,0.8548463901170663,0.8896591239284959,0.866184472647802,0.8959067256229108,0.9663868133772054,0.9130548633369517,1.0446137054226148,1.174549713859388,0.9156104405054619,1.0318052763578374,1.0562478098925039,1.2405391779723092,1.2174805076114064,1.0034884174700514,1.055667263242439,0.9888533640550737,0.9785453668302894,0.9266501244999641,0.9781355092023929,0.7462536879636769,0.9591559638008895,1.004813611537401,0.9318339511975844,0.9233385483366486,0.9603322435418917,1.271817509527124,0.8615072839114993,1.2022077247376168,0.914262409697521,1.145766225853828,0.8855110395025135,1.3393533317711408,0.8637475692137663,0.9737624937584877,1.2353917729066781,1.2388210157187596,0.8354753100969695,1.176040251440619,1.1540319256305287,1.190559476570307,1.2093298303380449,1.1514624502153241,1.58503851830654,1.0488992788438536,1.0009990609299482,0.9601272102748125,1.1092286307023131,1.2257721192356745,0.9630230731049654,0.9949931384168839,1.079302181546996,1.1799344956879938,1.176922226857585,1.0284181310616753,0.8648044346109892,1.2173944192938222,1.0129586128522436,0.9911113597121166,1.07324939115945,1.1009763621975757,0.8863346428162029,1.0264309385096864,1.1367055258307752,1.00330189362665,1.1985984464026558,1.2516096829955643,1.1615020620642633,1.1135102233278433,0.8855775158214424,1.0384774353475241,1.1858256490977817,0.958323534826878,0.8735296259850631,1.1100827448063717,1.2029426356184474,1.3652567346278965,1.4874468116534247,1.2616923424413515,1.015769502115779,0.9230563700732394,1.0816798424613372,0.9858271457063978,0.951046868037663,0.912461739124458,1.0497300376275946,1.1125895182870038,0.9816530668263959,0.9105220644219553,0.9217230898358973,1.2830002624460426,0.9995119065370083,1.154105709598001,1.0016850395343262,0.884533628562906,1.1140904525203381,1.053014622643692,1.0136905926991389,1.1353067648006367,1.1842578410339288,1.0055698674689524,1.3766197128222446,1.0128664480736642,1.0505544279495085,0.9301596336852614,1.2828853348142906,0.9626911351283174,0.819191397681794,1.187367173076756,1.1204355340653473,1.3412142476156261,0.801812769497671,1.178307071517436,0.8397430697754913,1.2387218810388045,1.0060033981906793,0.8683731592377284,0.9166447533108824,0.935660705459863,1.0389341841913244,1.0838261286547308,1.0035952839043245,0.7921727092968996,1.1167306458752557,0.968548632990283,1.0319109082227274,0.9200943161980362,0.826165457591292,1.0764298929749685,0.9782484577183671,0.9611093899850022,1.0565098600009017
404Billy,0.8224487395806317,0.787749787306323,0.9612007686350462,0.0,1.205323595773693,0.8046816514253637,0.8508636893129172,0.9152858849219375,0.7899009840203807,1.322137029502411,0.966380729119993,0.812218607448861,0.8394606419815438,0.8077081172103626,1.209360651853612,1.133561400940244,0.8516348337724445,0.9536281669301878,1.0221012859532417,0.892186455463248,0.7874375500299208,0.8665624958672324,0.8230917556217018,0.9156539266541285,0.8124446049170988,0.7294967229646794,1.1362929738308658,0.9299491442676555,0.9271206508489058,1.120944162104905,0.7425615964953721,0.81897639630213,0.8455608744852657,0.8166870553161821,0.7183100284865381,0.9982877651592706,0.7770181885080027,1.0015052840317762,0.9803569774862493,0.8502554495932927,1.0031198621554642,1.0509183467854286,0.8662924322683314,1.0136558727746403,0.6500013101071436,0.88181886210015,0.9964332997036173,0.6113088585056329,1.3636580973911618,0.9371241659437204,0.8827821419236558,0.8096106031784008,1.292174424527617,1.0390125073600656,1.0163347386227628,1.2407138011362684,0.7656313605308855,1.0506132655349907,0.8457418929107327,0.8436538311957331,0.7843940990991559,0.8701995569546397,1.0981492780600433,1.1560610465188226,0.8345763434623973,0.8962183876496749,0.8308111394588852,0.9254352896757851,0.7476058822292541,0.6865019587422981,1.1266267052406074,0.9181715714960119,1.0390142905328774,0.8212781864770613,0.9813797475593531,1.131996486177045,0.789368311541623,1.1549911597249694,0.9010244157343397,0.8808181662610292,0.9567137536827285,0.8218776331789883,0.9648706602775292,0.938433411932262,0.8807315836336816,0.9225553991572586,0.7141637656994749,0.8457391555464717,0.8490319889132842,0.8674385373337443,0.902168035873472,0.7240258287279724,0.9012830499212242,1.0063086267273826,0.9996948760600461,0.8262843926411634,1.0798023832483628,0.9811075704786331,0.9647975008491692,0.8043225473078922,0.8888152117670894,0.8872522959133335,0.9792543073964587,0.7901839571224741,0.8830133893036135,0.8597178271734297,0.794287162199195,1.001139065231981,0.7169095402612392,1.0033806008890709,0.8646299462190675,1.0010792382284708,0.7687503092863163,1.0423665869863454,0.7600239601028895,1.0086048419118696,0.9033516086554364,1.4271835651664395,0.7151264321360888,0.9297857249353657,0.9810034514641934,1.0357594030178783,0.8915102875961111,1.2268272557817907,0.8660748696091202,1.2941570834624736,1.013396898041463,1.1558810852118073,1.3830545887428842,0.7641621575438197,0.7933911287334813,0.7332009787706049,1.0640780405626518,1.0601547146089665,0.7166830551192211,0.8290520311445533,1.0953249678736023,1.1575692839929947,1.2941272568320015,0.8960252602823146,0.7559509004570437,1.229491905489027,0.8731973620083415,0.7403081870666963,1.0131472954706637,1.002081710590464,0.7140150141128943,0.7471112093271312,0.8990104610390788,0.9974379881747165,1.163968197341448,1.3434473894974706,0.9568713499968233,0.9598726400354596,0.6363873621197691,0.9554277186775729,1.1578901473596497,0.6998831706254119,0.7693834619568937,1.2453766121469914,1.28885850758759,1.1335583207880624,1.552852116959088,0.8710770175481936,0.7678477925948735,0.8716413482411869,0.9947331449636466,0.9885053865834479,0.8658939879858731,0.7454230178308969,0.8576351060601809,0.7719079509800789,0.7631828951703817,0.7620492939501389,1.0802163209831597,1.3951062695142333,0.8256777411304893,0.9735774680998849,0.7711176155769749,0.7819564212345327,0.88361981206934,0.9547867444957336,1.0112076924799818,0.9430589880173266,1.0368760603843554,0.817886963529472,1.4512674706767774,1.1456278322469295,1.0342529662886895,0.7970364213095148,1.305398808906468,0.8529635820929392,0.8980148084434212,1.2174997153715414,0.9655096144246151,1.1228693951617972,0.7161318559967487,1.116547049313902,0.7995280865081341,0.9659479191512513,0.9112305777913899,0.6181232004808361,0.76818472441851,1.0183977142227774,0.914430396827809,0.8837910727329611,0.9493801958028424,0.7273351330333199,0.9594044492063255,0.9002132356008407,0.7946920415841364,0.7917689273767166,0.7191167126122042,0.98237487988509,0.7877633312002804,0.973342654483605,0.8921334219346382
47ter,1.2269264622976612,1.2348034272556765,1.1566625185572008,1.205323595773693,0.0,1.0432560576597294,1.2714035289632521,1.1508146893012514,1.1863739685352408,1.3551107073138853,1.0826761140356245,1.4114674165734058,0.9953318526771675,1.4364574999536195,1.3781685843329559,1.6515785842396407,1.1016060323692278,1.076778824294047,1.239710316560995,1.194116133738326,1.181793272078334,1.2571872370144406,1.0520582236665599,1.1232056551779883,1.0000448874708923,1.214423686004971,1.13486198625187,1.0775155450559502,1.3267548879412587,1.4572047418499805,1.256532014892445,1.0318607720303745,1.1026301846695512,1.238766619738008,1.1883993016033831,1.0582031474929872,1.1894305006083676,1.0397683030591913,1.2431623382392127,1.0758153208916064,1.096670625661975,1.2819861249072113,1.1892111998318398,1.2792414806618866,1.1155020361342005,1.2525853423966418,1.089822439191911,1.1720286729169396,1.3863231042250796,1.1771031183619274,1.212321036171535,1.0864829261835662,1.170887301253183,1.5838318061015852,1.237330277306964,1.2920866556595056,1.0759147186651148,1.2531235701839463,1.1850739863922037,1.3222940847433606,1.1003213657909567,1.1526230484835887,1.3257413124239124,1.3826133514762646,1.3099360250657457,1.290682931309019,1.0696155520429675,1.2565620064913192,1.052990306204672,1.2066094931682323,1.4098941248535264,1.3196123745197694,1.2656167919756596,1.1406401632980054,1.347223682237984,1.3203641628636975,1.2075054904162192,1.3705386936411557,1.0764542308597655,1.2005068949434319,1.2306422500581389,1.1702269107587826,1.1401703521942992,1.5455995783716212,1.387574614755643,1.4176484656778938,1.1708392251403674,1.1554098891080595,1.0494819136922748,1.2208894321670294,1.171766848638486,1.1770555408466647,1.1110976471072826,1.381557347737361,1.2272482977811896,1.316080633682602,1.0926226673342585,1.2977268312382473,1.3658711811522133,1.1493012972417012,1.2559583975241877,1.0411688458256476,1.1826173663870498,1.2272189218486516,1.264250316135864,0.999298890366737,1.1284824015415709,1.414116442619479,1.1408221757339054,1.0982086452662576,1.103782165864757,1.4501231052270227,1.1240650883338688,1.3755702927388402,1.0466416426852538,1.3908941674131137,1.1120172465125462,1.4594214987645566,1.147450646672899,1.3368914143842312,1.5268588251893278,1.2892932848826704,1.0883286840905635,1.4198053767157643,1.4337262002710087,1.366078021343686,1.3173066568925955,1.108486452669747,1.4050523480839334,1.2613590683221219,1.218261052284082,1.2058063629049287,1.2891689451701298,1.2470145564039647,1.1601466433662255,1.150980132684918,1.0877575676013316,1.3986857981712255,1.2893041166155228,1.2209349011240704,0.9871418620895613,1.4234244850146858,1.1889666549190616,1.22009951189128,1.1529343676443566,1.2427655171118699,1.0952126772882977,1.1045060566624931,1.2672775378119676,1.2190061209504348,1.4385352408230971,1.4877903434942823,1.4291919701794429,1.1585129654306159,1.1310107734634418,1.2015020077323728,1.4395740991173278,1.2786641011999629,1.0283375748227253,1.52337447593516,1.2532521138932156,1.5937036670653102,1.4920089185051735,1.5154398620245089,1.187913410271853,1.1024802659395034,1.205631038416871,1.0873935266865078,1.152604314159696,1.0655998857122135,1.1590503877075933,1.1756935484467959,1.1304077594895015,1.140763055512778,1.2000305952968346,1.6731656629416636,1.2755326372014233,1.3126581095337189,1.1880656749828553,1.1742015421196,1.2161115055409197,1.236376044235058,1.1170807221319345,1.2557650697989404,1.322764121272584,1.3593115631535169,1.390014312585876,1.138441024258903,1.281442915931043,1.2464487126998536,1.4410169253053906,1.2175541431224721,1.0279038365387871,1.3668195546734099,1.188809463992454,1.5844944728103243,1.120525916511101,1.1780330287388698,1.0179621263613408,1.2613204873100647,1.386590250441816,1.047511827167565,1.136868342628503,1.09730469767964,1.3828020555083373,1.1860473064613468,1.2121397049445422,1.1535159807530382,1.1944357372605212,1.2159132731371505,1.2035393923363547,1.1373991395796608,1.155815243468412,1.2731302647032163,1.1489705847472786,1.166710819109917,1.3703732862068116
4Keus,0.750990518472396,0.8019401369620226,0.9201735398304766,0.8046816514253637,1.0432560576597294,0.0,0.8748655079529105,0.9037571537667911,0.6429891827810422,1.0683002104688872,1.0397603839704783,0.9842633921956679,0.60878515501899,0.8705404170586465,1.0394645887178766,1.1810206766360525,0.8715105311852657,0.8201708076747495,0.8648860688197488,0.8941882053451468,0.7685526283130564,0.8604618295832569,0.8933677465968134,0.8273775520083685,0.7388645980171678,0.7847478492780033,1.111347246404373,0.7913592097961183,0.9566944838231257,1.281668441466424,1.0352366643637254,0.8546268733389524,0.9214608226390889,0.8099260997569938,0.687936877875252,1.0225473384478903,0.919916048031211,0.9659420364789191,1.0492351296293505,0.823902575042077,0.9232181704708556,0.9366312116603953,0.8688503099717899,0.8370279804316362,0.919140671921987,0.9637928105342106,0.8212745881285429,0.774651575490843,1.5332656255659325,0.7790038670155962,0.9301246171508695,0.7622958996272586,1.1467271590210688,1.241210227948413,0.8555917981481542,1.0423547554816197,0.6925690316827492,0.8721162082316234,0.7369620591524547,0.9768006245944689,0.9051555488528426,0.9736879714553107,0.8739201385349294,1.3135932896888973,0.8755179343105081,0.8051414904978089,0.7556204436804957,1.0517168075822267,0.7385567184542335,0.7804846753079127,1.0657202688261336,1.1040910386925964,0.9149453972952558,0.6922974971364778,1.166575281646754,1.065324318030873,0.6524030503370335,1.025322331902833,0.8876897191324017,0.9136669359905073,0.9381417887314988,0.9914479446199088,1.0009193378329946,1.1288307252462166,0.871521879396543,0.9944249028019311,0.7985803783989337,0.7791296145001515,0.9306297339075355,0.8738933507134882,0.7737262964460769,0.8869909226690279,0.7735692424283497,0.8389611527912106,0.8747073265202673,0.860989198945525,1.1244087017628117,0.9372793743105913,1.035012410490436,0.7960782320571176,0.7529564659806738,0.7726880287557116,1.0567021925597146,0.7916079310519278,0.7710306669212662,0.8239977595164096,0.783335088893373,1.077376726605801,0.6858346287145859,0.8136105295326338,0.7469473241515587,0.9970898245395484,0.838838520793978,1.0217305407856725,0.6525409330340644,1.118906384528582,1.0613570842298878,1.5467731776619913,0.9315093377566523,1.0317974858952537,1.287733301555357,1.2075446477640825,0.82546615357925,1.218547639176202,0.8568526528986634,1.3167502312480783,0.7765632071330342,1.0125200142011077,1.1108418322691365,0.7259398376238622,0.7987067519314489,0.9420892638726069,1.1475548381094456,0.9931553337238745,0.7554560021219339,0.7434920508856624,0.9922746393992926,1.0360684746161726,1.0372691532056957,0.9619642882908166,0.7385424730712256,0.9928420753847107,0.7380674455172914,0.9804382883674346,1.110795818705759,0.8441740150543899,0.7298033517402945,0.7122163575122773,0.7961820598982495,0.9255108550020057,0.9475724376540037,1.3886227027446558,1.0093778188828424,0.9672397894851387,0.7201274575383848,0.9603396921885685,1.1662814726369852,0.8630827918323398,0.746930636071004,1.1614113824462056,1.2561058097577504,1.2284645769910025,1.3592689664436484,1.1878794638590555,0.9010869862315506,0.8262439495275783,1.0322694182146464,0.9992567487899134,0.7568043900641611,0.7301274148792168,0.8621232639852711,0.7328228153591908,0.8287886712938662,0.7525498202361892,1.0419718675582537,1.384851401794971,0.923409885528235,1.019952667854683,0.9245527683085082,0.805417375969152,0.9102442589088843,0.8252022664444383,0.9553442345663385,0.950458294866499,0.8563369917895662,0.9248376061317539,1.5300188362725593,1.0733358640183028,1.2185087911595387,0.8433354942601722,1.3433666480274382,0.6295026961851005,0.9062287990868879,1.2331229620048303,0.8629109667569377,1.3072007639353196,0.8299734716901402,1.0487586163058507,0.864528187025292,0.9607243141036466,0.8260913302250994,0.6393570320023657,0.6825962863458513,1.0162539315681434,1.0678216802391907,0.9961823102932507,0.8414850182542775,0.7843519072460865,0.8117748120900856,0.7708523328502305,0.7292326158130474,0.7904125445315787,0.721402000105547,0.9119581710407172,0.7252968112884683,1.0266741902387422,1.0725324186694907
A2H,0.929364772916792,0.8985842304986271,0.9825867646257765,0.8508636893129172,1.2714035289632521,0.8748655079529105,0.0,0.9450528244952454,0.8525130037889208,1.1964458760848864,0.9949459845610142,0.8584676048464689,0.8206161052405408,0.8146788830163768,1.2351677175254552,1.0452965044408697,1.0811125015064527,0.9806120578798221,1.0121875347246798,0.8987830607611268,0.8112076999559693,0.9392132457760286,0.8039264780972014,1.0652163247026387,0.8777041952497193,0.9713310982512163,1.0063749251201088,1.0422025934088166,0.9460695593797106,1.1112652570373276,0.9215019440105888,0.7107468839010218,0.8939914176509589,0.8417509235610584,0.7181572456066619,0.9061906161709454,0.7845074693752171,1.046912972650478,1.1211954292827064,0.9106523526921457,0.9374639673415295,1.1152398023756183,0.7987282697523393,0.9733098702175789,0.8288582593459682,0.8969518208812782,1.102326823900629,0.7936102544486862,1.398397682085523,0.9362742462944804,0.9665150289660606,0.9371758000833261,1.255089109576886,1.1650366003147672,1.1386114056585253,1.1962719273493894,0.9427185607131328,0.859067376833351,0.9631956383122648,1.1417669914940647,0.9255626957840174,0.9408345566523068,1.1071711093701289,1.2528869626096812,0.7838082145552405,0.8797670616039904,0.9819032560201201,0.8075588357171035,0.7190064672650546,0.6912451462856498,1.0384712919461458,1.0024904955844307,0.9065496715076772,0.8506532575233028,1.0355341145707753,1.1672826508165612,0.9617512885873336,0.9319358619834656,1.0636102277049184,0.7939784822277535,0.9529796236762492,0.9626864875106275,1.0014592467259882,1.0005569503253673,0.8130650817374181,0.903021679013201,0.6503892271767774,0.8616125795497193,0.8745263789588484,0.7969708777614408,0.805116152695338,0.8629470035302049,1.0027425322300052,1.1040411988589534,0.8894314338292358,1.0800590426105647,1.0105694276746378,1.0508306930223374,1.0350549348298557,0.9122675822939883,0.8822715801786678,0.8494992730367734,0.999628146474911,0.8555229571157319,0.8044824494879819,0.8584510011348119,0.8104022167063881,0.9227992871842698,0.7831749289463545,0.973708801473062,0.8839511935148162,1.0975929044596164,0.8129839794199696,1.1592132296580002,0.8614718138843503,1.0271175881293655,0.8578650712292467,1.374951154439942,0.8195017493520544,0.8072927121213266,1.1283112176233283,1.0307876684475117,0.7538189623915844,1.1932715156914622,0.9109978168930991,1.258853755515507,1.0603557466243432,1.133926373753521,1.5967433659845645,0.8865033782482024,0.8818675144003958,0.8380989177959353,1.0639397992334414,1.1274027679195138,0.7249761654833347,1.0027597083168858,1.0284373716199928,1.1253195293346183,1.2263959773328394,0.8751554239460596,0.9234009657635902,1.0931829023443003,0.8890007083886547,0.8219572130566828,0.9514063109539567,1.1588097546654457,0.8663890529899084,0.9512871581910115,0.9969880041505251,0.9883952675651748,1.1166346737439397,1.2831924378410746,0.8931315204320043,1.0027233212203739,0.8072753124270662,1.0370820914185856,1.1196221133101885,0.9609347829753506,0.8798045431801317,1.1323296092696362,1.2455659960517034,1.0101868788081632,1.3340992062787866,1.0610797890666506,0.8513631167030709,0.8006507480723019,1.1293064569833378,0.8878148141198582,0.7992952971921934,0.6352168880004868,0.9630826869055414,0.8411489214818698,0.9062992684217822,0.8143288851588146,1.0439055008352605,1.0912886884503747,0.8406604510864404,1.008862167345666,0.9125127709676348,0.8615976893093218,0.9505222128690994,0.8897181535973053,0.8976702102711728,0.9986467358406547,1.0350196368831583,0.8701575465243553,1.348610445495783,1.051289465218474,0.9339600258254195,0.7847238198089226,1.2699056155787583,0.8590536479271474,0.7647284201427255,1.156472163405798,1.1183320958669116,1.0998423239990145,0.6617643403397341,1.1307307473266228,0.8966611388825982,1.0390249102876248,0.887656436418692,0.7473614495637982,0.7412484726693478,1.0415541192834914,0.9358958146370061,0.9478264025573946,0.9108452548446365,0.8801352290007484,0.9613874706026606,0.9569714959979982,1.0310291109694836,0.8532774290873285,0.7374214141609335,0.7588039324891143,0.9683736570212337,0.8566272206443998,1.0040319806007103
AM La Scampia,0.7155412031016906,0.8604076727385465,1.0454870032155557,0.9152858849219375,1.1508146893012514,0.9037571537667911,0.9450528244952454,0.0,0.6970198309157971,1.04610971799597,1.0868979319262586,0.8940219475737511,0.7149695187492888,0.8191827771312569,1.2050098402339187,1.0681207674514377,1.0332856119697207,1.030529020420463,0.946651247914081,0.8017349382186112,0.859470237509132,0.9433248786714376,0.7735880868826335,0.8646374907409725,0.8449531693983393,0.8891184706745225,0.9686792178927438,1.07321585685767,0.9781907320993543,1.3053125980622289,1.0241402234900934,0.8183769655293802,0.9639836387781027,0.8842472961722656,0.8038124547433106,1.0176623353625291,1.0663445572914847,1.0552577301032529,1.038656549155511,0.8971015925433057,0.9620521442035184,0.9434507813865335,0.8605906916132396,1.1100334271074923,0.9338029149595015,1.0786854831754609,1.0211837946207962,0.7440802808826071,1.3897640047843227,0.7376075938688654,0.844053978686394,0.9817613258543498,1.308990532308292,1.11045178158359,1.0656018680265698,1.0756077423286985,0.7594110415551495,0.9105810305560392,0.9212394042710682,1.0011160176276541,0.8243563516530137,0.9620200496823054,1.1729390663935924,1.199510820362881,0.8090548753511327,0.8405823188748756,0.9809683223210904,1.1287333993616206,0.8144197497198882,0.7703911427374561,0.9141949478808471,1.0215874435837429,0.916240276859151,0.761656693797218,1.0100564567408101,1.0526303293059935,0.8258891989066677,1.2424470500904965,1.0125623026082804,0.9069222966576876,0.9397591902431309,0.9344545643655344,0.946754785266995,1.0729628873121586,0.9821658373813125,1.0488249662994862,0.8762090646888289,0.6742548933985997,1.0798171265797285,0.8873842456065858,0.8694442114162608,0.8093584119550961,0.8787839137928473,1.0728294130071279,0.9301935661632115,0.9156030694880322,1.0240338507415183,1.0328595095382698,0.9299172735335527,0.8575229838185957,0.9690591494382861,0.8094063187928101,1.1829338108999528,0.8438192225773694,0.8716618480703185,0.8912376272078429,0.7505796649567199,0.9998629690118402,0.7888243690183717,0.8353944402886462,0.9138601384252574,1.0369416834914007,0.8944764416614199,0.9617199938779027,0.9253367034988474,0.9730882038993781,1.0584427534706227,1.3650590675843708,0.8602247202562127,0.9725181689162674,1.1769286068798404,1.3039373091638276,0.913488484348217,1.2297231928465677,0.9318968636317941,1.3029417982535996,0.7839584497720437,1.0823532897412234,1.477268746856717,0.9119025575805629,0.7685973504427437,0.9758342335138788,1.0785714913524451,1.1056229407133062,0.9018156359250669,0.8689091251839917,1.1450629313315506,1.0560189279830938,1.0061126824703261,0.8625491627576284,0.8348501874748958,0.8957588956261712,0.9429189083966217,0.8669209641339699,1.1530415767178235,0.9051267878595177,0.8334416399535649,0.9420555043131106,1.056498790221272,0.8817124057522104,1.1291111657111832,1.1724607875937618,0.9404774646335987,1.0214514966729447,0.7629722969511288,1.0522376113930931,1.0483509734186265,0.9157552104887263,0.7109339168642816,1.0907422661497599,1.2916304313997737,1.0885638636270971,1.2958171718924383,1.1654722837556166,0.8451427761176074,0.9378925406305947,1.1370586437584336,1.1122247441688373,0.782016085151069,0.8534876516621243,0.8111002869540578,0.75005768103712,0.8583383409424191,0.8420090936090752,1.0179671635547154,1.3807565817476855,0.8446413787778859,0.9240519189725854,1.0586706065225555,0.7729807086903112,0.7975377978876175,0.8669016209052625,1.0143688962936872,1.0621568349429202,0.834660847999313,0.8987047191839062,1.44674807704653,1.136130581654722,1.2397321426768284,0.8256115409403247,1.3243638484379132,0.7613891040560806,0.9833722123523579,1.2088066268334317,0.8963242614392215,1.1441279218084193,0.8383508696351328,1.039511438598452,0.9184311838768838,1.241811844132217,0.9404256163740379,0.8106609980755308,0.7520094764742947,1.0596271022461432,1.0375368976294488,1.0098356954299137,0.9624264565277258,0.8254217254624742,0.889002062417671,0.7835995543888991,0.9800456770993567,0.8580223274115304,0.8609399289674603,0.9182530006606914,0.7695332632584424,1.0123684954175791,0.9602699306619649
ASHE 22,0.6230129672658399,0.8091663380933657,0.9379845782782558,0.7899009840203807,1.1863739685352408,0.6429891827810422,0.8525130037889208,0.6970198309157971,0.0,1.1521945849192956,1.0412495310954528,0.7487566250917738,0.6254572789259595,0.8120046518164735,1.115486581859485,0.9467697484939289,1.0277833751115248,0.9088333757961299,0.7336483542642948,0.8253912785728109,0.7331798914579373,0.7591709274203065,0.8386534613940296,0.8841313652176165,0.7812618642857188,0.7030082291242592,1.0588457102258844,0.8493422374036512,0.9835565019404143,1.239689467546537,0.9999670685464359,0.7838804317102434,1.0337605455846595,0.6964696717106291,0.6465351899579838,1.0540683878916952,0.9366838678538507,1.0167537718494755,1.0291974963258141,0.7751024935846018,0.9956997081985322,0.9239587138301283,0.7799215924263204,0.9763047170233627,0.8578042045223061,0.9894112016591271,0.8283666714715507,0.7738189523517001,1.5732112994355314,0.696938322655645,0.8797745042641698,0.8759438657586108,1.209245926754308,0.9410626230847534,0.9014001456544967,1.1248016928399778,0.6264313669694297,0.8238038526272242,0.7573932783404534,0.8565650696530492,0.9260703509850068,0.9570965622472809,0.8407467413985114,1.3513870477631267,0.7764829626258816,0.8322016559563333,0.8000548799772041,0.9410781397774997,0.6944256785579551,0.6757699163601831,0.8681322099847472,0.9623070902400186,0.8264309807281581,0.6855061380198315,0.9593241454967792,1.0974342876640388,0.6816131258003577,1.0057070861677297,0.8810879320777963,0.8440277526496452,0.810806341703382,1.008742377375044,0.9270747643974112,1.076523944568259,0.8313860698373648,0.9330138760544866,0.7701208550410269,0.6959872995228173,0.9032134665875301,0.8252553533576141,0.6307315037966191,0.8034136177372194,0.7121844975011075,0.8058785866314427,0.9612017961171394,0.8586575951669583,1.1171597615447795,0.7956425609732999,1.0346580559918783,0.7770626491760084,0.6824286363763079,0.7420992278343138,1.10181084096974,0.7090634057858108,0.6890522175827143,0.8642342743469965,0.5861446929428108,0.9410491334621156,0.6449362479137548,0.7045866707438638,0.7157509753993885,0.8722318083915493,0.77035944701362,0.9077667295168067,0.7238322161774274,1.11550075296949,1.0575028675376594,1.459148540193449,0.828014861525311,0.877564815688623,1.0375759636665547,1.2782093859656802,0.8372132718979128,1.1251630224563953,0.7011233129635986,1.2824883310562065,0.7785659520708207,1.1064658779249705,1.1769191121412854,0.7757536945046976,0.6887573350274447,0.899935233720472,1.0415694523154697,0.9995549341048011,0.6988691645685052,0.7625876938407822,1.0468234435876391,1.0100752022124175,1.0711436547074358,0.9944795478318912,0.7268889465462405,0.8982723473482779,0.8005228443756475,0.880287237683773,1.0582593651592653,0.8710808560097342,0.68043345452062,0.6782719344354345,0.7691954909188028,0.9162052242531499,0.8961795188269729,1.2569714555315892,0.9887667252409436,1.0130681607705159,0.660129088464855,0.9516929231844974,1.0591798168581936,0.9144611423378692,0.704992651911752,0.9910861828706682,1.308092592471015,1.105324479943077,1.2978867397665568,1.1407466340287915,0.8671490241523677,0.8474256976341171,0.9260335658007729,1.0555438585313308,0.7796622393675686,0.6543490084691101,0.7153693168038037,0.642921106743702,0.888269056832745,0.6946134649812511,1.1175405262528402,1.1282333943998044,0.7881804101414093,0.965830471829234,0.8711618600539766,0.6725806948789805,0.7837962808381856,0.8120224101643276,0.9532084381299274,1.0190593943089243,0.7164360217861517,0.7589094713101708,1.5404859289564248,1.124019727925167,1.1073690238985057,0.7328123685187028,1.2918934870608931,0.6143641570475645,0.9632632506301672,1.164740394768719,0.7926788713761727,1.1531744333348688,0.7606192464360426,0.9659434743211499,0.8362323445804823,1.0024876996717582,0.7664424405512507,0.6206102066726248,0.669474947340061,1.0639547777953995,0.8829287026887208,0.9998212959158889,0.8174368144623497,0.7178611472236317,0.8468839857783941,0.6333361919215174,0.7965211130654367,0.7913441043099252,0.6220800059005989,0.8022853930978429,0.727847116431574,1.0328607509890615,0.8846239297715748
Abou Debeing,1.162739614824912,1.13600323731475,1.2145974476569075,1.322137029502411,1.3551107073138853,1.0683002104688872,1.1964458760848864,1.04610971799597,1.1521945849192956,0.0,1.2306495464756042,1.30017100601835,1.1194286369626234,1.1920803333505112,1.1447798506065778,1.4607546812600942,1.1411729326410631,1.0636852657055593,1.2076331691365003,1.2107171035904614,1.1640291585530564,1.2875685356009303,1.1087181890843179,1.021980873383839,1.1702375700657321,1.2380557463077404,1.2041696305546445,1.2213247944728154,1.1809934934860902,1.6287231889090357,1.4442128241616787,1.1342413700306677,1.1973070135103678,1.2676948042559018,1.1967185719197386,1.0116646344567528,1.3389510954910564,1.1153578651804226,1.308457903509526,1.3152503125838293,1.3427057628042365,1.2114194753383727,1.1603747505672095,1.288521513777109,1.2957878734226573,1.2243955378465576,1.4119339473686177,1.198730443056508,1.5717371761699963,1.0508428007853432,1.3358470384765246,1.1928659530447787,1.1438756794266796,1.5576830744400747,1.4123311647988694,1.2401180828337588,1.2114951882941865,1.177987893262092,1.2074426208050175,1.3255711604898812,1.177670604336548,1.1153685580544577,1.2892333666492115,1.3943600176805917,1.1621175075724997,1.1019812979221522,1.219909214614547,1.3068843825634,1.1691540435706143,1.2265178594382993,1.4187009547612277,1.3060838864875128,1.20356834487949,1.228307789946691,1.5206108391052404,1.3536648702034801,1.135574005808318,1.400522152744483,1.394651705006839,1.2406726244238238,1.15484763191452,1.373055270832954,1.3137884283772387,1.414343596592384,1.1771460900547857,1.1523942557903066,1.2399348550393414,1.1937189521689233,1.2124670981940548,1.0968051556639031,1.1606345420454534,1.2258780385468084,1.1621072184281773,1.4168586194135753,0.9874937756894165,1.396922988814233,1.363079981644202,1.2676891716649004,1.3344836220640763,1.287740771204277,1.2122907258773532,1.1194962598459286,1.187354421888993,1.2963081603731346,1.1121000894143434,1.110508376047386,1.1775568808668055,1.3221581281582397,1.2297086904705177,0.9457247181694356,1.1250319647203049,1.2868146171760086,1.3270825989432313,1.461820853402905,1.1108372166838445,1.2796192756151863,1.2484496713054025,1.5040401121428717,1.231208355674069,1.3574718369731134,1.7178691206316685,1.3229476279251697,1.1690724441017337,1.3958591562189988,1.3042528448195556,1.4143433796076623,1.2176443444519902,1.2109003142191668,1.7284098904686862,1.2078249548618494,1.2999503303494417,1.176846176176273,1.2289514157661894,1.4189158230294177,1.2396138900672609,1.2201071607733855,1.2784163156843062,1.3021268265386363,1.1617479288584538,1.2569951957223728,1.2323445294849278,1.4299833284472176,1.072305254059774,1.2222015496735126,1.4782330830597472,1.076715752849927,1.3080329281854868,1.236669733874693,1.3104633054839747,1.1306758139521653,1.3529631207330601,1.4457477457867254,1.1782663649724774,1.3551099147019343,1.1923638547272306,1.3418871695882537,1.3533369656837166,1.3421689035430626,1.1616511899340232,1.2488608435034365,1.1594966727414129,1.5608537889663452,1.3188829201223973,1.4754194456703003,1.296791740848706,1.162329455579234,1.4364058597021774,1.1610033815339285,1.23427890003723,1.1000804564761688,1.3391182127387238,1.2498357496097419,1.2434096917940503,1.2045781746710682,1.1064365553590874,1.3766535640704005,1.2965309313659963,1.297055526156119,1.2879528135734162,1.2583990267238034,1.2647450216686031,1.074278423265853,1.2748868872919683,1.1877891017249447,1.3573525221015854,1.3777859910472778,1.6847380332798656,1.1317890163225757,1.385846183389513,1.1968416128782118,1.457705085023521,1.2091248564273636,1.1776099743287676,1.3333215549511706,1.36448050854814,1.5439420106570438,1.169469319769519,1.0549212654457023,1.181585545308035,1.3407324765582016,1.256434345132817,1.2001252107447673,1.145143861796547,1.2204759449896279,1.3291397936903064,1.3679755582172208,1.186724455770098,1.216035216788929,1.1858667733356099,1.208606807565553,1.283828937126679,1.2911868766945291,1.1667726344679763,1.154846989463226,1.254134193897724,1.2496259222409551,1.3899166856171572
Abou Tall,1.0671156619232143,1.037608756383868,1.0846532850406225,0.966380729119993,1.0826761140356245,1.0397603839704783,0.9949459845610142,1.0868979319262586,1.0412495310954528,1.2306495464756042,0.0,1.002117283274275,0.9156677465871407,1.1603016127193013,1.1590421736655123,1.3937746607705745,1.0535478622077712,1.076367812718516,1.2145270983030352,1.1915066329018644,0.9582920565634762,1.1436032897954655,1.018245850774992,0.939056474376127,1.0161138309484867,1.009560418996398,0.9502961298463753,1.1341336146106027,1.0821973729144356,1.278461562945396,1.029617845166032,0.9082693231106643,1.0540829734589574,0.9905766647747725,0.8802993758374801,0.8969876408891575,0.8739267442642586,0.9781118111437177,1.1414797463508228,1.0860893795398388,1.1359218899204035,1.2344768559988615,0.9733420073527538,1.2784418160975177,0.9192296565424879,1.0128870597933435,1.0544420920288058,0.9670479597513932,1.3825279362285443,1.0625397340196905,1.0172219395501687,0.9323468379197969,1.131854473910758,1.2982894461021233,1.2454580120456347,1.1520573248148704,0.9713714257361642,1.0784419024717768,1.1016837235087154,1.1555041442851555,1.0820746811756259,0.8320595586402724,1.261208826277779,1.426304849923202,0.9804329249086023,1.1291160068322934,1.024035340694054,0.960531335248319,0.8993723880291633,0.9441249453985562,1.2319014883364106,1.1166122980852429,1.1555180104046647,1.01868430621618,1.2036993423697995,1.3294495699318254,1.0507161054475946,1.2800709443202556,0.9722820075884112,0.9487415150374079,1.1674558742402519,1.0012132448219104,1.03363190332097,1.1312609996466398,1.094898991805252,0.9968064732892237,0.9470155316466147,1.0050167415031166,0.9230905423318396,1.0409786972682682,1.0119026038868837,1.0258938517769516,1.0541004990803886,1.2451003155927807,1.0700114611855767,1.078828701346171,1.134016183705276,1.2135966614415443,1.2270025596051828,1.0924802554206647,1.1251447318517271,0.7500166705079668,1.0904573683978906,1.068030642520939,1.0663247122623873,1.009179041669129,0.9577597929499049,1.1283739883829236,0.9480986377552036,0.9519957538187994,1.017058475850044,1.3175305111686606,1.0125944761916104,1.322486950288482,0.9628628993213814,1.2355313482839285,1.0151739858860975,1.4226279276447251,0.9122826055056237,1.1451645237792294,1.3243014330979002,1.0700781123347904,0.9313109933966676,1.1695566961432733,1.1574428259694358,1.3479325111809026,1.163447507674239,1.193491007582432,1.5019968068160765,1.0032680919515284,1.0138173620721593,0.8151751304886153,1.1595962170615741,1.1900346436187326,0.9866179738858307,1.1362273632686768,1.0996772037096414,1.2044389615562034,1.2549260198797467,1.0464214707832171,0.9991282694779913,1.3682397132553068,0.9516711281210308,1.041224176074101,1.1328872520415985,1.2491907006352454,0.9309741487639767,1.0586399935017718,1.130409064884791,1.1468504330582014,1.3033472682505114,1.3754721498293998,1.0788608943092024,1.1987831881576374,0.9805531871277634,0.9983218952330023,1.4350097209462733,1.0136294754172985,0.8362816557136092,1.3643341691399369,1.1855556785297912,1.2607553015004265,1.4747433676301223,1.1647033900106813,0.9486165397443894,1.0372208487650048,1.1374137887191582,0.9249301520547313,1.007676334612027,0.7926269457625449,1.0701271391208758,0.9993260250764205,0.990183830634684,0.9618102430336822,1.06925046882223,1.3309823828958445,0.9962338231655576,1.0409414348590613,1.0082384086187657,1.0374982748747206,1.066570711365176,1.0677620248515114,1.012767571012391,1.0671269271162316,1.167517917127035,1.2289179334384348,1.4028559296613958,1.0536084884669805,1.1366711389243138,1.0257877349662257,1.3132261312281577,1.0148821503415775,0.9228564487747398,1.346882016284641,1.1523853906274952,1.2721344375047472,0.822030030095106,1.078240328124719,1.0328773280829793,1.0102382034554087,1.134464746552221,0.8328522126638767,0.9161786506104306,1.0652445200813503,1.1705943790858802,1.1400637503028763,1.0406924382091005,0.994865017508818,0.9748489244632214,1.0292702301529135,1.1576451404840156,1.0506807516060965,0.941761057968198,1.0422344195436823,1.1256961095859699,1.0612440774239598,1.1194677877440995
Alkpote,0.8644646152364234,0.9094161247326306,1.0101955705778543,0.812218607448861,1.4114674165734058,0.9842633921956679,0.8584676048464689,0.8940219475737511,0.7487566250917738,1.30017100601835,1.002117283274275,0.0,0.8887692830651539,0.7614931229176432,1.2624627945145734,0.968668328487973,1.1874499417164692,1.131378155962544,1.150419503013377,0.9204231400404459,1.020911777327361,0.9804808436693034,0.877572013541736,1.015531961569104,1.0268133209635988,0.9073564954139631,1.1692658830133287,1.0899342739736075,1.020571264499575,1.0840808730399651,0.9932033304099929,0.8872312029018207,1.0640934261286978,0.9756861890281221,0.8704955358542557,1.0685605387911514,0.9729764009075113,1.0607752879564847,0.9716476530741246,1.0331696464928235,1.0273149533254893,1.1440081966269462,0.8731741981763969,1.2757691987601227,0.8927647952648052,0.844525670370802,1.259230566097449,0.8089326864707952,1.4847038891626092,0.9955753778464366,0.9472291669051205,1.0564404841187638,1.3956243488663769,0.9583608287425737,1.2835645777560567,1.1558229911080842,0.942621359894477,1.0997089820449786,1.0942332816710232,1.107744971080396,0.9619889480945738,0.9213251571674926,1.1892491895504196,1.1275395197782194,0.7272830845123507,0.9072756725159533,1.0707961888726067,0.8905184098867885,0.8518536954450482,0.6176780798729912,1.0554365127690246,0.8496382969279324,0.9365588267109995,0.9737475130216854,0.996587027976478,1.0873492821021138,0.9966442468124693,1.2407367573981753,1.1335845974025516,0.8709430107403865,1.0490578148307252,0.9053751857431213,0.8743429813118049,0.8430638561291282,0.7756051287011819,0.9305637259422003,0.8296929540854411,1.0123690450460592,0.9113042540914983,0.9330278256977451,0.851022173133959,0.892409813216236,0.9898150285080618,1.13248512945479,1.0408971688606705,0.9055457118815308,1.1787821994391314,1.159341223854495,1.0301520471982217,1.0321037480337012,0.9640363787633054,1.0061967828217777,1.0809793758837545,0.9239614261472937,0.9366981921987736,0.8753706993723704,0.8133129903183739,1.0062518393889663,0.9890890902472755,0.9600814635196357,0.9971829002214385,1.0703708118882167,0.9613551461879543,1.2633675852394701,0.9629248031367225,1.135416207163318,0.9585345370711935,1.3408786889508664,0.7857486134202408,0.9441287126343938,0.8276233288751347,1.1286004025435126,0.9740482197933891,1.172411654987254,0.8399239919142863,1.4275025237306662,1.1034412296190703,1.3122232692076758,1.5822350858279812,0.9344415790438273,0.9741170024720449,0.8746782719671509,0.9894975259817476,1.182609127874595,0.9042598126286805,1.0446261832090171,1.2232866043882593,1.2186799347867792,1.3004405502302199,0.9264719427442423,1.0735999728071752,1.1842284214389782,1.0952418202210275,0.9254546432457328,1.1066216747519813,1.1734558627194625,0.9419721000017212,0.9742546209026428,1.1030191894111097,0.9793765603161753,1.2838114184990326,1.3197195784749822,0.831211648110785,1.0571011964468555,0.9312576932512214,1.1061046183633108,1.1321937556595818,0.8251402226053695,0.8579073739206212,0.9609790019153501,1.4601506242269842,1.010628317887521,1.2873521861622474,1.0859925804945307,0.8604596113285116,0.8523170917177538,1.11345948588356,1.0441485997257165,0.8861954676413508,0.7673994315698639,0.9359628946592651,0.9818569653179132,0.911125878259761,0.8513627419901536,0.9880057281211937,1.1193188267983458,0.7944543532516203,0.968970282724247,0.9166468775544704,0.9666001420908287,0.9803090724094822,0.9608979444423839,1.095131185932489,0.944290115320912,0.9740922967487667,0.8814940118817822,1.4568026921503268,1.2906298376259724,0.9874368720120653,0.7180753625360835,1.1976166598798044,0.9503930796526473,1.0108702283821565,1.310617861840405,1.1680248069444332,0.9666269902916492,0.6750697066099287,1.2091347608589487,1.0154417372253968,1.0655875853228307,1.071168900097517,0.7932422909397545,0.8802443397314186,1.247786084797221,0.9113101640232433,0.964328276761366,1.0334759996138572,0.8849308845724486,0.949708004033437,0.9381084792923553,0.9586804154726338,1.056801016770267,0.7807780461007792,0.8835051002247383,1.041034519606118,1.069943834076856,0.9492070375458109
Alonzo,0.6659932919995959,0.8055665553759064,0.9021518863212518,0.8394606419815438,0.9953318526771675,0.60878515501899,0.8206161052405408,0.7149695187492888,0.6254572789259595,1.1194286369626234,0.9156677465871407,0.8887692830651539,0.0,0.8598333793737787,0.9740443418109783,1.1014884546383756,0.8956661950587008,0.8419925591429422,0.936779966828374,0.8794891347886087,0.6497072284173943,0.8757193662955122,0.8758374615390591,0.8164942809978597,0.773735418122773,0.7654601635779451,0.9252082613813357,0.8658326187326609,0.9068953764119343,1.2149837104117622,0.916204198794091,0.8411265782336671,0.9668254202281382,0.7706153075929845,0.6273106111777177,0.9475446674829278,0.8974019577156424,0.8945543737453204,1.0269184981971757,0.712601247902433,0.8906212455210739,0.8417483044050399,0.7594547974148539,0.9148681834713387,0.8626244766095457,0.971926957795862,0.7454107121680689,0.7745137125808467,1.5751266486464586,0.6776105852371193,0.8069424644621432,0.7450393254066868,1.065054925484166,1.0875398885946697,0.8979974234711062,0.9568133100049591,0.5883657354707726,0.7712838248343821,0.7526381603835902,1.043875565654788,0.9721155185233699,0.9212688330921822,0.9253420888407184,1.2914761252103089,0.7654285009984384,0.8893295131682666,0.6637111726243309,0.9355615955871095,0.7589253109780955,0.6832899987652478,0.9525766562085564,0.9522219253366092,0.7409076909507045,0.6724900288729496,1.1008656266900358,1.067443882599761,0.7616506325591655,1.0406317022045288,0.839064867207621,0.8358089600039645,0.859793487751378,0.9657710405190311,0.9185206342185879,1.078154945627309,0.9285886627952677,1.0082573900450968,0.8112182970582743,0.701173444814873,0.8667500795733826,0.8039306666903362,0.6625921963438904,0.7723996868466863,0.7249801259750898,0.8782857513075448,0.9782202966261502,0.7931700428252807,1.0834696580542131,0.9182036146716577,0.9772129196854981,0.8495221676721905,0.7459833822031897,0.6959205811021186,1.0768042167893628,0.7232786240257029,0.7870560091052582,0.7368715636033911,0.631537297757034,0.9523699139054337,0.6032604796356291,0.6874287250468333,0.7981833528891239,0.9647379470771619,0.8364114057082468,0.9170575004228225,0.7028199095788547,1.0975798141039428,0.9887354895241356,1.5210477021869777,0.8675133751987869,0.9158415482561069,1.101209493969582,1.2219061964430247,0.8448166978346907,1.1601500851860325,0.8158736795285472,1.2317352841050822,0.6775283483222405,0.9080414419449191,1.1505237056935003,0.8126116412587524,0.7682495844574176,0.842735681069184,1.0504988901146204,1.0363172747279803,0.7335568055243907,0.6979437425383686,0.9119816201646903,0.9442066454189514,0.9777088725840429,0.9668578159459387,0.811663227352415,0.9054519950395549,0.6098172502286481,0.8765212278911626,0.955011893335908,0.8759515136023185,0.6702350838575779,0.8043129444122414,0.7248641488549445,0.9366135246603868,0.9917623424406453,1.2424933904529583,0.9890980017867427,1.0144546572853947,0.7295525796968818,0.9361204645403709,1.0186685183512374,0.8491137759064944,0.68116278474878,1.0284823485712637,1.2258523228530913,1.1136241026800102,1.3643343283430882,1.179321257835067,0.7601955936483349,0.890651487806365,0.9816878041030869,1.0116135871938936,0.6280284911688747,0.6339095581130378,0.7915775577538091,0.6764703439361753,0.7998381248748849,0.7807393012288945,1.0700842165472872,1.237482668809169,0.797533387494694,0.9889112789429769,0.8915808326028735,0.8040229724559005,0.8106243248426214,0.7919529686670298,0.96828398667013,1.0216999305070151,0.7791112284672352,0.8889650047574559,1.4952447385021075,0.9859768881979195,1.1775058462510266,0.7899663529585563,1.2382168716369406,0.6280341078079921,0.8920613897072922,1.1223381343141652,0.8100849312485706,1.149456041053544,0.712371296067928,0.9782743624315551,0.7771337157911318,1.0096295991147728,0.8337518519786316,0.58219196689697,0.5783621849031055,0.9535408141067608,0.9552553295258028,0.9592090305905216,0.8285923794153972,0.7522158792118158,0.7319159435442466,0.706075569293327,0.7675249314631497,0.8288832421618124,0.7099801935905404,0.8425202848014401,0.7541391359563786,0.9913311039002007,0.9942782672374354
Alpha Wann,0.7238843254558439,0.7791422451150868,1.0068289356144928,0.8077081172103626,1.4364574999536195,0.8705404170586465,0.8146788830163768,0.8191827771312569,0.8120046518164735,1.1920803333505112,1.1603016127193013,0.7614931229176432,0.8598333793737787,0.0,1.3417462902774566,0.8714835239740378,1.190368781360054,1.0573354557013284,0.9434564859118876,0.8994840507012344,0.9611096326255826,0.8355584076343291,0.7693372810553106,1.0706418573508019,0.9017133712739874,0.8976634280766823,1.1470536135325466,1.1261499988611474,0.9664995495431938,1.2216083243973614,1.0360124275324458,0.8693328306310734,1.037111904705669,0.8810942182266769,0.8192140140822608,1.1566289266531486,1.0126920200177048,1.1245174572191297,1.0974588229265743,0.8782502670235136,1.0164396631914925,1.0025846878268323,0.9190114445762178,1.1358346979018088,0.8337850125708548,1.035321899151466,1.1774988856186595,0.7446583676613144,1.596631667292307,0.9371246001328447,0.9961297999367347,0.9260922050653358,1.4355273774645083,0.9349075187814371,1.1301417235460114,1.1081461761834568,0.8585202351351119,0.9903461008718165,0.9796265224067436,0.9932549563941797,0.8327559953970035,1.007493390277419,1.1770444327736291,1.2317773020295855,0.771350976388744,0.8807221639124876,1.0377997633111962,0.955540713107915,0.7954509522031681,0.6219298431124062,1.033903948088001,0.8669768229333855,0.9388704502126207,0.8282065388458897,0.9348144853263911,0.9760432852583926,0.8766386348586859,1.2661811980805089,1.1133950912811144,0.8963355518808257,1.0028842074620579,0.8845307620884245,0.9115154118758073,0.9338440902119267,0.8605664258990813,0.95310559595693,0.8092243623500788,0.8933042324345292,1.0052955533983237,0.858113594683693,0.7416807133216629,0.897480330417972,1.0010951628831641,1.0232047551848193,1.0421533059937353,0.8574457798086832,1.1961976311190567,0.9822442284555772,0.9203994635501906,0.8972639096609062,0.9447906132748158,0.9383779281524857,1.1205509077449585,0.8333248893557621,0.8708598035515928,0.9191533436584097,0.7304873392167424,1.0615075627105315,0.848788778009854,1.0324452114691343,1.0400981661803341,1.1467433381066294,0.8680409955154192,1.001444174231266,0.8785576560173873,0.9063490442684945,0.9575566692123751,1.3809463594978133,0.848500232900792,0.9001717213881727,0.9946383992519418,1.2255587366562835,0.9621306312466089,1.244525108156627,0.7875235406933399,1.4758441602777452,0.9990218807218875,1.2560828250283296,1.604847026231495,0.9128017602630091,0.7858191822493604,0.9118065865500252,1.1341675193776637,1.1305128856133984,0.8768087775880855,0.8695923772921826,1.3271029270025787,1.2043432747319,1.2391559151146658,0.7758040646818931,0.9578055822596632,1.1163655918879252,1.0744100966289651,0.7920480758201287,1.131071460364352,0.997176233906638,0.8489583010083308,0.8916180544165364,0.9720356704733277,0.9428759363064622,1.1911063361581287,1.2109924085311905,0.8694827200831514,0.9409142785682515,0.7846937408164609,1.0576737874042152,1.007388525176019,0.8320785639406797,0.8937889622111759,1.0158348463224278,1.4023316862955277,0.9305226789251111,1.418249548727941,1.1414936880308708,0.7572767165246923,0.7944059091613453,1.1626476413665117,1.0957913044809902,0.8745410250941568,0.8512294680324328,0.9363606806269806,0.8512418766271259,0.8352481426909383,0.9001795891790885,1.0918446257599457,1.1580234762859463,0.7186886099799249,0.9463382388277892,0.9570882496209709,0.8964980571268604,0.8990646020602052,1.0192196065897585,1.0183603942214623,1.1105059668181958,0.8211850726551617,0.636305463707723,1.5071079348930858,1.3511365783406406,1.1238772089730675,0.752733019433645,1.4176173510463628,0.758152121055288,1.0391029861536671,1.3107365588299746,1.0178961289426218,0.998986536359705,0.7260510271216318,1.1964883827473722,1.0317460616685539,1.1966248345387809,0.9353036586680759,0.7261121359608137,0.8770545052835207,1.1140006402226792,1.048715688767572,0.924856360766582,1.0528675617068741,0.8168138348362817,0.9466391726795593,0.8602878950686617,0.8965123423426278,0.824948815705277,0.7536907892033646,0.8714427058192759,0.8610349373274722,1.107081650273489,0.8581442729746523
Alrima,1.132790567055936,1.3080749196549506,1.2481297625159853,1.209360651853612,1.3781685843329559,1.0394645887178766,1.2351677175254552,1.2050098402339187,1.115486581859485,1.1447798506065778,1.1590421736655123,1.2624627945145734,0.9740443418109783,1.3417462902774566,0.0,1.5337477755738333,1.003476584708259,1.1374024927557245,1.332217179286509,1.2418298109459576,1.1154983528257933,1.4137260234973257,1.34815690958144,1.0146617089945769,1.2705619766299205,1.198710945481949,1.2704353365071552,1.0807132700745656,1.2908461325089873,1.4107230648917637,1.2881732021934167,1.0794857468107617,1.2800245044690273,1.1431940292003206,1.1039758135239675,1.0899506519585374,1.1664578459849475,1.1801488515941925,1.2916317807161177,1.2696755115394671,1.4225405139604046,1.1651822915678838,1.0064979569909414,1.1631984791104544,1.2843760442498473,1.201572032110002,1.2352325717084005,1.2654582630327673,1.7706492233069178,1.0086971860950213,1.3024923214219604,1.1269067323753914,0.9868896704465552,1.5607712362689412,1.3807458129295553,1.3532442108424882,1.1626932430084347,1.2111229827638998,1.139958020620333,1.3581409157040656,1.297666858605035,1.1412745503875519,1.254016790292013,1.6770537791375446,1.1895732894940612,1.1886726388845317,1.0418520748679485,1.258108337460918,1.1341763162605891,1.1845807482508492,1.4516847490057925,1.442986967280669,1.0648331785122243,1.2460155447066263,1.5570366480500573,1.5374454158800355,1.2167905263045993,1.2250984847722324,1.2485194905921047,1.157006124981015,1.0481893540226916,1.4084281117863313,1.3027539424427468,1.51647662957837,1.3315314557489084,1.223515844486149,1.2533425420214932,1.116370746437773,1.0974063835673782,1.1307451528131474,1.2543123581687754,1.1925446238013122,1.0847630072024659,1.3269443993606522,1.1978563349297597,1.2916229056208182,1.3822616630581717,1.3318119498131111,1.58789790594511,1.2173738871199578,1.082601812556022,1.1173668675457789,1.1283791964096144,1.2035760492879186,1.1388334733045795,1.0587088137094083,1.1453962476206783,1.2537226388873328,1.1405291977865792,0.8046865759871225,1.0152950656280415,1.0569579445062616,1.312022469624759,1.5161345530386632,1.131157277532074,1.462248426929817,1.2991245931830036,1.9047616968298797,1.3138833607109022,1.3176974976460902,1.649667051299012,1.432711668197887,1.1797735717438007,1.2438199178763993,1.2672331385199562,1.0200207961147745,1.1668080468311737,0.9898312601317766,1.5663853578677724,1.2016124592851016,1.2555007518704862,1.1341767684483066,1.293543919120522,1.2757640994192117,1.080664387656821,1.2366047719492324,1.048379898863484,1.3195485874936623,1.118892302884381,1.3422784398119747,1.270009121106565,1.3749070281504263,0.8722758404808126,1.3066783250037872,1.2940820405375364,1.2464302835843177,1.1927998395641126,1.3291913854060293,1.203616491947618,1.3360294063080795,1.1323326966105676,1.2949942645743697,1.30321423874219,1.4738793703588862,1.2311726898135587,1.299302403174705,1.2628072805165225,1.294561290472822,1.085510452458029,1.187113055199754,1.1909110493623778,1.5430985104656891,1.158341863071941,1.5476420767649806,1.2257035431177619,1.299334625457358,1.3596093922540187,1.0849487089357308,1.2020539028509551,1.0655696552303853,1.3245835484116233,1.2038804080938663,1.2654441513288532,1.135618623653687,1.3168742086693341,1.4090281199029802,1.3176005313746946,1.3771958343284822,1.261943592660238,1.2357140417215302,1.116505228950047,1.1674903295062316,1.394278714145987,1.3923869014458634,1.4132436409277123,1.422369114085212,1.6948050770199707,0.9903567896432435,1.3803413003912128,1.2071263556651026,1.2720178765730272,1.1549732936229582,1.064890448980339,1.0826065349856984,1.2954438853910835,1.6419253740872874,1.1286434718126679,1.0971299895174713,1.1316038647358135,1.3052612301508801,1.4094497743805896,1.0192850395972586,0.9676466660955715,1.020197988346499,1.1934244069256323,1.3907479242281353,1.1067731373814558,1.203605132175547,1.1441457873945176,1.2928850859702175,1.3073816381542616,1.3829266165930836,1.1809519679941225,1.2289108310575223,1.2401243139743456,1.217098741995398,1.4539205867522857
Ateyaba,1.0786630606688403,1.067429029502061,1.331629908363799,1.133561400940244,1.6515785842396407,1.1810206766360525,1.0452965044408697,1.0681207674514377,0.9467697484939289,1.4607546812600942,1.3937746607705745,0.968668328487973,1.1014884546383756,0.8714835239740378,1.5337477755738333,0.0,1.4692985569187862,1.3511768695803177,1.1566479363799687,1.2398232922446533,1.1455266861380942,1.1540465113880929,1.2003774030196501,1.4339174714470475,1.1776409829553989,1.168308198592603,1.3823151330610501,1.2994674412901566,1.1553163746294954,1.290057243819915,1.197250466703967,1.2052252667746601,1.431730403605818,1.0480634345399868,1.0995457507927813,1.419054634773795,1.1551947034084493,1.419051753486818,1.3235843242443543,1.106568289304465,1.3960609992064426,1.400724154670868,1.2012760141581842,1.2714380465182895,1.2383830937311813,1.2773594265173334,1.4279086753941492,1.0543362227917152,1.854763870653877,1.1542541916552926,1.1507664672680262,1.0697386292627797,1.5788125770806725,0.7765504739926392,1.4102349579010856,1.4740772643995426,1.1258826047791664,0.9574069252965642,1.155764317993771,1.176270571948262,1.2869148827239825,1.2776084905763874,1.206259295120602,1.6454277517402256,0.9697325018618976,1.3180628016370806,1.1029202580449504,0.9713219880440165,1.039799652836053,0.8594747276765056,1.108832784944424,1.0665183121904869,1.0709797123022644,1.1193992510873452,1.1908267758673878,1.4171370351517223,1.23053891036526,1.2577673749071576,1.281345106675805,1.1055337298528272,1.2551136861292838,1.2053875507772718,1.2201684378471245,1.2416336902766039,1.0329356217940238,1.0503447821722913,1.0139628043356799,1.233248354999497,1.3820225388386704,1.1145316283387348,0.9419027680163968,1.102846845751228,1.2034764173568193,1.4142148897912608,1.2522568290945444,1.1059185945967753,1.5142529406892065,1.1242400728474664,1.2597465443633526,1.1756098413651748,1.1371808271579722,1.2406885051555432,1.4525152392965957,1.0062948852388671,0.9764722570268675,1.213497600318406,1.0067565499255346,1.0439410781740663,0.9518120313466631,1.302826149353776,1.1428054648038484,1.2127923611583067,1.0329888653454589,1.2694210896347746,1.0491598589150308,1.2453021898392818,1.1831208249201737,1.6035302817777046,1.1023052159752635,1.0575662718795957,1.0502059316102004,1.445325874781582,1.1710467904620276,1.4433270457324079,0.7889805856341691,1.6491413081727495,1.222901728324938,1.3871645919690843,1.7034197496314214,1.19272389767645,1.0657292640327503,1.1716651178755952,1.2907215458351133,1.297317770546015,0.9716081516307923,1.2148395111875687,1.4155088698405551,1.2007931438119732,1.4494029684368794,1.2288972934696445,1.2506095251395246,1.2876523064246026,1.2401045570125193,1.0568060792543958,1.1517726206292689,1.388188112671113,1.0569153125427775,1.1834172567101262,1.1617023654591256,1.2811349468561508,1.1848785193072962,1.4668101715828312,1.1127880446970144,1.2776127495606417,1.0078676514955367,1.2067809631013628,1.1552009177090248,1.247542426696493,1.131065704122662,1.242231485994835,1.665280088159627,1.0465603765889833,1.4534755281221345,1.4315516587521282,1.0738069414515414,1.1596727471720745,1.2785767013548393,1.3260237862590947,1.02015258291422,0.9217091424917444,1.1103985027584642,0.9406216116019611,1.250165019889293,1.0884647157734728,1.4765764115137257,1.1067952599218194,1.0836057291197643,1.380502058805526,1.0418985110024035,1.1238783980711118,1.011490972865959,1.166748115468412,1.1948331237622922,1.3811761445911033,1.0588266876512353,0.9316627953264432,1.7173594881440237,1.5672213371486983,1.2846467987922616,1.068199472219834,1.4450594136708643,0.9991215249682674,1.382503514499284,1.46985338320233,1.2024316932275927,1.1429367307539033,1.0218843791574228,1.4537702954066842,1.36796039874639,1.3636946203248197,1.1939427566382221,1.027469024000078,1.0337661845753834,1.440253816970348,0.9892541567616817,1.3029451886128245,1.3025510436437868,1.1566989483285608,1.1983944955249286,1.119063890212233,1.2113925357390167,1.1845032759853256,0.883506557089796,0.8990399106500072,1.1519270503613015,1.253524787809118,1.0856420014083452
Barack,1.008524350563226,1.1565771969378493,1.0374148883135683,0.8516348337724445,1.1016060323692278,0.8715105311852657,1.0811125015064527,1.0332856119697207,1.0277833751115248,1.1411729326410631,1.0535478622077712,1.1874499417164692,0.8956661950587008,1.190368781360054,1.003476584708259,1.4692985569187862,0.0,0.9830181737305402,1.116314174822261,0.9852892514452795,0.8951779949156766,1.2185745701415833,1.1480966075239232,0.9191706155735297,0.9699198811392655,1.0330789382590977,1.1412519092334346,0.9668745951877937,1.1026495304870154,1.34906869504637,1.1272020021064533,1.0202765152105717,0.9930863622071239,1.0661853706574427,0.8799029924271935,0.9279050016394847,0.9476346478203129,1.0383193156680453,1.1951438662933402,1.0255547360412316,1.2045558918440178,1.0770037648523525,0.9015675385960439,1.1195668344040839,1.03321386864674,0.9642737144676428,0.9598963077210617,1.022570123643133,1.414898663156347,0.923929219361248,1.1843594406887157,0.9575603411183651,1.0014995755425018,1.4430238368742985,1.0895889176647453,1.2245633569311118,0.9809151260521087,1.1508892051114374,1.0407118374630182,1.1348703766906991,1.0218024892965105,0.9814961114783103,1.2571219738624493,1.3204115785974826,1.084109310678783,0.9331554335765984,0.9268217450851659,1.1779722632651788,0.9368526323799773,1.055452337703035,1.2126478382586159,1.3024197050833486,1.0897889611268523,0.9556416369498713,1.4347548570108037,1.3849346029939227,0.9810323776200314,1.236273145100329,0.992161569873767,1.1047094928267016,1.0123255386183296,1.1086626245026627,1.2042691127794625,1.2963350262385065,1.1475859442015777,1.113467284020505,1.0507248885411247,0.8875615537898398,0.9549288995515194,0.9723750393839491,1.1426503544087743,0.9273206521229963,1.0164827697599015,1.1690058338317522,1.016319687142435,1.0650437289687462,1.086987329695661,1.1820359064236425,1.2750991934077922,1.0137753003581587,1.100075232076201,0.9890703594764371,1.0486163464263056,1.05350782371126,1.1264558359185608,0.8678104927616197,1.0669552873707133,1.1611894096615716,0.9549977356689392,0.8250677169540187,0.8747793152458173,1.1264151236430018,1.0003234188470396,1.3314218990051403,1.0648410046778105,1.0697758799030672,1.0488438556322135,1.7282306460732137,1.041562218803182,1.16363650413116,1.462660162814288,1.2130291467555132,0.9819989163530051,1.3132671606174928,1.2245423439501155,1.1394804154455613,1.0585603857474444,1.06117882871425,1.2700380486817997,1.0231131963216773,1.0882584802467854,0.8714764716201905,1.2427981247729092,0.9577506937571677,0.9515021127936278,1.1019377353564555,0.940370635253316,1.1466025602803358,1.1268933296330814,1.1406920549187425,0.9963766400721142,1.219968555190653,0.9007267145144106,1.1215018689438823,1.2226104469804442,1.0202397858866796,0.997872965487149,0.985076859679624,1.0860761802840775,1.1582722744879577,1.1930297158674372,1.3841293710637137,1.2340486135928317,1.0256563559150693,0.9814381296513649,1.0700226283515457,1.247490130748542,1.063506405752215,0.9600257544067216,1.2814754440663785,1.1386823275703248,1.4611379062519232,1.4072632890630046,1.1753931459220086,1.0439768482789669,1.085978948044275,1.2055111678199462,0.9932242435668212,1.0939450654375482,0.987720181647023,1.1376463010010653,1.0141036776238044,0.9150719870759125,0.968016471077118,1.1248403573379635,1.4613514307361115,1.2049627857651153,1.2095838578675666,1.0951555686066283,1.0054861383655072,1.1013167752046444,0.9863194366457776,1.1998710390727971,1.1134827643013117,1.3298999010599966,1.2566561653455643,1.4741160939701587,0.9741018321128372,1.1609424172155953,1.1234083600875606,1.244527323741783,1.0121766378450876,0.8950432097941653,1.0655125752728372,1.1038558272507601,1.5271045303739224,0.9765140233596935,0.880634881852364,0.9363011956938059,1.090003097803663,1.1291578046188684,0.8560867871419288,0.8791849794458906,1.0334642678278811,1.1993350855523055,1.1877963237302287,1.0873865743573388,0.9939170956803557,1.162969496821214,1.0696763306562476,1.0965503195891253,1.0692743829594098,1.046152665624927,1.0506976504043126,0.9723724012896134,1.0192499245452113,1.227397729204171
Beeby,0.9372747490493386,0.9036645714578533,0.9713455241418649,0.9536281669301878,1.076778824294047,0.8201708076747495,0.9806120578798221,1.030529020420463,0.9088333757961299,1.0636852657055593,1.076367812718516,1.131378155962544,0.8419925591429422,1.0573354557013284,1.1374024927557245,1.3511768695803177,0.9830181737305402,0.0,1.025259718021465,0.8321649041645816,0.9797779211866339,0.9672355545971811,0.881179648431812,1.028380235147676,0.8992845811303983,1.0336743883901116,1.0686274437042391,1.0626570663948216,1.0639353404667327,1.2796315421037148,1.0931606603116142,0.7473841736211709,1.0152711948209934,0.9725873985746257,0.9252845097009409,1.0220271727910644,1.033685680875183,0.9322698415703886,1.052133755823619,0.9865438663675593,0.9866331686048556,0.9579265557633903,0.7742010925914926,1.147769257749131,0.9050064362442897,0.9884452495366648,1.1500080628528335,0.9462249965439231,1.5471447595323178,0.9641782445069788,1.0400353388635923,0.9268302351490095,1.2752090398971332,1.346823312699039,1.0349430699883913,1.1365317112465965,0.9804764349295122,1.1178264683141699,0.9151613832208024,1.055634329974155,0.9838315367386813,0.9977974438851912,1.2170340852945587,1.4137059934266032,1.0485079167694982,0.9539691842655839,0.9426631112931836,1.1927644652110365,0.9003980442745978,0.9452603441074143,1.252644149973441,1.0649367472339761,0.9765018716872705,0.9361718248991283,1.1615234547159163,1.167536122500002,0.9088101769585532,1.136152311887563,0.9597917181322764,1.050704328054213,0.869884747764723,1.0887008349107055,1.0640857566658242,1.2819994750937356,1.071029880053729,1.093033586785141,0.8770315422692903,0.9275855468376389,0.8996852976303309,0.849358768286337,0.9635408495786204,0.9081141529141202,1.0240291469229568,1.196225863875062,0.9819311775918954,1.0216354810996675,0.996343982163113,1.1169556651909331,1.1880228217089777,1.0158259543085875,0.9397962362421612,0.8536911426551325,0.9841191368848367,0.9732590803842723,0.9391524851550878,0.7506310930545603,0.9890359668545571,1.1381622967402873,0.8345330419909665,0.8446835465335579,0.9379151098543432,1.0906925836440848,0.9907288729461903,1.141554832085362,0.897850594663073,1.181239551473037,1.0390598317021549,1.5716340365725472,0.8903477536943722,1.1195586107416082,1.398434854864753,1.2206232018790344,0.8491745097686398,1.2491321195640699,1.1096220450552587,1.2744140080520838,1.1162633878580246,1.0059384892997065,1.466469636393994,0.998454258796526,0.9633239510018489,0.9689817678333764,1.1887060611942415,1.200329269747269,0.8863892939443122,0.9916331119098828,1.1511846926142046,1.216110526447806,1.1215836099159646,0.9735886047048237,0.8459348997631833,1.1746059492892942,0.8593533472707805,1.0245108499880013,1.1877548873474693,1.0140236919443324,0.9326682055578985,0.9267133392495341,1.0722888171675165,1.090205665694684,1.1460710223134614,1.3599111666180657,1.1264273465278238,1.1575806114606098,0.8926927481265831,1.1351061164236957,1.1445666892873037,1.1364348305588938,0.9581677322245643,1.1991019041012514,1.3186010884406678,1.3037800007577813,1.3536437692671985,1.2771013757858247,1.0641637073234753,0.8959091375522287,1.0612355543059222,0.8823014353998194,1.0190724104984759,0.861604746186974,1.0329974301546168,0.9264902825060463,1.0092188616019089,0.8828848646610745,1.0856219863661252,1.3321002742864638,1.0182950044603827,1.1449491199919128,1.073601657720407,0.968623775801019,1.0682053442727009,1.0199272566117243,1.1383698167156926,1.1762632706687979,1.1169197520093788,1.0772575716634518,1.4605822713017944,1.02828295654586,1.1168775392210266,0.9562494627567756,1.2500799777054283,0.9361827208134179,0.8766383410592327,1.0503750138072183,1.1369687002655802,1.3896373320787374,0.8740637276962598,1.1383646226015829,0.7474741298779356,1.2182541099239232,1.0044808071947886,0.8588544520781166,0.9206292539482693,0.8636703846268555,1.0088220019718728,0.995323858003458,0.9110065001640031,0.9598154239552464,0.9717781819529251,1.0541496797242298,0.9701353459891199,0.9341390444921545,0.9269833320291793,0.9531101369509384,0.9415301945317711,0.8942985966695804,1.1139906105495256
Beendo Z,0.9916912753666174,1.0185642568432614,1.1099433470021898,1.0221012859532417,1.239710316560995,0.8648860688197488,1.0121875347246798,0.946651247914081,0.7336483542642948,1.2076331691365003,1.2145270983030352,1.150419503013377,0.936779966828374,0.9434564859118876,1.332217179286509,1.1566479363799687,1.116314174822261,1.025259718021465,0.0,0.9121737796530037,1.0023710168622992,1.0246960911379726,0.9681255546675861,1.0947468857998979,0.7980014313313586,0.9805949048599394,1.1615115586478695,1.0931495878575492,1.2476627243101772,1.3892376758889773,1.2439725003700688,1.0046710423625393,1.0360142142180278,0.9536073527655518,0.8694359172272875,1.1558623656193743,1.1447518158451238,1.137800921271659,1.2518435828514818,0.9722347139896144,1.2400423179507094,1.0738485222529697,1.0161646923642318,1.0834827309796422,1.0340570544974226,1.154663043471112,1.0031198896110833,0.9940309874223068,1.7150807470619327,0.9571546552063459,1.0934735233305326,1.0037754403822887,1.2777786202934878,1.3208510069994386,0.8025409867320374,1.257623300207723,0.8704881295443389,0.9885556244556923,0.9183490169199295,0.9439500572921257,1.0804450419615161,1.1831247093181547,1.2060945928030684,1.3159562005350445,1.1135603415549193,0.9433522557866613,1.0444946751977744,1.199901776348855,0.8672882421793683,0.911068810552615,1.042992326589503,1.1815822523330937,1.0853997035927672,0.8675241841916076,1.1891691348368918,1.3689643451469904,0.7332492476896291,1.1487043410240572,1.0482947073561542,0.9938842135446511,0.9208326552952198,1.121854148487901,1.0601194706213075,1.3085959144034243,1.0917521105718457,1.063670639660163,0.9891689858747014,0.8183025313629763,1.0059165763620068,0.9181721912637264,0.92621111057562,1.0138421754693776,0.9088891956757766,1.1246481191695117,1.0012333779471136,1.2002522159404732,1.1391459946017197,0.7412300522102142,1.1165202471127413,1.0090861602472219,1.029057785967827,0.8729550688158518,1.1122613573816915,0.9221756672724837,0.8638255656913988,1.0372822265648713,0.7950310387739628,1.1432671811965676,0.8785819236419701,0.9420975193146552,0.9157008537958877,1.165892966013275,0.927971014574359,0.9196449846461895,0.9109857327201548,1.1215700433589013,1.206807631300803,1.6150457709423696,1.111256955719326,1.1103327176500954,1.3791483375957565,1.3600976086592824,0.9328525215217417,1.305403296864583,1.0327400127965245,1.3771148979749521,1.0845063215619732,1.2004063943983332,1.4901543548282716,0.9322851520032676,0.9135786096215809,0.9897815284164665,1.1485322894261072,1.1423043369407377,0.8913647446716656,0.9547890303891216,1.2709515130802622,1.0523695100431332,1.2317465483502332,1.0932210225045125,0.8625154121548946,1.1091872116380517,1.0039808181765018,0.9563471877868753,1.2597099319181648,0.9692594266859196,0.8948860634045178,0.7386803740097393,1.097980099935387,0.9696860848384872,1.0641351127576157,1.365221945237275,1.3199081906643322,1.0467603868336715,0.8180240026348222,0.9236728634046092,1.195346538831773,1.2104087433984747,0.8648561880953359,1.238681177472599,1.42923987336429,1.2627812221635495,1.5118191516985797,1.2585351338734874,1.0489563642656454,0.9732319676697032,1.0172953779998586,1.1100148870131668,1.026690383251781,0.9380339411798458,0.9479317916870678,0.9146677674580862,1.069356790943399,1.0300027078687757,1.3014380945385737,1.419056536647201,1.0056241981812761,1.2445854875643703,1.016645870020483,0.8658597088135022,1.0079951805820218,1.0884964062261284,1.1000759774952666,1.2710438818765766,0.9733694101170236,0.9646485456363769,1.4450400956576095,1.236519866709341,1.1874823049775691,1.0381070974899982,1.531332407534788,0.932409537964456,1.0739079176205926,1.2957126303373203,0.9208241361240913,1.5149440366909668,0.9896802575755033,1.1393971579210755,1.0182093841851012,1.1764760235855627,0.9655630032806233,0.8965876810383981,0.9597028226293687,1.1773993030527672,1.0520042756467392,1.162524639546629,0.991143395200876,0.9200604733065082,1.1477124123653575,0.8810668361821027,1.059551862619103,0.691626077400971,0.9016081689138707,0.9967207182734721,0.8301176302812547,1.0988887392209485,1.0706275092511388
Bekar,0.9567437731236232,0.8508960826762568,1.031932394201605,0.892186455463248,1.194116133738326,0.8941882053451468,0.8987830607611268,0.8017349382186112,0.8253912785728109,1.2107171035904614,1.1915066329018644,0.9204231400404459,0.8794891347886087,0.8994840507012344,1.2418298109459576,1.2398232922446533,0.9852892514452795,0.8321649041645816,0.9121737796530037,0.0,0.9477037772984189,1.0446541945051764,0.7892881309653403,1.0262704462449412,0.8279702884471878,0.92957174674624,1.1478233407135994,0.9846099187791285,1.0600201403814304,1.2768646218159658,1.1404875074500351,0.769397444865745,1.0212712607674044,0.9216459239322891,0.9044062253580765,1.08333048519117,1.0070865896422454,1.091613502024497,0.96044167803642,0.9618364280503218,0.9772375279276132,0.9327497911431686,0.7457455543817555,1.2182460167752904,0.8292181289605828,0.9068517760758229,1.03534571109525,0.8539354177710682,1.4590659480115327,0.9185010501045919,0.9355822286130078,1.0386253905819383,1.3367597102438298,1.248438432553387,0.9718010094111204,1.0536426717975913,0.9153998482130988,1.0450005404023814,0.9140532563820585,1.0615105507328264,0.8040240713877697,0.9950777534115848,1.2942454798487846,1.1803020685890606,1.0033849771650567,0.8481746948211534,1.0606514023229472,1.1838907979352264,0.8173172059523517,0.7590589538713277,0.9921102559985602,0.9807509321682001,0.806402225208273,0.7827992411543918,0.9822522459222592,1.0326573362150528,0.7628635682428849,1.22120339144136,1.119547221499529,0.974692371015217,0.7439324976146108,0.9034499759448352,1.0011129387421107,1.1239057164080988,1.0371524893105006,1.1067153486338406,0.8154923849681747,0.7901892689538538,0.8718299074887255,0.8581932799392138,0.8050114788315962,0.92302931394349,1.0231064264068537,1.1822895197376535,1.069409079574107,1.0338363271351139,0.9779165770984576,1.0597836145505481,0.9361761573649534,0.8489104701960386,0.9728520992283891,0.9643692610293073,1.043237542186086,0.8557422337939694,0.8874027485407151,0.7509839163146365,0.8882109839315544,1.1402403514402202,0.8979418855637146,0.9710659047280877,0.8611733033777125,1.1665621226677052,0.7660184495965944,0.8936619629167887,1.0346161056399406,0.9766322113746174,0.9823253314218738,1.4678340617269532,0.7848325025682098,0.9219255789387947,1.170428854311284,1.2564154110602905,0.8014061442700015,1.2261080187117626,1.0301993037071837,1.2576775462035685,1.0438650986732334,1.1587787507071776,1.5555128407425398,0.9387047328006257,0.8263223872128752,0.9301421899092358,1.0649222942115857,1.1632680758118097,0.869624574520616,0.9560100462844843,1.1898254222294937,1.063538617812159,1.0564065901073356,0.8582181156907102,0.8095722077531711,0.9615464375183873,1.0520643105633822,0.9046709847793296,1.2285509657237528,0.9683315537164554,0.8023351338785333,0.8864440768720218,1.1358999662817297,0.8870024157740485,1.2678289772837301,1.0074212714907502,1.0632327258744523,0.9334694214914538,0.7618012839025764,1.0263391588766744,0.8798882680355482,1.0603316062621488,0.7892506113228802,1.1330330227754342,1.4323612990518966,1.155436579105315,1.2614302627599108,1.188134248284814,0.95291005460377,0.7689025989163802,1.137130571228886,0.9251715941234191,0.8948297543241387,0.8966416964127943,0.7453304920534294,0.8482478479666766,0.7952667080327825,0.9003521802547066,1.0421680082410263,1.464574291233066,0.8292181786800671,0.9618467437754261,1.0055873206446004,0.8081964539170325,0.9478956523830274,1.0774380906610908,1.1377044237723468,1.0963078651437015,0.9023072496343642,0.8223586523551354,1.4527159297357954,1.1913771542695588,1.0867279401797725,0.8730328704537268,1.2935652359616971,0.8897414403699159,0.8835201494793208,1.052682253370481,0.9661826733668119,1.2463419051824303,0.8256326949502456,1.1403869382720822,0.855320513176899,1.2081124234513465,0.9328470303886127,0.8839263344850273,0.8680190206184789,0.991761101008328,1.0560353746462814,1.0349460688207122,0.9967421626540723,0.8287192481814678,1.0979870851990625,0.9053767949029066,0.8809113672984882,0.7916916039512227,0.8389731439210966,0.8783292653123925,0.8249270809940011,0.9894189330885896,0.8503918843582089
Benab,0.8820510106184517,0.859913225490581,0.9914911553178406,0.7874375500299208,1.181793272078334,0.7685526283130564,0.8112076999559693,0.859470237509132,0.7331798914579373,1.1640291585530564,0.9582920565634762,1.020911777327361,0.6497072284173943,0.9611096326255826,1.1154983528257933,1.1455266861380942,0.8951779949156766,0.9797779211866339,1.0023710168622992,0.9477037772984189,0.0,1.000363214492475,1.029676355056508,0.9925474229083581,0.8574911302770919,0.7990551439055296,1.1089479649581158,0.9465552673211577,1.0545713725714652,1.2144472229759555,0.9254191500420521,0.8822457850013724,1.1265266670807466,0.7468512930723109,0.6973526536446953,0.996437474616403,0.8530874954107329,1.0827237953335662,1.2020618533723653,0.8199741734770758,1.067001649828189,0.9374260108800118,0.7856671140527772,0.9434638889005456,0.9555363471958823,1.0294011046088833,0.792234573213548,0.8721462524824027,1.6039300086285933,0.8575235956849713,0.9287328652568152,0.80333317307453,1.215379149185322,1.0945427732419275,0.9261799168853385,1.189222564121228,0.628299238715612,0.884803191675082,0.7315908821215974,1.0217908427068791,1.0141309221267978,1.0668896836571162,0.8970349309460343,1.4724799970980662,0.8897866572282822,0.96530833840169,0.7943796142039876,0.9770599549156548,0.8226630888744527,0.805750662105048,1.0556846399673334,1.120231704636003,0.8699751796248383,0.6486349578069376,1.1358993213425566,1.314560650139695,0.7628662309057962,1.000808532132699,0.9083450763971783,0.9263589250850494,0.987083007718575,1.119685605104106,1.1473912028025048,1.1745767883291534,0.9898907799231945,1.0305826050309184,0.8640833350003269,0.7972878550863062,0.9199074769151481,0.8286845244561843,0.7838069183522883,0.8190596344081716,0.8871362762428336,0.9524113985954202,1.0513825371605279,0.9345641445355573,1.1582266073821528,0.963607056734054,1.1070200265598265,0.8604672743896861,0.7939598648159428,0.79999179220158,1.2143121485375636,0.8370727428982518,0.7715377337821873,0.9160656541361408,0.7954089111472927,0.9439243039473234,0.6722349100886436,0.8296502516627103,0.8576309021811196,1.0627287461815422,0.8820774810594184,1.018472361228634,0.835830387120707,1.1400619517552597,0.9691808442030301,1.7180108211458984,0.9106893375636763,0.9206454104205725,1.1627776371495762,1.224913185931878,0.8111162471889912,1.1940146148138295,0.9468894636070382,1.2166297484416377,0.7932615793126998,1.0430777215875169,1.1119756057215986,0.8426852671128203,0.7115053717431246,0.9364002377657552,1.1728764040991708,1.0746936992176899,0.7293068232757491,0.7463719429734487,1.0275196794028192,1.0263308908229887,1.0874673076792487,0.9552674552139344,0.8215867358709598,1.0136660319297248,0.6598023108358881,1.0535510461430257,1.0740346662818168,0.9743600900833101,0.7964605700236227,0.8610576773484829,0.7400299393986262,1.1343887489750966,0.9782287364103925,1.3675658334222875,1.0902977698983767,1.1076710595838013,0.8258331798718346,0.97363492057606,1.1448586059474053,1.0098798094181693,0.7406984678956051,1.183353562395407,1.238221740353733,1.0653995761346176,1.47875366112567,1.2065164267560922,0.8547863686697842,1.036842626741378,1.0716924429930559,1.0862179427687915,0.7425407146873301,0.6639140019930666,0.9696612184988269,0.733038409020402,0.7834323710603726,0.7461974831143418,1.1613768988547748,1.2990165539821066,0.9511455735341858,1.1390241893970712,0.8740589095884491,0.7546537629785534,0.8366988967612002,0.8123945401627389,0.9718569270694456,1.1483290561400827,0.9346994689327562,0.9674746428152902,1.5108900991350402,0.9816328510710567,1.1856786840039093,0.9511607655972562,1.3515398807246493,0.6890450494907722,0.9579618978218023,1.2214992408208643,0.9213126131336182,1.229302768102266,0.810207529330831,0.9778448101956059,0.9054580298753727,1.0703907521106244,0.8180362600189113,0.6461757038452178,0.6047917417212451,1.0801592887188534,0.98150072037806,1.0966162835885145,0.8464816153503811,0.9136909344855165,0.8925267565574031,0.8193734574609484,0.8680907436754524,0.8659757212285228,0.7162766107635421,0.9129338789987755,0.8203803770833065,0.9623208073620929,1.0041361312488168
Benjamin Epps,0.8454905437071915,0.8851745072027171,1.117116203493798,0.8665624958672324,1.2571872370144406,0.8604618295832569,0.9392132457760286,0.9433248786714376,0.7591709274203065,1.2875685356009303,1.1436032897954655,0.9804808436693034,0.8757193662955122,0.8355584076343291,1.4137260234973257,1.1540465113880929,1.2185745701415833,0.9672355545971811,1.0246960911379726,1.0446541945051764,1.000363214492475,0.0,0.8168565467153606,1.0251582271225304,1.0144728669365672,0.8956298770074091,1.1542412142638374,1.1149473921671622,1.0148087438229725,1.3259203497529664,1.1935526301117072,0.8610806182623979,0.9804674514987058,0.974097490429129,0.9634663726082194,1.2135348840940685,1.1324194237076317,1.0678806543994832,1.188458861376465,0.9857706859975971,0.934457010276999,1.0241780776036418,1.0395941331154102,1.1941660492172412,0.9226833410170587,1.144697707956983,1.255475121756661,0.786365068383835,1.5591928730499172,0.971067891558285,1.02253653901748,1.0070390988491553,1.4643226440481159,1.1812995271704543,1.175129964360872,1.2234937024944557,0.9286543726896798,1.0557157922810505,1.074847890220407,0.8250982482031013,1.015405185925687,1.1267718268316222,1.0233387560708813,1.2940709669932668,0.932398516113187,0.9671027213171312,1.047090365400016,0.9855954253182104,0.9460183050497857,0.8408330532291924,1.0732721015875397,1.0074677201043007,1.0474567397216286,1.0254584747808386,1.115767854921432,0.9903258983101199,0.9439061091288501,1.3070606814746524,1.0375248983891097,0.9268973793180286,1.0486978081812453,1.026940265895754,0.981963869651234,1.0732810242555881,0.9596759282471422,1.0379355764020675,0.9605429137955348,1.018999113536266,1.1147921106089742,0.9834790618082604,0.9042106269001646,0.8743252377546782,1.0116063924019978,1.1134880848479802,1.0833920169538374,1.004212267561619,1.228874708771928,0.9629847065265057,0.9336107594976042,1.0917200576772517,0.994963264298977,0.9148022084291683,1.139172786854587,0.7378905567296831,0.9598294624741115,1.0609625209066273,0.8457415323169347,1.2156657083532656,0.9232493006443672,0.959126959682246,1.0590597929183667,1.1379899996128175,1.0198918893608002,1.040284690704604,0.9078908261873593,1.2034971471255569,1.1172563168908225,1.3636823339659323,0.9120217729427722,1.0812385688010002,1.1143015041033042,1.2340613114898475,1.0800392236119982,1.1997966704770133,1.0169843249261303,1.5318947855530753,1.124204322340662,1.3093978596723284,1.3576086183255567,0.9306367122335873,0.9314392543608473,1.049024502898469,1.1278534565743736,1.2282672525428024,0.9790033881703166,0.9050168031163779,1.3143419062092272,1.1922928824360002,1.384173985744568,0.9630111607128086,0.9315544359142233,1.2704708714910509,1.0409872296240612,0.837467987089732,1.1639179755711924,1.0446806021385333,0.8983873253670945,0.883872463228484,0.9367444960611457,1.0798697116984395,1.223273827593354,1.4004987310965549,1.000852256251818,1.1138884283509545,0.8809133979898014,1.1131674660930677,1.1210232574291035,0.933021265619843,0.9292754498926776,1.0971037117098346,1.4480904174296951,1.2405894342854962,1.4940659235167546,1.0417065681260005,0.8331707109119061,0.8777449355522967,1.162316795575245,1.2264426364822936,0.9142490685828648,0.8561428175583766,0.9773942241701564,0.9288100410779934,0.9285481218545072,0.8349364005829112,1.086736463484671,1.2692069390091854,0.8466664006196076,0.9568208741106484,0.9641509732851546,1.0100483521230599,0.9140402110490939,1.0402393759827657,1.1602222415439656,1.0573343769608845,0.8673637021588938,0.911987266768697,1.5867819541389425,1.3260541920685427,1.226639948365837,0.8612353959655601,1.388870719178613,0.9589496945742492,1.0273872598068712,1.4579430823064892,1.1077486121137314,1.1344648004916298,0.9206680596049899,1.2501452196791465,1.0147730259896603,1.1033906723925384,1.0449665572313445,0.7903396857332574,1.02520506908589,1.1633986197982351,1.153710938410143,0.9507249496471725,1.0240715648191099,0.85344578294232,1.0104520322873674,0.8434388573765671,1.0364078625087478,1.0139850010916347,0.854963457383592,1.0511884812865249,0.9480384831059507,1.286506945144093,1.0888344385400517
Bigflo & Oli,0.8292504415937636,0.7739859724307387,0.9567786097622268,0.8230917556217018,1.0520582236665599,0.8933677465968134,0.8039264780972014,0.7735880868826335,0.8386534613940296,1.1087181890843179,1.018245850774992,0.877572013541736,0.8758374615390591,0.7693372810553106,1.34815690958144,1.2003774030196501,1.1480966075239232,0.881179648431812,0.9681255546675861,0.7892881309653403,1.029676355056508,0.8168565467153606,0.0,0.9253009356823014,0.7995758787618438,0.883703015034131,1.0615510550209721,1.1076134941158047,0.9636163551722305,1.1993758584527596,1.0472655304629497,0.7057776610924509,0.8108535848521838,0.8839565637480806,0.8628851210236661,0.958787766542068,0.9606022037734593,0.9492471665373152,0.9692502113162635,0.8919319518351155,0.8353904493165397,1.0486747035522406,0.826183855246897,1.129085281760356,0.7204838689722778,0.9735513986233002,1.1658539894001982,0.7076856603803806,1.2279281580883539,0.9849614435602583,0.9684993516830205,0.8813559699202241,1.432685790056289,1.1912963975902833,1.1199369907643548,1.064257237388424,0.9383897562103486,1.0230140248032242,0.9854026586952268,0.9865732124044829,0.6848305827186614,0.8376899330096752,1.1463077576300271,0.9748309512401854,0.8313781328323803,0.781766142452168,1.0811942107190806,0.9954017716125414,0.7077842528940917,0.743444770655202,0.9445880746250347,0.9110632432582104,1.0257321626208857,0.8493787906226026,0.9287918396672624,0.8997472919706364,0.9012270635793143,1.2430167755741541,1.007945913624676,0.841900093019317,1.0081806819625272,0.81220549842465,0.8186535352521418,0.8718362240851941,0.8900426987870117,0.9326092308546072,0.8073629466060578,0.9225885797403564,0.8080390640606816,0.7983136255848929,0.8160788628683591,0.8202043359157294,0.9729312833599899,1.1402862431253185,0.9388857251909432,0.9504816902267827,0.9072856506584,1.102847790151033,0.8178332692801201,0.8066712204079954,0.9152242741385499,0.8168673611730899,1.0194055544753424,0.9119819867423693,0.8687126793047323,0.8402365780610601,0.7967102174522668,1.1509614350109751,0.8089600959725942,0.9887656454080648,0.982768859479407,1.2024095950821414,0.8196988748862201,1.0382276411169324,0.8743986813407012,0.9329656682328998,0.8308956758163059,1.0597720725837105,0.745190873704978,0.9324239262125044,1.0520720604788258,1.0624648459538564,0.8117178872999365,1.1735283331686714,0.9900234103095596,1.4344461648874869,1.084530184415288,1.2256526398852274,1.5595511948274257,0.8598606512774404,0.8964001175873598,0.9204662643460828,0.9553265920223045,1.158989612916585,0.880382559893522,0.9075870627305304,1.0731595061299537,1.1728899668523574,1.341742683431523,0.7374142650537409,0.7446477762152188,1.260285346341963,1.0434566410120476,0.6884640818211586,1.0529633958329887,0.9676546538310272,0.8489024527060676,0.8692811682377972,1.0372642786159103,0.7465552017938407,1.3631127078906138,1.2263281199347948,0.8563518229075381,0.9025187408210478,0.7979866267138109,1.0070415246232516,1.0420160189083434,0.8027451400056052,0.8005490424514815,1.1346861933778671,1.2767519930423852,1.0972962700841984,1.2755406169476728,1.0810219019462288,0.7999079221731528,0.6191955035842227,1.1822594608332695,0.9982539723795022,0.8201546149932752,0.8160743514371217,0.8186177040842048,0.8507465679041689,0.7909467301071416,0.7940869728292238,0.8658911500811073,1.3060199786806406,0.7280274546838205,0.7547084727182946,0.9009681741841559,0.816309675260969,0.9167002538832293,1.0069244867607452,1.0456760306575872,0.9421972326165521,0.8886676883294065,0.8483215534454587,1.3334338416054488,1.1881705696092657,1.0611019059785385,0.6976173086352987,1.244628973547596,0.9061063838721786,0.812263062336466,1.2977949763034071,1.0125788808558882,1.0426435795054794,0.7999877930642182,1.1820581581773986,0.8411538556299079,1.036862601751022,0.9858847452386047,0.8185216244587966,0.8958933159104749,1.0136820696564908,1.1050388491519334,0.7873781725193457,0.9116905207017086,0.8235269156368876,0.9975226585604523,0.8411155883515203,0.969929068990232,0.781348433260061,0.7765689407973007,0.9574257085812928,0.9024651879170442,0.9204764343917922,0.9804017147807632
Black M,0.8850679343011614,0.9771916396801845,1.0202835281759968,0.9156539266541285,1.1232056551779883,0.8273775520083685,1.0652163247026387,0.8646374907409725,0.8841313652176165,1.021980873383839,0.939056474376127,1.015531961569104,0.8164942809978597,1.0706418573508019,1.0146617089945769,1.4339174714470475,0.9191706155735297,1.028380235147676,1.0947468857998979,1.0262704462449412,0.9925474229083581,1.0251582271225304,0.9253009356823014,0.0,0.9518797622969718,0.8952694085096033,1.0432315198711684,1.0093214933624004,1.097087845088848,1.2599596550977277,1.1490831450679573,0.9132749623000724,0.8588040083060736,1.0281851066582335,0.9252972605204474,0.8964714677322057,1.0113480670855495,0.8464054481600853,1.1547571939716543,1.063112494073781,1.098557438643841,1.0433706232073254,1.0035108889368463,1.0563289318281655,0.9697941803544371,0.9758616953240872,1.155652633751557,0.9034972132402236,1.4210504748447939,0.9099156714019684,1.0793770429000442,0.9276481471749082,1.0919543017273665,1.4148218599614792,1.190880680347103,1.0810062945353789,0.9439757099163241,1.1831600634187476,1.0103284036603506,1.0821583831712318,0.9822935275718424,0.8502428371462741,1.1964265001153178,1.2675338576637545,0.8736897241860305,0.8802523589888248,0.8975565139521493,1.1354273113304867,0.9223073785916209,1.005254277054645,1.2743488957208573,1.214765333789577,1.0104785867470296,0.9954115310760531,1.2854343997602995,1.0877550214233425,0.9335029340215225,1.253090657935719,1.0141851604626837,1.0758222587399997,0.9753616421943224,1.0866569020302557,1.038225050422588,1.150660197219583,1.0064909640356434,1.074867860479574,1.0339909735495512,0.9048082632679101,0.8552527208887841,1.0770325149697237,1.009577381360784,0.8569441286975104,0.991410300159769,1.0304815174047344,0.8475258044163501,1.113904086281836,1.0848001718793698,1.1469215218299895,1.0541957798718817,0.9758152526549321,1.0117769092017552,0.7925753145435676,1.0533435797306514,0.9990179214527829,0.9686825613816882,0.9225799808077937,0.8901896790600474,1.050749046783137,0.9807808777264242,0.7575894371028217,0.8259567309644518,1.050665779715254,0.9914157935597312,1.2433565903349149,0.9552744626674997,1.2090338948942663,1.0843494800996107,1.389542596962766,0.9083110321248451,1.1975212275217617,1.3459749533607581,1.1828399149659208,0.9754498935295938,1.233714063672898,1.1368340967688277,1.193767040516684,0.9844215841811347,1.0174479884374943,1.4232164682655013,0.944240296358803,0.9687009020488254,0.889957545673963,1.0111313435857878,1.0050387132457643,1.0348062918835503,0.9513531118574147,1.0922868266728778,1.2376829747031446,1.1308872004764963,1.091921586015436,1.0632016368878354,1.1939740654128654,0.95587562933042,1.0481783857718592,1.2199285838876663,0.9333679270636807,0.954829726707482,1.0391665616501806,1.0304337857278822,1.04715775524423,1.0827443255503546,1.3383510430031706,0.9957444371492085,1.063273441330825,0.9359530329577204,1.056661205445853,1.2363308169141443,0.8756263720394284,0.8587562438643556,1.0980246595401177,1.0950783122121115,1.3929906795502922,1.2798660843839713,1.149725981912122,0.9385243000494278,0.9829638341714664,1.2161644226968211,0.998872887392977,0.9306361167629081,0.8498405151393169,1.0894858537172178,0.9326456862654702,0.9703457252591051,0.821861312864792,0.9073779736506163,1.3658822992442128,1.0138849334014142,0.9098045538775472,1.0909836532993067,0.9283062207270202,0.9542216325001928,0.9302530018050527,1.0708291420938716,1.0085806703739097,1.1839430837092928,1.1112189462869477,1.442297688373533,1.0062764928665944,1.2766141297762525,0.8844080943985084,1.3377801553045845,0.9805142750989685,0.8542482578654617,1.215721575283887,1.1034375286673808,1.3049121867254199,0.8694709927310924,0.9966725250769951,1.0544734248870569,1.0546110342409212,1.1503551834201358,0.8514543957453362,0.8136634102975335,1.0742660434412235,1.1484889194556869,1.1673696262592193,0.9188379299141022,0.8888611674060837,0.9374578835514469,0.9963961883097535,1.066568820820394,1.1288193939537818,0.9936203335246533,1.016358707618155,0.9059717432611701,1.0037828167838745,1.1663443734235122
Bolémvn,0.8296108935476102,0.8245428794942494,0.9187536156536479,0.8124446049170988,1.0000448874708923,0.7388645980171678,0.8777041952497193,0.8449531693983393,0.7812618642857188,1.1702375700657321,1.0161138309484867,1.0268133209635988,0.773735418122773,0.9017133712739874,1.2705619766299205,1.1776409829553989,0.9699198811392655,0.8992845811303983,0.7980014313313586,0.8279702884471878,0.8574911302770919,1.0144728669365672,0.7995758787618438,0.9518797622969718,0.0,0.8557264232504636,0.994079138816173,0.9676945476012642,1.0317179180741165,1.180706144853081,0.8854181892284291,0.8003562778924043,0.8470953157990398,0.918090202781103,0.7299049502478154,0.9920485611781454,0.8396001192568676,0.9848357379030184,1.0100355419980305,0.7266891622403365,0.9803592029956374,0.9856933930889263,0.879988443703679,1.0036004125958722,0.6994251070827562,0.950255232216117,0.9163605714938426,0.7256622330338997,1.433996538812304,0.8632351049483689,0.8755743910507782,0.7906634581470307,1.213020861183226,1.1344681129993266,0.7704472202197782,1.2042306730382955,0.8090579666304372,0.9300593667149027,0.7324875908154813,0.9986048274170063,0.8518234460812443,0.9782785793882844,1.1570758373943104,1.3412056095363143,0.9615963579893934,0.8841084667466926,0.8076492750119535,1.0616927462704722,0.715952590161507,0.7234351444651401,0.9310761103128796,1.0841033898565302,0.9670151412788196,0.7023271115986469,1.065159405424816,1.1815247042847554,0.7934592603218021,1.1213842026612912,0.8886709657663953,0.7580044550519712,0.9170051418759392,0.8112397230397117,0.8842271664561843,1.1142598002403188,0.9685475263003753,1.0164854488625155,0.7282244036411019,0.8258714264333342,0.7229914636589704,0.8582048765939785,0.7753824654946361,0.7982172235916857,0.8145690420565692,0.9413842496922719,0.9677860002318369,0.9196765052772592,0.9259156145987074,0.950392004252436,1.0623564531090712,0.7741574936059873,0.8936238848086792,0.8727196387761709,0.9592307833846528,0.8254729304836907,0.8202830414795437,0.728816876364306,0.8358854961645424,1.0360380684553403,0.6759232840498289,0.9598774612358043,0.840799288439361,1.0136751663861778,0.6949360795134795,0.9675032698183017,0.7787736672743748,1.008141373749748,0.8964363561860481,1.4836530806349826,0.7439430658757609,0.9066268686143321,1.2782699483097153,1.1494359984691085,0.7222883998485763,1.2199091159579551,1.008864104212587,1.2824366906440876,1.05209967121221,1.023193168483059,1.3942582419635696,0.7803804358056293,0.832226871328031,0.8862890809819303,1.0947289447443025,0.9822392883775002,0.762930637800024,0.8339153204060508,0.9794710015202578,1.0867217013875567,1.1313126538213003,0.8619572897913748,0.5832066539811505,1.1173857532532592,0.9816616775568722,0.9316520648136254,1.0016477191749091,0.8895513554721542,0.7082366148608593,0.755147371400163,0.9578257658870158,0.9551630221915296,1.0654734941299913,1.2836336277710751,1.126494570626994,0.8891328086765323,0.7190907089732032,0.9142989986777939,1.0817601047438972,0.8971174377236295,0.6783242409984656,1.2254810577504949,1.283763596551375,1.1130452802589728,1.4613401805553834,1.1274518212891151,0.8629248779196,0.811615980113713,0.8687140440948052,0.9396941170866949,0.8136535631782162,0.7692735501463052,0.775451808027551,0.7767806690251985,0.8302747677328767,0.8058528931780592,1.1357619103623564,1.456817501081089,0.8394937689979365,1.0818228814791104,0.942083508499163,0.8017042996497701,0.8508990194314631,1.0222431660429967,0.9203469346218459,1.0977121715621871,0.9387973485566609,0.9400965334224437,1.3007356642442298,1.059970647738706,1.0426195168521781,0.8347028624001454,1.4094176469547477,0.8489156932829709,0.8637253422803035,1.1249405982849827,0.8671418572136832,1.3208339427623892,0.7233359647656978,1.017520280325165,0.7060989155463839,1.0574630266235971,0.9002285657254842,0.7737758917431314,0.71084356318566,0.9660880737515156,1.0619229862065886,0.8786746633917649,0.8782163755226985,0.7197749238376674,0.9989614757973665,0.8921054780272449,0.7687574255647267,0.6610175028380891,0.8203356215290666,0.8217277650787373,0.7307034602842457,0.8951902526385012,1.0135751973523868
Booba,0.8693955664899632,0.8681030795801945,0.9329043705220339,0.7294967229646794,1.214423686004971,0.7847478492780033,0.9713310982512163,0.8891184706745225,0.7030082291242592,1.2380557463077404,1.009560418996398,0.9073564954139631,0.7654601635779451,0.8976634280766823,1.198710945481949,1.168308198592603,1.0330789382590977,1.0336743883901116,0.9805949048599394,0.92957174674624,0.7990551439055296,0.8956298770074091,0.883703015034131,0.8952694085096033,0.8557264232504636,0.0,1.0785045255927181,0.8764017436006292,0.9419061725438762,1.1674814237924092,0.9965984368542525,0.8316604181856733,0.943557313595192,0.886359795498085,0.7559432804324241,1.0157402778379614,0.8524645521815839,0.9777648458783063,1.1998954763473835,0.8612685297809191,0.9920637058311282,1.1140521836554802,1.01176662982402,1.1147664675985005,0.7118726584117225,0.8801051086190929,0.9702387344710963,0.7217250790368808,1.5099387986575599,0.9359920218790947,0.800361091197275,0.8555048383366576,1.2548124186609038,1.0789225991285345,1.043506067037762,1.0868364162898647,0.7122000780880002,1.0135922557886055,0.8936540399186839,1.0186248085002012,0.9356182903936734,0.9592946239440582,1.070873478884382,1.327550773550042,0.8013700311301839,0.9724417409248622,0.9020154369446648,0.9481313641774143,0.8374865488087289,0.7772460957911835,1.033633433670724,1.0160124976798668,0.9648641197530764,0.7808465906303503,1.1242937269530164,1.017332614545409,0.7868372984876356,1.2520107465274537,0.928932787265144,0.8979588604343647,1.062049410368227,0.8981390121823227,0.9157943958011422,0.9355068392774768,0.9024248589051402,1.0746125284842518,0.8734969103181655,0.9310786760733365,0.8511028106119309,1.0070482092474102,0.7870736860064068,0.7455095228274075,0.797953177730546,0.9677587015520824,1.0610099276129032,0.8806369869291006,1.0989063316859655,0.9847443849366545,1.0341933533568175,0.8901258501596536,0.9725261357642103,0.8870324136451841,1.145421837909546,0.7360319769173725,0.9895784030569494,0.8867260608793305,0.8063916837960082,1.015686081733402,0.7932446908891199,0.8765770015527795,0.8432737099725187,1.0846159328440435,0.758660650170561,1.0134553650048217,0.8842519922764993,1.06612606110642,1.0190079242963628,1.5295306311635257,0.7679315679760162,1.0108757928616832,1.0352510735125817,1.1418168667842146,0.8620223702768286,1.2045534117450671,0.9596995357580085,1.271985254076883,0.9223665566343999,1.146569223970274,1.3044573304466467,0.8453751705187358,0.7545008740101522,0.8799245488424813,1.1683307208244649,0.944979829078143,0.8096248644491002,0.899392257557187,1.0971462624167574,1.105078845638408,1.1804519929832493,0.9388442005227279,0.8353709160447764,1.1240694470807344,0.9529328941206554,0.9574293915185108,1.0075994312027878,0.9964516165082323,0.8145381086900805,0.7080387712238324,0.8996093160287764,1.0154323194720443,1.1100794138900054,1.2774477492499314,1.015128909145652,0.9567364915533161,0.8028368831845722,0.8266281646647108,1.2071482916501537,0.8412673981085476,0.7640321916450774,1.182597238406684,1.3480198688643286,1.1491382780940569,1.4104909345938494,1.0845703600370629,0.7099108200991195,0.9313041729259663,1.093022729362185,1.099008023048616,0.7518020249440269,0.7940716905751389,0.798518621101999,0.865958933678456,0.775763223767487,0.6597865998621448,1.0846474050407708,1.4012867626505172,0.822944365523536,0.9421332854760543,0.8681209966352086,0.8328948267805494,0.823256451086721,0.9021576460611187,0.9556768097084057,0.999610660500259,0.9250061187448883,0.893117019043126,1.4296618558316658,1.1134057230049679,1.236569344590455,0.9368954986656082,1.3846189499906798,0.8030805025308413,0.9533099012080715,1.2572935403872885,1.0148326481176806,1.1558284768721498,0.7818629928768481,1.0930052086545248,0.9722288671909509,1.0256863541574708,0.866524341841583,0.6846657244794474,0.7903133422950553,1.0772540957366183,0.9550930465492126,1.01464013059287,1.0086494513420072,0.7482765770427643,0.9726929263307343,0.7586616064760215,0.7772611853484798,0.8344978336232454,0.767268606987016,0.9619000975308538,0.8108532330139738,1.1256605243406639,0.9113420889013614
Boostee,1.0973429895551225,1.2391993977337183,1.0811960648348735,1.1362929738308658,1.13486198625187,1.111347246404373,1.0063749251201088,0.9686792178927438,1.0588457102258844,1.2041696305546445,0.9502961298463753,1.1692658830133287,0.9252082613813357,1.1470536135325466,1.2704353365071552,1.3823151330610501,1.1412519092334346,1.0686274437042391,1.1615115586478695,1.1478233407135994,1.1089479649581158,1.1542412142638374,1.0615510550209721,1.0432315198711684,0.994079138816173,1.0785045255927181,0.0,1.2311378261286443,1.0981046336999754,1.3369045850363408,1.1229125546205023,0.8537040919943728,1.0212060505532696,1.0965430115929238,0.9836554685629366,0.7887598089169905,1.0424659545733628,0.972527033017551,1.2419646986587478,1.0620298744194194,1.1647610714939134,1.1877750156532394,1.0077450510308474,1.3591173606244693,0.9758493783436513,1.1853225631915056,1.2841585292759954,1.0511146773724562,1.3320429254656303,0.9871518206884484,1.067114576949355,1.1185062641095767,1.1741837178900458,1.3288385528533349,1.2053046746894913,1.136469989240027,1.0783705690562335,1.2468734277835323,1.1596006272613073,1.2890337510113534,1.068781274908867,0.9973763542124942,1.392094871692426,1.3269743848311377,0.9845729213843729,1.163292368045246,1.168394580486056,1.0677229455525505,0.9996019058372593,0.9744961342129469,1.3332759202591538,1.2413446274934083,1.1504390092700054,1.060545980845869,1.275903648606919,1.2195556387285484,1.1707285903575817,1.327794067405386,1.191660183079618,1.0276642249069092,1.2459855286826704,1.00148125010781,1.1445696936635341,1.266442843060638,1.2532979979316694,1.0619734317254403,1.0383803338568656,1.0227828612439522,0.9609571447482026,1.0611490251226934,0.9879143808646345,0.8529243050415257,1.0712731344344737,1.1706761998451805,1.131120693088671,1.22803934664633,1.0320944722492131,1.2967567687660664,1.204292785577802,1.142639780050965,1.215554490355286,0.8231090707315523,1.013444103067476,1.0287664084827295,1.143336894759968,0.9445057034854155,1.1494243816329577,1.2801172144934516,0.9662336026174223,0.9826153686355688,1.0561755176723266,1.3015851830415146,1.0721620182710048,1.2060166808477772,1.0491682831083102,1.1065347531778047,0.9470603054570776,1.2187488906107435,0.984646124540717,1.1271836110421143,1.3788838060955895,1.1242806396302472,1.0076060727452694,1.3039505959390747,1.2669605525489376,1.178338540743348,1.1006147410552685,1.157275348477318,1.6038229941208721,1.1151194809295637,1.1912498959642817,0.8321172275073163,1.185090197573949,1.2764804798031921,1.040840142645874,1.2208092895999065,1.1608554278197714,1.333541438002455,1.2184636976972454,1.0487020193613776,1.0701739377915809,1.3146929903105224,0.9957210600847901,1.0355432028803193,1.1194393834052185,1.3249405401400907,1.0760165993082715,1.093158660671092,1.2314916286401185,1.1357688677795401,1.3389981809371194,1.356882459239381,1.1192161366025541,1.1613394330278546,0.9997734345935434,1.0932201226391498,1.205244781727671,1.1861088860147049,0.9227610849236513,1.3034700702011304,1.0529837712777363,1.1559892795463442,1.4130419178250617,1.2774433327682024,0.9421790734320297,1.0409017987436184,1.2654519477367006,1.0440419035952475,1.0204164716757127,0.8338313891136189,1.1383196390836097,1.1457110437583604,1.1502491138417827,1.0593084458350688,1.0413638516048631,1.389944659197884,1.0955567281885275,1.1195039333124166,1.1030038020063027,1.0734583405984965,1.133446364842908,1.2077652378585193,0.936310325996034,1.240670569456627,1.22848250314738,1.1917297917738636,1.5001561707524358,0.9076717780039104,1.0759332145143783,1.0723455322523465,1.3262516558019397,1.106405421694773,0.787412894585643,1.0549949044902656,1.2518724013232676,1.228109115335368,0.9578334882051484,1.1077381328853522,1.0014773871644638,1.21951065724308,1.1594502635727186,0.9422983725430195,0.9589048591598283,1.011550758804212,1.1313468864139635,1.0490711232992445,1.129411026598177,0.992312542298911,1.1496091185977144,1.2019635523619192,1.278960430339664,1.1051424751695167,1.0543465200323394,1.0538468007064972,1.238739606159083,1.0120620255070136,1.217376737401784
Bosh,0.9812323885451196,0.9954850778234722,1.1133172707408538,0.9299491442676555,1.0775155450559502,0.7913592097961183,1.0422025934088166,1.07321585685767,0.8493422374036512,1.2213247944728154,1.1341336146106027,1.0899342739736075,0.8658326187326609,1.1261499988611474,1.0807132700745656,1.2994674412901566,0.9668745951877937,1.0626570663948216,1.0931495878575492,0.9846099187791285,0.9465552673211577,1.1149473921671622,1.1076134941158047,1.0093214933624004,0.9676945476012642,0.8764017436006292,1.2311378261286443,0.0,1.1548008571233617,1.2206606295137286,1.1912640420372396,1.023351219006763,1.1174864222031937,1.061139084336594,0.8794160149695057,1.0882370727506896,0.9683362121476967,1.1358163179660725,1.2554253630851238,0.8481880087548324,1.0631579187718259,1.1700413965297018,0.9788140650725904,0.9373092083414165,0.9950757693522102,0.9878260542383476,0.9414449317141466,0.9955746891118263,1.4897222996145885,0.9322211459933598,0.986849576644974,0.9576599255590523,1.1274473400035498,1.3709331230736714,1.0383566216157283,1.288533591622665,0.8481272439552427,1.0532723065387228,0.9714279665095763,1.1190006157276622,0.9841286050237469,1.0480694769064882,1.0406053928325667,1.4421200793927829,1.0188804379509726,0.9845556108861082,0.8568315839956362,1.1201961668286062,0.8636619202651765,0.9373553388716561,1.1121323257299593,1.1709201116968264,0.9640994019058156,0.833383585712803,1.3141837682521709,1.287844887074184,0.8349152885027629,1.2559622100132601,1.0376722906696834,0.9671020479325448,0.8634298334762374,1.1327175820040982,1.1262973748508078,1.188353683598249,1.0992183164016678,1.2264446456421423,0.8925293041885187,0.980547948313097,0.9352109865803051,1.0327864592524227,0.9070018042792491,0.9957429184422366,0.842535614841895,1.13446016322098,1.0917458302210492,1.0849141858630726,1.231605751793297,1.0019093341198408,1.2178175067732517,0.9606843093153707,0.884354135726428,1.0039763976887242,1.2256761618293919,0.9710450734492123,1.0766851896081613,0.9531345136471391,0.8844381339941033,1.1029370856216654,0.8648199786195832,0.9840093357830983,0.8706335155226422,0.9823400432203513,0.9230134065771786,1.165917524825627,0.9042399881015499,1.2443047408253718,1.0821583163560968,1.6578182674030664,0.9990794393500955,1.0911046989857547,1.4087171842259822,1.2448360151470772,0.9642785082080003,1.3258729568137306,1.0659426935734906,1.2586905029227482,1.034363017843246,1.0112788920937168,1.2401357881101704,0.8683064437538477,0.9253634271227106,1.011923125324316,1.271089679858452,1.0897064793846238,0.9113368149290882,1.0262894677174224,1.0610771092785072,1.23000546271455,1.2267902309830154,1.13411385281265,0.9319247435183358,1.149901692884343,1.0122116910622678,1.1488928228421977,1.1193888030519843,1.135356980773821,0.8624233628897908,0.8984416732717219,0.9737256202070644,1.1580111030771287,1.1808388342450926,1.2616960443183038,1.2616667519695468,1.0012612591797128,0.8713350659139064,1.0430270233538919,1.2965343526840707,1.1771553225592362,0.8696459679227637,1.209667282225689,1.3164422931131268,1.2578546696632216,1.3374892177121114,1.2595252260737364,0.9727505901153541,1.0126298946522683,1.0765203405389832,1.014086338355087,0.953678875822254,0.8813097980462131,0.9170493926923448,0.8923382386639118,0.8811281162765123,0.8563217427979614,1.1901815768118316,1.523280144473989,1.0343096306351882,1.17717629979506,0.9627130964638492,0.9157691229035155,1.0082025928888492,0.9710282480031611,1.0362010098788312,1.1308708894815773,1.1055937307886097,1.1425775116067252,1.3484476038124997,1.221120252488654,1.3314871938450927,1.0635238253284716,1.3779445031293258,0.907383466525745,1.006491451881333,1.2579669007746748,0.9930134529685006,1.4678628298487844,0.9071514714031987,1.1515732064104895,1.0148376722651256,1.0979479401108678,1.0840241979180838,0.8264458560141275,0.8829598518285344,0.9925922541527211,1.1770789291832926,1.1797052009998745,1.0262534447745688,0.8870260255738279,1.0538361885767473,0.8641417730635332,0.9314722791211291,1.0190278599346279,0.9180321241654884,1.0023545872810222,0.8500123852386633,1.1331229967972343,1.17639295118982
Busta Flex,0.989230171461609,0.9122237923571904,1.117343254415887,0.9271206508489058,1.3267548879412587,0.9566944838231257,0.9460695593797106,0.9781907320993543,0.9835565019404143,1.1809934934860902,1.0821973729144356,1.020571264499575,0.9068953764119343,0.9664995495431938,1.2908461325089873,1.1553163746294954,1.1026495304870154,1.0639353404667327,1.2476627243101772,1.0600201403814304,1.0545713725714652,1.0148087438229725,0.9636163551722305,1.097087845088848,1.0317179180741165,0.9419061725438762,1.0981046336999754,1.1548008571233617,0.0,1.3156364546073862,1.1275738022469721,0.9519252694169349,1.0325912326606412,0.9176075889779427,0.9262609945678673,1.0207741314914516,1.0155521407474637,1.0273727938500739,1.1219721115121124,1.1343178128986697,1.0538976379851308,1.2101562618711768,1.0341603765968246,1.119156695948393,1.0552046755901048,1.0863275330462168,1.2805764861707665,0.8807054292855344,1.3627355932203242,0.9858751803558924,1.0191010471436428,0.9574325682906203,1.3612600983523497,1.193526442794777,1.2019694783322175,1.1692564523119715,1.001718960928105,1.0777193018928306,1.025714043474802,1.2221819974603498,1.097626194303812,0.9447356613270259,1.2728391377527524,1.346746354138277,0.956090700000738,1.12599723761937,1.0932570058327942,1.0736833949787408,1.0012654851689986,0.8789937533220922,1.0731379059620556,1.0500852432515762,1.0831943628804264,0.9605509085616236,1.209020266697248,1.0388464576063863,1.0477113625482448,1.2699829588114784,1.1767546338467325,1.012286437395386,1.225930821965894,0.987831637535335,1.1735484741664919,1.2018150539377728,0.9819626259501452,1.0777933434147533,0.8862173930476316,1.042317993171965,1.0343578604847279,0.9836916861474595,1.0217741592982037,1.045738637961037,1.0519531486280966,1.1740314966836012,1.0159086576921135,1.0251043850613097,1.2060017728493724,1.2261283628057753,1.2214928250362407,1.0254492483095328,1.1344861214758521,0.960197482198199,1.0474016179086065,1.0081462811102782,1.0248720859692497,0.9892252674304978,0.9253258373479869,1.1531626051282435,0.8813567244395856,1.0378356867918848,0.9885843471932855,1.161365536479091,0.995995484464895,1.2746751813728878,1.00611578157361,1.1911632941555281,1.0606023630633532,1.4575381454655991,0.9534139969560517,1.0757818460450645,1.2820771891015625,1.133383976070807,0.8979266868175212,1.3304561846627214,0.9464057053474746,1.4890382611029067,1.1404098332178119,1.3088799351552582,1.639269277948616,0.9126137640474088,0.9742141728871633,1.0510897184358858,1.2114535122200116,1.239576478376796,0.8890285933980228,1.01246244774466,1.1504560923088412,1.0661063303602343,1.3340913351217247,0.9534154719624958,0.9740367124299971,1.2313560116933364,1.0316200417613823,1.0043985043987098,1.1062495919668878,1.1832532515833896,1.02552883637018,1.0485787251832195,1.0938121157692708,1.03906116600818,1.3837953537311078,1.2550069246747109,0.9763012002495565,1.2587137909053552,0.9952758813246576,1.1401301157302033,1.2943704499524806,0.9641027508556543,1.0058168838884252,1.2080495243826812,1.3816447906127822,1.1916745639685158,1.3573534700323358,1.2386260221911451,0.914038829915388,0.9385569239185062,1.3237908202945043,1.1064087916061096,0.9315338834139409,0.8962997455313843,1.0326900194848976,0.978107698301976,0.9982418750555836,0.9325444798519974,1.0760813789712265,1.293806004808369,0.9518356798451532,1.108056386736698,1.015074381772867,1.1293899825498805,1.0596236469745801,1.156164767802567,1.1551616611424926,1.0234158307111345,1.0224272980789433,1.0417447687532257,1.5974815292952267,1.1981761888380802,1.1892785956894203,0.971589838664562,1.3431655609523894,0.9582186919279507,1.005774055405858,1.3190818834189342,1.161658395033288,1.1677080459590579,0.8552410958808369,1.1928718973729757,1.0785879408970893,1.1485121229456192,1.1541343818174885,0.883650447008809,0.9132432305632837,1.1895122603727741,1.1498766902496915,1.0826149189033798,1.1841293214070314,1.07891773761368,1.0954193248340764,1.1242609700358137,0.9971266829857821,1.0649454804712342,0.94451535148864,0.9414203742845256,1.0956020332007308,1.0849552710855221,1.0828331384607188
Butter Bullets,1.323892950696939,1.2560927432237532,1.2511656579665584,1.120944162104905,1.4572047418499805,1.281668441466424,1.1112652570373276,1.3053125980622289,1.239689467546537,1.6287231889090357,1.278461562945396,1.0840808730399651,1.2149837104117622,1.2216083243973614,1.4107230648917637,1.290057243819915,1.34906869504637,1.2796315421037148,1.3892376758889773,1.2768646218159658,1.2144472229759555,1.3259203497529664,1.1993758584527596,1.2599596550977277,1.180706144853081,1.1674814237924092,1.3369045850363408,1.2206606295137286,1.3156364546073862,0.0,1.1215946495661229,1.0770601831951383,1.1834030545446013,1.164577333775117,1.1169763360169327,1.3057941464054466,1.055018490038007,1.2360948192568773,1.3823750712181222,1.1384390962474102,1.2268200226868728,1.4045761794294433,1.1141407962180951,1.3220781005997602,1.1205591494958327,1.0296205149337547,1.378989635887117,1.1163907704236398,1.4914215730964822,1.3223870625830279,1.1706673395630174,1.1676024942045622,1.5559235532790543,1.2816816367424453,1.4567976658532844,1.5695514631593341,1.3229817650660143,1.2779867297289698,1.2888480927298096,1.3214650093901605,1.2102258455070574,1.1792622049592332,1.4069716165902848,1.5875371236150115,1.0905368108610267,1.217625891325287,1.1694865590542691,1.2001952365125244,1.090160424718363,1.0767516181027335,1.3999997973146951,1.3135741562854872,1.2548726255709857,1.2343737435374662,1.118554571702438,1.5412330545163238,1.3226510147424297,1.325481846088034,1.1488377559534142,1.2224586456841529,1.2551927289439644,1.205354912355343,1.0980269640166433,1.2556793879846295,1.2846779992449051,1.2558207215456185,1.0342832491873681,1.2667007775680827,1.05140991573448,1.1454527305281046,1.1584645881990274,1.0617727829735033,1.2212184735123988,1.3572122068039814,1.325517841441197,1.199799189575701,1.2510588882888793,1.422816947969591,1.4078121317482883,1.134770331469706,1.2510583220103504,1.2151920842007193,1.337121048545698,1.2536092406961559,1.2438150059788604,1.0679840747953013,1.1785400163572939,1.1141066776255644,1.0856527235449915,1.2529470423780935,1.0295179847693001,1.3456878423699292,1.0957651644956237,1.4035661498169796,1.24676921292269,1.3822431919278217,1.0332639361388347,1.8325466327111108,1.0673051497955737,1.015086512122791,1.3045271613627873,1.2757156929357096,1.0189984582682423,1.3843122420110823,1.2062654764917669,1.3332989089777718,1.4445412796219665,1.4051885487466118,1.7837602666189893,1.2006214621504456,1.2779304448731308,1.1823905391884664,1.260552498282364,1.2770148883505354,1.0275749546544377,1.368375616591569,1.298558999243784,1.4375227341337757,1.4917548547170354,1.2132221876033384,1.2696303891333338,1.4494542628209663,1.2157225884750706,1.2135220127031574,1.187283398079863,1.4268825180979088,1.1502963439205407,1.3155673784501736,1.3079898774429701,1.2950513768713334,1.4052959095228916,1.5766010678161053,1.305166688520237,1.2686812335757898,1.2037498196505576,1.1339749077619112,1.3604750970262074,1.235998173087897,1.2043828624592683,1.234901733448192,1.3319587530973664,1.2395830606186722,1.5089567588867894,1.2988856897863936,1.146204455738789,1.158947270433797,1.4048798559464708,1.117083156115023,1.2216107519084014,1.0351354948673226,1.2552057603152407,1.2621224956847292,1.2444339189847577,1.0431176047519741,1.2831391270489951,1.4157307441180953,1.2543511824796838,1.3513086046486757,1.078465059018484,1.1491143106996118,1.0402789970642716,1.2942949291859334,1.2792636295133613,1.357379738425527,1.3781405649149636,1.2257494391014199,1.3922046579635934,1.3361045732614971,1.3978604243967778,1.168623528789551,1.3001418163690721,1.2432682254541947,1.1603555392785727,1.3397232956045066,1.3173017145244783,1.3861580116867174,0.9798474714070248,1.4282361939038644,1.238458407276022,1.2534080561525849,1.2191951371537164,1.1797879078156548,1.0706006013795504,1.308006887791233,1.196476117620977,1.1849378735878564,1.1982359865694265,1.2018990554528626,1.3127875684951251,1.361914985585473,1.2629212877011247,1.2783319470740357,1.0724956090390454,1.2127608144922213,1.3066936703748553,1.117845163596532,1.2878068399811675
Chilla,0.8745623933958885,0.9702059772738308,1.0978501065796735,0.7425615964953721,1.256532014892445,1.0352366643637254,0.9215019440105888,1.0241402234900934,0.9999670685464359,1.4442128241616787,1.029617845166032,0.9932033304099929,0.916204198794091,1.0360124275324458,1.2881732021934167,1.197250466703967,1.1272020021064533,1.0931606603116142,1.2439725003700688,1.1404875074500351,0.9254191500420521,1.1935526301117072,1.0472655304629497,1.1490831450679573,0.8854181892284291,0.9965984368542525,1.1229125546205023,1.1912640420372396,1.1275738022469721,1.1215946495661229,0.0,0.9330213917484752,0.9580763581701127,0.8596720913667197,0.8279472772812665,1.0894921894804501,0.7783918869681173,1.167469840877787,1.1434799134439968,0.9178163568580634,1.1443500909129452,1.186053242857676,1.0339450328393698,1.1116278982457377,0.8073887420241089,0.980815685669793,1.0523808838721684,0.8091427080657364,1.4366702864456882,1.0910589906459403,0.9531310786391209,0.8153814821489473,1.3651353377249524,1.110264053627232,1.144832925362325,1.3260051075741208,0.9328279702740758,1.0908834402625247,0.9409180835220542,1.0847612031868243,0.9861710437866155,0.9909910070577008,1.204379898001681,1.4381846320953693,0.9093607784136549,1.1328658071805338,0.8705893286335712,0.9467612688014881,0.7972681819939332,0.8248279281024264,1.2244063948889166,1.0046416784551802,1.165884169561532,0.9597453863740912,1.0119395092377539,1.3291726831971247,1.0938655608798162,1.185802924060873,0.9886755155482276,0.9835276487995785,1.1073021884062184,0.9878963156662355,1.0040307209269086,1.1115061934051857,1.0700405674522158,1.0459580804103807,0.7535690242208272,0.9778671073722656,0.9559596411604946,0.9041332342497849,1.0215713394557102,0.7574334927795389,1.0383469996756516,1.1180601363861085,1.0474026017177296,0.8500220037948563,1.0974025289040588,1.1152661330115918,1.1494637945506567,0.8747174137618207,0.9543996429489764,1.042820017078461,1.107809796696211,0.9570132276586285,0.9756873190096532,0.894323545329885,1.0006580583964395,1.0111099297119728,0.7914823791857457,1.1446829912493899,1.0138060265119568,1.0628289942699796,0.821476740475182,1.2547110823177963,0.8781354495880728,1.2509521535091794,0.9210728736663953,1.5648005382481356,0.8213653709176364,0.9629263579097312,1.08656366260642,1.0664957886238475,0.9313605623174387,1.3694034616222426,1.007644238380525,1.2611327323906918,1.0518400925461415,1.0398506258255396,1.516814604885534,1.044117684217377,0.9084754883185275,0.8456512239492252,1.14660225732152,1.2097195080369347,0.8053839552310772,1.1126635404420127,1.0816901991356203,1.2911591777615994,1.3120115374723034,0.9873509727605149,0.9374087959582795,1.3358492298007762,0.9670544911307078,0.900259572358353,0.9562870200497344,1.144403207825628,0.8540748163787583,1.0826342215730516,1.0567567831676017,1.1182238243895335,1.1420012355673232,1.4483013092161343,1.102204107561389,1.0273085363735819,0.9137536918920056,1.0563042595367595,1.2404349609483858,0.8600868229193576,0.8785572680942587,1.3264257321720776,1.304587584251975,1.149044960472423,1.5993725154841458,1.0939584487154397,0.8736643219718219,1.0419635726980672,1.104661491442298,0.9707077059856879,0.946729625427542,0.7892874727271313,0.9688274931931915,1.0057920699900278,1.0262897614295268,0.8096614151557605,1.2319791021628672,1.4416438514091268,1.0315484241840442,1.233381882399292,1.011921395295139,0.9018228514344752,0.8973084878603682,1.086690268380548,1.0263505065235734,1.1348109985723687,1.20503921551909,1.067297683598429,1.4459880131759857,1.1877852664238893,1.0910321673595555,0.9482305489247745,1.3377798758140322,0.9224591825445849,0.9657518483865264,1.126039601741204,0.9851736180409656,1.2056968810187614,0.8196514799379357,1.201304113837982,0.9612264867560111,1.1684644489162888,1.083371710979076,0.8194893160337293,0.8360211788162321,1.1321641360496424,0.970412667865923,0.9830266949279335,0.9697610328408675,0.8642415457073337,1.0206352312338394,1.1142474898566233,0.9737072827894733,0.9421287041837516,0.8046822317531365,1.1175677750747413,0.9528559173418434,0.9845216202772444,1.0565620370527062
Cookiesan,0.8121231403286628,0.9030877806772671,0.8895265074371239,0.81897639630213,1.0318607720303745,0.8546268733389524,0.7107468839010218,0.8183769655293802,0.7838804317102434,1.1342413700306677,0.9082693231106643,0.8872312029018207,0.8411265782336671,0.8693328306310734,1.0794857468107617,1.2052252667746601,1.0202765152105717,0.7473841736211709,1.0046710423625393,0.769397444865745,0.8822457850013724,0.8610806182623979,0.7057776610924509,0.9132749623000724,0.8003562778924043,0.8316604181856733,0.8537040919943728,1.023351219006763,0.9519252694169349,1.0770601831951383,0.9330213917484752,0.0,0.8378186721213509,0.8322597166078267,0.780074309395626,0.9194801833676671,0.8095929593160123,0.859066022873503,0.8658449266201015,0.9430772483500235,0.7782759910079039,0.986817422550737,0.7425498494116098,1.194193795610442,0.7068968317260238,0.8428046755549459,1.0535740070682948,0.6824459108706757,1.2840081105767902,0.9193311172065574,0.9486031280599744,0.9322593599747261,1.2577955951217528,1.116409622576864,1.031027850440112,0.9626951782991959,0.8866347103313807,1.0361533835728816,0.8882726899982675,0.9438671200206183,0.8331732963573857,0.8763261344965602,1.182864001647707,1.1693815610369902,0.8232257914079081,0.8383623171771318,0.9163059195599157,0.9966135634791659,0.7513578235716161,0.7280456936876297,1.0906326242565556,0.951652504730746,0.8758031369950591,0.8152762399938136,1.0629542783757204,0.9635587386741374,0.8741319913438569,1.1003308457488188,0.9428571676055048,0.7693085999365017,0.9304618264361815,0.8182677058754997,0.8936804010109001,1.0193858446759583,0.9491740246771655,0.9078671656564193,0.738457682339222,0.75166757330316,0.7928498147054222,0.8378732204497669,0.8573469332964998,0.8257693697871376,0.8919565974835344,1.0638017722362059,0.9575654141743822,1.0374389804039517,0.8090368947883649,1.0739705425940758,0.9440175492114083,0.8542400782375527,0.9279080647927774,0.6986307927285944,0.7874996624010511,0.8469698493559317,0.8836614162881905,0.7190965441268454,0.8396515632719775,1.1074995405544628,0.8266510886074863,0.8548510109171297,0.822964064646134,1.0326357670974924,0.8369218098106667,1.0758162544036716,0.8517997524454279,0.9606891446628985,0.9231088312239837,1.3458202806630495,0.6691395438213956,0.931887745707072,1.1147142953987161,1.0706747670759567,0.7009459172984825,1.0635968443910977,0.9572492615694993,1.1512392106808622,1.0327145260324164,0.9728844432193994,1.5445197339088315,0.8776074147976981,0.9026925947199816,0.9440109388385323,0.933331333397966,1.1826187386745126,0.7380044772121163,0.9360842005947589,1.0282153712857498,1.2100949353537915,1.1102251507223642,0.7998662278186572,0.8276928601077757,1.081744436008792,0.8333896883876313,0.7105673265407306,1.0210827348813754,0.9145918727195663,0.8417563040526951,0.9154117260410267,1.0573298638732382,0.9975467270585541,1.085401603067309,1.196027052576806,0.9043029346812683,0.974397059927447,0.770557200658335,0.8875103597633018,0.9876114344045898,0.8673215220036469,0.7640382557702885,1.0753745837519588,1.1367745963748204,1.13723551627898,1.2768370683813384,1.0128347529930037,0.8390569416609956,0.7560727179328016,1.1082086395077857,0.8364191575158614,0.7886902499435137,0.7565856069714705,0.8768392209620245,0.9031631550522693,0.8162554406457246,0.8117297895211762,0.8457832567182906,1.2947715271481892,0.772214054590767,0.9676554409771989,0.8979843966476744,0.8582658781849666,0.8583061966550244,1.0306777114794252,0.9711522788571254,0.9991011600201521,0.8881089468573292,0.856800897784156,1.301921673973719,0.9288295082008179,0.8622066028384308,0.711044008364355,1.1542711859543615,0.8435856967550841,0.630630068022029,1.0807823804726606,0.9952192267802192,1.097249191293509,0.7537761727666592,1.0472318570598802,0.654083362135862,1.05519911372671,0.9899715218659331,0.7522934669124379,0.8088951293063463,0.860595194803378,0.9507621876150647,0.8261273399394766,0.8712787170105077,0.7876896612740354,0.965841165155944,0.9303063692286877,0.9258528030891824,0.8288988719854132,0.7430912623105743,0.8173968598897111,0.9689150985712082,0.8380257210755143,0.9558517267243372
D. Ace,0.9461488283242026,1.0514164609587275,0.9447449647795767,0.8455608744852657,1.1026301846695512,0.9214608226390889,0.8939914176509589,0.9639836387781027,1.0337605455846595,1.1973070135103678,1.0540829734589574,1.0640934261286978,0.9668254202281382,1.037111904705669,1.2800245044690273,1.431730403605818,0.9930863622071239,1.0152711948209934,1.0360142142180278,1.0212712607674044,1.1265266670807466,0.9804674514987058,0.8108535848521838,0.8588040083060736,0.8470953157990398,0.943557313595192,1.0212060505532696,1.1174864222031937,1.0325912326606412,1.1834030545446013,0.9580763581701127,0.8378186721213509,0.0,1.076294466365158,0.8576261973000193,0.9513910609930524,0.8499629180055795,0.8112458500444197,1.1118257485431136,0.9891340283049398,0.955012082488971,1.2375710518640404,1.0350653264388305,1.2117446744524956,0.781677201181093,0.918136600459967,1.1646472399700036,0.7578029209017699,1.201770655243408,1.1708798607479858,1.0950507513378198,0.8837279613576676,1.418020656008906,1.4325912591579684,1.0297535568989529,1.180008977904343,1.054001597309584,1.2359489636109302,1.1031215740664426,1.0424411993499492,0.9125241916235289,0.9225859882065918,1.1983707589555286,1.1357317649095984,0.9581482549389713,0.953431219274039,1.0196902868279933,1.1005985759723282,0.8279123329783851,0.9406693785876018,1.2906682569438919,1.062656064873581,1.2157853393183353,0.9664867783901598,1.1116061706510343,1.0489448124428955,0.9322930316572947,1.1926380042970055,1.0512831393161148,0.9256374607254508,1.0997166059241132,0.8290529447417824,0.8959098033434342,1.0182914128125675,0.9866872441332002,0.9762413144715542,0.9121358138469499,1.026977968578243,0.8347031635648066,0.9667855269448379,1.0907884991630352,0.8733841056744786,1.0196418614374954,1.1196674879084851,0.9738050026444895,1.0712453756814044,0.8616089483536179,1.2015026432063378,1.0773918079739753,0.9119617337656091,1.0974702045708278,0.8645142864977764,0.8758735463627171,1.010970557313521,1.0003038580940269,0.7851114644614963,0.9356642505972025,1.1536836255106764,0.9588792860294931,0.9759012545987589,0.9966008216612336,1.1512819813204105,0.8246679477004751,1.2327848119653695,0.977675633218271,1.1074872296825378,0.9358946958737623,1.2794524815978094,0.8247979057668534,1.049148287348814,1.283711843315826,0.9214284422266076,0.858226562042535,1.2627691546576882,1.1984853324195404,1.2778987909549084,1.255937235487254,1.2732856956850294,1.6308668371672448,0.9325013412944017,1.0072780795310898,0.8042124885863761,1.0901873046640702,1.134344097677555,0.9135493163300193,1.0853077019999207,1.052656486356093,1.3453538015171185,1.38422596125847,0.9660152571312906,0.9296396160098446,1.4744395370765913,1.0666888618363863,0.8709355564123403,1.1755658829908429,1.0437060558089826,0.9444909635655967,0.9414608785210326,1.1983097304279937,1.0558783836145729,1.231901932073433,1.4292502173739643,0.9970851253502413,0.9774454509612972,0.914513961929019,1.0223396791896897,1.242547915509592,0.8235791898664361,0.8809670992825641,1.2004074565256966,1.170169788856211,1.351101448476348,1.4584482590708385,1.0446732589141878,0.8602677338070946,0.8517085788599481,1.2386894278903244,0.9304095486172946,1.0090416588071256,0.9158040728484927,1.0669650123597985,1.0937983953036639,0.9205366320935133,0.9302148303615115,0.7726509883142302,1.4704018126720504,1.0189956510949232,1.012360181556489,1.0159231152101649,0.965555124051771,1.0238302192974447,1.1057022686553872,1.0187204490537747,0.9938120696221131,1.2279438599348493,0.9868235212911045,1.257433433536592,1.1341968215441158,0.9968596298217304,0.8851257405553504,1.3375918651780074,1.075219573385509,0.7649627840509905,1.275365909916139,1.1479489553851947,1.2733612209271377,0.7660180937134733,1.2378448494806296,0.8805794074591747,1.0269373805799062,1.1271310762351305,0.8494753536551335,0.9879747098921515,0.97444436022151,1.1295884422087246,0.9117705979371178,0.9530943871861987,0.7918302600986942,1.1015301969387155,1.0300166545928404,1.0812205265411807,0.8295750466741381,0.9441903505733861,1.0923856150818425,0.9883220594514952,0.9343990644946246,1.0982987187297388
DTF,0.8169284892312505,0.8637171100836657,0.9587898521312532,0.8166870553161821,1.238766619738008,0.8099260997569938,0.8417509235610584,0.8842472961722656,0.6964696717106291,1.2676948042559018,0.9905766647747725,0.9756861890281221,0.7706153075929845,0.8810942182266769,1.1431940292003206,1.0480634345399868,1.0661853706574427,0.9725873985746257,0.9536073527655518,0.9216459239322891,0.7468512930723109,0.974097490429129,0.8839565637480806,1.0281851066582335,0.918090202781103,0.886359795498085,1.0965430115929238,1.061139084336594,0.9176075889779427,1.164577333775117,0.8596720913667197,0.8322597166078267,1.076294466365158,0.0,0.766574017377732,1.0826070782983512,0.887247079810431,1.0261749096530417,1.1174502043387944,0.9029687138555326,0.9762102221241502,1.0148964543113985,0.7718665896458364,0.9198204585468914,0.886580207278574,1.0041357724325009,0.9057781484757149,0.8196907797820095,1.5498566628400712,0.970763481112283,1.0042481148131892,0.7788326599572514,1.2682759984292056,1.0726365470240087,1.028584878091084,1.1721249714696214,0.7718663779346986,0.7748376787929069,0.8010731199344331,1.0226309999850294,0.9700390530668653,0.900229561268607,1.005183977232694,1.367925296482273,0.8533630416457072,0.901297841395479,0.8495763762767387,0.9260081983677537,0.7167360555392297,0.71366821238755,0.9914361272907048,0.9765784851361405,0.9509105794213473,0.6995679433736687,0.9720819694926489,1.2263623536408885,0.8662374499532889,0.8900149157113634,0.9229747491481866,1.012466833837895,1.0102122429484282,0.953056013570663,1.0218976286943389,1.1329642284079133,0.9538451797028373,0.9856339349160802,0.6783912198254995,0.8131774773261242,1.0035398638319195,0.7348779565524151,0.7691207960780339,0.8665783437762399,0.9018390120314034,1.0748841641572895,1.021163237298177,0.8919334893406551,1.1631680273591232,0.9585400244740157,1.096848363014747,0.7424356488748224,0.7843418076058878,0.7771344464817321,1.1181061749275008,0.8909412864678266,0.723276273330656,0.9342627877444755,0.8149628547238176,0.9584585930376117,0.6681600671996208,0.9069801163586125,0.7981831512026477,1.1259658675554638,0.8252619418182486,1.0401416647363393,0.7453094871434878,1.1226465079542505,0.958764728978651,1.6042803106245302,0.9212395360309492,0.9454082879519793,1.093976080628776,1.2499648068382754,0.8190694812563044,1.2741719325855554,0.7744437876417326,1.251301352664952,0.8685325907899027,1.0703974165901817,1.353022299483637,0.8953978548146148,0.7463838791518049,0.9274136638307332,1.0406136972947193,1.0415352681741465,0.6850781254919839,0.854693432080263,1.0457705575758178,0.9914103511123845,1.1650061499470823,1.0290150820157717,0.7921546230323422,1.0144766873887656,0.702011208201519,0.8262934395597487,0.94695234303004,1.0146254924219251,0.698471905468722,0.896011964772396,0.8698285800412836,0.9834144621577824,0.9998505038168756,1.2728103610595631,0.9113451254965628,1.10614042271786,0.7597064638137703,0.9466976914007552,1.1046682940285932,0.9344885434994983,0.758001827824561,1.1304624315192997,1.2629810799232322,1.155742358234172,1.4703588026507826,1.1871402783285652,0.9417284562977835,0.860144359003042,0.9843813769619797,0.9635021932304345,0.7849409173077911,0.7026058328373067,0.8767905490922704,0.7370788216181198,0.8983508223807793,0.7393335149163971,1.178768383345729,1.3251357572504778,0.8624611177625398,1.0781886460490364,0.8677844338094789,0.7352530208745808,0.8977966841504429,0.9227342601427876,0.9329572720846904,1.133424170106563,0.8759668426421127,0.8539968055676408,1.4579197998962927,1.1332255274606629,1.1076255777499577,0.8546725907546656,1.2000708405226117,0.6735880130895068,0.9233576488997137,1.1208996445109678,0.9046896349183423,1.1863528579209246,0.7612435735612041,1.0900232561520666,0.8796344988756172,1.069281484441163,0.8606724517140727,0.69735325127415,0.6332215723241312,1.0876961844130413,0.8814644725748327,0.9871658121352613,0.838861458052124,0.8340577751605093,0.9230484648366286,0.8853191547330678,0.8910808307476049,0.8248916263403824,0.678112105784507,0.9589732571768582,0.8368699653105945,0.9836139407236721,0.9069111953042452
Dabs,0.6991024738239168,0.8059749471526888,0.9197897731110415,0.7183100284865381,1.1883993016033831,0.687936877875252,0.7181572456066619,0.8038124547433106,0.6465351899579838,1.1967185719197386,0.8802993758374801,0.8704955358542557,0.6273106111777177,0.8192140140822608,1.1039758135239675,1.0995457507927813,0.8799029924271935,0.9252845097009409,0.8694359172272875,0.9044062253580765,0.6973526536446953,0.9634663726082194,0.8628851210236661,0.9252972605204474,0.7299049502478154,0.7559432804324241,0.9836554685629366,0.8794160149695057,0.9262609945678673,1.1169763360169327,0.8279472772812665,0.780074309395626,0.8576261973000193,0.766574017377732,0.0,0.9609829284052099,0.7744423461511384,1.0102252455825214,1.0438011611393236,0.6760729390288954,1.019238096498843,0.9766862608305584,0.7902442057817308,0.9696278425138787,0.7604545227883451,0.86744187614687,0.9008845353623365,0.7469928131644341,1.4186290786945284,0.7623553169097425,0.8454504301735355,0.8037426740658479,1.1803883627024718,1.078444652794819,0.8985545246127196,1.0601244203994782,0.6918599501345484,0.8700952013731066,0.6574837298152345,1.0007653648006012,0.8739189097043233,0.8838024611354485,1.0049162243654797,1.3068148802940611,0.7780539712170605,0.839663502101671,0.8180395051117137,0.8703783194794057,0.6737538914317873,0.6226183462335384,0.9700073630730763,0.9756911443719244,0.9269762713197406,0.6548220479020048,1.072519862501062,1.125412071894248,0.6884646946245109,1.0161963261812077,0.8430716153580139,0.7994317867878038,0.8994752576892939,0.9096097452942722,0.999665065033258,1.046025000228169,0.9059309221355573,0.9055706541206905,0.6882030768829426,0.7272593209876467,0.8321636917719073,0.7307266946591459,0.7781359225646511,0.8565012346235629,0.841632523116033,0.8699950364013802,0.9639941782753603,0.8291579907551171,1.0413258138958097,0.9531648376993501,1.0680767209666648,0.838193651078349,0.82763455790953,0.7206758517457402,1.002659405405505,0.7666044148285241,0.8102945216395909,0.7847681956197671,0.7726227580770485,0.9954714000104284,0.6128584475695891,0.7855102990836241,0.8348821441264906,0.8936161443197871,0.8053742044872817,1.065311547622769,0.7650054017210043,1.0616686240835889,1.0056528642233087,1.5465786471943788,0.8424190859133049,0.9985180521712043,1.132212769127098,1.1385519943436833,0.7542348379637897,1.1924879213184918,0.8422020532161004,1.183757415166985,0.9002401421006977,1.0738982864060993,1.280384595950585,0.8225830945321508,0.6865447648970288,0.7818967760718313,1.148470579063372,0.9207378041815844,0.6171947319458428,0.8936969127003697,1.0184534362593514,1.050831156511967,1.082313679672908,0.8716507756219265,0.7901376149511985,1.0211556389616392,0.7702901620355811,0.8402142892523634,1.0918044455139702,0.9332238441938514,0.6981197684544319,0.7745563939191452,0.9086183275957008,0.9800215019672613,0.9754913958115019,1.2429025478734743,1.0286704933827817,0.9738848821462484,0.7019920421566073,0.7914941936643064,1.06377632025754,0.8198810627520452,0.6933251214881139,1.1013253613020881,1.2393039922669744,0.9546186653638412,1.3235591055975293,1.0893123491905277,0.8028407169287555,0.8894523409667893,0.9733069605244179,0.9576730800316949,0.7568183292888006,0.6720367552275457,0.7732784015232191,0.7787909123030154,0.8308618543022246,0.7180529043103075,1.110011861959448,1.2710646031268285,0.7702685166880795,1.0202003647729196,0.8714580077404311,0.7103176603505117,0.8539813827474706,0.9056530278739197,0.8830523463843416,1.0007250562830905,0.8363001931120099,0.9095461900998155,1.4602609561657507,0.9886378020709611,1.0821212367930035,0.8188879426208436,1.2265522069835717,0.7164455990694946,0.8460487538548233,1.0863378514944062,0.8149482790904965,1.1402940004527842,0.703184114828502,0.9068265125864147,0.84972280758541,1.0143353795078467,0.830027915805059,0.5783165651332536,0.5760695168957166,0.9907960385197001,0.9745040457536743,1.0200505269738904,0.8118474978623599,0.8160112791301951,0.8965052660142961,0.8161381115698682,0.8862448855878239,0.7594896999479919,0.6791194109729678,0.8141164536990704,0.7627274290502245,0.9499585099464223,0.9365200861567243
Dadju,1.016394707871006,1.0735076805477102,0.9983578080738614,0.9982877651592706,1.0582031474929872,1.0225473384478903,0.9061906161709454,1.0176623353625291,1.0540683878916952,1.0116646344567528,0.8969876408891575,1.0685605387911514,0.9475446674829278,1.1566289266531486,1.0899506519585374,1.419054634773795,0.9279050016394847,1.0220271727910644,1.1558623656193743,1.08333048519117,0.996437474616403,1.2135348840940685,0.958787766542068,0.8964714677322057,0.9920485611781454,1.0157402778379614,0.7887598089169905,1.0882370727506896,1.0207741314914516,1.3057941464054466,1.0894921894804501,0.9194801833676671,0.9513910609930524,1.0826070782983512,0.9609829284052099,0.0,0.9625335447319905,0.9255023058500349,1.2994293022560788,1.091218007556595,1.156784253767338,1.2470917894222622,1.0034811553325482,1.1811222591367563,0.9225124175362514,0.9941750765808273,1.1800127995016334,0.9731367799897975,1.164896378554866,1.0359373429529584,1.1232052898473377,1.0262169746008043,0.8938660900622815,1.3698102142585418,1.2911415018668913,1.2371160339276002,1.0377428178926893,1.1043094213668576,1.1535591762830486,1.185517408384685,0.9435298586751638,0.7580519474109682,1.375573827373999,1.2549448311983964,0.9844808429475542,1.1042372457372878,1.0859669721032628,0.9094887639389303,0.8828893308192339,1.0298292107270937,1.2609325900900565,1.1423568867391696,1.192967768716293,1.0461825629591512,1.2325593375610224,1.3134001988332271,1.1116498638013872,1.1713817895271526,1.071508981180533,1.0028710755040315,1.0936504908933438,0.9946095821787295,0.9632938454722694,1.1993661959394835,1.0389251895893905,1.0222390940000496,0.986989012857075,1.0325758313939364,0.8615070285485817,1.0197775199685515,1.0537634603175183,0.8722261271491011,1.0381513804469789,1.2033499334306919,0.874827040266529,1.1845681774894827,0.884334383231748,1.2669920684975533,1.236750054074291,1.023886360273828,1.1065958795076727,0.8552222350788706,0.888158672636408,1.1074928933603088,1.0674536253401965,0.9451122051636491,1.0825582339579756,1.024795227957565,0.9918018209717455,0.9028409088142701,0.8707620067594192,1.3082230545832998,0.8554835958939871,1.392314965342254,0.9408173379884354,1.177202288016167,0.882932602925144,1.3634850628748125,0.9338055879237324,1.1240096786138076,1.41419445914377,1.0487262137088562,0.8780626929717502,1.2605428867439983,1.269083389020734,1.087003152884925,1.1442698239008833,1.050788424460152,1.5419011926177602,1.0807300378995968,1.1165619988339348,0.728677893012068,1.181533034449557,1.1471682317210692,0.9176637143258943,1.1738845062122758,0.9415267745666577,1.3280980946848617,1.1966026119551536,1.0535610206890877,0.9797042676313765,1.36429948471975,0.9932296551310512,1.024791068163177,1.090033458410337,1.2351550342782656,1.0728368557466377,1.0581859711603643,1.1466002913288869,0.9877625941205512,1.2217199571568989,1.4736621007546906,1.071220245797132,1.0741353024904046,1.0040033392773429,1.0709338176305758,1.283109986536153,1.130683194962256,0.9103648455452379,1.277225574599166,0.9478961388824009,1.3103880036811844,1.2825141801525441,1.2197017775171324,0.985712440233436,1.0921263445193232,1.2291070633627117,0.9230572082314669,1.0446886413167935,0.7927420088619163,1.0655769349178876,1.0320311912300442,0.9721467076625565,0.9356194439926043,0.9751886572043749,1.3257631322976398,1.1391337958528607,1.0552753033525795,0.9711009244643972,0.9349677393213386,1.0947805545946168,0.9867794919412067,0.942560799954282,1.0523117179641759,1.3138317064257643,1.2907631433284523,1.2996540922479574,0.7951535479010126,0.918768219659442,1.0760085599664224,1.1683913374022852,1.1208312193276797,0.7846799034353562,0.9973908757899378,1.2406729221699755,1.3692676834829522,0.8049130456315495,0.8712170774804345,1.0174839079329718,1.0363436506132648,1.159970689545466,0.9645192886119968,0.9605404895297333,1.1102027776945165,1.104613026602763,1.0409183759016722,1.004461526409794,0.9364859976308305,1.0765358535671206,1.088052288994633,1.1948169200087302,1.0620332882977055,0.9598566571623692,0.9815265803084624,1.0580511021423433,0.7744067025196671,1.167797846610255
Damso,0.9838550072592358,1.011348553594272,0.9785429180979789,0.7770181885080027,1.1894305006083676,0.919916048031211,0.7845074693752171,1.0663445572914847,0.9366838678538507,1.3389510954910564,0.8739267442642586,0.9729764009075113,0.8974019577156424,1.0126920200177048,1.1664578459849475,1.1551947034084493,0.9476346478203129,1.033685680875183,1.1447518158451238,1.0070865896422454,0.8530874954107329,1.1324194237076317,0.9606022037734593,1.0113480670855495,0.8396001192568676,0.8524645521815839,1.0424659545733628,0.9683362121476967,1.0155521407474637,1.055018490038007,0.7783918869681173,0.8095929593160123,0.8499629180055795,0.887247079810431,0.7744423461511384,0.9625335447319905,0.0,1.1005686646454285,1.0755609702641282,0.915117924119932,0.9383564658019398,1.1251762503690514,0.8144403809387729,1.0848648662716849,0.7190942747733046,0.8013644804768068,1.0526628664629507,0.8541393277693519,1.3085793135562833,1.082571075627472,0.8343144174488515,0.8731453931016101,1.2878543249004961,1.1638559565887938,1.0725710148649354,1.1916775226297693,0.9405712869885089,0.9448317068157143,0.945337012394175,1.1352161958249292,0.9209478694130844,0.8947431790663213,1.1485230916120275,1.3035119089945364,0.833017921294423,0.9847740380396015,0.8959603263328055,0.801545974800828,0.7095378277860753,0.7604215858436899,1.1633325369224814,1.0777876407539424,0.9945647481861338,0.8435565034376638,1.036858238457814,1.1980872014573465,0.9473433924016966,1.041384488709731,0.9540414752612775,0.8441738466086971,1.0359876797514276,0.8805842450666875,1.0736121469284363,0.9960877356176577,0.9741938164260873,0.8899099614184505,0.7018487865553251,0.9975753421370773,0.859742386259045,0.9231386546556234,0.9090441902642237,0.8395195489624944,0.9344746364993811,1.0778268515286775,1.003377220870657,0.9974610182236819,0.9956119391091781,1.1937821864345113,1.0945778321278916,0.8560435523215463,0.9159129403218708,0.925366642014982,0.9808775471819522,0.9008527102633667,0.9357412244817339,0.8460046976757082,0.933266117086485,0.9811389841675144,0.7659815256885752,0.9769149303377418,0.8377193195149188,1.0824751051070318,0.7969366811885465,1.2346437731597666,0.9031400981540295,1.0795133839363364,0.7955242702638217,1.4966769017165327,0.7012675790868693,0.8522578672969829,1.0859159910685035,0.9702317504645134,0.7148177105234276,1.2512210636841388,0.9745543553818123,1.1203191698034105,1.059323138765903,1.1038241017607335,1.525072541449819,0.9136928415920939,0.8772500301476228,0.7484159956493202,1.0919832645723855,1.0864521260099187,0.7454040945528206,1.0637964502876118,0.8989421425718619,1.1315424380768204,1.3593363463453336,0.8970056021276046,0.9686310016449746,1.2517480521424469,0.9429786935143324,0.8573326795973618,1.002638835867453,1.1563503065333587,0.7551252210665308,0.9826583388709751,1.0292176026148487,1.1567325797147485,1.0883231858235745,1.253050087777835,1.009161708435319,0.9838643305106352,0.9114006473148428,0.9843352265982702,1.1961860028532594,0.9552092658333335,0.8308932697984964,1.2038377772962905,1.2164379552810585,1.0774374071366204,1.3819982838400626,0.982076129047417,0.7700054311403753,0.8875867269234923,1.1173252121028927,0.9667286648301906,0.8528355633697486,0.7247949154029615,0.9834244846439103,0.9330659569278403,0.8866680758749568,0.7854132996455552,1.0423725741798473,1.3304030868697403,0.9261385236765449,1.045202780037885,0.8254703023314452,0.864363032361721,0.8620856874848486,1.045417770132117,0.9608271298465261,0.9771079788826232,1.1206290987870533,0.9516721358192016,1.3367799219160423,1.0309400796217423,1.014458539773811,0.9151420608476207,1.197024804131007,0.9328309576481683,0.8210041567552825,1.0655834716767543,1.046808729093848,1.2042975625301333,0.7172554383981185,1.0955154027565965,0.8812915002128208,1.0259640601268787,0.9988101433127994,0.7414228234439698,0.8033879239850369,1.017047814211635,0.9387896581239242,0.9858874596297205,0.9774424244747678,0.8201656327906673,1.0449532827806876,1.0480802948280739,0.9614104837077586,0.9507197437677809,0.817965708624357,0.9421726766603797,1.0114003143899801,0.9164939663983463,0.9947436829848872
Dandyguel,0.9382881660789237,1.0676164141993694,0.9407070223790858,1.0015052840317762,1.0397683030591913,0.9659420364789191,1.046912972650478,1.0552577301032529,1.0167537718494755,1.1153578651804226,0.9781118111437177,1.0607752879564847,0.8945543737453204,1.1245174572191297,1.1801488515941925,1.419051753486818,1.0383193156680453,0.9322698415703886,1.137800921271659,1.091613502024497,1.0827237953335662,1.0678806543994832,0.9492471665373152,0.8464054481600853,0.9848357379030184,0.9777648458783063,0.972527033017551,1.1358163179660725,1.0273727938500739,1.2360948192568773,1.167469840877787,0.859066022873503,0.8112458500444197,1.0261749096530417,1.0102252455825214,0.9255023058500349,1.1005686646454285,0.0,1.1906852192833979,1.0978361295946142,0.9599424094198225,1.2985772024279534,1.0240574247701402,1.2035762886093606,0.9486255905195379,1.0427644090059764,1.1575130058028895,0.9574035787117943,1.3390342469389187,1.1155008967438502,1.1599867418975518,1.004912770576495,1.1931339177305649,1.4269123112714261,1.17337377958535,1.1459223546166823,1.0061393990565863,1.181518728595192,1.0803650003918552,1.1275471239035666,1.0015933155089365,0.8688619272079392,1.2677499437025197,1.23328240380567,0.9603071550631614,1.0102923090373224,0.9953173240911898,1.0948355063973594,0.9441570310698857,1.0180520472618573,1.236094192610667,1.145544812285322,1.1274149137998861,1.003158899663172,1.2647897742144611,1.1510314482443915,1.0485053220153324,1.2697015925909163,1.1286242098040065,1.0199718043853756,1.1586512363136596,1.0226058447086819,0.9680807887138972,1.1741241186332074,1.0598023940024037,1.0525305897334396,1.0497921831514694,1.082837470498671,0.8802883147783,1.0848285531151114,1.0205554060709099,0.9266602529755804,1.0265877429263826,1.1891547422238462,0.9631493545927156,1.1109161777646246,1.0032128427203602,1.2010538018668262,1.2495608648182617,1.0741600760379677,1.1699509327047162,0.8499698107830117,1.0436036926442602,1.0428308829259212,1.0168497938301473,0.9018996139805843,1.0396498729202313,1.143713353784434,1.0445498429394866,0.8710965726353828,0.9450025757701773,1.3171801976896675,0.9390618269463832,1.2926764652341747,0.978367196180881,1.167500865515519,1.0107623591973394,1.3153180970789244,0.9191012769638288,1.164525540140545,1.3888674430904517,1.1920393797291402,0.8829107681162277,1.1727482901789108,1.2515500570469993,1.2957396788075457,1.1297879577598446,1.1062070213369077,1.5407209872121626,1.0539268063083376,1.0523892937352897,0.9588586930439408,1.1948857155958466,1.239260142988278,1.0381486941881237,1.117026350630432,1.0681730861513097,1.278990232308647,1.1976537313725628,1.069905817554102,0.9668689504050033,1.3519754848497634,1.0108209348215509,1.0098171911457727,1.1096808652284418,1.1755914944871357,0.9805651197575656,0.9538373449168749,1.101494957708192,0.9826155771344403,1.3282717548360172,1.4140897948289255,1.03724510460383,1.1574795796795414,0.9422550705952472,1.126823154307595,1.3029134402152893,1.00275960995907,0.8573994576282007,1.2205106791858058,1.1441958749032166,1.4093046693220528,1.3190368932808518,1.2385712698297238,1.042565830522463,0.9232759414127719,1.3119932766361466,0.9225550508390815,0.9739222031677958,0.9086865347609361,1.1258343670694875,1.0641761421269174,1.0492867324563233,0.9035572008163304,0.9141351677777046,1.4639807242939928,1.047733740297321,1.0706622421075758,0.998212417408043,1.011993335501786,1.145747082529644,1.0863179779551113,0.9965647120044007,1.0861774864622653,1.2425171773289543,1.1424943046677554,1.279608669578434,1.084855964696218,1.1105486504165683,1.0478253636391226,1.326950377480702,1.0104650169733727,0.9024365341358142,1.2923902896318318,1.117652728934704,1.3245036493565316,0.818471754438193,1.2475643683622295,0.9380599241307191,1.108388496444696,1.2007961694282627,0.9498597579424424,0.9553836386533887,1.0043695587783823,1.0831728623088326,0.9481291319868784,1.0711981350085829,0.9016755887654984,0.9835561136936515,1.060056129439745,1.1437994813654142,1.0216102205542335,0.960581036730759,1.0502018156662514,1.1205822990230236,0.8915830894730586,1.0922556338720482
Davodka,1.1913677742950843,1.1424917687483107,1.0412991198257044,0.9803569774862493,1.2431623382392127,1.0492351296293505,1.1211954292827064,1.038656549155511,1.0291974963258141,1.308457903509526,1.1414797463508228,0.9716476530741246,1.0269184981971757,1.0974588229265743,1.2916317807161177,1.3235843242443543,1.1951438662933402,1.052133755823619,1.2518435828514818,0.96044167803642,1.2020618533723653,1.188458861376465,0.9692502113162635,1.1547571939716543,1.0100355419980305,1.1998954763473835,1.2419646986587478,1.2554253630851238,1.1219721115121124,1.3823750712181222,1.1434799134439968,0.8658449266201015,1.1118257485431136,1.1174502043387944,1.0438011611393236,1.2994293022560788,1.0755609702641282,1.1906852192833979,0.0,1.2338702370311354,1.0465497028388115,1.1815731528165756,0.9237098669402318,1.4186974409420718,1.0366241358829364,1.037259757689255,1.3481013909002897,0.9696666248820918,1.5268420545340418,1.0739307678541865,1.1658639370321375,1.080742251760473,1.509932646983499,1.3088875548827232,1.2267271188879543,1.1195331906969332,1.2204334578391245,1.277596839687976,1.15603611357112,1.2434707055710144,1.0561426993834528,1.052583024013629,1.4004254725701335,1.1402961462173897,1.1012248629352135,1.0278835258843178,1.1335591170690136,1.1934988058592197,1.052517489814128,0.8843068630576209,1.2504549726416891,1.0896803760692628,0.9985721170123534,1.1446145233315652,1.1129472406866343,1.0666926171639393,1.1342330366994082,1.347096008906913,1.2124447804508032,1.0939281247632275,1.181269346785095,0.9723353850519314,1.0992172489078187,1.2445348947704566,1.035063253449966,1.0864119728454853,1.0653875069956937,0.9992666557384436,1.0283619833156588,1.0312121960860674,1.0700304904459272,1.1104044850401549,1.1403712915966784,1.2475836766084847,1.1958421049004875,1.080650886161331,1.1984323712552647,1.3341025533123327,1.1871150333311689,1.1217533712617032,1.16061357662713,1.0703560301207637,1.0434468643343353,1.0030153684260357,1.1076620954817071,0.7859819603237086,1.0364602628239408,1.405908368595666,1.1008213079771976,1.0729210455777747,1.1599413464333876,1.1942552914654352,1.0930553518898236,1.2884927018847914,1.05322770493325,1.286237784591745,1.1082342358860517,1.3684640865295854,0.9149057745143051,1.1297945129065738,1.1300718147684121,1.2335143091483693,1.1279157135267732,1.356388247077476,1.0953221063831036,1.5217341527701747,1.3585795254299655,1.3546318708204053,1.7021040253305335,0.9927162987868026,1.1654765770255453,1.164994247589962,1.1037823333940044,1.4078549746619273,1.077402418361845,0.9638973945845987,1.2478808612778283,1.2692018558640457,1.2354388714578677,0.9507169310716492,1.0933615531903895,1.285993911930442,1.1402821521037074,0.9845257708745737,1.39112402324848,1.1427930185085602,1.0211035209070607,1.2710154339051136,1.336268695989231,1.2028356851889455,1.4135983715925864,1.292403066834671,1.0784602741729352,1.2681694876260783,1.0475936990081196,1.1580258574640363,1.1926780406370905,0.9209545867530218,1.0580318919653633,1.1465732693411945,1.5907282395227553,1.365707008451268,1.3882669995035999,1.231396848314118,1.014823301207229,0.9713457524781497,1.2427175221124658,1.1390107622116985,1.0746821782892821,1.0187290448138404,1.059434352028399,1.0765820180725068,1.0569410885159478,1.1272707445913497,1.0169554052146865,1.4797806396887572,0.9635298833206728,1.1086013745224539,1.1394474263312786,1.2388900983646993,1.0827428689059284,1.3180301798870167,1.398362008742848,0.9940122132372018,1.1187283531580188,1.0271086384909933,1.7256638171761067,1.231840077380149,1.0937156073299448,0.7881984573546688,1.3069890263912127,1.1957699749392827,0.9601848524972681,1.3596918999606242,1.2839409717699755,1.13784942807926,0.9147151275125182,1.3502569088620966,0.8599182223623565,1.300802598789855,1.2764692166233103,1.0053974873557363,1.046105284823616,1.0950619060042583,1.2049469168496842,1.1738858648680213,1.1101925360710245,1.0225923751547332,1.0712453946664169,1.169981946704543,1.022715559709759,1.115947778546586,1.0333442172146325,1.0481623382846446,1.1681675925225148,1.1796440030649424,1.0988480204664648
Deen Burbigo,0.7728958904488498,0.8311299789110859,0.9361818165370258,0.8502554495932927,1.0758153208916064,0.823902575042077,0.9106523526921457,0.8971015925433057,0.7751024935846018,1.3152503125838293,1.0860893795398388,1.0331696464928235,0.712601247902433,0.8782502670235136,1.2696755115394671,1.106568289304465,1.0255547360412316,0.9865438663675593,0.9722347139896144,0.9618364280503218,0.8199741734770758,0.9857706859975971,0.8919319518351155,1.063112494073781,0.7266891622403365,0.8612685297809191,1.0620298744194194,0.8481880087548324,1.1343178128986697,1.1384390962474102,0.9178163568580634,0.9430772483500235,0.9891340283049398,0.9029687138555326,0.6760729390288954,1.091218007556595,0.915117924119932,1.0978361295946142,1.2338702370311354,0.0,1.04856127907097,1.057573383485243,0.9894948087158665,0.9381853685977656,0.7757980670934027,1.0160356068427419,0.8760907490900423,0.7119288087023845,1.4251832043955,0.9257660169207947,0.8835031393626451,0.7319038464428157,1.2707726102547505,1.0329332506725881,0.9383384072773479,1.252997749385319,0.7426109720084836,0.9170206457305458,0.7912267057121745,0.9681622946730856,0.82458759172398,1.032307748620224,1.0395331106769445,1.3370340994169971,0.898438451268379,0.966862255034276,0.8019026534998932,0.9861295366250142,0.711686423794143,0.7528943488325691,0.9335847159663868,1.0188823042678272,1.0069702595357093,0.7654974188190312,1.0649805051584236,1.1556582521969774,0.7241837104101378,1.136573067286642,0.8747525972619793,0.8398066894118043,0.9319393088384497,0.9409250556095548,0.9473164534895553,1.059700011992885,1.0679439390941383,1.1296832646839439,0.7766381316964289,0.9008797971123083,0.8928480730331994,0.9055366604126505,0.6715145386417708,0.8764206132068416,0.7896642877340511,0.9909895818595945,1.10890575178094,0.8085738521428951,1.00764633507909,0.9856720869428717,1.1318718876661684,0.7749952390125245,0.9250809701312168,0.8749702816463899,1.2033345458568376,0.7942401200485569,0.8724776145067257,0.8492518248733126,0.734254635493688,1.0465191857915264,0.6709634149340066,1.0559471016180078,0.8968681715301688,1.0708801895264017,0.792888931271192,0.8721880720059656,0.8551318881248051,1.0069850259542432,0.9241658192483329,1.5405018289761387,0.9369895320572077,0.8584076939488365,1.1107230974564606,1.2618463132962565,0.8665675281701383,1.3049872986624507,0.9657981563672343,1.3237469985553239,1.0352227829005651,0.9774796354869146,1.2781452853089297,0.929230539401195,0.7659786870597128,0.9393518613529364,1.162942384655613,1.0006265645717531,0.7794851951845216,0.8502662003666472,1.0940006130188322,1.1042011336839883,1.2479650594735723,0.8895553950395457,0.8154238699107001,1.1539951689860786,0.9771271621693259,0.9118964220877953,0.9689812083139568,0.9681602058353221,0.7440265087328091,0.745412818332808,0.9713984269792441,1.047976525990108,1.0808077579202127,1.2628972151590472,1.1488641603801772,0.7941219267316154,0.6512190041900773,0.935911266814194,1.082433121234566,1.0217969656551398,0.7707551140100805,1.2233577446476331,1.3183093048222636,0.9954711463726056,1.5274420353448839,1.12370252557359,0.8289263129428057,0.9564332142886336,1.0253998389554206,1.0377159617953313,0.8886041176930042,0.7756562774941117,0.7553481860466899,0.8510208850867376,0.805796887892535,0.7473628354764653,1.2425310252391126,1.4028356898867076,0.8576451991649492,1.0091332155362402,0.9453272256264934,0.6949745083916388,0.8226134107303349,0.9753702891646717,0.9000806074797318,1.134199802993951,0.949882120402307,0.8193542109430539,1.3820393916493514,1.2372227370762594,1.316667294145846,0.9141278853970934,1.3695697404388472,0.807469167379841,0.9747936301070755,1.1891553001839712,0.8491849831753467,1.154174042120092,0.7795336448291391,1.0817139346541664,0.9135663479328241,1.1419628308120606,0.8034842424983744,0.7477403343753992,0.7557108352221849,0.913180313288196,1.073264931267852,1.003467615375371,0.934863311316192,0.75322045217188,0.9762246483957838,0.7614990107733294,0.856681100000026,0.7435255549067211,0.749819475192773,0.9280607253030133,0.7560866282889322,1.1161032891199694,0.9573967742860738
Demi Portion,0.9844110670992219,1.0125133974457332,0.9675834254277244,1.0031198621554642,1.096670625661975,0.9232181704708556,0.9374639673415295,0.9620521442035184,0.9956997081985322,1.3427057628042365,1.1359218899204035,1.0273149533254893,0.8906212455210739,1.0164396631914925,1.4225405139604046,1.3960609992064426,1.2045558918440178,0.9866331686048556,1.2400423179507094,0.9772375279276132,1.067001649828189,0.934457010276999,0.8353904493165397,1.098557438643841,0.9803592029956374,0.9920637058311282,1.1647610714939134,1.0631579187718259,1.0538976379851308,1.2268200226868728,1.1443500909129452,0.7782759910079039,0.955012082488971,0.9762102221241502,1.019238096498843,1.156784253767338,0.9383564658019398,0.9599424094198225,1.0465497028388115,1.04856127907097,0.0,1.1276272127263487,0.9628845679067123,1.1890062069989467,0.887898540689056,1.0522536836766156,1.1610045892652276,0.7959061096121743,1.4050914956941547,1.1214476694919355,1.0288366204204467,1.0677552782802715,1.476418450052922,1.391845142330291,1.2203014631297782,1.0728979759885031,0.9358116673879138,1.1548537109730808,1.1286704397766927,1.1294575849814417,0.9902933328737088,0.951632489155714,1.2748126116947915,1.1731879924601822,1.020132408647872,0.9498366244911598,1.072428804930379,1.1488175703581553,0.9682712909187969,0.9150018968316462,1.1516207681735786,1.0765895121833617,1.023611709512572,0.9159944017420412,1.103476901302435,0.9714749627305352,0.9225849864903182,1.265713607046257,1.2265948952989818,1.0303683395023027,1.1143106894583772,0.9005565509036141,1.0266847017552128,0.9517930525621211,1.0389212453434524,1.0770091839914822,0.8594587368394706,1.1131851241016955,1.0756905818501625,0.977087057708987,0.9415028463385493,0.9434831563979794,1.0429711246299556,1.2156156120620787,1.1153381927105535,1.1158531102274318,1.0732664881336176,1.2920097010749936,0.9267750670873489,1.0038589830684819,1.0870273378277249,0.9236877651362785,1.0989471003020348,0.9779323472862778,1.0196409468770824,0.8914492230321056,0.8852932888435173,1.22416481965764,1.0091394921064902,1.0124949242948116,1.0838291025616902,1.254442901233804,0.9895011190939923,1.174484821089379,0.9682870949307172,1.0766993881102342,1.000727092275178,1.3588863897631571,0.8103848633741499,0.9774117895004731,1.1728509161224592,1.213289077999284,0.9082474095623018,1.30496221933879,1.1845139140251184,1.4439994973097305,1.0849964303130621,1.2200445022415685,1.5628603585095073,0.8863468273461543,1.0101663428372256,1.0883059324721989,1.1308617775525414,1.239569105062971,1.0170339423152641,1.0131571541059243,1.1404013201423984,1.3128140404877875,1.3805010656508612,0.8762361721170125,0.8937923594810154,1.2346364660252467,1.0429588130389134,0.9485769851850935,1.1526321979817948,1.0609281061187432,0.8605819205390893,1.0186060251712634,1.1340190177668878,1.0771089837338048,1.3753886681117853,1.2417401537715635,1.0470456109671693,1.098122331622295,0.9117403384824754,1.166003397512315,1.1675524511298534,0.9896271778307576,0.9076997523769479,1.1700840017887495,1.3675308637176724,1.1826335911655128,1.476543758364751,1.0515557924285177,0.8738177287941624,0.8919472717899406,1.3071584251737731,1.102680229876511,0.8580283473161209,0.951766043766201,0.991326554905135,0.9689252665986255,0.9218694912602975,0.9007554285820799,0.9068452706284357,1.5423460204783752,0.8398185644892165,0.8986788307400727,1.0293514354471802,0.953964538950848,1.0840689442491511,1.1192879265997915,1.1699384949418383,1.0022327885692375,1.0401428196064166,0.9224955756693002,1.5197649499056263,1.1632422517203502,1.2030093572026597,0.8299529675097197,1.3153585976289692,0.9464620291637302,0.9321636483074225,1.4393707592260916,1.1605134676811317,1.095453011902858,0.9115889203474659,1.3840339571675835,0.8912259794150009,1.265122964998094,1.0346788680684176,0.9302380657777902,1.0083288360209637,1.0283461873094872,1.2095415700004812,0.893911596766386,1.1222706888905618,0.8407099680847133,1.142068624155083,0.9254243677425442,1.0108500548910841,0.8830194814898906,0.911162324698531,1.1013944553388924,1.0697257804456208,1.1117778174899369,1.0570465349421903
Denzo,1.0142041327668827,1.0740445582912697,1.1590595997280415,1.0509183467854286,1.2819861249072113,0.9366312116603953,1.1152398023756183,0.9434507813865335,0.9239587138301283,1.2114194753383727,1.2344768559988615,1.1440081966269462,0.8417483044050399,1.0025846878268323,1.1651822915678838,1.400724154670868,1.0770037648523525,0.9579265557633903,1.0738485222529697,0.9327497911431686,0.9374260108800118,1.0241780776036418,1.0486747035522406,1.0433706232073254,0.9856933930889263,1.1140521836554802,1.1877750156532394,1.1700413965297018,1.2101562618711768,1.4045761794294433,1.186053242857676,0.986817422550737,1.2375710518640404,1.0148964543113985,0.9766862608305584,1.2470917894222622,1.1251762503690514,1.2985772024279534,1.1815731528165756,1.057573383485243,1.1276272127263487,0.0,0.8655623796038043,1.2013267077177174,1.1248633611174272,1.2010392241745402,1.0715392499293606,1.0957405911963716,1.7204900443382924,0.8237574488894704,1.0453839006564882,1.093824402182759,1.3884394388662047,1.3897350023574677,1.0538470378872302,1.1579544956991088,0.9256507773059419,1.1817126180553326,0.8880857359072245,1.1480259756220372,1.1180983148704953,1.2621893007263196,1.1483351332632923,1.513695420522108,1.0437977869988537,0.9492762305350702,1.1225198708550777,1.2415114642550749,1.0325295377442059,0.9434798316307489,1.214064065725625,1.2094971663536285,0.9792485224779042,1.0375890912183363,1.3333355938177553,1.1924435777824278,0.8634669636936289,1.2415705686827971,1.1965614003667746,1.0350539262068963,0.8897978338077848,1.2160863298371765,1.2413215766517163,1.391038729833896,1.1701003695713061,1.24922631468503,0.9293107009493884,0.9165250562868633,1.0960680345245923,0.8630200406715841,0.9695414771459955,1.0259401919791216,1.0307135067425677,1.0705953568930566,1.1827748491368242,1.1733096585865204,1.2818264972623838,1.1441534929060169,1.1652281310752761,1.0746977127267676,0.895020199411891,1.0170074017913333,1.1794016772880789,1.0014280374446762,0.9417015177303518,0.9816624354497899,0.978179735737871,1.3655229611576714,0.9621622829962763,0.844880658053592,1.0424161763176563,1.0089629192794325,1.2308970670884827,1.10376925300628,1.0273810614615073,1.2494363080839161,1.1567012916528192,1.6905039014167336,1.043039625150157,1.175499640574442,1.357158048749657,1.475779973361142,1.068690153084986,1.2527942658621227,1.0720522647832125,1.3695045576400926,0.9986694440825336,1.1241989521364018,1.3244270617604508,0.9014276457146218,1.0213941864705374,1.148250829095235,1.175226722960437,1.2984648054984744,1.0376719247154866,0.9202919795472173,1.354568188027343,1.2331836448576423,1.1778336629077075,1.0195727820684128,0.9942770291325845,1.0349384413870448,0.9944826941272371,1.0469263458187668,1.2945512138813948,0.8826358919867687,0.8870668739865587,1.1041772014538436,1.053344752254697,1.2203475046618981,1.2805723686310213,1.1890782949731649,1.1608337433994853,1.2860297120118487,1.0588626762341902,1.2054187166850368,0.9640508030777258,1.0443706541571958,0.974877740438094,1.130260000356657,1.425750432163106,1.2813920804357821,1.3712761670331337,1.2997726046756481,1.0238036840411375,1.0525262729968654,1.1603338719746377,1.0970956477073142,0.9457189583299,1.0158363637782972,1.1037135411912993,1.0077759992495126,1.0314891019815329,1.0654526753009628,1.2660501879292896,1.3614562878476641,1.009331680145409,1.0088617008009724,1.169666045864865,1.0538851749774691,1.0781007367330575,1.1514646101961505,1.337120996912504,1.2886193519264557,1.1121245429602657,1.0351251561908983,1.7647074501138063,1.2076467056285418,1.3938979954789021,0.9612909676484788,1.4494762254493132,0.9565225585017957,1.0638375673386824,1.2308181661954187,1.0272973358074808,1.4129240160131251,1.1025252998877666,1.1531374067904876,0.9996622067745804,1.300821871942267,1.0781784283295943,0.9005069210769912,0.8574469036124627,1.0603082376621777,1.2633541724434731,1.1660196733741388,1.0184484733980321,1.0264857825171505,1.012376680037674,0.9907312758830887,1.071051091166798,1.0608523166694959,1.0055142057271353,1.1237201848479867,0.9582978837656776,1.208765873112858,1.2668241155573996
Dibson,0.9700076219399357,0.919023797987681,0.9362670192024811,0.8662924322683314,1.1892111998318398,0.8688503099717899,0.7987282697523393,0.8605906916132396,0.7799215924263204,1.1603747505672095,0.9733420073527538,0.8731741981763969,0.7594547974148539,0.9190114445762178,1.0064979569909414,1.2012760141581842,0.9015675385960439,0.7742010925914926,1.0161646923642318,0.7457455543817555,0.7856671140527772,1.0395941331154102,0.826183855246897,1.0035108889368463,0.879988443703679,1.01176662982402,1.0077450510308474,0.9788140650725904,1.0341603765968246,1.1141407962180951,1.0339450328393698,0.7425498494116098,1.0350653264388305,0.7718665896458364,0.7902442057817308,1.0034811553325482,0.8144403809387729,1.0240574247701402,0.9237098669402318,0.9894948087158665,0.9628845679067123,0.8655623796038043,0.0,1.119645094185734,0.8648526848505393,0.8756396272981508,1.0369773229340622,0.8992824093919745,1.4617802133234483,0.8457523157803436,1.005749472022025,0.9993239036487455,1.2319453225971462,1.259244260492924,1.0483274033725172,1.0348958918386162,0.9441774439010835,0.9248636993940275,0.8673072564620729,1.1233829690509374,0.8421011275435301,0.8567155554937582,1.207991880382343,1.2110626985608473,0.9331511222678469,0.7816172118496897,0.9517732714137779,1.0452517584728318,0.7439700752759207,0.6888431633426869,1.096632666092819,1.1032894851073765,0.69666769904883,0.7923068864718371,0.9894852801414696,1.1523987827233886,0.9273811247400938,1.0725149727263117,1.0200338687897301,0.9035725690080387,0.8212036223744548,1.0065046671796554,1.0552271036145249,1.1682729550330442,0.8891806946267683,0.8949849772299096,0.776575181941659,0.7819008738142622,0.7934669255685365,0.6745216680436541,0.905995874517032,0.8482886304326717,0.9835201084370252,1.1499800137068805,1.0384339289181796,1.0272281672988204,0.999391069039973,1.096940604284366,1.0615631601536093,0.919782475549945,0.8614657448044505,0.7987056595431977,0.9702079643808555,0.8613822792519499,0.8741255300092864,0.6708678419355795,0.8512415747260043,1.0965255585044906,0.7546260064436597,0.7762620702131628,0.8234534916237073,1.034248759807123,0.8951168344456076,1.127635975563238,0.8918457723868255,1.0880089154828279,0.8300066079987306,1.4762252093029538,0.7879717526135362,0.9089593410026459,1.1203684475066134,1.1380418109515027,0.7582185976075373,0.9524508062860523,0.9315070753037834,1.1427137219935763,0.9954884507295021,1.090270109663964,1.5273790841502013,0.8453598238031681,0.8982314125115817,0.8802218592633628,1.0856242596242154,1.2333521430918746,0.8202687621365883,0.9438781781292307,0.9926166476676305,1.058515124959505,1.0386675243693906,0.8954806680162283,0.8798707939831878,1.0087343993449585,0.8371447070916205,0.9045871768197312,1.1944702740446722,1.03399770376605,0.7770421282881569,0.9721414150475876,0.9879276307966383,1.0559029702491793,1.1502656158118192,1.188988304859268,0.9958475628743617,1.1304152855219594,0.7963911407615138,1.0937961951653379,0.9081717755142077,1.0515485479771807,0.8098456294871256,0.9860342356313958,1.2695032630466339,0.9978472829996043,1.167953129531226,1.1073681088640528,0.905740078600616,0.8192444887073077,1.0849335890665879,0.8447346551230329,0.8772073162324019,0.7389715442244739,0.9421113107948852,0.8002431106163325,0.8648667809107959,0.8671784957470803,0.9173951891441355,1.2497494711200905,0.819969701556382,1.0476140297997458,0.876584745876899,0.7850996090913452,0.9382081914378091,1.0001881727332511,1.0853903727130982,0.9955175655591515,0.9344852139744955,0.9021781556775078,1.4136275046215616,0.9468726406956448,0.9980551859160071,0.7895561126704185,0.996548667344305,0.9248307206443449,0.821494421903127,0.9439503311859199,1.0088113861686256,1.1655864652483403,0.7236769150803308,0.989183191020119,0.7534858143138017,1.1021957146442505,0.8962178515175686,0.7365592155410301,0.7809262466343825,0.8133435079452085,1.0115322931726918,1.014112586762832,0.8253462585491825,0.9008521695056347,0.9577683635807162,1.0038526418513152,0.9486281808247399,0.9328932462835308,0.7217809196926328,0.9159945831716257,0.9408080328879715,0.8316884947882047,1.0883070338703187
Diddi Trix,1.0425601805237186,0.9619656455891075,1.184263233853799,1.0136558727746403,1.2792414806618866,0.8370279804316362,0.9733098702175789,1.1100334271074923,0.9763047170233627,1.288521513777109,1.2784418160975177,1.2757691987601227,0.9148681834713387,1.1358346979018088,1.1631984791104544,1.2714380465182895,1.1195668344040839,1.147769257749131,1.0834827309796422,1.2182460167752904,0.9434638889005456,1.1941660492172412,1.129085281760356,1.0563289318281655,1.0036004125958722,1.1147664675985005,1.3591173606244693,0.9373092083414165,1.119156695948393,1.3220781005997602,1.1116278982457377,1.194193795610442,1.2117446744524956,0.9198204585468914,0.9696278425138787,1.1811222591367563,1.0848648662716849,1.2035762886093606,1.4186974409420718,0.9381853685977656,1.1890062069989467,1.2013267077177174,1.119645094185734,0.0,1.1375488239237423,1.2249093901818044,0.971097217996904,1.0678284533119011,1.582774748852531,0.9691056445082928,1.0087389930935144,0.8576816636938122,1.1320820325104408,1.3961464828659162,0.9965977701368935,1.501107050351887,0.9719331896839691,0.8857239649532761,0.9193404971695842,1.1720096157324533,1.1266202793076596,1.2005199479790014,0.9827665060604034,1.5509432836684545,1.1188789497952512,1.116020327645738,0.8779002250249485,1.1769818225081592,0.8803637104326189,1.037351404068256,1.189834390037109,1.3633717085308554,1.0995198746127859,0.9608325998521682,1.3360243867241304,1.4317893346119674,1.0009715885188297,1.0309951582505237,1.0995152707542921,1.1396670890618845,1.0573927424604859,1.2760097003969058,1.1591651731545363,1.3287979383926511,1.152687850874459,1.1874324869931627,0.9954874360415683,1.0532422120029936,1.0958804834676519,1.0728698101913232,0.9613978531502917,1.093269820567724,0.922264434824796,1.1077531544985477,0.9574445683591484,1.2164356372443323,1.3414116014161843,1.1207574675605367,1.35903364508776,0.9368882275238466,0.8604407550793305,1.153783964742505,1.3126961269381283,1.0903313456427493,0.9037232161395887,1.1411199745829725,1.003899562128957,1.0335569031567575,0.8296079509775317,1.1030797499783718,0.9001343720484158,1.088710614878316,0.9797774652458929,1.1545694433597247,0.8057740957352221,1.3714344512027994,1.1606462343362935,1.7821803385860562,1.193196249711888,1.0883004711258266,1.4827772637022798,1.362816666210321,0.988263758221316,1.3866035998471775,0.9345602087905353,1.2837564219390087,1.1396170982205773,1.0159373654014614,1.4208858114810248,0.9930562681963567,0.9645169145366199,1.1358803556469412,1.2905392689889597,1.2745115275443888,0.9266802158179491,0.9457391558985175,0.9832396003532441,1.1405477781453168,1.2804383710264313,1.209886249323815,1.0041527419786933,1.168839422921358,1.0196234623160039,1.1075307600736748,1.0010288324703014,1.2714398865941385,0.8989260944540405,1.0258605630010675,0.9302249693547376,1.1101571502681755,1.0964862963739967,1.5444589492447525,1.217638802533301,1.1217745015532836,0.9636493498389016,1.1865347114006808,1.441642880706282,1.1806427866273401,0.9868417973253181,1.329727361198833,1.3080483456411667,1.261665804401739,1.6396999139134443,1.3411582564535378,1.074034989257642,1.0672279706859085,1.1755726137997244,1.0621919629041228,1.0503499618476821,0.9357728703972916,1.0979494955731992,0.8895089667140731,1.1408943740377204,0.9209597482053901,1.3904501077294376,1.483726628998962,1.124093938647535,1.3778194388838703,1.05016550001397,0.9802502315689362,0.9807621220252891,1.0679798426243716,1.1323493631397414,1.3204353870480523,1.2230918984704724,1.1192162953159785,1.5034558845233186,1.2822613153058429,1.4632652058507511,1.1586550769822437,1.4454298441448459,0.8697697943274227,1.1435977600743075,1.358216075220655,0.9842585456452452,1.5123941668864693,0.9334317178542868,1.2208510923689753,1.1116301939513193,1.1935215484325274,1.0968997535676392,0.9061748579873761,0.8319415528281255,1.1571935682447945,1.1270509529868493,1.210716937086232,1.0342904438762628,1.0146836233463856,1.026673897829789,1.092817844446145,0.9797630069910084,0.9739120945187111,1.0477667480689632,1.2110671833603872,0.858781843474281,1.1752139474958567,1.2688610833900866
Dinos,0.8261395233425876,0.8372899482310404,0.8528876788652056,0.6500013101071436,1.1155020361342005,0.919140671921987,0.8288582593459682,0.9338029149595015,0.8578042045223061,1.2957878734226573,0.9192296565424879,0.8927647952648052,0.8626244766095457,0.8337850125708548,1.2843760442498473,1.2383830937311813,1.03321386864674,0.9050064362442897,1.0340570544974226,0.8292181289605828,0.9555363471958823,0.9226833410170587,0.7204838689722778,0.9697941803544371,0.6994251070827562,0.7118726584117225,0.9758493783436513,0.9950757693522102,1.0552046755901048,1.1205591494958327,0.8073887420241089,0.7068968317260238,0.781677201181093,0.886580207278574,0.7604545227883451,0.9225124175362514,0.7190942747733046,0.9486255905195379,1.0366241358829364,0.7757980670934027,0.887898540689056,1.1248633611174272,0.8648526848505393,1.1375488239237423,0.0,0.8957641423030638,1.0851949683699365,0.6115997373406272,1.2755553392495784,1.0536708177019911,0.8335595065992912,0.8670635989636619,1.3528901693234303,1.1243213526895963,1.1048744298817927,1.1922883808392348,0.833205949397955,1.0393247755583652,0.987982996681848,0.9664072622041201,0.7043903612438882,0.770720729283235,1.125019735899187,1.0900243670491945,0.883476930231798,0.9236430257094868,1.0050186697680559,0.8975753231934225,0.6728876113130174,0.7191071263607142,1.028188354545784,0.9431873755455181,1.061854728760383,0.8230988236049551,0.8618679665216366,1.002075811843567,0.8214905126702199,1.2081571963530922,0.9311270694683077,0.7971746539129227,1.0402847294319921,0.6870345887987509,0.8166889131768019,0.8797320352083873,0.8649796523742116,0.9756067080151429,0.7055130263071757,0.9497499467343172,0.7010311135342833,0.930183039381362,0.7868118623011907,0.747975582315421,0.843051384958876,0.9611765308134875,0.9525224959485467,0.931783227637953,0.7886731330652654,1.0771648446257094,0.9246469746708676,0.7491348656581939,1.0186971694614866,0.8649572875048516,0.9559131479006681,0.8049509388887753,0.9918980640734837,0.7613965386272052,0.8619183419170934,1.0810604807461803,0.8194538416940463,0.9985758553605987,0.9268723304483029,1.1082472481609362,0.7305158926122353,0.9726917327816816,0.8467698317237723,0.9338925175671492,0.81412406372882,1.2993246160145744,0.6063229805734519,0.9020255107277556,1.070757127904699,1.0116083484237015,0.6687319067983009,1.1879796150773698,1.0130213197606537,1.2976613149116354,1.103083236033446,1.1749047839922446,1.5127274350762492,0.9165772614964761,0.7565252098578241,0.6995467278080008,1.0055855902239628,1.0240673833569194,0.7834800383783967,0.9569834172118924,1.063048283001814,1.2329039337923193,1.3487537294778635,0.7455690673756137,0.7082107810679713,1.3552982377391807,0.9979277108738956,0.739637718313131,1.0256794737496506,1.0029750654324059,0.6958202910495215,0.7495512118586539,1.0920988313731745,0.9284591887010486,1.1984929565031943,1.2575739468256728,0.9112502446465949,0.8418140984542273,0.6861317410972275,0.9138409449641759,1.1231466544011037,0.8098817497548242,0.7538687847997789,1.2469025412482677,1.240112446840581,1.1039735497724033,1.4295013179435203,0.9842648921797664,0.7307881326303854,0.7272400240848635,1.019647740685782,0.9483922576025705,0.792599063007906,0.746817056978428,0.7918436585999081,0.9012738480458853,0.7504988549382738,0.8049042135035588,0.9728878259568519,1.3918403820600636,0.7090274776561798,0.8778781067635442,0.8271024700944242,0.7539322051728405,0.8734175683384003,1.0543372419090085,0.9323822222829328,0.9464536294365549,0.9764783858556427,0.8555994291258412,1.244596626943251,1.067303815801428,0.9132645832558914,0.7828456638755573,1.3303741019105901,0.9249961783261923,0.7437979578768602,1.1710274975578776,1.0710127799895575,1.082045161470492,0.6912703447425823,1.122988922433411,0.7419539189611282,1.0364704891623282,0.8951286995728186,0.7266494992845299,0.877664052203329,0.8773940739040902,1.0511885372880003,0.755110873588643,0.9876275335720499,0.5949633935271368,1.0458408662993284,0.8780914672514212,0.9403127547399948,0.7423812362495474,0.7632717765517291,0.9563908848930783,0.8690018967851909,0.9235595230068688,0.9160879150170086
Disiz,1.0367875621828357,0.945162451476352,0.8791949430543067,0.88181886210015,1.2525853423966418,0.9637928105342106,0.8969518208812782,1.0786854831754609,0.9894112016591271,1.2243955378465576,1.0128870597933435,0.844525670370802,0.971926957795862,1.035321899151466,1.201572032110002,1.2773594265173334,0.9642737144676428,0.9884452495366648,1.154663043471112,0.9068517760758229,1.0294011046088833,1.144697707956983,0.9735513986233002,0.9758616953240872,0.950255232216117,0.8801051086190929,1.1853225631915056,0.9878260542383476,1.0863275330462168,1.0296205149337547,0.980815685669793,0.8428046755549459,0.918136600459967,1.0041357724325009,0.86744187614687,0.9941750765808273,0.8013644804768068,1.0427644090059764,1.037259757689255,1.0160356068427419,1.0522536836766156,1.2010392241745402,0.8756396272981508,1.2249093901818044,0.8957641423030638,0.0,1.1265183192042445,0.8796408964181442,1.4237091719822128,1.1104204877316115,0.994056021058883,0.9455001429920106,1.250231196849478,1.2579413938867567,1.1817115954559743,1.1405155640645,1.0252213270381465,1.1676424804086325,1.0363008646345475,1.074088463713433,0.9305287575383651,0.8349458048654186,1.2162458168477654,1.1608634121456856,0.89693025355003,0.9550162237884294,0.877733160196744,0.943735216844754,0.8495239657862406,0.8155030346573929,1.143293149704557,1.0227521180150123,0.9997558980891121,0.9438138076994457,1.0794507076877193,1.142568489951657,0.9865285295815815,1.1372606863602426,1.1421337242615877,0.9880347269055918,1.0229933728076475,0.8822845736608959,0.9410957293457767,0.9800819294504044,0.8471580405432552,0.986145455236345,0.7465291620730732,1.0121792906261649,0.8172301816337829,0.9435901870014778,1.064343462346133,0.8604478185556097,1.0492225177986396,1.2883112992459276,0.9775970326749682,1.0179446051734233,0.9850351963712547,1.199646807964414,1.1921606110099896,1.0216471078241474,1.0062264981264275,1.0347698870983117,0.943252139156415,0.9900798917590699,0.9702717734135304,0.8412055023132521,1.0129710978025188,0.9980704051157961,0.9566338503532489,0.9776045901972714,0.8867761681947635,1.1966179662785386,0.8400641365419124,1.3461111674627075,0.9810068284293659,1.1369386090617588,0.9172670761430299,1.4938839875142114,0.7580633080414302,0.9746915466950913,1.1169307984600185,0.9724109318072087,0.8185988113511329,1.2886632804046838,1.0484146387005,1.135460466172902,1.2466463815133362,1.163563527908768,1.599668349232248,1.0527115327364505,1.0330762029384053,0.8672877170152312,1.1073968425045257,1.153664338151619,0.8678243263173125,1.1260477659259207,1.057744930859875,1.24685797847095,1.252228677859842,0.9500337563668474,1.042323862550194,1.2251351886822266,1.0574379849293158,1.000979433728581,1.1704381003392113,1.1431248321737113,0.9466683187994487,1.0316637611346593,1.1636655652282213,1.0829828578585958,1.171802853384862,1.3032859180567389,1.056301270655392,0.951743330799917,0.8994832317970957,1.014474896351912,1.2442970292148454,0.9795140342249137,0.8889848682579113,1.129416315301998,1.2834170309423614,1.2664989899387402,1.3302856660898472,0.9585692275880464,0.8823161690915814,0.8970770128843601,1.1200876372888144,0.8561022855970493,0.9123179186177173,0.8381725408988633,1.011241275532444,1.0294362618293655,0.9270119076047082,0.8619122379336571,0.9207317027684584,1.2768113394448068,0.9938683567651471,1.074718982391437,0.9291042007226076,1.0137033508176394,1.000392090871798,1.027605902462315,1.0164565132303562,0.9604593550553318,1.2275974180007128,1.137966442622679,1.286370586338001,1.0899309441305431,1.0577714297007852,0.9411157648701582,1.0970983780558916,1.0339785864223472,0.8740325336110477,1.1540514083506703,1.1104833866251786,1.1698668734824338,0.7208082640006602,1.1506374791717282,0.9420410085879347,1.0319715213630298,1.060312799981006,0.9466262906437606,0.8894040056703303,1.075695608111985,0.9339192947328369,1.105913369442287,0.9862413298224915,0.9046194803624762,1.1222560929845826,1.0528502266109347,0.9580933202783345,1.0647788507184206,0.8136404361704366,0.9339336545994166,0.9731943988205749,0.9404373359728934,1.0293306756331153
Djadja & Dinaz,0.929035639943773,1.0595993198778195,1.0653303791325177,0.9964332997036173,1.089822439191911,0.8212745881285429,1.102326823900629,1.0211837946207962,0.8283666714715507,1.4119339473686177,1.0544420920288058,1.259230566097449,0.7454107121680689,1.1774988856186595,1.2352325717084005,1.4279086753941492,0.9598963077210617,1.1500080628528335,1.0031198896110833,1.03534571109525,0.792234573213548,1.255475121756661,1.1658539894001982,1.155652633751557,0.9163605714938426,0.9702387344710963,1.2841585292759954,0.9414449317141466,1.2805764861707665,1.378989635887117,1.0523808838721684,1.0535740070682948,1.1646472399700036,0.9057781484757149,0.9008845353623365,1.1800127995016334,1.0526628664629507,1.1575130058028895,1.3481013909002897,0.8760907490900423,1.1610045892652276,1.0715392499293606,1.0369773229340622,0.971097217996904,1.0851949683699365,1.1265183192042445,0.0,1.012944791156931,1.6923493164468246,0.967795423386761,1.0793460254678995,0.9217338776847632,1.1828106256723265,1.3244413393228982,0.8421496211294738,1.2952478476604545,0.6987947222019902,0.9752241192093026,0.9446159181644408,1.1232646696436779,1.092554614090632,1.1882699455857955,1.0343655569239232,1.5511705555004802,1.1311429351604814,1.016463286755391,0.8674025233739464,1.2571225225181584,0.8579905738409818,1.028050883883836,1.0228874963714945,1.2260701521503838,1.0498952927346537,0.7755882825195985,1.288607075483495,1.4998092345555976,0.7841254592667771,1.0971497700188981,0.9653687564536831,1.113538333525402,0.9913374851485017,1.2097215367894252,1.1764354395966556,1.3691036685630884,1.299178760257111,1.280875599691283,0.9480924288588229,0.7706981109501782,0.989043219865194,1.0011319552763047,0.9085233030602547,1.0472386925055603,0.9239929929599174,0.9849244971907094,1.2256825921306393,1.0742171876696174,1.2318179733236012,0.972596828473732,1.330802797493635,0.8186860579889721,0.9095914121332231,0.9250740915161757,1.2482910933220934,1.0677572521568341,0.970500552453555,0.9667813023397858,0.833754427127855,1.1719273816820992,0.7925717892247742,0.9346047271749711,0.8633025250653804,1.2547549573840753,0.8835034101072907,1.0218441537998373,0.9470726298245341,1.2447186333236495,1.1288001363572817,1.91850633555799,1.0525456178199668,1.0005342257712517,1.4413142032508532,1.3892599203082787,0.9111882412485602,1.3748001462267954,1.107542662468075,1.192581804842616,0.9319607141741156,1.0586561744254686,1.2235141401207805,1.0104693546479686,0.8501308090071414,1.0975216390635099,1.2686121033023816,1.1356762612019837,0.8549139420646672,0.9068511082660354,1.066644542649082,1.1578951970499014,1.0936028189861018,1.1745012673765727,0.8577218905255268,1.0239667848989626,0.8953104364686717,1.1992509293989506,1.0027767241677148,1.0452217097957883,0.8106249163490634,0.8558845071273395,0.8836913854000074,1.0875696823974481,1.1863851033344377,1.4510560509629291,1.3475706272716872,1.086859135595565,0.8788586338070147,1.0009112074091333,1.3619235884335363,1.099452517615301,0.8149606465276151,1.422481394758912,1.3768302655322877,1.3872477164578607,1.6455953229605953,1.3101430919033683,1.0896027899116938,1.0762356623487817,1.1618212340951226,1.1084234384017408,0.938439223402763,0.9439583829690044,0.9685437149589714,0.9019431920011637,0.9148404677949746,0.9797815111503422,1.2914839750630056,1.5775720603908474,1.1569981346854308,1.2953606860218143,1.0698189367766668,0.8813426232464231,1.0338087747547462,1.0549027730076084,1.0110115826869503,1.2545689783185967,1.0575585621680552,1.05641692292805,1.43508979028532,1.2064096534277595,1.40788637800617,1.1241927016634619,1.4107673975073811,0.741374340005082,1.0800668264037212,1.344718326352295,0.7433855244726467,1.5795125591326078,1.0179680390972747,1.0875584861156176,0.9431518183084581,1.142683884965788,0.9753951500078372,0.8150846350118962,0.7755443926602303,1.1516504000074177,1.1552125893730933,1.2323153881158753,0.9649078410286496,0.9895979744404503,1.0037158596309346,0.8990272375298787,0.9173245367493618,0.8337321653607646,1.0355353172459658,1.1583371467901589,0.7521817792097234,1.1930218792400906,1.1330695060017897
Dosseh,0.7080437873697923,0.726178556530397,0.8662885521055813,0.6113088585056329,1.1720286729169396,0.774651575490843,0.7936102544486862,0.7440802808826071,0.7738189523517001,1.198730443056508,0.9670479597513932,0.8089326864707952,0.7745137125808467,0.7446583676613144,1.2654582630327673,1.0543362227917152,1.022570123643133,0.9462249965439231,0.9940309874223068,0.8539354177710682,0.8721462524824027,0.786365068383835,0.7076856603803806,0.9034972132402236,0.7256622330338997,0.7217250790368808,1.0511146773724562,0.9955746891118263,0.8807054292855344,1.1163907704236398,0.8091427080657364,0.6824459108706757,0.7578029209017699,0.8196907797820095,0.7469928131644341,0.9731367799897975,0.8541393277693519,0.9574035787117943,0.9696666248820918,0.7119288087023845,0.7959061096121743,1.0957405911963716,0.8992824093919745,1.0678284533119011,0.6115997373406272,0.8796408964181442,1.012944791156931,0.0,1.2728811879006257,0.9964541373385264,0.8908006181625616,0.7641353014124967,1.3343691365877992,0.9871449641698052,1.0022569732154416,1.0626587436889663,0.7975711508187202,0.9317189116553796,0.8918331423241695,0.8848866908314533,0.7445000866763949,0.8388009068710004,1.0725517362763428,1.1115662202056582,0.7582178875025005,0.8378020580231694,0.892129452421171,0.9128720256009192,0.6836114302421306,0.6639684351275759,0.954146882445195,0.808161889416354,1.0124984672260224,0.7209764465604782,0.9311725130106718,0.9347704766384859,0.7329019819263798,1.135807222711456,0.9344184650085545,0.7073437079179429,1.020532601644407,0.6717276637543047,0.816219446066641,0.8058581988696389,0.7959066787890827,0.8861988824544447,0.6346946523362637,0.7878393064523063,0.8762206019510007,0.8808856349738801,0.793676081439336,0.7429251473546007,0.8696594897019345,1.0132496528889166,0.9874209540799112,0.8480657532675654,0.9195161652180821,1.0127297964893822,0.8795450222052973,0.7157118990339614,0.9546474279827241,0.7772983070720243,1.0025310388024018,0.7899323501365694,0.888507167074316,0.7792719528221196,0.7335638517758795,0.9860010994610483,0.7297583595817465,1.0035162962938684,0.7930685504236661,1.0461678438290543,0.6985482908817224,0.9621189190128399,0.8048057606580522,0.8840433940004201,0.945784752407361,1.248809762338052,0.6627038195555274,0.9302795927487986,0.9211377062637844,1.0727561329106186,0.800293000575698,1.208679603308357,0.9069888646784595,1.3572444854289396,1.0607009882576977,1.1451160435473895,1.499365538977064,0.8198140338102381,0.7167682617248244,0.8051751053192301,0.9727593991071124,1.0915516160020557,0.7333808742169242,0.8590536571052229,1.1024624384301154,1.057693505623694,1.2761210635005573,0.7481389116056107,0.7501761275614748,1.2244283451850217,0.9454877983938562,0.7055308247241773,1.019885022018915,0.8792366098399157,0.7307744299108511,0.7463904823462955,1.0050956612745419,0.9139867873266163,1.112233294183216,1.25223516745606,0.822662493048549,0.7887422253908615,0.616437731869956,0.8695880991748436,1.068221311909407,0.7008493174779393,0.6428430335129507,1.1909721259249777,1.3343423893762572,1.0852370440402674,1.4539730346753372,0.8871203516764858,0.7083846935100064,0.854112523180471,1.0544203600904234,1.024886345190032,0.7376600695777058,0.750716282912239,0.7104903676435497,0.7746017504403478,0.6345396523162218,0.7726658004675965,0.8871128898279814,1.3924885601819172,0.7289595002266883,0.8583107280195343,0.8335426374761726,0.7094758129514566,0.7737035017246566,0.9407323221900236,0.8968457369712229,0.8929021409683702,0.8945225713770765,0.7706292538315147,1.3844322594197414,1.1318136243130377,1.0443423136701142,0.7023874255367123,1.3000170808094962,0.8018687922779567,0.8544154803322983,1.2297027369264213,1.000106036145408,0.9658032994292056,0.6607010081515009,1.1114347658687658,0.7864628002921271,0.9533488474206769,0.8725722428419519,0.7241135974860083,0.822614457433565,0.9463772596939726,1.018584584721131,0.8153690233465247,0.9166548544986465,0.612196763608384,0.9236158980336249,0.7615626791896678,0.7650791098027674,0.6656318393214707,0.6368400641271651,0.8929361928785705,0.7736997450960593,0.936352810475385,0.847120119857215
Eddy de Pretto,1.4896225468461972,1.4010695902667196,1.460106909347219,1.3636580973911618,1.3863231042250796,1.5332656255659325,1.398397682085523,1.3897640047843227,1.5732112994355314,1.5717371761699963,1.3825279362285443,1.4847038891626092,1.5751266486464586,1.596631667292307,1.7706492233069178,1.854763870653877,1.414898663156347,1.5471447595323178,1.7150807470619327,1.4590659480115327,1.6039300086285933,1.5591928730499172,1.2279281580883539,1.4210504748447939,1.433996538812304,1.5099387986575599,1.3320429254656303,1.4897222996145885,1.3627355932203242,1.4914215730964822,1.4366702864456882,1.2840081105767902,1.201770655243408,1.5498566628400712,1.4186290786945284,1.164896378554866,1.3085793135562833,1.3390342469389187,1.5268420545340418,1.4251832043955,1.4050914956941547,1.7204900443382924,1.4617802133234483,1.582774748852531,1.2755553392495784,1.4237091719822128,1.6923493164468246,1.2728811879006257,0.0,1.6046454532629022,1.5363739712231066,1.5022437534843194,1.6291079161830304,1.7876203945172109,1.6633022806099553,1.6424793003162803,1.5861778972031433,1.6351093992795454,1.6003939559484814,1.6075133080234998,1.1517669247997124,1.1368764100421236,1.8298364555805646,1.3221407126333014,1.3667263022804286,1.4558607792112601,1.5682249874817393,1.4159755603876216,1.3441589375905034,1.4446776390760854,1.6837405231468368,1.4919753674081881,1.6894734935522486,1.4667438571725377,1.4371269921923335,1.3561013851127912,1.554782802004251,1.8148715116199399,1.4941605921976195,1.412101822613263,1.5838010449497597,1.3353415421641637,1.3513387283560638,1.494932338193452,1.3969008686969433,1.438011123378346,1.345848594749205,1.5173191875237555,1.3159678462294513,1.517896108761822,1.5957448868987925,1.436829484308744,1.5482621817238025,1.6237257861499699,1.439727081199829,1.509876902551145,1.1292926848984406,1.7636029179104538,1.4788413595926913,1.387311568896063,1.6125390794852115,1.3379871746635648,1.4041798175377371,1.556033931208532,1.5994669434179856,1.3391390195761093,1.4995482436009153,1.6526575255495586,1.5061316849403044,1.5710083281497018,1.4037717660970643,1.7809195822166954,1.2485189848264058,1.7934058089324465,1.5934807441638186,1.4716424615892039,1.229114624357991,1.2621950307901337,1.2790414498035674,1.4325705119235594,1.6727032129423838,1.2097303436568159,1.2615157498570726,1.5211479038943432,1.7279193900385095,1.461223211847448,1.7183135390100377,1.6456523521071214,2.0695620714812692,1.4509680590263172,1.5743564062157172,1.2852975611566537,1.5021557450441692,1.6031940668514464,1.4135338956453287,1.6440403458358042,1.3393264963992149,1.8015796647026034,1.7779292103298614,1.3816215535004313,1.4282248659676584,1.8382309978908402,1.6637782070661138,1.260624227421732,1.4616854326557338,1.706511755751624,1.5134481234094266,1.4569591655404148,1.720522152691754,1.268040206204362,1.9155254592824187,1.7166887450244197,1.3755754657755979,1.392359419978985,1.4031948908348653,1.4195696792203,1.7063470410346597,1.3540378987080448,1.3782851094436028,1.7171358327933712,1.363213536092224,1.6635650688002708,1.6630450815471862,1.3875697985032014,1.3908288863532055,1.35964068381652,1.7331943544391124,1.1984037796152618,1.5797031203276426,1.395807687619949,1.484615454186834,1.547149824469952,1.273387082331169,1.3936701589803546,1.183247039133226,1.8839485440475414,1.5196984428596372,1.286385163007466,1.531399509567769,1.4368444773394162,1.489395468653266,1.6403448033757575,1.3440387727881526,1.3266533225993473,1.64354665155021,1.5486245815501527,1.3994931684782876,1.443270706067417,1.3850354124711381,1.454817635239383,1.4667088431652544,1.6382735010363503,1.1454537154165259,1.5160028875459786,1.6498794560744618,1.637157180209513,1.2614655271835333,1.6079277125475189,1.4515884520123448,1.4666621756664844,1.7097065852052977,1.4556894971362824,1.556904381293934,1.483036715489591,1.752862296730291,1.2983987417672385,1.5422362781059002,1.3843836839598074,1.4789331224793367,1.5851417396681684,1.4894450578671716,1.3669261658944583,1.4656797204666427,1.5028412890721348,1.4883326125635647,1.2204276148289461,1.5815841639312112
Elams,0.8593237374706423,0.8660446949908505,1.033933179212138,0.9371241659437204,1.1771031183619274,0.7790038670155962,0.9362742462944804,0.7376075938688654,0.696938322655645,1.0508428007853432,1.0625397340196905,0.9955753778464366,0.6776105852371193,0.9371246001328447,1.0086971860950213,1.1542541916552926,0.923929219361248,0.9641782445069788,0.9571546552063459,0.9185010501045919,0.8575235956849713,0.971067891558285,0.9849614435602583,0.9099156714019684,0.8632351049483689,0.9359920218790947,0.9871518206884484,0.9322211459933598,0.9858751803558924,1.3223870625830279,1.0910589906459403,0.9193311172065574,1.1708798607479858,0.970763481112283,0.7623553169097425,1.0359373429529584,1.082571075627472,1.1155008967438502,1.0739307678541865,0.9257660169207947,1.1214476694919355,0.8237574488894704,0.8457523157803436,0.9691056445082928,1.0536708177019911,1.1104204877316115,0.967795423386761,0.9964541373385264,1.6046454532629022,0.0,0.806184225943369,0.9391591187759957,1.0786432872601468,1.1386374763066416,0.9297759014206093,1.1318185524818565,0.797308990877246,0.9790515757548417,0.7818542131955233,1.0122250685044314,0.9922054751570273,1.0177167972158443,1.0562170596700675,1.3904680923172286,0.8961491984273272,0.8309348551199567,0.8683701092534367,1.1105718647653122,0.8963768919391601,0.7968038036147238,1.0338150679883111,1.124131811601049,0.7468788089103754,0.8976109573582808,1.230752211465294,1.119706562376873,0.8402882947447711,1.1320205452167615,1.0153567919124684,0.9344174563053594,0.8286576373453008,1.1336264254215151,1.1359191289327504,1.3291233147647135,1.026931238795376,1.148930110929848,0.9412792524183583,0.6429764256503464,0.9865168015029141,0.8573756846605676,0.8522737891085375,0.911000937250542,0.8828289891811707,0.9639482408996202,0.9321997391386876,0.9935761612701579,1.1904357961187155,0.9371106709673875,1.1861699977487357,0.9912457990064589,0.8013531341675669,0.8539156674256998,1.1066473170671498,0.7679543467259939,0.8829875190915353,0.8914535579075976,0.8640723969428663,1.064802625318312,0.751322422267479,0.7453701176815919,0.9233568911501934,0.9115441541932306,1.0019735826621081,1.038572554254268,0.827125844326395,1.1888559068944984,1.076224020210733,1.5988256631320878,1.0009952696675515,0.9924383467478907,1.2851634091509858,1.3216929013174281,0.9930214014487465,1.1863545747689541,0.9700862113601004,1.2212124831946105,0.8002887850781846,0.9702025105305073,1.380928310324061,0.9088977200011406,0.8601566132444064,0.990063082577869,1.097790527836717,1.1532981746176827,0.965546854665207,0.7911785050318653,1.1273288826429058,0.9811243127453809,0.8389076034552267,0.9937910709207071,0.9218162006919383,0.780107081843071,0.7557980503293428,1.0186429632273775,1.1078892428509286,0.9013985170619986,0.7941823303827692,0.9479122226854305,0.8793749816980683,1.007252770918514,1.043951291171293,1.178984543975487,1.1353299793395628,1.1556302886501826,0.7879627673672389,1.1131869611306806,0.9924653312608352,1.009252267287859,0.8774983026464844,1.073923244685501,1.269899758603959,1.1713364365526773,1.2323709463690158,1.2839163914161977,0.8935724756168472,0.9837487227339851,1.015149740774196,1.0215260448013643,0.922792471088971,0.8257942272067613,0.9437171939272088,0.858739110378865,0.9731012697375857,0.8986566515676618,1.1589249763664204,1.2563881642175092,0.8738019547063183,1.1537180869225157,1.0256498242261634,0.9829603736127424,0.9503734347411843,0.8943725010470387,1.198497302235109,1.1130339646088088,0.9265994703724817,0.9495711074717543,1.652708099370895,0.9961862005478178,1.2575102450802265,0.8700602492182831,1.3464752663425457,0.7417383583045392,0.9541876615116363,1.177632204322168,0.8696869117139208,1.2718736299740934,0.9115825093521477,0.8958487862574745,0.9059644582828913,1.2063022608425562,0.9279001492812597,0.6942049739291165,0.7074553379363379,0.9942152346062894,1.157744796666156,1.099050565707971,0.9275905054489745,1.0008616012789382,0.9044650207620379,0.8841581056694746,0.9115051361427039,0.9992476233045481,0.9023786290407247,0.9504819761766229,0.7953776567999788,1.094872557415396,1.1835232905323592
Elh Kmer,0.9525056023813664,0.8970966800630124,1.1391230850822474,0.8827821419236558,1.212321036171535,0.9301246171508695,0.9665150289660606,0.844053978686394,0.8797745042641698,1.3358470384765246,1.0172219395501687,0.9472291669051205,0.8069424644621432,0.9961297999367347,1.3024923214219604,1.1507664672680262,1.1843594406887157,1.0400353388635923,1.0934735233305326,0.9355822286130078,0.9287328652568152,1.02253653901748,0.9684993516830205,1.0793770429000442,0.8755743910507782,0.800361091197275,1.067114576949355,0.986849576644974,1.0191010471436428,1.1706673395630174,0.9531310786391209,0.9486031280599744,1.0950507513378198,1.0042481148131892,0.8454504301735355,1.1232052898473377,0.8343144174488515,1.1599867418975518,1.1658639370321375,0.8835031393626451,1.0288366204204467,1.0453839006564882,1.005749472022025,1.0087389930935144,0.8335595065992912,0.994056021058883,1.0793460254678995,0.8908006181625616,1.5363739712231066,0.806184225943369,0.0,0.8775347755632169,1.35275120926387,1.1191727912542495,1.125013365838212,1.240941613504412,0.7653557467983624,0.9442573188811267,0.8508419734351591,1.037750198706547,0.9947284645381118,1.072497277666637,1.026447440771295,1.2999385606831353,0.907927820470457,1.0045710269245947,0.9187880463245293,0.9992843436539147,0.8286724426326253,0.7430772048506711,1.0474715929651168,0.9999194179645954,0.8931210727561137,0.9102521792283084,1.023325312853741,1.0856562334612192,0.9380045446710086,1.2015648792684361,0.9560506139641954,0.8723533273143868,0.9887876823014937,1.014807260549829,0.9559658672215111,1.078278467592558,0.9948208658733406,1.1621336518744299,0.8329484677956597,0.9995628734658634,1.0177931940051566,1.020054050416196,0.8329701544414018,0.8379300328210225,0.913745472729665,1.0416586096413836,1.0903092634169622,1.0199834025702037,1.0822656222000848,1.0710934498194105,1.0639989799983836,0.9319034155536705,0.9611987777863313,0.9422299302566445,1.2172805155072495,0.8456022604580941,0.8978262027401143,0.9715335151547747,0.8848143355855765,1.0393993523526557,0.7370654688170037,1.04600440586984,1.0146212785484863,1.0582946780909241,0.9257739625785365,1.0238513691070548,0.8289388205637731,1.2088482851900375,0.9851472916532852,1.6031521472076016,0.8218585395193856,0.9232667838419484,1.1414415004717788,1.2049296052803795,0.9531433109281457,1.310569354367435,0.9732649479839796,1.4526476893368108,1.0099267470393642,1.0246750239590616,1.409474725436022,0.9373987305188872,0.8635565191442244,1.0216576675155353,1.06709442497933,1.2043229382349596,0.8572881881858191,0.9257687989886411,1.2172675908289625,1.0302912576357883,1.282097593111102,0.8391479807390675,0.9488096466234286,1.0808895214270569,0.9734734938237168,0.9949025951814956,1.1489917636383866,1.1862159188411383,0.7325326212208307,0.9112360946144888,0.957628061941989,1.048174049053415,1.2175105335886949,1.2312029828950288,1.0778526578929837,1.0190750433354414,0.8053408483721135,1.0268285659581788,1.1816775699472737,0.9836832211284782,0.8717053089524729,1.2492339819729201,1.3292047256924406,1.021682236064489,1.4501626460194403,1.0995636483538194,0.7518592294573657,1.0303008540138412,1.1571814340205806,1.095893031620003,0.8140061233767129,0.749379554796869,0.8014455064394546,0.8725856175570563,0.9749594425494518,0.8496162314735703,1.1988550877001107,1.3463868056319432,0.7639090179660705,1.0603551341783988,0.8907576061436981,0.8994081710828564,0.8368139893464307,1.0261788734009285,1.178599459666112,1.0682915828649868,0.937716136095694,0.9783001117716946,1.5741982043021,1.2138769068176678,1.2951959216146216,0.9424098409581231,1.4509384352979866,0.875876550218761,1.0003062320090548,1.246072845520255,0.9929333814243528,1.1274846817364719,0.8599885764868866,1.137212149318903,1.0510439100497047,1.195388869075794,0.9005861913514658,0.7531155874473812,0.7674071041356747,1.1230006827714247,1.0178313390872538,1.04033617007219,1.0032062719770336,0.8764883650045405,1.022287529151511,0.8600420836454364,0.8873869178589828,0.9321436934299673,0.9037883963768585,1.0063772091789196,0.9559591215549289,1.1228697364985967,0.9862168705999178
F430,0.7657903537730981,0.8041535533638043,0.9497696612611141,0.8096106031784008,1.0864829261835662,0.7622958996272586,0.9371758000833261,0.9817613258543498,0.8759438657586108,1.1928659530447787,0.9323468379197969,1.0564404841187638,0.7450393254066868,0.9260922050653358,1.1269067323753914,1.0697386292627797,0.9575603411183651,0.9268302351490095,1.0037754403822887,1.0386253905819383,0.80333317307453,1.0070390988491553,0.8813559699202241,0.9276481471749082,0.7906634581470307,0.8555048383366576,1.1185062641095767,0.9576599255590523,0.9574325682906203,1.1676024942045622,0.8153814821489473,0.9322593599747261,0.8837279613576676,0.7788326599572514,0.8037426740658479,1.0262169746008043,0.8731453931016101,1.004912770576495,1.080742251760473,0.7319038464428157,1.0677552782802715,1.093824402182759,0.9993239036487455,0.8576816636938122,0.8670635989636619,0.9455001429920106,0.9217338776847632,0.7641353014124967,1.5022437534843194,0.9391591187759957,0.8775347755632169,0.0,1.159468655528338,1.0491843626460087,0.8601773127416912,1.217292759890698,0.797522633591812,1.000738598499093,0.8439113636739293,0.9414634630243465,0.9719385092000518,0.9771645627518711,0.8801296147135339,1.4222877431863614,0.8347291399856108,0.960910990259702,0.7007762222409561,0.9593619429054876,0.7586442823661653,0.7543750466415259,1.0137884199644431,0.9894780582196409,1.017173882407812,0.7475207490992443,1.1295869027377485,1.171223684099222,0.862140405632146,1.055630574221552,0.8702276369943099,0.9765809348005612,0.9838341460702527,0.8734321407470272,0.9537152448510899,1.1262395723057663,0.9565908148756623,0.9985688205545383,0.8575962296349249,0.9225060524202155,0.8674191380328825,0.8817366831537956,0.8207863918707836,0.7597599395073498,0.8454425233999842,1.0008270530968424,0.9394974585554646,0.7904649777671846,1.1094051780267689,1.037954923693119,1.1224607995282854,0.813391471883843,0.8249726249671596,0.8419074254246045,1.0813677579397307,0.8228611035758245,0.8608215372272732,0.7923243044055327,0.8173003414155265,0.9574671470460339,0.5908557969951775,0.9784855708461371,0.9648309877317044,1.048155380439928,0.7870942852567101,1.0305886916679798,0.692509450313169,1.1207880235386236,0.9399186699401721,1.4978221023984177,0.8370008192807723,0.9968082872865257,1.1092753691222257,1.119712448504376,0.864209329229643,1.3124079426567063,0.8630041114632291,1.3238238787661984,0.9791306188493156,1.0190428099795852,1.2889198382423095,0.8928296918056084,0.7807618043022214,0.8521751951954748,1.1594216654849283,1.0431342542665285,0.808546753218648,0.8703647427854219,1.0032024083076936,1.0911413370572949,1.2145087483889296,0.9272818962574114,0.8163510611448846,1.2327690297501146,0.8348356698318743,0.9124371394645131,0.9487228715529658,0.9434085528331451,0.7519651153366287,0.8059122796060753,0.8126357775223405,1.0676627597984263,1.119590121075392,1.2958731441810392,1.009810081945946,0.9652448400793768,0.7676119503147933,0.9615018550531339,1.2556909236000173,0.7982263763186181,0.7551378557197078,1.2140304780491042,1.2312668113446648,1.1871441979129993,1.5421985161454996,1.224837290230961,0.7760177013589207,0.9058654776326399,0.9514628536691063,1.0273181647534826,0.8358490430083253,0.7030571593987534,0.8781063337384656,0.8138580219592929,0.8928520924703065,0.7942449603703303,1.1569533675988728,1.3418932763502391,0.9271848916206128,1.0557884035378065,0.927469002613648,0.8823605679437201,0.8015392634861193,0.8688054138838116,0.9485173178310301,1.1452926345000947,1.0300561896384466,0.9267401063225623,1.4198691130393521,1.1166872000996084,1.2481868538132785,0.9069387041911661,1.3869564763731506,0.7236620307747779,0.9680292183639413,1.2110447426929993,0.9699290397193152,1.1718976796531348,0.7246200656381468,1.1092507201137727,0.9467298647347513,1.000660306197425,0.9515458170005308,0.7153783591186913,0.7055970213146329,1.0549689913125528,0.9329505659534253,1.0284644304167203,0.84783275220848,0.8263004171510175,0.8987401745277968,0.8899296017780901,0.8251348676808855,0.8493941155480917,0.7902711440609874,0.9748937620331174,0.7404402000160459,1.0131078287789956,0.9413680681310965
Franglish,1.247185425361777,1.370674924847545,1.2450585660462508,1.292174424527617,1.170887301253183,1.1467271590210688,1.255089109576886,1.308990532308292,1.209245926754308,1.1438756794266796,1.131854473910758,1.3956243488663769,1.065054925484166,1.4355273774645083,0.9868896704465552,1.5788125770806725,1.0014995755425018,1.2752090398971332,1.2777786202934878,1.3367597102438298,1.215379149185322,1.4643226440481159,1.432685790056289,1.0919543017273665,1.213020861183226,1.2548124186609038,1.1741837178900458,1.1274473400035498,1.3612600983523497,1.5559235532790543,1.3651353377249524,1.2577955951217528,1.418020656008906,1.2682759984292056,1.1803883627024718,0.8938660900622815,1.2878543249004961,1.1931339177305649,1.509932646983499,1.2707726102547505,1.476418450052922,1.3884394388662047,1.2319453225971462,1.1320820325104408,1.3528901693234303,1.250231196849478,1.1828106256723265,1.3343691365877992,1.6291079161830304,1.0786432872601468,1.35275120926387,1.159468655528338,0.0,1.640189330075511,1.3850340902637728,1.3348196536539794,1.2725891619873986,1.2283535808760329,1.3103141208650664,1.4725657541811594,1.3203978868634776,1.1030362164349818,1.4394547797193622,1.6533611921421218,1.3002413903546746,1.2713836004840575,1.1588608212779257,1.2061162742092093,1.2283273065490585,1.2966307137412754,1.5274107748823236,1.5778181765020682,1.3246091848183938,1.2457369015344446,1.6321859023927525,1.6507209620598025,1.342661941521075,1.3166796118460355,1.3589960123763078,1.3359920673276058,1.2413219639482,1.4692742734372266,1.3468957267486446,1.5888517103170754,1.367002626117519,1.3261249278566825,1.3107951389027173,1.1863179678252727,1.1489818057614853,1.262187448728174,1.2331395935949276,1.1716348310437215,1.2743971932301492,1.3932284554553327,1.0638622290068864,1.431581791359475,1.2839803564152883,1.3833020091630945,1.5549763732114916,1.324703125286974,1.214836393569296,1.214656129174838,1.1677467080792212,1.2815236501499028,1.2340576300944814,1.142981044912606,1.2848490306624336,1.1257672502841634,1.2127938690418532,1.0180521825979922,1.0234226491214076,1.3612589146356582,1.241540652902028,1.5487976026193373,1.1299366211218311,1.480047594244887,1.25048110391701,1.8217338557483438,1.34154605110572,1.4279952307498105,1.7900361833002711,1.4810108704776204,1.1982762316646627,1.3970403305527723,1.4261210192575067,1.1071953043167377,1.275353421321193,0.9201718741930562,1.5089929887009603,1.265154207190233,1.3435922490834165,1.1196534552017827,1.3944928348175358,1.2220118460691431,1.2425633217909218,1.3585864952191835,1.0126798243563788,1.4285029154611844,1.1272274206152575,1.4932330590136182,1.330358559480799,1.3330797721583965,1.077246664867358,1.388186178813693,1.1611831089165614,1.3831516923772158,1.28995502030833,1.3266314243763455,1.232044837789691,1.2501066179854854,1.247466373942195,1.5632232100027137,1.447035373030812,1.3402379463671685,1.245017197146591,1.324804573577108,1.4483628843586027,1.4323933425716455,1.171153815701324,1.4024071726728002,1.0703722899293024,1.581803436370677,1.3496812720214786,1.6044493694985091,1.3235598146230734,1.3157749880402756,1.3206446156862066,1.063045910944142,1.2743338404447604,1.0862700126252705,1.363905650583723,1.2610055438224683,1.3565278916655559,1.2181736073201919,1.3813423917360108,1.4405663471612178,1.3975761608293735,1.4662593727880913,1.349319405828819,1.2935667294377433,1.266457354754074,1.0840054677437905,1.2470232737636708,1.43850181465236,1.5051118714027474,1.5613155438089523,1.5457739259843317,0.998255799715336,1.3804233985405177,1.3808281243641396,1.3789756192590183,1.2854158172751753,1.1680857108452465,1.1343438989034085,1.3830671512777746,1.7422848617560935,1.1479894491223916,1.0365566484972077,1.2585241643144804,1.3755200023240801,1.4467955956624925,1.1952467964167022,1.0984382063780733,1.214608650958221,1.2637435744291805,1.4396210296741694,1.2584281933543429,1.2612491467231726,1.2968041512632569,1.361921202800695,1.3645834416602722,1.3475935129419077,1.2806157022499152,1.2378328589383578,1.2505394813983282,1.1996868031377068,1.5165451103133056
Freeze Corleone,0.9970766444480103,1.0099518777389995,1.377601987036706,1.0390125073600656,1.5838318061015852,1.241210227948413,1.1650366003147672,1.11045178158359,0.9410626230847534,1.5576830744400747,1.2982894461021233,0.9583608287425737,1.0875398885946697,0.9349075187814371,1.5607712362689412,0.7765504739926392,1.4430238368742985,1.346823312699039,1.3208510069994386,1.248438432553387,1.0945427732419275,1.1812995271704543,1.1912963975902833,1.4148218599614792,1.1344681129993266,1.0789225991285345,1.3288385528533349,1.3709331230736714,1.193526442794777,1.2816816367424453,1.110264053627232,1.116409622576864,1.4325912591579684,1.0726365470240087,1.078444652794819,1.3698102142585418,1.1638559565887938,1.4269123112714261,1.3088875548827232,1.0329332506725881,1.391845142330291,1.3897350023574677,1.259244260492924,1.3961464828659162,1.1243213526895963,1.2579413938867567,1.3244413393228982,0.9871449641698052,1.7876203945172109,1.1386374763066416,1.1191727912542495,1.0491843626460087,1.640189330075511,0.0,1.3197082773482949,1.4245789452065427,1.0924366587841936,1.2048190580813154,1.1313364689491912,1.1007268150055223,1.1860814744640833,1.3082803783423582,1.18536641064718,1.6003510323650056,0.9489536197887218,1.304114808496537,1.1700625784625447,0.9949096187716251,1.0409494827885555,0.845569738380565,1.0869357157477555,0.9827129196678104,1.2162708193125036,1.0757743885745419,1.152452890821358,1.4043575254170457,1.1934115549664257,1.349372032122533,1.24268939397361,0.985438514818313,1.3791055324620345,1.1210976323739323,1.2219975249658666,1.2011584492496774,1.162903107908682,1.2440698486630233,1.0398078057833686,1.1984377622112639,1.276565035818628,1.1275035752357274,1.014100660661495,1.0600122439582802,1.163205249067676,1.3038893782964514,1.3586290432979136,0.9722834569950831,1.39275079989618,1.1977930550049412,1.3470809272000428,1.135251649498847,1.1616765172833419,1.2264714320665464,1.4404173034279644,0.994373595537719,1.1292850749027095,1.2288853262634871,1.1167486596568763,1.231077689366934,1.023346325561709,1.3128115672350944,1.2484682299394847,1.2947436014366929,1.0944827405177935,1.2386616499645913,1.1231267436339714,1.062601002701787,1.188370008223349,1.6667651401118766,1.0938209007314592,0.9724642201013325,0.9088325292659117,1.4517172587164717,1.2217344147114928,1.5710216150330092,0.8692907404391398,1.613104716026269,1.289083115812022,1.4413987931853427,1.594330638815112,1.2866051215948937,1.0211859285918548,1.1247726525682915,1.3615191639360367,1.2741641995075867,1.0538804003310291,1.192561584725317,1.420137745366108,1.2395603408407505,1.5031902479847474,1.1745895234639396,1.1599548315189774,1.4032720768347469,1.2493370000102353,1.0379051817057052,1.2122208074377583,1.3038645171918182,1.0765166461489029,1.1620857074103617,1.1847012538896993,1.218061780469822,1.3719222015216836,1.538300150030397,1.1623585795594054,1.2797080918440338,0.9998910343060236,1.20261586193499,1.2141359485152814,1.1686273449576334,1.0599459787097436,1.367535261026805,1.7028740891442815,1.123910570919928,1.634698443148903,1.2946248721505136,1.0291295415727681,1.2420123173687239,1.1935185179042742,1.3802253366119943,1.1337102186663601,1.0407433867752842,1.039328460548971,1.0896403174659675,1.0588622578071465,1.089734250506613,1.4996639611661835,1.3369314907289125,1.1004208945739853,1.2447602666401112,1.1820835790974058,1.1209928110342218,1.0162436100118641,1.1581777871235077,1.2227772649832849,1.3794053483517084,1.058515734771742,0.9971929007112905,1.7900632894679007,1.5419749892489774,1.3713186675227738,1.0815773248676288,1.526557200521713,1.0513116239117117,1.3168498473860692,1.4682732241756042,1.2228173835664295,1.0822561934828068,1.0526029559541834,1.4221197254205404,1.2634855594090355,1.3301309280372189,1.174188273194728,0.9758975418968535,1.0705210528561269,1.444382115243387,1.0375617759276026,1.241061568746571,1.256050769625522,1.1101352772073294,1.1612106163314777,1.1190270446675823,1.1054238629314157,1.1527340459712727,0.9520914617981764,0.9174011168654044,1.1580171517358477,1.3081139367218078,0.9265838153510209
Fresh laDouille,1.0695255319926833,0.9687915751678854,1.131940057877866,1.0163347386227628,1.237330277306964,0.8555917981481542,1.1386114056585253,1.0656018680265698,0.9014001456544967,1.4123311647988694,1.2454580120456347,1.2835645777560567,0.8979974234711062,1.1301417235460114,1.3807458129295553,1.4102349579010856,1.0895889176647453,1.0349430699883913,0.8025409867320374,0.9718010094111204,0.9261799168853385,1.175129964360872,1.1199369907643548,1.190880680347103,0.7704472202197782,1.043506067037762,1.2053046746894913,1.0383566216157283,1.2019694783322175,1.4567976658532844,1.144832925362325,1.031027850440112,1.0297535568989529,1.028584878091084,0.8985545246127196,1.2911415018668913,1.0725710148649354,1.17337377958535,1.2267271188879543,0.9383384072773479,1.2203014631297782,1.0538470378872302,1.0483274033725172,0.9965977701368935,1.1048744298817927,1.1817115954559743,0.8421496211294738,1.0022569732154416,1.6633022806099553,0.9297759014206093,1.125013365838212,0.8601773127416912,1.3850340902637728,1.3197082773482949,0.0,1.312889964821977,0.8561161043231703,1.111181744369849,0.7797656346699078,1.0808070880924232,1.1413988751538815,1.2748005079053415,1.1424718179526474,1.4671320303534272,1.1819151804468342,1.0188062362011712,0.9755479430992762,1.3447614619881911,0.9497148214328939,0.9415943923765634,1.0940234832083655,1.2171694373798758,1.1221563863161401,0.7528685392650019,1.3430968473659641,1.3832393908410474,0.7680994590585055,1.1497899652601222,0.998133126204695,0.9889939594866203,1.0130196244573058,1.0727760572736325,1.189939083715588,1.3632762459729124,1.239904513899152,1.2677431892604238,0.9687881449808525,0.8083327413008476,1.0023520038161027,0.9669206560256441,1.0310157242201683,1.0512595568043521,1.0043914258192255,0.9647998067386666,1.2132458858684747,1.0846224630380468,1.2010197542510306,0.9380627732937998,1.2621485252746536,0.9385091397256915,0.9534693763260994,0.9532203858619901,1.195201234066564,1.0405583353426016,0.9745790947227628,1.005683574709352,0.9125988670900207,1.292845323914438,0.8169363671337636,1.0676928434459934,0.9956303464315163,1.146123288263772,0.9785220008958397,0.9201556874950281,0.9314650908172591,1.2750562248558148,1.229648465302171,1.759536367972642,1.0980889766359951,1.1467021145254828,1.4230693356388318,1.4041379835451278,0.98898099152961,1.3685024180186824,1.1687581807691065,1.3790289820816801,1.151354512689982,1.2546971188854033,1.4377995720477843,0.9659453923184195,0.8358690810334185,1.0954284095202682,1.3590511868215318,1.2679819917154447,1.0038750817628042,0.9655033974932906,1.1512380658474255,1.1673602369185312,1.1845210047825865,1.1363491251226958,0.8395500372579409,1.1101571325165351,1.0251770658838872,1.1547132546801098,1.2418427250490767,1.0183003169655207,0.9096351456051408,0.8543359212941465,1.0048166543022257,1.1832702094238605,1.2741311616103586,1.503835874549074,1.3942093048076358,1.1062352684942547,0.9156922995365843,1.1148380599907233,1.2602661710005074,1.1664769737146377,0.8362039279144103,1.4176533433490999,1.515604275232038,1.3478190015275704,1.6753716567536856,1.3486496041325617,1.087605298106896,1.0968775149895948,1.0146890686770718,1.1644192516947316,1.0135087913595655,0.9820279726822096,0.9894859245933149,0.9804621419082767,1.0024084267452686,1.078725101982092,1.3607066901985727,1.6404898550150349,1.15868248937731,1.3158513519354058,1.103555240514588,1.0155169968626436,1.094561795980001,1.2644300352903945,1.040446414572446,1.3530802985827877,1.0386369797093753,0.9949147766088366,1.517598555017031,1.2905660894852575,1.3430021715156402,1.096049458378795,1.6024740263738138,0.9121842024047097,1.1080293059366821,1.365757309426143,0.9160222786176795,1.5640133853892975,0.9798478574901488,1.1803649624351016,0.8766220051778358,1.1274343376370637,1.0403130387246884,0.8727309849394235,0.9293509649654227,1.1349263028332588,1.1757629101731981,1.1797779632013048,0.960228365362904,0.960683275009789,1.0762549477527439,0.9842908633722878,0.9363365314162576,0.7456415034159364,0.9820476533783499,1.1191054724390002,0.781550680730707,1.1253059094732316,1.2091458006856137
Furax Barbarossa,1.111261279216329,1.1893051553413663,1.1675057935413513,1.2407138011362684,1.2920866556595056,1.0423547554816197,1.1962719273493894,1.0756077423286985,1.1248016928399778,1.2401180828337588,1.1520573248148704,1.1558229911080842,0.9568133100049591,1.1081461761834568,1.3532442108424882,1.4740772643995426,1.2245633569311118,1.1365317112465965,1.257623300207723,1.0536426717975913,1.189222564121228,1.2234937024944557,1.064257237388424,1.0810062945353789,1.2042306730382955,1.0868364162898647,1.136469989240027,1.288533591622665,1.1692564523119715,1.5695514631593341,1.3260051075741208,0.9626951782991959,1.180008977904343,1.1721249714696214,1.0601244203994782,1.2371160339276002,1.1916775226297693,1.1459223546166823,1.1195331906969332,1.252997749385319,1.0728979759885031,1.1579544956991088,1.0348958918386162,1.501107050351887,1.1922883808392348,1.1405155640645,1.2952478476604545,1.0626587436889663,1.6424793003162803,1.1318185524818565,1.240941613504412,1.217292759890698,1.3348196536539794,1.4245789452065427,1.312889964821977,0.0,1.1359191204772643,1.2230500696368265,1.1674081561010894,1.3616655066562608,1.0775962900172524,1.0600756108114782,1.3379208070281334,1.235162656386917,1.065589735952682,1.0731290368455466,1.297050680331765,1.306637038881765,1.1322906986874677,1.075249782703859,1.3703507302348272,1.1430460800334172,1.1335260753786192,1.0515244632674057,1.3747989286094044,1.060479239046606,1.163107177514547,1.4630116779412057,1.3504141532104583,1.0768407555180564,1.3181329786815197,1.1756846471229407,1.2590671394596882,1.2170278068776164,1.178074117130394,1.2549997007099598,1.2215380941697296,1.0697979709380803,1.149480644881922,1.15072115383849,1.126729409461798,1.1161191322062438,1.2146225025895503,1.2950913800957045,1.1832398162531852,1.1894329961602397,1.2530747066574222,1.408788052542954,1.1476833391008625,1.1859958004213917,1.2117635590401763,1.0280397543668978,1.3087016671361424,1.1084621050232757,1.205183794570296,0.9728533162022285,1.1302014013158888,1.456239629661365,1.2016894478918592,1.0391637901640005,1.152134905884222,1.407440100214879,1.200688103439555,1.292974387643538,1.1575844489573028,1.2720452979352792,1.30104975074879,1.4811708763872176,1.0277647013096698,1.3521322913436198,1.3478967583563042,1.3507612979668453,1.1371024843595736,1.4420920853935193,1.2433502424076637,1.502107771082271,1.0733559927550294,1.255359714962939,1.625983184585255,1.1200214354897924,1.102899135248772,1.1292235358380323,1.2369023614617574,1.2835594000906085,1.2708382442586101,1.2141273545182818,1.3642976784434144,1.2847453362326589,1.2335915388717644,1.0628365943816194,1.1789323703625483,1.1824544441739129,1.1549920872076476,1.1325795312711535,1.4479670201753725,1.0573360026518157,1.1240839988328106,1.225183305492913,1.3493786069168061,1.1403432016036958,1.3690187144649366,1.2386358450487995,1.0599646870018709,1.1619143976424302,1.104423023344502,1.226904401750475,1.2682959387421748,1.0908266891133822,1.0611044259359452,1.3369805760237163,1.4158447803983785,1.363576317884184,1.4031006097090855,1.402910204209035,1.030297515996345,1.0636363932171784,1.4837859942110734,1.214479607934971,1.038664455948153,1.1304473433887665,1.1129438760800408,1.2225061697575414,1.0788042507907283,1.1870340175926215,0.9642859670084776,1.6023419369495564,1.009412813317448,1.02526809266771,1.3389718791964607,1.174342918868421,1.2228920168829356,1.2701721888218342,1.2595592949857621,1.0817874795227225,1.0279691406251297,1.1651441892549934,1.7520945664312781,1.2036341237819508,1.4205106678491923,1.0081514465679584,1.34638422320955,1.0401706463282665,1.1283411281103672,1.3255264293004714,1.298296075702335,1.2084036687738062,1.076960531632771,1.3372604045226428,1.1321037046135767,1.4295060882147987,1.322816111615189,1.0878312989344827,1.0577239913937126,1.1218830630925274,1.3353731503421444,1.2799789706533218,1.2112185817779695,1.187809772800271,1.200713452168116,1.2195178400078333,1.091011117956645,1.1604204275777568,1.0912746666584192,1.179224396343303,1.2136296768291375,1.3436889323080605,1.2034478638453825
GLK,0.7072246599024378,0.8191521822621372,1.0065200526532616,0.7656313605308855,1.0759147186651148,0.6925690316827492,0.9427185607131328,0.7594110415551495,0.6264313669694297,1.2114951882941865,0.9713714257361642,0.942621359894477,0.5883657354707726,0.8585202351351119,1.1626932430084347,1.1258826047791664,0.9809151260521087,0.9804764349295122,0.8704881295443389,0.9153998482130988,0.628299238715612,0.9286543726896798,0.9383897562103486,0.9439757099163241,0.8090579666304372,0.7122000780880002,1.0783705690562335,0.8481272439552427,1.001718960928105,1.3229817650660143,0.9328279702740758,0.8866347103313807,1.054001597309584,0.7718663779346986,0.6918599501345484,1.0377428178926893,0.9405712869885089,1.0061393990565863,1.2204334578391245,0.7426109720084836,0.9358116673879138,0.9256507773059419,0.9441774439010835,0.9719331896839691,0.833205949397955,1.0252213270381465,0.6987947222019902,0.7975711508187202,1.5861778972031433,0.797308990877246,0.7653557467983624,0.797522633591812,1.2725891619873986,1.0924366587841936,0.8561161043231703,1.1359191204772643,0.0,0.8967498794732723,0.7447162803421054,0.8864968338707125,0.9317752792998661,1.0404486742438879,0.9045261298042139,1.422583805338965,0.8599021815430067,0.906469516937904,0.8622682117439427,1.0540541437361726,0.7646832164025189,0.757913817564441,0.8988383672090324,1.0330594021723913,0.9072082046292678,0.6311599164995235,1.1071181573761821,1.1607116498592187,0.6071566181094127,1.1435225397183255,0.8057981640135058,0.8745548293567572,0.8167223967368724,0.939925021931609,0.9977713418233823,1.118203255177027,0.9729695928172674,1.0847475771106287,0.8199173571162813,0.7968664226657595,0.8893024110972224,0.8748683020539114,0.7241935426180143,0.7967265787017518,0.6831691416093741,0.8544566936509003,1.0970816242173205,0.8539092381344837,1.0858916878006755,0.7876184286770083,0.952134590137616,0.7419090960958247,0.8087375855638261,0.6955008630205641,1.2048446898239904,0.7425576436820269,0.8476948585480879,0.8801979955518913,0.6412732301729981,1.0144115797280995,0.6848224713346547,0.798050442050669,0.8758607602688312,1.0810290575918482,0.8018205370278895,0.8918520460599981,0.7640826404556772,1.0706814124142598,1.022379732530847,1.6459198758815419,0.835549658288853,0.9698063253395439,1.1146924121080568,1.2290659335069483,0.831345044604853,1.2500485407177793,0.8662638254058534,1.3181231653800802,0.6803165761115387,1.0128549158324625,1.0555895618535496,0.7951885835826811,0.5767457682410854,0.8827416011740955,1.1959848432161602,0.9800055180007955,0.7300795298465814,0.7050077055522063,1.1143569184984907,1.051733854080238,1.129947470763829,0.9032804644526921,0.663654221374964,0.9647501742046565,0.7829863685289495,0.9306012602255422,1.0261377342170357,0.820993317178559,0.6795543788592979,0.5496711574092318,0.7397741863961464,1.0202240364058104,1.0810586005570935,1.345904252053309,1.0861470198911443,0.9543553976590421,0.685955812823726,0.9863241637257222,1.1356105519069535,0.8502454568006619,0.5908223561945142,1.267395047223532,1.2976839874945272,1.1361452934299783,1.4708187329941902,1.0831932427083308,0.7921401099649169,0.9430368747765947,1.037080055485502,1.0922032981916916,0.6793567341644174,0.7295603898867601,0.7823178511096027,0.7072432646552216,0.7263749625887886,0.7453431694694914,1.1583743900018744,1.4069014007759677,0.8486366182105897,1.026632926370071,0.8883351015741504,0.722347105148328,0.759331182392335,0.8340790888104159,0.9000195173137119,1.0763377735533863,0.8311731629965231,0.8376336038195281,1.4845073720337318,1.1001295941128637,1.2079866102618118,0.9052657224927924,1.435232418968325,0.615066342746694,1.0072550753662615,1.2744138593774699,0.7231025325983308,1.203299328626745,0.8474877145760192,1.002754157073634,0.8911242943752022,1.077494437614176,0.7932014487175035,0.598708589024623,0.6972188931565754,1.052700867065853,1.008807698810289,0.9693646943495318,0.8992239638443009,0.7886174250082113,0.8247352177673057,0.6334296991434084,0.7723770211361266,0.7385196503121737,0.7482480455722981,0.9409807084852395,0.6742926469228643,1.0478949930077028,0.9527021723388251
Gambi,0.9717412589003739,0.9532471068345096,1.090165326922014,1.0506132655349907,1.2531235701839463,0.8721162082316234,0.859067376833351,0.9105810305560392,0.8238038526272242,1.177987893262092,1.0784419024717768,1.0997089820449786,0.7712838248343821,0.9903461008718165,1.2111229827638998,0.9574069252965642,1.1508892051114374,1.1178264683141699,0.9885556244556923,1.0450005404023814,0.884803191675082,1.0557157922810505,1.0230140248032242,1.1831600634187476,0.9300593667149027,1.0135922557886055,1.2468734277835323,1.0532723065387228,1.0777193018928306,1.2779867297289698,1.0908834402625247,1.0361533835728816,1.2359489636109302,0.7748376787929069,0.8700952013731066,1.1043094213668576,0.9448317068157143,1.181518728595192,1.277596839687976,0.9170206457305458,1.1548537109730808,1.1817126180553326,0.9248636993940275,0.8857239649532761,1.0393247755583652,1.1676424804086325,0.9752241192093026,0.9317189116553796,1.6351093992795454,0.9790515757548417,0.9442573188811267,1.000738598499093,1.2283535808760329,1.2048190580813154,1.111181744369849,1.2230500696368265,0.8967498794732723,0.0,0.9057218940039217,1.1417527867826551,1.030750301638067,1.0892266264229689,1.010232653575171,1.4635818572624066,0.9605017166587925,1.0717699235098208,0.9306417458589524,0.9111795481788956,0.7836025905237926,0.8747290631054283,0.9315542694175126,1.1666749178494522,0.9219031098863065,0.8691844760508579,1.0681983381857016,1.3662590033907582,0.9946765337487949,0.9845836384250668,0.999608228890764,0.9404205223873618,1.0473293544126892,1.1313292619424955,1.0837311092631785,1.223998396618776,0.9915673897002929,1.0038881940065214,0.8598276862860388,0.8833515375355488,1.158964974246286,1.0005873105486713,0.8042267379084177,1.0519041767254318,0.926337590035386,1.0722665471327446,1.033821670846641,0.9917678567509696,1.2227294944139835,0.8749674611699606,1.2091218456485147,0.8852887377720652,0.9191754456742981,1.0005229587446716,1.2977556404946782,0.9581468451064752,0.7744383722479792,1.042808385909629,0.8683042974110442,0.9147715814929698,0.7534808218673654,1.0355682837508702,0.839428021658483,1.1902223078696914,0.9366881465889663,1.0767067779985253,0.8124732179079467,1.133290764342308,1.0651936935574005,1.6639858980493338,1.0028240809143758,0.9878105268370482,1.234782848036761,1.350122035120537,0.8624065134188034,1.2975528589097136,0.8235104151956185,1.4170981601469115,0.9385539995371928,1.1477165265264093,1.4185473215432451,0.9772298324341034,0.8888058487523955,1.0915490616965555,1.1612547647665308,1.1761240001515922,0.7638116717678579,0.9897015551459606,1.0449511751068188,0.9267754308190509,1.2114452425309408,1.1169566547628194,0.9819761418807786,0.9962433095142619,0.9292100793183781,1.0074969162571241,0.9742024398178046,1.19718934227385,0.7929270927900386,0.9684562340776516,0.9685633914507467,0.9789188893654217,0.9527666593134131,1.3193761791114693,1.1092988605274854,1.0532334381211397,0.8644444942226052,1.0486047080929253,1.1569686697492818,1.1831088229894222,0.8141255197228889,1.2219413151183558,1.367734156401101,1.0897431017091228,1.4161698712815736,1.3342200226818028,1.0588911563964283,1.0232874925347792,1.1286284532391897,1.1371384335475112,0.8312285576485595,0.8154975485810719,0.8471228804442408,0.8147460333380352,0.9970910658819417,0.9119630289470618,1.2955288545960941,1.2689918058450624,0.9881077285860641,1.1835026918479423,0.9879124386407231,0.7492739655609749,0.846171140360607,0.9851220418125096,0.9889263986853145,1.1196059383028762,0.8657007238820156,0.9875297545006259,1.536113705144759,1.2830438548296035,1.2977333132743725,1.0398491622563724,1.2973020431539595,0.7948802353735377,1.1294690857385263,1.2612401850896011,0.9734169693886294,1.3299568353746414,0.897646724103258,1.0950510673907485,1.0038088898031783,1.2061393136459857,0.9734919540981166,0.862034035363306,0.8682789912443866,1.149179255193051,1.0131991792545383,1.1843112503323305,1.009333750305892,0.9182547194695321,0.9658565120002419,0.8900887462577881,0.933492085794207,0.9490379921051022,0.7854277122140559,0.9987842145017144,0.8856083570993873,1.0847860479141807,1.1019477853391004
Gambino La MG,0.8930405645444573,0.9051200073402744,1.0821000769857059,0.8457418929107327,1.1850739863922037,0.7369620591524547,0.9631956383122648,0.9212394042710682,0.7573932783404534,1.2074426208050175,1.1016837235087154,1.0942332816710232,0.7526381603835902,0.9796265224067436,1.139958020620333,1.155764317993771,1.0407118374630182,0.9151613832208024,0.9183490169199295,0.9140532563820585,0.7315908821215974,1.074847890220407,0.9854026586952268,1.0103284036603506,0.7324875908154813,0.8936540399186839,1.1596006272613073,0.9714279665095763,1.025714043474802,1.2888480927298096,0.9409180835220542,0.8882726899982675,1.1031215740664426,0.8010731199344331,0.6574837298152345,1.1535591762830486,0.945337012394175,1.0803650003918552,1.15603611357112,0.7912267057121745,1.1286704397766927,0.8880857359072245,0.8673072564620729,0.9193404971695842,0.987982996681848,1.0363008646345475,0.9446159181644408,0.8918331423241695,1.6003939559484814,0.7818542131955233,0.8508419734351591,0.8439113636739293,1.3103141208650664,1.1313364689491912,0.7797656346699078,1.1674081561010894,0.7447162803421054,0.9057218940039217,0.0,1.0268406819274898,1.0235102143492059,1.1073231346448986,0.96476866297194,1.4970961107330603,1.01245174752946,0.9019641219362778,0.8108056144763687,1.106266218223397,0.7967698434147789,0.7610359694478978,1.0263777802720513,1.15232661668825,0.8830438704987216,0.7574713231609685,1.176556147126032,1.1563278440203142,0.7708135224206504,0.9834397670643305,0.8841669622853986,0.8373186436368705,0.9428261121215017,1.0622268029450261,1.1197919684608695,1.2568044253630148,0.9999259637453939,1.0642485282405716,0.8278266318621085,0.8417477664499228,0.9882010623898277,0.7674570759693253,0.8409624999433425,1.0096519104488078,0.948761464735698,0.9143236666757516,1.0709981521383198,0.9079366243173577,1.1075810097119545,0.8874281953409457,1.2128246204318172,0.8607450338321534,0.7725621527742301,0.9210886178162432,1.1491198105436278,0.853415209091748,0.7823656303558024,0.9187994926085065,0.8238551885201884,1.109697314114923,0.6178128858575782,0.9166234228608484,0.8641126786152724,0.9962197291591101,0.9033816452022514,0.976874481678448,0.8444238020658313,1.1628272337870333,1.0663743943292117,1.6467235481708735,0.9503368796819469,1.024388927226777,1.2287987004565806,1.3080395469319412,0.8126870156819593,1.2826602612820153,0.9151841632058724,1.253875342626241,0.9397743263271869,1.0866766291373207,1.2788557289502693,0.8375825912778505,0.7851028210376652,1.0512642711737692,1.1691481997772468,1.102154078132972,0.7263441568215738,0.8204053460249547,1.0513593570199011,0.9584282128526312,1.1229113984252763,0.9614586645640381,0.7660380398547236,0.9652094724006985,0.8325682394352079,0.9910656444197876,1.1285386013016305,0.9209054613927687,0.7595444672089072,0.9137190072768369,0.8289042369010652,1.0881115514370725,0.9347935703787464,1.299036691524014,1.1990313328358886,1.1167752363341301,0.7699839386168357,0.9572311060934356,1.048600176572006,1.0014918051417012,0.8412769060287445,1.1988506671206203,1.388331568216176,1.052736666334865,1.4749279208344532,1.2405714222411748,0.9466839648986878,0.9823540407635177,1.0791716475224695,1.0785460217261928,0.8522995908702966,0.766823441137729,0.9160263908991453,0.7571176083933904,0.9396666612354226,0.8421638705918781,1.2329255662269027,1.3929515977592792,0.8348099681998651,1.176069546599046,0.9933667165662566,0.8281639118334939,0.8759924953599135,1.0693817180666223,1.0933666063155796,1.1245828826985578,0.9018357301183645,0.9505090840447256,1.5682630399922706,1.1173287300692103,1.3220208086956824,1.0050323646827315,1.3477041690391964,0.7786419027012659,1.0247930448895863,1.2026296689541385,0.8284675610773123,1.2686286141153287,0.8848560269084732,0.9939667953064018,0.9022384200345654,1.1368726442318395,0.9471641975257867,0.7094641200071229,0.618699554669011,1.0313384488284911,0.9735126150361217,1.1240317894642038,0.8115484651535126,0.9110175574558839,0.9415717591732861,0.9522261567664576,0.7933905670382106,0.8455123521761517,0.7534170010999652,0.8739203878383628,0.8222793877372094,0.9742945955286533,1.0655390391562447
Gazo,0.8842095114884995,0.8167993600248675,1.1511560715624602,0.8436538311957331,1.3222940847433606,0.9768006245944689,1.1417669914940647,1.0011160176276541,0.8565650696530492,1.3255711604898812,1.1555041442851555,1.107744971080396,1.043875565654788,0.9932549563941797,1.3581409157040656,1.176270571948262,1.1348703766906991,1.055634329974155,0.9439500572921257,1.0615105507328264,1.0217908427068791,0.8250982482031013,0.9865732124044829,1.0821583831712318,0.9986048274170063,1.0186248085002012,1.2890337510113534,1.1190006157276622,1.2221819974603498,1.3214650093901605,1.0847612031868243,0.9438671200206183,1.0424411993499492,1.0226309999850294,1.0007653648006012,1.185517408384685,1.1352161958249292,1.1275471239035666,1.2434707055710144,0.9681622946730856,1.1294575849814417,1.1480259756220372,1.1233829690509374,1.1720096157324533,0.9664072622041201,1.074088463713433,1.1232646696436779,0.8848866908314533,1.6075133080234998,1.0122250685044314,1.037750198706547,0.9414634630243465,1.4725657541811594,1.1007268150055223,1.0808070880924232,1.3616655066562608,0.8864968338707125,1.1417527867826551,1.0268406819274898,0.0,0.988019225994147,1.1478122194875888,1.078395253311859,1.4420722250607485,1.0646649076489323,1.0805235477170214,0.9821831725105089,1.1170243564805242,0.9236424199123134,0.9289162180316753,1.0793241035051453,1.0505571739177693,1.196608654971859,1.0644624801860163,1.188922824150488,1.2249069828352284,0.825890473987051,1.2051917445044273,1.0499703612383469,0.9558680698480874,1.0179093818746898,0.9599394625945114,1.0588831536534449,1.1017615853322804,1.061158662777219,1.1308826590864678,1.0196218881941521,1.0650286717132464,1.0502996220206549,1.0298697371056675,0.9936020365215138,0.9258230018628685,0.9376706814475267,1.1843237225578078,1.0791815206129962,1.0228029954465934,1.2161574130666624,0.9035853833651156,1.1299077593091993,0.9371569412853787,1.0205351648257663,0.9603505478095403,1.1447355689572285,0.8639141698793218,0.970888235095194,1.0827861926467832,0.9632060131219444,1.1778200906110363,0.8866591804398265,1.037806216968444,1.0698404440699436,1.1715646330145801,0.9313862553770765,1.0488818219322957,0.9432499053672978,1.122179024862544,1.1903555244630135,1.5442962577815906,0.9781331715024438,1.07572146624022,1.1900383419717064,1.2559792886226415,1.0171103848473784,1.3711285564224647,0.9922546695965149,1.442116489076244,1.188158484920441,1.2664709663372489,1.31413936341337,1.0378481229187473,0.8566029286347585,1.031227730545943,1.2177684655962084,1.2313333992288746,0.9499303297980155,0.945352053382647,1.2630452823389793,1.2321808403818943,1.4824857354292709,0.9779464034495333,0.8775825332640672,1.3118674682028837,1.0963202403435977,0.9160515416672532,1.154564661651853,1.0290410238455834,0.8529270428788074,0.8838744268421184,0.9985880045398209,1.0568079388262386,1.16133569098305,1.488813197078906,1.217529780008028,1.0487304775595532,0.853954027921509,1.076972951994408,1.214655104311957,1.005628448428178,0.8460968287144613,1.3556335831472714,1.395458619610243,1.228938399906589,1.6506809464394472,1.04087606544362,0.959498417238633,1.1178014796825628,1.1361663156719493,1.2809585230564686,1.0097347619827568,0.9950389277798396,0.9280899136623159,0.9813884739029963,1.0015606520608864,0.8698114091189421,1.217471998636013,1.3943504642546782,0.959192452248006,1.1003849986363172,1.0018159994128069,0.9441858259543179,0.9080145402162063,0.9750105053296193,1.176564644696584,1.2227957989592029,1.0064337890423392,1.0305933960056963,1.570258181598765,1.2939376436982142,1.3129640735940789,1.0073607194825067,1.4960241973432,0.9094010732577257,1.1109378173226012,1.475481926704755,0.9925071883109408,1.3683043591493131,0.9922876410641357,1.228149490114535,0.9960581896865172,1.1115511279180172,1.0665495341850346,0.8597542819630167,1.079136445276821,1.1987538763877188,1.1168870047993251,0.9374659237516286,1.0545431386162567,0.8438026708368068,1.191439732140537,0.9076925332558418,1.086114422235978,0.881057517479655,0.8374780757145385,1.0390332671079814,0.9015249512455754,1.1751219505845933,0.9592196614117455
Georgio,0.9055729189478415,0.8180439365202671,0.9480372556087537,0.7843940990991559,1.1003213657909567,0.9051555488528426,0.9255626957840174,0.8243563516530137,0.9260703509850068,1.177670604336548,1.0820746811756259,0.9619889480945738,0.9721155185233699,0.8327559953970035,1.297666858605035,1.2869148827239825,1.0218024892965105,0.9838315367386813,1.0804450419615161,0.8040240713877697,1.0141309221267978,1.015405185925687,0.6848305827186614,0.9822935275718424,0.8518234460812443,0.9356182903936734,1.068781274908867,0.9841286050237469,1.097626194303812,1.2102258455070574,0.9861710437866155,0.8331732963573857,0.9125241916235289,0.9700390530668653,0.8739189097043233,0.9435298586751638,0.9209478694130844,1.0015933155089365,1.0561426993834528,0.82458759172398,0.9902933328737088,1.1180983148704953,0.8421011275435301,1.1266202793076596,0.7043903612438882,0.9305287575383651,1.092554614090632,0.7445000866763949,1.1517669247997124,0.9922054751570273,0.9947284645381118,0.9719385092000518,1.3203978868634776,1.1860814744640833,1.1413988751538815,1.0775962900172524,0.9317752792998661,1.030750301638067,1.0235102143492059,0.988019225994147,0.0,0.8379779551998593,1.2553630623198127,0.9114193200814588,0.9344296856167648,0.7975364822692573,1.0007282641090796,1.0159854340670729,0.7465280458878617,0.8305152315910793,1.0664199156008394,1.0442922378510775,1.117670986668465,0.9217789629384954,0.8877127346256407,0.9730371943593507,0.8383603211963785,1.249240246660217,1.057354993383995,0.9005750309145232,1.0151373777578498,0.7899196597738244,0.9514650884142035,0.9082253683968389,0.9553934189556853,1.0483765961257616,0.8356963420022513,0.9209533115107402,0.8340486694408017,0.8965245055103737,0.9355288328227712,0.8664170682539498,0.920644838451015,1.1360253736466328,1.0380480930503977,0.9732097400515163,0.898893295426885,1.1324708280291231,1.0432701114270964,0.6912346903208252,1.0364736578934755,0.9615131490421213,1.0552519989617204,0.9362311439955597,1.0057923117268097,0.8108808030095591,0.9177750688599106,1.1580459581665787,0.9090524743095724,1.1253537084396767,0.9068443389617165,1.2326672516213864,0.8305122305978568,1.1048494953166113,0.9309034397900682,0.8815335807636671,0.7744218309126342,1.1451590201452875,0.7192386753444772,0.9422695689818984,1.1092226580742313,1.0979159642794754,0.837024335444843,1.2927558978555374,1.0094174242975344,1.2696132905090933,1.112006139727628,1.173223891602331,1.5074555559992633,0.9643404794267529,0.8920439490447672,0.8432874246776488,1.0730136841814053,1.190692279065605,0.8690929450783961,0.9001469587470979,1.173501653029092,1.2087063210240638,1.2870303902411864,0.7424994115678842,0.7666452438677799,1.2492127782773954,1.153716971341108,0.6830542486968697,1.1921380462858475,1.0263170188551178,0.8079703843197555,0.8875420452780535,1.1481299256399795,0.7761859808171881,1.2667153723485578,1.2512301598266127,0.9328555465598242,0.7629431854676286,0.7367920593395728,0.9709030857027728,1.1358098352613062,0.9176186580148946,0.7634301086617171,1.2162499758359224,1.2503367334553934,1.1335317591819334,1.3487541976519368,1.0954985165836546,0.842613810260909,0.7478834929785894,1.168163321886535,0.9469160951106822,0.9522586265105081,0.9021895103639946,0.781289997802844,0.9128220542853477,0.731526273047254,0.8903488206833217,0.8696892364774691,1.4456527062316886,0.8638674573647065,0.8840137645169611,0.9535266251847467,0.7883497780600434,0.9183044195753916,1.0777570592345034,0.9743439486817387,0.9737143383714703,0.9783762690975972,0.875015849633219,1.2657997132303427,1.1724524571217332,1.0414311582048905,0.8030282785309211,1.2235124885274813,0.9462727392553275,0.8489153715905702,1.1378264951123251,1.0510450957343123,1.0570453421412236,0.7892903496620246,1.156907351547654,0.8565282433898481,1.1839937095156456,0.9775735061354833,0.8280796753589325,0.9702255506348763,0.9505215719945871,1.170578429438602,0.8228226014674143,1.0622090944499567,0.7999838981277958,1.0325916640043513,0.9613689750344669,0.8332790512656552,0.7568475071474399,0.8639492878630477,1.0811053955621994,0.8690241448244888,0.922432820158614,0.9991038773719704
Gims,0.9329511401828046,0.9632559775612104,0.913494776351913,0.8701995569546397,1.1526230484835887,0.9736879714553107,0.9408345566523068,0.9620200496823054,0.9570965622472809,1.1153685580544577,0.8320595586402724,0.9213251571674926,0.9212688330921822,1.007493390277419,1.1412745503875519,1.2776084905763874,0.9814961114783103,0.9977974438851912,1.1831247093181547,0.9950777534115848,1.0668896836571162,1.1267718268316222,0.8376899330096752,0.8502428371462741,0.9782785793882844,0.9592946239440582,0.9973763542124942,1.0480694769064882,0.9447356613270259,1.1792622049592332,0.9909910070577008,0.8763261344965602,0.9225859882065918,0.900229561268607,0.8838024611354485,0.7580519474109682,0.8947431790663213,0.8688619272079392,1.052583024013629,1.032307748620224,0.951632489155714,1.2621893007263196,0.8567155554937582,1.2005199479790014,0.770720729283235,0.8349458048654186,1.1882699455857955,0.8388009068710004,1.1368764100421236,1.0177167972158443,1.072497277666637,0.9771645627518711,1.1030362164349818,1.3082803783423582,1.2748005079053415,1.0600756108114782,1.0404486742438879,1.0892266264229689,1.1073231346448986,1.1478122194875888,0.8379779551998593,0.0,1.3448934862199764,1.1807148323789536,0.8754774338703372,0.9193521661243532,0.9547260756248029,0.9452630665927925,0.7442670573814163,0.9000808678795267,1.1213185066271605,1.061328686687343,1.0588058016631823,0.9531677221133091,1.0651816693093599,1.1194095124581607,1.0319602448088612,1.1618601056096194,1.108832655386356,0.9989634413443049,1.0629393293362595,0.8771549013039465,0.936541193710158,1.0065095850254873,0.8236062650993268,0.8927474405528912,0.8581271582008412,0.9737472141556561,0.8051105058574298,0.9547128041477784,1.0237795710627482,0.8687865640615591,1.0476819398218167,1.1715668468221077,0.827703642020393,1.0040014424070767,0.9707016059977543,1.2224927766186295,1.0434580445595332,0.9351253803730664,1.079392188929646,0.8352293929947905,0.9459361653304735,1.0220310779525033,0.9818436337106664,0.820382451751069,0.9247185292560118,1.0303532735693446,0.9334210498331348,0.9641668542996782,0.8024582190663268,1.1838166951274267,0.8227987350296669,1.2968222289801725,0.889150674678561,1.0722615049856672,0.8799862219521436,1.2482889727150126,0.78115381442049,1.0270133090421882,1.1293475945230875,1.0631913855971655,0.8374246639392627,1.2084690119706476,1.101973958071815,1.165393121216077,1.1162222651063134,1.1599084091111722,1.623385576259885,0.976705773556155,1.0597212008117987,0.7905217666349335,1.0394536467999531,1.0949009099168672,0.8772291241008845,1.0852568736191495,0.9930373114410056,1.1944107758284939,1.1922203214911997,0.989468564416212,0.9560090039186249,1.317373532182844,0.927608559477056,0.9264517818492387,1.0060246695016695,1.1200122140981583,0.9402108032692594,1.0691495298823994,1.149320417000878,0.8716927354841698,1.2268834399003605,1.281460484123402,0.9474467446117985,1.009182878954955,0.8031750475355011,1.0468808944256742,1.237815327462357,0.8862824638879515,0.8832068685896928,1.1484211479090463,1.0931913444083248,1.2959414014491302,1.2219794715065486,1.1073576547037172,0.9174160354410777,0.8718076322724883,1.1842451250153296,0.8464278589566796,0.9469546456182436,0.8150101177524482,0.91681031288199,0.9502084021334742,0.9188592830477934,0.893183711304211,0.869387590145281,1.2452274120288296,0.881461237369954,0.9565644325266878,0.9395331901564002,0.9017104087956475,0.991654128115669,0.9709899926964204,0.9347076529053161,0.8931501128801429,1.1618539983506282,1.0728635403224063,1.2426120513175394,0.9426494092237845,0.9717836750694624,0.8870523723005724,1.0913554136682222,1.0075744999774774,0.7910085725588004,1.145181251609683,1.1520362208593793,1.1089848966554832,0.7079174111501456,1.00452509552327,0.9894000395111678,1.015426613245476,1.120322116097232,0.8980445812954244,0.9035665256679483,0.9777511884475726,1.0730292809478994,1.0129252460076825,0.9993770465208772,0.8297417766613752,1.036189943244424,1.0452886844502283,1.0933262377378277,0.9355750372561935,0.839052830966579,0.9278726000200802,1.0252153196482283,0.9194692969815449,1.071415414308663
Gradur,0.9697309967962,1.021283899767951,1.2880178260411272,1.0981492780600433,1.3257413124239124,0.8739201385349294,1.1071711093701289,1.1729390663935924,0.8407467413985114,1.2892333666492115,1.261208826277779,1.1892491895504196,0.9253420888407184,1.1770444327736291,1.254016790292013,1.206259295120602,1.2571219738624493,1.2170340852945587,1.2060945928030684,1.2942454798487846,0.8970349309460343,1.0233387560708813,1.1463077576300271,1.1964265001153178,1.1570758373943104,1.070873478884382,1.392094871692426,1.0406053928325667,1.2728391377527524,1.4069716165902848,1.204379898001681,1.182864001647707,1.1983707589555286,1.005183977232694,1.0049162243654797,1.375573827373999,1.1485230916120275,1.2677499437025197,1.4004254725701335,1.0395331106769445,1.2748126116947915,1.1483351332632923,1.207991880382343,0.9827665060604034,1.125019735899187,1.2162458168477654,1.0343655569239232,1.0725517362763428,1.8298364555805646,1.0562170596700675,1.026447440771295,0.8801296147135339,1.4394547797193622,1.18536641064718,1.1424718179526474,1.3379208070281334,0.9045261298042139,1.010232653575171,0.96476866297194,1.078395253311859,1.2553630623198127,1.3448934862199764,0.0,1.57208023261597,1.1003465564157933,1.1875414161809112,1.0221173310839196,1.189938880771772,0.9862907942586498,1.0368606464867265,1.0830832772188663,1.259651954044552,1.192479546702792,1.0462874002276226,1.308101699398052,1.3810123672229466,0.9885669024944559,1.2062445427317023,1.1247260651813247,1.0815803444414878,1.2253306507995885,1.2428105761183548,1.3138981398719662,1.350411367491334,1.160948158646209,1.2539589041848227,1.1088409427898906,1.156685960638658,1.2029379933189384,1.1371483910398603,0.9657970376851953,1.0945177536986486,0.8904366626449605,1.0015543618400669,1.2849259000177635,1.1497121683168237,1.4461273946797193,0.9815827066619801,1.4318206461513119,1.0133971909282695,0.8604837645348034,1.0866334308498975,1.454039159608988,1.0737574481776442,1.0424044570888236,1.1694340447989846,0.9491730555597897,1.1842154029186824,0.9195082046759527,0.9988187572745203,1.1281186679785868,1.13437521969581,1.1838149283573218,1.1594416640364527,0.9517562538796287,1.3281237727553798,1.3211000808473161,1.6853056557786146,1.147695789611315,1.1509564553251392,1.3324455939631341,1.4092904848526795,1.1650720324338906,1.4776191644224488,0.9511641035608768,1.5890863667610504,1.040829049226666,1.219721519985202,1.0790887957277773,1.1367606830246653,0.9756061275652573,1.2014357570813132,1.4401234319267713,1.2541927824266823,1.0500930590847433,1.0052767486491372,1.2298743702915784,1.1712729858363893,1.4080127811915908,1.2212169150031047,1.0541847464808074,1.3456828682602593,0.9832290474313566,1.1430599412783093,1.2242404430462148,1.1666615934212603,0.9450551853439748,0.9514565964307841,0.8756566323070516,1.23320803313051,1.1966582905881062,1.5003279660673086,1.1765305572508793,1.2464609570444987,0.9734318455306353,1.1876693238117724,1.4910259234876297,1.1695985394715096,1.0561480514222827,1.3686076155769185,1.3192000171337677,1.310827200920902,1.6401825518289301,1.3710663010359347,1.1054676403218957,1.1595188140418615,1.3029034024174593,1.4228533456141959,0.9413027754362553,0.9414417872232871,1.0754217491453462,0.9651192102743056,1.090551788024166,1.0847428309789409,1.3800202328985565,1.4125168408713493,1.1528190206662456,1.1978047984796945,1.1300452779956207,1.0974286533429953,0.951519036873722,0.9581119292122673,1.242644253281083,1.247668395808792,1.0721161262820014,1.1043104809083033,1.8024152034356395,1.4085716052187953,1.55121325340009,1.1340569134488454,1.6019281460239716,0.8719731187613061,1.2282255934920157,1.507776457100581,1.043264748324816,1.3290335372036521,1.1480162803535627,1.2810301402887196,1.1981474948498467,1.1826110210303844,1.0873802916791424,0.9000085218834506,0.9504140652211539,1.2931553360584778,1.1528500611537356,1.2364753285355266,0.9992654987727736,1.0339300787371828,1.026615138527034,1.0098658559573221,1.0293360742936188,1.1262168733198605,1.0003380110701117,1.2565305928066646,1.053825710619141,1.3602492153030785,1.1919290936101243
Grand Corps Malade,1.3428484100299143,1.2700495334093076,1.1829052855269873,1.1560610465188226,1.3826133514762646,1.3135932896888973,1.2528869626096812,1.199510820362881,1.3513870477631267,1.3943600176805917,1.426304849923202,1.1275395197782194,1.2914761252103089,1.2317773020295855,1.6770537791375446,1.6454277517402256,1.3204115785974826,1.4137059934266032,1.3159562005350445,1.1803020685890606,1.4724799970980662,1.2940709669932668,0.9748309512401854,1.2675338576637545,1.3412056095363143,1.327550773550042,1.3269743848311377,1.4421200793927829,1.346746354138277,1.5875371236150115,1.4381846320953693,1.1693815610369902,1.1357317649095984,1.367925296482273,1.3068148802940611,1.2549448311983964,1.3035119089945364,1.23328240380567,1.1402961462173897,1.3370340994169971,1.1731879924601822,1.513695420522108,1.2110626985608473,1.5509432836684545,1.0900243670491945,1.1608634121456856,1.5511705555004802,1.1115662202056582,1.3221407126333014,1.3904680923172286,1.2999385606831353,1.4222877431863614,1.6533611921421218,1.6003510323650056,1.4671320303534272,1.235162656386917,1.422583805338965,1.4635818572624066,1.4970961107330603,1.4420722250607485,0.9114193200814588,1.1807148323789536,1.57208023261597,0.0,1.2614485183234487,1.1231336295961876,1.4638203082728554,1.4204196576116601,1.2218586698614837,1.183940602821102,1.34894266196783,1.2288124196611023,1.348043627918669,1.2817724009779843,1.1681655767865535,1.1350364686090286,1.3173376362507203,1.6227541752205483,1.5789569716835274,1.2827417049358365,1.4645315729867328,1.0731438487707516,1.1731053082041698,1.1492796108910461,1.1776504572367517,1.3013932317768242,1.2686086404558259,1.296947327364476,1.237182182887155,1.3180886743635654,1.3045679201212304,1.208269827162949,1.257715702126365,1.5243315877831334,1.212324720122485,1.4020001806745994,1.2002159819813547,1.5661407033147363,1.2192746379789932,1.219923296004576,1.4644392335333682,1.2641542286019352,1.2651499190991462,1.361457871002087,1.376896823579466,1.1281512463495496,1.2406122195293712,1.5025844081280153,1.374282063423675,1.3269264817207047,1.396644125472526,1.6063982742283562,1.2808868373661133,1.4296109273769824,1.2684028594823078,1.3322224113198082,1.1898542326135422,1.1732739581052796,1.1281544410854143,1.3162542707044844,1.340096540576881,1.3595081602174433,1.3119702831209457,1.4640130020886934,1.3873570438701541,1.6459247699149828,1.539207479807277,1.5539388637996252,2.0409074975497545,1.2820110667000326,1.3801597777576653,1.1504713978669634,1.1095776441927663,1.5775005631032413,1.395666371058301,1.2891739707001937,1.4793292343968196,1.4360094273455781,1.5499937148064824,1.1504874691324536,1.2722211238485583,1.5907407698526297,1.4542626472622437,1.0565402346770443,1.5482170438792069,1.421969946149664,1.2253653291631574,1.2526258214019492,1.5786505356249372,1.100200165430982,1.7661555640847035,1.4171969804021225,1.159948882688465,1.2079747324108594,1.171119482046436,1.381877289391458,1.4641205417346193,1.1858035169013104,1.225735356553648,1.3844384312635158,1.511873048579644,1.4631196213661115,1.6249395555192265,1.2702789096952714,1.1607138943532338,1.0250673164359763,1.5006002184108334,1.3457750377876372,1.2746650050571846,1.2423384744286856,1.2588937213059055,1.3339184270803097,1.2100142643329332,1.344605450450048,1.006219227258965,1.7151623827106455,1.2273526035366864,1.1547683711108105,1.2228390020484923,1.342678675815016,1.4386529901301264,1.4591169960415409,1.3413531914778771,1.119903929668906,1.2747628747107365,1.2289962284623657,1.7659014800343973,1.4958264691148075,1.2344960978130224,1.0367753101909742,1.3628395571936511,1.4211073789357798,1.0953936392819028,1.5596112826575028,1.4794629320909032,1.3116155661095004,1.123860611387091,1.490872193659748,1.215490097606571,1.3555582089280933,1.387617135757961,1.239326617998975,1.3763145787354558,1.3450777565629637,1.4902875022271422,1.1836570751081297,1.4161576908948719,1.2319465093161694,1.4024778758055634,1.2808769046971213,1.2377119272652857,1.2581374186379624,1.2702770753617292,1.4278471937061825,1.3478323544429716,1.360039346745305,1.3406240755386238
Grems,0.7619292985523074,0.8584744548199701,1.018661124082542,0.8345763434623973,1.3099360250657457,0.8755179343105081,0.7838082145552405,0.8090548753511327,0.7764829626258816,1.1621175075724997,0.9804329249086023,0.7272830845123507,0.7654285009984384,0.771350976388744,1.1895732894940612,0.9697325018618976,1.084109310678783,1.0485079167694982,1.1135603415549193,1.0033849771650567,0.8897866572282822,0.932398516113187,0.8313781328323803,0.8736897241860305,0.9615963579893934,0.8013700311301839,0.9845729213843729,1.0188804379509726,0.956090700000738,1.0905368108610267,0.9093607784136549,0.8232257914079081,0.9581482549389713,0.8533630416457072,0.7780539712170605,0.9844808429475542,0.833017921294423,0.9603071550631614,1.1012248629352135,0.898438451268379,1.020132408647872,1.0437977869988537,0.9331511222678469,1.1188789497952512,0.883476930231798,0.89693025355003,1.1311429351604814,0.7582178875025005,1.3667263022804286,0.8961491984273272,0.907927820470457,0.8347291399856108,1.3002413903546746,0.9489536197887218,1.1819151804468342,1.065589735952682,0.8599021815430067,0.9605017166587925,1.01245174752946,1.0646649076489323,0.9344296856167648,0.8754774338703372,1.1003465564157933,1.2614485183234487,0.0,0.8263289655014595,1.0001780414955292,0.8003103485191511,0.7667543747969865,0.6555482547442215,0.9519599332718442,0.8520198522764246,0.985627765283308,0.8167212412536874,1.0358240296814634,0.9980000422899159,0.9778067534800716,1.1795004859313847,1.0218702197432405,0.817427791448674,1.0261676778673057,0.9545004805641661,0.981381556361194,0.8752673161939423,0.8445334528581226,0.9335969698753391,0.7593755515571678,0.8871499152626026,0.9180575745394131,0.8634355302754034,0.7836640352665131,0.7651120849306362,0.8847259142645867,1.0299078452468828,1.0153554444246435,0.7897846579674849,1.083831665792127,1.0407297737344403,1.0093923163759335,0.9049298365290251,0.9165568828387105,0.8686079605315459,1.1617652341159397,0.8399925097359251,0.9203861788771548,0.8467953835339362,0.860417739762656,0.9083423548873507,0.8261189621013053,0.9292919464691507,0.9135837257458903,1.0291394695658518,0.793784281388289,1.1434339663448065,0.8679763419359454,0.9990487385613785,0.9185474727877334,1.3406233052937928,0.8337866616690524,0.9578180558988273,0.9450570546122581,1.102961749148867,0.9222537740682903,1.2037632030297105,0.8424308941450892,1.3362104174945755,0.8748203246188839,1.0678913128807943,1.4923311292045711,0.9663842227910961,0.8363057944668707,0.8419894081151953,1.1292541131789264,1.0398541691758565,0.8606212705147257,0.9519213781807854,1.115413554787267,1.1668091133887446,1.1573377315087363,0.9454571630068006,0.9833654250361668,1.0602251193812655,0.9701505308192275,0.910259454921653,0.9898800144966696,1.0856586654982412,0.865188304269882,0.8815172191792633,0.9834400046217628,0.8267838666197714,1.1366512380781584,1.2511027868697193,0.8024339194468534,0.978539344032792,0.7786484859963129,1.0096666271397352,1.144345360167431,0.8073030793549882,0.7822530958556633,1.1120183045534966,1.2920640572496267,1.091736634605623,1.2605521130523625,1.1009268779698325,0.7402721062803237,0.8941174574220825,1.1192402952801037,0.9966080428335169,0.7682617748876542,0.722499541807796,0.8919548426277051,0.8661989538345426,0.8709220915468993,0.740865488699503,1.0055606981078589,1.1870545834786224,0.874694764339598,0.9292470558784888,0.9436101859662891,0.8144949395432104,0.8756208264064734,0.8414190931805418,0.8523298564990912,1.073438784005939,0.9828753028839462,0.8845632802041976,1.3776459157660765,1.1938597492934002,1.1507054659285414,0.8595996732062002,1.256442944156772,0.8219275321876864,0.9487142466137034,1.196543421361499,1.014850622024683,0.9924629434992482,0.6981733989686126,1.165288148917005,1.02949128764684,1.0622449313860642,0.970880284386315,0.7415352958719207,0.7714863252872083,1.129469842141583,0.8806697644500739,0.9610514451104244,0.9499037404361593,0.8450484339801861,0.787754140014976,0.8462495337049485,0.9623790519681074,1.0001172666075784,0.7222984884349084,0.8944507962678212,0.9172925240420358,1.0250385528013486,0.9149182480242621
Guizmo,0.8927763300341592,0.9870593158273003,0.947879626887937,0.8962183876496749,1.290682931309019,0.8051414904978089,0.8797670616039904,0.8405823188748756,0.8322016559563333,1.1019812979221522,1.1291160068322934,0.9072756725159533,0.8893295131682666,0.8807221639124876,1.1886726388845317,1.3180628016370806,0.9331554335765984,0.9539691842655839,0.9433522557866613,0.8481746948211534,0.96530833840169,0.9671027213171312,0.781766142452168,0.8802523589888248,0.8841084667466926,0.9724417409248622,1.163292368045246,0.9845556108861082,1.12599723761937,1.217625891325287,1.1328658071805338,0.8383623171771318,0.953431219274039,0.901297841395479,0.839663502101671,1.1042372457372878,0.9847740380396015,1.0102923090373224,1.0278835258843178,0.966862255034276,0.9498366244911598,0.9492762305350702,0.7816172118496897,1.116020327645738,0.9236430257094868,0.9550162237884294,1.016463286755391,0.8378020580231694,1.4558607792112601,0.8309348551199567,1.0045710269245947,0.960910990259702,1.2713836004840575,1.304114808496537,1.0188062362011712,1.0731290368455466,0.906469516937904,1.0717699235098208,0.9019641219362778,1.0805235477170214,0.7975364822692573,0.9193521661243532,1.1875414161809112,1.1231336295961876,0.8263289655014595,0.0,0.994736318708913,1.134521318785226,0.8220464417196474,0.8368029748058192,1.0431473755675817,1.0963057680461719,0.997785830620844,0.8782914466329068,1.112125474909629,1.116932103562599,0.8696046465949784,1.161475704953393,1.071391345791751,0.9039964866443208,0.8580196893319908,1.039357599468746,1.0240525936020177,1.1470250948477014,0.9268229554192537,1.0594473064124539,0.8351066435938169,0.72090756479224,0.8819647094823794,0.7632817196327224,0.9880887347002143,0.887121791366899,1.0094439690401638,0.9914634636984977,1.0093081446974213,0.9998751821011328,1.0507021345172942,1.012206865888188,1.0964282147326032,0.8479555242930914,0.8693943577696821,0.8544934260811974,1.0856497516372865,0.9339162396221461,0.8542666692260709,0.8290023780903564,0.8137174824643535,1.1706868897381133,0.8444559411655366,0.8650050172852833,0.8505116894487151,1.0906259186644636,0.9070919272843593,1.075594611176533,0.8991350921393985,1.0081694481052088,0.9956409362089453,1.4843068974003666,0.9228848631034414,0.9869221599157547,1.1719964567676433,1.2199496525333862,0.8299970590278573,1.226158310551702,1.0845728393164455,1.3095078368597357,1.021252615788458,1.1474554404920225,1.4255031520477432,0.8547488671229618,0.8887055446863156,1.0048863519274713,1.0508656938380638,1.1219451503547635,0.9307326088364097,0.8723070863907355,1.1184319849367315,1.146814641607366,1.0837749261323741,0.9307421623531156,0.8997095820995447,1.0613127497418189,0.9999507918344509,0.8825152528440486,1.2251952898027023,0.850953912150702,0.8196853375798664,0.9526751230028025,0.9604344356150792,0.8357388771901316,1.1873536976829129,1.1821158286552744,0.9555625326731981,1.0532526713137251,0.7881955829359429,1.090156070958381,1.0781825170280046,0.8434717152108333,0.9104221948670257,0.9907782164554768,1.3879613459018498,1.2132938476750201,1.3321537681041444,1.0621021884106256,0.9145896222171924,0.8238937119908584,1.2148264750187194,0.8600147564966434,0.96350312311816,0.8743344633719478,0.9719884906263335,0.9039768880502901,0.8311138165056774,0.878424476489963,0.8877389290317008,1.3822540057111905,0.8853826927834096,0.8992693484517528,0.9964834627178392,0.884753565570957,0.9966238717205584,0.9713983722600701,1.1474734127503963,1.0285078902187352,0.9142539437926192,0.8883709831311559,1.4199743894157402,1.1943421744071534,1.1631737486426117,0.7314929243344708,1.179398743596235,0.9369162988598599,0.8968895975479442,1.2978022896960772,0.9626252137448984,1.1233969952297396,0.7502977057576419,1.0538695795587578,0.9065475664748676,1.1562270346642924,1.0028331215152617,0.8178237892803882,0.796187513508037,1.0407948515297027,1.1346069187850594,0.948342085273911,0.8239721896046167,0.859195273264238,0.9520163052807477,0.8468758320559377,0.9266234085064596,0.9293045148430775,0.882124003549383,1.0171137513880042,0.8471192870238908,0.99185424530779,1.0791416568090113
Guy2Bezbar,0.8177674022082925,0.8783611331980794,0.9384226964842075,0.8308111394588852,1.0696155520429675,0.7556204436804957,0.9819032560201201,0.9809683223210904,0.8000548799772041,1.219909214614547,1.024035340694054,1.0707961888726067,0.6637111726243309,1.0377997633111962,1.0418520748679485,1.1029202580449504,0.9268217450851659,0.9426631112931836,1.0444946751977744,1.0606514023229472,0.7943796142039876,1.047090365400016,1.0811942107190806,0.8975565139521493,0.8076492750119535,0.9020154369446648,1.168394580486056,0.8568315839956362,1.0932570058327942,1.1694865590542691,0.8705893286335712,0.9163059195599157,1.0196902868279933,0.8495763762767387,0.8180395051117137,1.0859669721032628,0.8959603263328055,0.9953173240911898,1.1335591170690136,0.8019026534998932,1.072428804930379,1.1225198708550777,0.9517732714137779,0.8779002250249485,1.0050186697680559,0.877733160196744,0.8674025233739464,0.892129452421171,1.5682249874817393,0.8683701092534367,0.9187880463245293,0.7007762222409561,1.1588608212779257,1.1700625784625447,0.9755479430992762,1.297050680331765,0.8622682117439427,0.9306417458589524,0.8108056144763687,0.9821831725105089,1.0007282641090796,0.9547260756248029,1.0221173310839196,1.4638203082728554,1.0001780414955292,0.994736318708913,0.0,0.995064975118085,0.7719616548331103,0.8375051903445165,1.1079328218313895,1.0872740807546977,0.8886301059298494,0.8322873819450681,1.2144184025424565,1.2712030539545351,0.8679470808438883,1.0382760989839843,0.8323969176594113,0.9654784425646117,0.9414504285577049,1.0405755898605282,1.0365395393955992,1.2471007265049179,1.0255236220735369,1.0367320950620826,0.8150674926604964,0.83169108455639,0.8983219913535675,0.9510193758245147,0.9522852704039765,0.9003912770712958,0.8520698039616433,1.034850124998681,0.9787446048523656,0.8316719719996393,1.1950211383294744,1.0010521541053223,1.2388905873897702,0.9074723725426427,0.8199134734480379,0.9114995710874784,1.0503817207313038,0.9181395890774808,0.8228873405352044,0.8996035708696634,0.833038462131378,0.9525991789671543,0.6355503406025083,0.9229858885547231,0.8056606473056876,0.974289582729095,0.7958817136009974,1.1390541838380637,0.7293567858280704,1.2323181858983998,1.009472418907292,1.5847367591353412,0.87133992781411,1.017433286958223,1.2066969870149264,1.1969105037377934,0.8876646412391658,1.233412875011786,0.9543373031685406,1.1302662178697926,0.9901342552767829,0.939254945614726,1.266926368831527,0.9520946324321251,0.9066464121575037,0.9383511469349636,1.1915627190029552,1.039631842171542,0.8425657091632908,0.8655974818971107,0.8710565075103781,1.0744212968566522,1.0676309229460836,1.1135340127555295,0.8419058089136867,1.0840096287900374,0.7246256894847092,1.019536703773838,0.9443925063589997,0.98632369357584,0.7587223973478051,0.9377913830258737,0.8056217498281892,1.137275368533166,0.901551563897148,1.332243951127508,1.1122406140607262,0.9977503062530831,0.7579402419023953,0.9400181551900547,1.232788424232505,0.9426866521548392,0.8593855334291266,1.115059693302216,1.1939389534762546,1.264796747194545,1.4685330148455824,1.2655026372248122,0.9453807537578559,1.0298742888903947,0.8934151936649339,0.9362069191122661,0.9638632405611115,0.7930331289346082,0.9098773697446064,0.8037615039100074,0.9481997803347905,0.7577545222275623,1.1775539936979766,1.2887116739311766,1.0085115546201555,1.2701286596958203,0.8963041069706954,0.9230308816595264,0.8646639926531372,0.9650906963374818,1.0505790142086724,1.101334865790157,1.0530494163079474,1.0357703001935064,1.3762386652038485,1.167268669618965,1.258885042392986,0.9726012006652898,1.2988398186151529,0.7825336036671299,0.9743216038914091,1.2087306800006494,0.8841726381368243,1.2975369230367932,0.7792786687440935,1.0419191727037087,0.9207307507869444,1.0346201446864318,0.9472862895360639,0.7212132989584713,0.7143604020524486,1.067312593542172,1.0052908981565936,1.1266464226671187,0.8687634385394517,0.8546624089898605,0.9323219939348064,0.9615482581858029,0.7928648423642735,0.9328407693524141,0.8281924738242512,0.9951382310288488,0.8035615152459066,1.0783497326497373,1.052044176429335
Hamza,0.9574964403969459,1.058762868523356,1.0085233444164117,0.9254352896757851,1.2565620064913192,1.0517168075822267,0.8075588357171035,1.1287333993616206,0.9410781397774997,1.3068843825634,0.960531335248319,0.8905184098867885,0.9355615955871095,0.955540713107915,1.258108337460918,0.9713219880440165,1.1779722632651788,1.1927644652110365,1.199901776348855,1.1838907979352264,0.9770599549156548,0.9855954253182104,0.9954017716125414,1.1354273113304867,1.0616927462704722,0.9481313641774143,1.0677229455525505,1.1201961668286062,1.0736833949787408,1.2001952365125244,0.9467612688014881,0.9966135634791659,1.1005985759723282,0.9260081983677537,0.8703783194794057,0.9094887639389303,0.801545974800828,1.0948355063973594,1.1934988058592197,0.9861295366250142,1.1488175703581553,1.2415114642550749,1.0452517584728318,1.1769818225081592,0.8975753231934225,0.943735216844754,1.2571225225181584,0.9128720256009192,1.4159755603876216,1.1105718647653122,0.9992843436539147,0.9593619429054876,1.2061162742092093,0.9949096187716251,1.3447614619881911,1.306637038881765,1.0540541437361726,0.9111795481788956,1.106266218223397,1.1170243564805242,1.0159854340670729,0.9452630665927925,1.189938880771772,1.4204196576116601,0.8003103485191511,1.134521318785226,0.995064975118085,0.0,0.8657072096354351,0.8014678843170945,1.1146325648480362,1.044289113055964,1.0786111202649702,1.093593102130267,1.082856286689121,1.2319812200992801,1.180797405555707,1.1572187151639008,1.1561913486059057,0.9151357060344748,1.1650945125751457,0.9641835241478798,0.9890953552539,1.074718230043476,0.9124067342378804,0.8672795522861503,0.7873377685055513,1.1398234293137646,1.0791313397599196,1.0324747993078898,0.8757920985922663,0.7969543037289839,1.127023860389966,1.2653301424724783,1.0805350837387993,1.0240219102262365,1.1609594612597876,1.1230058546301542,1.2315945809175741,1.124161518629613,1.041834523010261,1.024556559911453,1.0889086632544354,0.8937774781215758,0.9315495896839956,1.0554356973893841,1.0022330790307594,0.9097969359680774,0.89907149798215,1.0282018751939015,0.9835258198245364,1.229542505412464,0.9349579170587183,1.2804012674284135,0.9028236716083259,1.1546644503753425,0.8554985113355855,1.3623322488661687,0.8874244735582512,0.9723918121411871,1.0566923268251633,1.0671828011953735,0.981022732658942,1.2581488134497403,0.9074144082151399,1.2789632758323983,1.2075083510534619,1.1441839988616733,1.5462831892724935,1.0565333331947657,1.0586697843663693,0.8505680344213612,1.2114151934466022,1.1874869787312967,0.7825007479641015,1.188583165585017,1.097439647590712,1.1780495558016935,1.4375879229909918,1.014088266934054,1.0835975343504745,1.335247304115606,1.0547761296179206,0.9054980547485925,0.9940038712592283,1.370852290613071,0.982922353139359,1.0399164148075446,1.0541837357282973,1.0038760816743029,1.214287207527476,1.3655626415301647,0.9700612959837607,1.0565159177071057,0.9889136558804714,1.0772506361867942,1.19582020300087,1.0681293754240708,0.8901017695537046,1.1257253849311433,1.3574681612118138,1.1090525898475816,1.331613187545149,1.1777078167959119,0.8680093591207001,1.029521469323617,1.1660675536239926,1.0399617871473579,0.9574977596011965,0.7745844015283345,1.0469677278233969,1.058029411763191,1.0358228145444788,0.8895698179882775,1.180556574426941,0.9899860259927972,0.9706161650987801,1.091158526612326,0.899338479114805,0.9540897132105712,1.0091363070357338,0.9980144529072722,0.9312301440244664,1.0547168759843226,1.1335267197244816,1.051047191339851,1.4014228478821176,1.0852103358637721,1.0092789658075572,0.9481633148649948,1.3329386611848701,1.0346195570297598,0.9887922786572099,1.159069339669919,1.285372666493326,1.1147336547858446,0.7532966208552789,1.099379370923764,1.084865156555116,1.1140172600088427,1.138015408120521,0.8478445160008777,0.9534269944203909,1.160416557276642,0.9019138288498418,1.0948926260008867,1.063156652858408,0.8452888653305632,1.1078421318543235,0.965174775051349,1.2460543591409505,1.0966912077020632,0.7039622846008208,0.9055826452401451,1.1355687999863648,0.9498080616450669,0.9685654858997471
Hatik,0.7628540140301414,0.8112854480560064,0.8385542816245898,0.7476058822292541,1.052990306204672,0.7385567184542335,0.7190064672650546,0.8144197497198882,0.6944256785579551,1.1691540435706143,0.8993723880291633,0.8518536954450482,0.7589253109780955,0.7954509522031681,1.1341763162605891,1.039799652836053,0.9368526323799773,0.9003980442745978,0.8672882421793683,0.8173172059523517,0.8226630888744527,0.9460183050497857,0.7077842528940917,0.9223073785916209,0.715952590161507,0.8374865488087289,0.9996019058372593,0.8636619202651765,1.0012654851689986,1.090160424718363,0.7972681819939332,0.7513578235716161,0.8279123329783851,0.7167360555392297,0.6737538914317873,0.8828893308192339,0.7095378277860753,0.9441570310698857,1.052517489814128,0.711686423794143,0.9682712909187969,1.0325295377442059,0.7439700752759207,0.8803637104326189,0.6728876113130174,0.8495239657862406,0.8579905738409818,0.6836114302421306,1.3441589375905034,0.8963768919391601,0.8286724426326253,0.7586442823661653,1.2283273065490585,1.0409494827885555,0.9497148214328939,1.1322906986874677,0.7646832164025189,0.7836025905237926,0.7967698434147789,0.9236424199123134,0.7465280458878617,0.7442670573814163,0.9862907942586498,1.2218586698614837,0.7667543747969865,0.8220464417196474,0.7719616548331103,0.8657072096354351,0.0,0.6658468536820261,0.8500334079003654,0.9549017259474688,0.8912863948437391,0.6977209631407864,0.9197474825492917,1.1411056154470078,0.6957063706139319,0.9739321119355111,0.7767509260748465,0.804617663141309,0.840793902515066,0.8071982009085087,0.8489935485306652,0.9567726021150498,0.8323046181632641,0.8298452538688811,0.6561536219548885,0.7642118882432879,0.7363814264351315,0.7379547430475228,0.7807844693262563,0.814379283323733,0.7737544028087865,0.9105132894443714,0.8227860602806426,0.8274196303964914,0.9385689600383702,0.9382723138962572,1.01304071434133,0.6023878511358756,0.7775285603062414,0.7944734499496733,0.9771549924607768,0.7886717924463557,0.8098032778125904,0.7234026447696557,0.7472586343099241,0.9169955078485952,0.6271821479911543,0.9064718715921161,0.7215471898953872,1.0425462380161414,0.6415137871890931,0.9762902851672807,0.6818697054180153,0.9935160507691356,0.7314433465816573,1.3772930784502633,0.7832488480165765,0.8111218050263541,1.062892955381226,1.041645295853777,0.6475562221409699,1.1481823023512558,0.8580113599484708,1.1752011937341702,0.9693310166621042,1.002934458420653,1.3836775002853121,0.8625855922550524,0.703114714718437,0.7369399763674462,1.0765422347338862,0.9406449282349509,0.6399304763577842,0.8752475854664502,0.9142855721495394,0.9786436961145029,1.1781898769628,0.8087019923172826,0.7161655584672646,1.0833869258735371,0.912447098017309,0.763211103435881,0.9239912194877398,0.9561419267628366,0.6375005530193584,0.7686431102147812,0.9065724429145793,0.8303413722748588,1.0561208608877493,1.2238358503407292,0.9697705157394103,0.8120519608686384,0.5921138447350072,0.8103032046855616,1.0886955529837083,0.8839412418916918,0.6491765697494584,1.1381279884829831,1.106144118514797,1.0411902474237136,1.2999318101666923,1.0718347067026108,0.8170668205882531,0.7066815275458052,0.9910942966872582,0.8079659328681466,0.7267709545542964,0.6548805515602409,0.6386967941880851,0.6568064151394472,0.7488869216884578,0.7350713708678285,0.9705287655528617,1.2424001725844833,0.8060492706146369,0.9971263614307341,0.7648846074131748,0.575085017186839,0.7646019901023791,0.89168808952479,0.8121571043060826,0.9535726024478838,0.9075718594336327,0.8373189939775562,1.2122076272599147,1.1128383259555212,0.9805609952338474,0.7828306528173737,1.0941673542296513,0.7596411488819652,0.7912898873550579,1.0514018923273027,0.804477347585019,1.105054745345672,0.6356718269580409,0.9617791223946288,0.8260108000726576,0.9933719641582076,0.8207894099772914,0.613466615693289,0.7313343364957727,0.9037231561576029,0.9396239474800445,0.9139654312525942,0.8299787266455944,0.6503489171128932,0.8813221307280205,0.8325985584972867,0.8400298470858215,0.6289686810917108,0.6445256251555189,0.8334553916605093,0.7448491787506719,0.9026497614126909,0.7681282163614853
Hayce Lemsi,0.7187892281094631,0.7586684488693393,0.9359582197635412,0.6865019587422981,1.2066094931682323,0.7804846753079127,0.6912451462856498,0.7703911427374561,0.6757699163601831,1.2265178594382993,0.9441249453985562,0.6176780798729912,0.6832899987652478,0.6219298431124062,1.1845807482508492,0.8594747276765056,1.055452337703035,0.9452603441074143,0.911068810552615,0.7590589538713277,0.805750662105048,0.8408330532291924,0.743444770655202,1.005254277054645,0.7234351444651401,0.7772460957911835,0.9744961342129469,0.9373553388716561,0.8789937533220922,1.0767516181027335,0.8248279281024264,0.7280456936876297,0.9406693785876018,0.71366821238755,0.6226183462335384,1.0298292107270937,0.7604215858436899,1.0180520472618573,0.8843068630576209,0.7528943488325691,0.9150018968316462,0.9434798316307489,0.6888431633426869,1.037351404068256,0.7191071263607142,0.8155030346573929,1.028050883883836,0.6639684351275759,1.4446776390760854,0.7968038036147238,0.7430772048506711,0.7543750466415259,1.2966307137412754,0.845569738380565,0.9415943923765634,1.075249782703859,0.757913817564441,0.8747290631054283,0.7610359694478978,0.9289162180316753,0.8305152315910793,0.9000808678795267,1.0368606464867265,1.183940602821102,0.6555482547442215,0.8368029748058192,0.8375051903445165,0.8014678843170945,0.6658468536820261,0.0,0.8468237116089614,0.760693937557862,0.7488434744595002,0.6991622772014806,0.9003521549965086,0.9378754647699484,0.8149484491554752,1.08157829334543,0.8996567929457778,0.6908554729706666,0.8631969701600242,0.7295587526079331,0.9059199936409592,0.883854377838635,0.7493801337976084,0.8894240003810581,0.5918093764208631,0.78125802370255,0.8704391831596344,0.6999639048615603,0.6488889602664007,0.7361963705989296,0.8241417887864659,0.9533769935529596,0.956030101658136,0.7307652594996097,1.0440384935107991,0.9217908698570771,0.8468053843021256,0.8146459286126823,0.7810679992653203,0.7952966227081052,1.0117892805225408,0.5960148892665121,0.7683834710762949,0.8096062633040183,0.7070502015715134,1.0162482579689576,0.6255098314825549,0.9322976577184355,0.8516994790193491,0.9602010755506509,0.7156750156272054,0.9386251531580395,0.7906244298117913,0.952005739692071,0.8031521067041205,1.3606549907344792,0.6604178833012395,0.7357987363283442,0.8396506843054016,1.0252501483600553,0.7753155627372902,1.1385929923270757,0.6541066425940398,1.2832625518780612,0.9501964674300217,1.1064947616457879,1.3930067620657314,0.7255058250328644,0.7445315144585536,0.7483692664888132,0.9406350755083704,1.1002658776656782,0.7049658788122933,0.7669745420832002,1.0385806728854834,1.00778142972772,1.1650526372783294,0.6751947705436497,0.8243136209745469,0.9907936698617532,0.8495543944019862,0.6932627138548179,0.9904592333674885,0.9944826563870496,0.7025161638024412,0.825380443941603,0.8629377795469899,0.9651497950807107,1.0808751961581058,1.1157984743937532,0.8075187708194367,0.9102150273499329,0.6695741323686314,0.9096431217608029,0.8958340749117866,0.774699608581927,0.6641262615681384,1.0573584792546258,1.3855952783622232,0.8070288992050126,1.2924075347996895,1.0245655262230433,0.5699536115405736,0.707950851782572,0.9409625066896158,0.9537315851657577,0.6932181682189622,0.5746218154374074,0.7616894311789388,0.7555874978157395,0.736174223036467,0.7316320614880496,1.0509559920436224,1.170606949502129,0.5993061400835701,0.9131728630411431,0.7511659506315886,0.7742929541622768,0.7187779754423822,0.9057781540842623,0.9727692073600522,0.9922642645296119,0.6987366894761627,0.6955498524998529,1.4332685004671704,1.1448777930694243,0.9798880194941035,0.694514011213956,1.2061540037310705,0.7231104417903421,0.8675747237809174,1.1440225410498628,0.8926855402081912,0.86653866372786,0.6324723837206114,1.0393033742625788,0.8544878031148138,0.9678919021557184,0.7697616216337289,0.5450054423728338,0.6582448955522987,1.0457555781831511,0.8633183276637478,0.8898335662348494,0.8460863759165946,0.8404281633835446,0.8232297981154832,0.8358720493953652,0.7549826476762834,0.8209550757808519,0.5861980999094958,0.7605028056813662,0.8040779219267024,0.9547456131100408,0.8684731087497656
Heuss L’enfoiré,0.9779883972043841,0.936737539657113,1.1718893395534435,1.1266267052406074,1.4098941248535264,1.0657202688261336,1.0384712919461458,0.9141949478808471,0.8681322099847472,1.4187009547612277,1.2319014883364106,1.0554365127690246,0.9525766562085564,1.033903948088001,1.4516847490057925,1.108832784944424,1.2126478382586159,1.252644149973441,1.042992326589503,0.9921102559985602,1.0556846399673334,1.0732721015875397,0.9445880746250347,1.2743488957208573,0.9310761103128796,1.033633433670724,1.3332759202591538,1.1121323257299593,1.0731379059620556,1.3999997973146951,1.2244063948889166,1.0906326242565556,1.2906682569438919,0.9914361272907048,0.9700073630730763,1.2609325900900565,1.1633325369224814,1.236094192610667,1.2504549726416891,0.9335847159663868,1.1516207681735786,1.214064065725625,1.096632666092819,1.189834390037109,1.028188354545784,1.143293149704557,1.0228874963714945,0.954146882445195,1.6837405231468368,1.0338150679883111,1.0474715929651168,1.0137884199644431,1.5274107748823236,1.0869357157477555,1.0940234832083655,1.3703507302348272,0.8988383672090324,0.9315542694175126,1.0263777802720513,1.0793241035051453,1.0664199156008394,1.1213185066271605,1.0830832772188663,1.34894266196783,0.9519599332718442,1.0431473755675817,1.1079328218313895,1.1146325648480362,0.8500334079003654,0.8468237116089614,0.0,1.0993957277135924,1.1318864807688966,0.8822569624309964,1.2223832254105802,1.3346124353324071,0.9516482851146004,1.2962284669801911,1.1196843343120944,0.9307258414250748,1.2022045714771437,0.9951112288025977,1.149182289757125,1.2293697164072979,1.169967682973398,1.2079802731800795,0.9071252922308404,0.9954135962785287,1.0802250612141366,0.9773784516495737,0.938557416230699,1.0651716170491425,0.847907134729963,1.181976025493707,1.2179782488722635,0.9662908216529531,1.271742266543682,0.9859635093631837,1.2356483580055682,0.9336899436238636,1.0097542050990933,1.1602092595637448,1.3642046977270714,1.0219426887330174,1.0285835011348772,1.0898938047511288,0.9910135781240057,1.1412160434644816,0.8294864558055391,1.2091144221371068,1.1041395784278705,1.2529193469077422,0.8752021872863035,0.9566828155945412,0.9786719756938173,1.1448406917394858,1.149894367313941,1.6387628926435702,1.077103626163141,0.8408143411308135,1.2785091226793033,1.378470729265988,1.0075173554707526,1.3700078486060983,1.023426585949849,1.5962196604443875,1.0815259210331327,1.3271489136246037,1.4963007379752222,1.1287357509653222,0.8457334614061168,1.144046272704518,1.2943715161683225,1.221543632724777,0.9824016674827146,1.0130561718862199,1.22089335608092,0.9373999477588746,1.3252365797515093,1.040189678064989,0.8540174300354318,1.097250117857716,1.1869243766978297,1.0716359765219692,1.1026971972169002,1.1338703684747602,0.886457664178769,0.9294201208918554,1.0026712665034636,0.9277990828649927,1.3880003930874372,1.3063170502433357,1.2321919181652465,1.036213782666741,0.8342335174823273,1.1375511561527445,1.2554573348163105,1.1668792005699362,0.9335616504752849,1.4234600138448499,1.560233501789295,1.142196921142735,1.528639294612672,1.3581150538679216,1.0252716442104577,0.9934892900489917,1.152477677111613,1.3065482483523012,0.8437605082309916,0.9407764037936608,0.778694805187293,0.8546008933703985,0.9473354508398439,1.0031000314876461,1.3834216568186557,1.4254003545578635,0.9717283548734496,1.1729704552015368,1.1349394640214159,0.8577131778480194,0.9198029970722533,1.1075676975268616,1.1792434823003213,1.2537431207698022,0.8628613421849972,1.004931022256689,1.535166972317507,1.4887909156781,1.4306264685964523,1.0484385220231733,1.5078604604387942,0.8608103725136022,1.2400388898528207,1.497430581582949,0.921086221982834,1.3111670833077844,0.9803679921095548,1.2871750562140012,1.1305371910238096,1.3556650776082817,0.938028109209289,0.9775168794973852,0.9971816790955631,1.3447033230666652,1.1666114654401303,1.1486210409981483,1.1350459832234825,0.9957109599196973,1.0582989388651107,0.8417018960772495,1.0322059901237408,0.9299229077841683,0.9433298951273899,0.986469066338683,0.9021900689042723,1.2723504619278585,1.0196886620188987
Hippocampe Fou,0.8775860907724002,0.9571076378773568,1.0784571557014824,0.9181715714960119,1.3196123745197694,1.1040910386925964,1.0024904955844307,1.0215874435837429,0.9623070902400186,1.3060838864875128,1.1166122980852429,0.8496382969279324,0.9522219253366092,0.8669768229333855,1.442986967280669,1.0665183121904869,1.3024197050833486,1.0649367472339761,1.1815822523330937,0.9807509321682001,1.120231704636003,1.0074677201043007,0.9110632432582104,1.214765333789577,1.0841033898565302,1.0160124976798668,1.2413446274934083,1.1709201116968264,1.0500852432515762,1.3135741562854872,1.0046416784551802,0.951652504730746,1.062656064873581,0.9765784851361405,0.9756911443719244,1.1423568867391696,1.0777876407539424,1.145544812285322,1.0896803760692628,1.0188823042678272,1.0765895121833617,1.2094971663536285,1.1032894851073765,1.3633717085308554,0.9431873755455181,1.0227521180150123,1.2260701521503838,0.808161889416354,1.4919753674081881,1.124131811601049,0.9999194179645954,0.9894780582196409,1.5778181765020682,0.9827129196678104,1.2171694373798758,1.1430460800334172,1.0330594021723913,1.1666749178494522,1.15232661668825,1.0505571739177693,1.0442922378510775,1.061328686687343,1.259651954044552,1.2288124196611023,0.8520198522764246,1.0963057680461719,1.0872740807546977,1.044289113055964,0.9549017259474688,0.760693937557862,1.0993957277135924,0.0,1.1378719271929834,0.9958372898547249,1.0842841676599788,1.101892075877249,1.0112115163328712,1.2933727645913224,1.0951093273774661,0.9488154095525908,1.116897412706695,0.8679120989659026,1.0373069339981036,1.044857738754844,1.040410224090664,1.1987099331535673,0.8503800386727961,1.0576490979212516,1.0293218214168727,0.9010495118760489,0.9547053526473374,0.9732739204929449,1.1090220207252208,1.245752000172829,1.1345194682857267,0.9791693000078667,1.1625896315469542,1.116536185975886,1.1132620152495383,1.065024619959791,1.0752295895478434,0.9915624459217366,1.2154579285528273,0.989634585826223,1.0135752922651275,0.9867088652183852,0.9403722224840266,1.2074790322843194,1.0028525497977563,1.1655591325978447,1.1384760209869698,1.2245662146448615,0.9129535683812393,1.1479079229338047,1.0288514358288576,1.1585141579613278,1.0468710275838489,1.3123749641993983,0.9351801280788369,0.9895503212407913,0.9325537868513067,1.1041495275739615,1.0102541716903781,1.393515027999633,0.9629719101762237,1.4340417305778368,1.2740992696186244,1.3182225743646532,1.6627413938432118,1.0993251725975415,0.9736338849439238,0.9542932247475058,1.12633543906079,1.2749773244810578,1.0102165602362105,1.0529786102620375,1.3656539543655395,1.2002219828090213,1.3917969734376519,0.9212993868243153,1.0063235648593363,1.2757884641165922,1.1688535904688657,0.9148798550915614,1.1870031011458482,1.0971053176099566,1.0086170739273166,1.0289565518549457,1.2884767167930562,1.0532394337829525,1.4172175300249794,1.35753282249849,1.0048216885466592,1.0303019549861216,0.9213886627639934,1.1192007283738585,1.1137523762170345,1.008333302608122,0.9944336543375679,1.291196398648137,1.4968209737636884,1.131770071025561,1.4962892194832274,1.145540986789734,0.9210320335763669,1.015422789968001,1.119560492096902,1.1513077577923816,0.9937320560715374,0.9031921546139222,0.9074500878651218,1.0490171612339483,0.961869681789294,0.9688839494072177,1.1609201222748107,1.220391065527144,0.9151175472722927,1.042017699759511,1.052600162686804,1.0497102192601155,1.1241167074060006,1.163428332778829,1.147237880108733,1.1267158352238338,0.9175647774726656,0.9223023515763221,1.5551448340531762,1.3948312648289516,1.1367787664348024,0.9420165430609554,1.3524246857705622,1.0458339674983996,1.076386239235359,1.340320268426794,1.1655789637260539,1.0606619622975686,0.8733110482966999,1.356258669646265,1.0138215304731977,1.2089838569790332,1.128816971451611,0.8588461351896072,1.016701225299488,1.272687187978503,1.0314434277328155,0.9932819128583913,1.1021364605519308,0.9205935372102961,0.9432884213476161,0.982475743641312,1.049689878198665,1.0094353335704644,0.8833896080501191,0.9633425330590629,1.0236705543242017,1.1467911625434004,0.8359580971655146
Hooss,1.0516986134153508,0.9660090237403257,1.0594344767452362,1.0390142905328774,1.2656167919756596,0.9149453972952558,0.9065496715076772,0.916240276859151,0.8264309807281581,1.20356834487949,1.1555180104046647,0.9365588267109995,0.7409076909507045,0.9388704502126207,1.0648331785122243,1.0709797123022644,1.0897889611268523,0.9765018716872705,1.0853997035927672,0.806402225208273,0.8699751796248383,1.0474567397216286,1.0257321626208857,1.0104785867470296,0.9670151412788196,0.9648641197530764,1.1504390092700054,0.9640994019058156,1.0831943628804264,1.2548726255709857,1.165884169561532,0.8758031369950591,1.2157853393183353,0.9509105794213473,0.9269762713197406,1.192967768716293,0.9945647481861338,1.1274149137998861,0.9985721170123534,1.0069702595357093,1.023611709512572,0.9792485224779042,0.69666769904883,1.0995198746127859,1.061854728760383,0.9997558980891121,1.0498952927346537,1.0124984672260224,1.6894734935522486,0.7468788089103754,0.8931210727561137,1.017173882407812,1.3246091848183938,1.2162708193125036,1.1221563863161401,1.1335260753786192,0.9072082046292678,0.9219031098863065,0.8830438704987216,1.196608654971859,1.117670986668465,1.0588058016631823,1.192479546702792,1.348043627918669,0.985627765283308,0.997785830620844,0.8886301059298494,1.0786111202649702,0.8912863948437391,0.7488434744595002,1.1318864807688966,1.1378719271929834,0.0,0.9066991540825885,1.1344688479444514,1.1036053534214703,0.9509406925820966,1.1201921045918863,1.1830072220671681,1.0179269093657453,0.7704973190478142,1.1225665551374788,1.162594093843583,1.1616334299518674,0.9629652147283536,1.019965764673494,0.8875900279906322,0.8849586518352911,0.9942958021042603,0.890763319958829,0.8086083082451473,1.0096266050831728,1.0101337113685567,1.1646801998594531,1.0392382203548232,1.1873471117739636,1.235881782585282,1.1296941508587106,1.1285053062922155,1.0619476350536046,0.8976836386801026,0.9004072107558133,1.1251463637930434,0.8952151963238385,0.8719032639393771,0.7749265886493188,0.759530848878621,1.1017212981421172,0.8001673409144878,0.8641121618668138,0.9051120883038467,1.0263397955486224,1.0024293893438747,1.1915807106138825,0.9352338157373588,1.296250508300272,1.0325366082455163,1.6138261344283746,0.8906201705201884,1.0034622567961977,1.1238287771040316,1.2734015113373809,0.9413458198714486,1.1189840080390119,0.9618886782830715,1.127605564756415,0.9886273104174915,1.1460980606320919,1.5568221092013226,0.942293397844017,1.022200263903355,1.0681844568225989,1.002325263280119,1.2263233221345702,0.9474840657628868,0.9060258080688496,1.1833874800083903,1.1008459878705101,0.976108859334093,1.039396820983277,1.092270938394745,0.8718660825257051,0.9300820356985756,1.0700324861602164,1.1461948186419166,1.0335156405752044,0.8372844886053887,1.031180440488044,1.0221626111892526,1.1776024244753953,1.0642988115904728,1.0788682398761507,1.0802698069694328,1.1854034759822658,0.9194593826335418,1.1590284900186127,0.9216555608737025,1.1469290667531282,0.9033895713793805,0.9428333509820849,1.391314909858213,1.1195417541241808,1.1121718093391748,1.2364220415113147,0.9347908493383744,0.9548092135504866,1.1480064872478437,1.0009512532245801,0.8562580626478314,0.7944793789183904,1.0255795198878455,0.8323834862844725,1.0406433688238161,0.9029764738099272,1.163998415730402,1.2697740220691294,0.8777012785271345,1.2031085180867598,0.9557796604704293,1.0673523358095987,0.9259522970503966,1.1209758142027284,1.2078946124488146,1.0977937060178518,0.914494200651757,0.9232798624017711,1.6345317483734514,1.1260904164332877,1.1826998430207396,0.8232583475294724,1.1793848313087159,0.8379097733531957,0.9724016593939571,1.0931010702688868,0.9959183516925159,1.1738858207733225,0.8652441370647378,1.1100540483972188,1.001063108223187,1.169964470274696,1.0052105537866967,0.8130778618921121,0.7727830142873615,0.9652524984613483,1.0913446378252283,1.2063492361315684,0.9071311466491505,1.0282149955436928,1.0633211844735007,0.9783833269993131,0.9385551265594304,1.0713882497212195,0.9119931125671699,0.8335212845664242,1.0340504186774035,1.0538450499625414,1.136895692330293
Hornet La Frappe,0.7943422484258814,0.7932463140581247,0.9648902354573873,0.8212781864770613,1.1406401632980054,0.6922974971364778,0.8506532575233028,0.761656693797218,0.6855061380198315,1.228307789946691,1.01868430621618,0.9737475130216854,0.6724900288729496,0.8282065388458897,1.2460155447066263,1.1193992510873452,0.9556416369498713,0.9361718248991283,0.8675241841916076,0.7827992411543918,0.6486349578069376,1.0254584747808386,0.8493787906226026,0.9954115310760531,0.7023271115986469,0.7808465906303503,1.060545980845869,0.833383585712803,0.9605509085616236,1.2343737435374662,0.9597453863740912,0.8152762399938136,0.9664867783901598,0.6995679433736687,0.6548220479020048,1.0461825629591512,0.8435565034376638,1.003158899663172,1.1446145233315652,0.7654974188190312,0.9159944017420412,1.0375890912183363,0.7923068864718371,0.9608325998521682,0.8230988236049551,0.9438138076994457,0.7755882825195985,0.7209764465604782,1.4667438571725377,0.8976109573582808,0.9102521792283084,0.7475207490992443,1.2457369015344446,1.0757743885745419,0.7528685392650019,1.0515244632674057,0.6311599164995235,0.8691844760508579,0.7574713231609685,1.0644624801860163,0.9217789629384954,0.9531677221133091,1.0462874002276226,1.2817724009779843,0.8167212412536874,0.8782914466329068,0.8322873819450681,1.093593102130267,0.6977209631407864,0.6991622772014806,0.8822569624309964,0.9958372898547249,0.9066991540825885,0.0,1.1410433767041628,1.1384311746990092,0.6980572382449163,1.0979244635274308,0.8714658152236893,0.8622069632559021,0.9381995537612959,0.8960613300245477,1.0395001452155952,1.0408696874732977,0.9977288948568792,1.0385395677232323,0.7437062830506647,0.7384219615360235,0.8496026932538082,0.7934364780471327,0.7264259757113306,0.811335817696062,0.8097188981211357,0.878632036119274,1.0178136349303202,0.841990660240981,0.9981044084044939,0.8847714717756848,0.9269292545813748,0.7196544717173974,0.8593980270950308,0.8192188761094212,1.1958589998314857,0.8478078308035332,0.8012152510573497,0.8598695304577366,0.7580278445599169,1.007803781424091,0.6043152155457332,0.9542829996555223,0.851146771285951,1.1224136319302787,0.6913387688044232,0.8915505235552517,0.8075513340812744,0.944139658291792,1.0115382644180124,1.59903614992293,0.9064728532538285,0.9168974180689363,1.114591842427789,1.285548587633462,0.7584514049765532,1.2382432024006078,0.9469408615168802,1.290596023847918,0.7495976955299042,1.083146422681734,1.302291911409845,0.7615514900383444,0.6217021906830901,0.858889371347659,1.198338627216234,0.9335992601996371,0.7390920278900239,0.839765232167283,0.9830714112221447,0.9548734663210222,1.10118628416664,0.9251674653933819,0.7015394455531344,0.9365184583965154,0.8290077713664978,0.9775571642277072,1.0711699126138858,0.7906560209237877,0.7267042104978376,0.6836753426411377,0.8007697890913527,0.958389625274653,1.1116781668784,1.3029075699646306,1.085708414082025,0.9472704550624833,0.689292163905958,0.8861685790401324,1.124978564323157,0.8950048599777491,0.6649817558449509,1.2559677140221241,1.303891361707875,1.014106479597507,1.466850266036195,1.1105615796631048,0.8157063995134514,0.9006868059780314,0.9826248737690523,1.0499009755014506,0.736586959725108,0.7380033025984855,0.7467411107136237,0.6426055890533697,0.7250865528176635,0.8023319288284886,1.069953754589635,1.4379785213618244,0.8611073546438497,1.025441205822841,0.9099986024496526,0.7017827919584326,0.8591424691994495,0.8590770155103727,0.8381097729928103,1.0472123095605577,0.8326310785348242,0.8587290570369954,1.3344907283895586,1.1107761765401973,1.2256726245612308,0.9206989811752763,1.3428427226145991,0.595172403047735,0.9751972164050133,1.17212795450895,0.8091772167043854,1.2385794391841,0.7657591826849895,1.0829430139552094,0.8540766723357568,1.0063612543434497,0.7124078069434061,0.7216759285279422,0.6920948092123111,1.0305004916194223,0.9811929404442492,1.0538519156764161,0.8138955041906502,0.8501868178223351,0.9081731590027402,0.7300140507287147,0.7305716189554853,0.6609711593769118,0.7288985354763414,0.9060362715627727,0.6944303957033156,0.978630931037759,0.8794691823696251
Hyacinthe,1.0331762723903457,1.0405834525392754,1.1029286739115518,0.9813797475593531,1.347223682237984,1.166575281646754,1.0355341145707753,1.0100564567408101,0.9593241454967792,1.5206108391052404,1.2036993423697995,0.996587027976478,1.1008656266900358,0.9348144853263911,1.5570366480500573,1.1908267758673878,1.4347548570108037,1.1615234547159163,1.1891691348368918,0.9822522459222592,1.1358993213425566,1.115767854921432,0.9287918396672624,1.2854343997602995,1.065159405424816,1.1242937269530164,1.275903648606919,1.3141837682521709,1.209020266697248,1.118554571702438,1.0119395092377539,1.0629542783757204,1.1116061706510343,0.9720819694926489,1.072519862501062,1.2325593375610224,1.036858238457814,1.2647897742144611,1.1129472406866343,1.0649805051584236,1.103476901302435,1.3333355938177553,0.9894852801414696,1.3360243867241304,0.8618679665216366,1.0794507076877193,1.288607075483495,0.9311725130106718,1.4371269921923335,1.230752211465294,1.023325312853741,1.1295869027377485,1.6321859023927525,1.152452890821358,1.3430968473659641,1.3747989286094044,1.1071181573761821,1.0681983381857016,1.176556147126032,1.188922824150488,0.8877127346256407,1.0651816693093599,1.308101699398052,1.1681655767865535,1.0358240296814634,1.112125474909629,1.2144184025424565,1.082856286689121,0.9197474825492917,0.9003521549965086,1.2223832254105802,1.0842841676599788,1.1344688479444514,1.1410433767041628,0.0,1.183615777400892,1.1295215379053916,1.2504020151174133,1.1301129660866922,1.1009054795511306,1.195772993777686,0.9988562912168475,0.8865839133461453,1.09202751800596,1.0427083121692695,1.1017892127416773,0.8890900050059585,1.047808680930943,1.0103563939599178,1.0502973849887753,0.9782584694785094,0.99041983177084,1.1172124563325085,1.202305422925881,1.2230599750070885,1.0260952316722776,1.0794612943007218,1.1753112487779525,1.136154073963814,0.9595870040883728,1.1183707441376698,1.1096144806281794,1.204223915527612,1.0581574349589955,1.0445595666582934,0.9398171828907009,0.9187190434609445,1.0230892077878802,0.9883483018130502,1.2216387922503449,1.1197518890553841,1.3254383822201659,0.9009717876335437,1.1290096558389102,1.0567679379083021,1.2497993713246478,0.9188808400946176,1.3236669548491853,0.8522500273668695,0.8980656599386062,0.9726799967892038,1.2149114791685278,0.9359075530068776,1.366487260103574,0.9432152618054488,1.5051672076613565,1.3055100310947625,1.4042425185534535,1.6960478583754033,1.1205908723496298,1.0040110427657185,1.0498608744163496,1.159782960843024,1.358754080361364,0.9692769214063278,1.0788613012189148,1.3455730017272622,1.337560184296034,1.4636660188791206,0.9322288105833604,1.0324421421625425,1.370941694282505,1.2165826467738463,0.9419519255975737,1.21747726453286,1.3592732394463316,0.9124657599052465,1.1208327108358487,1.232333098470327,0.9633101924927995,1.2594853989320027,1.2773750300253246,0.9933524428904685,1.1674803871196824,0.9223060236503848,1.227526838222335,1.2106364908572973,1.112196741770305,1.021256286847728,1.2391481207711048,1.477250378051516,1.1401978783704836,1.6122384456181644,1.192670682353124,0.9936086588910814,0.8897876517533315,1.1788212095883404,1.1030287533447038,1.072046131729396,0.9132273409173962,0.9840708365967571,1.0092523716086923,1.0988830383493702,0.9773801707950408,1.1749310381445686,1.4433343386909154,1.0052381368213539,1.057173414521657,1.0493149887646125,0.9029707497902583,0.9961728931027284,1.2103347467475503,1.1416268102854277,1.169026612158796,1.0498878633237803,0.8710979052001423,1.496450053546922,1.4115679400792216,1.1484293798138525,0.8962391616953339,1.2112934939238067,1.1091809615115729,1.000147189014151,1.277705115526973,1.1766981842496937,1.0362498935266389,0.8518363170911999,1.384069172657834,1.0417733182065712,1.2681914042038758,1.0039814836182828,0.9985532397745029,1.0709397881753984,1.2349378619299316,1.1198742920937788,1.0639208550933041,1.1176649102956375,0.9007114657388726,1.136696894353017,1.0687616067755152,1.0602351055801031,1.0050564871893328,0.9076128491952402,1.109324091154235,1.0908051931025924,1.0154101393179713,1.088366569762815
IAM,1.0844573447628825,0.9934611968572234,1.0625858042632155,1.131996486177045,1.3203641628636975,1.065324318030873,1.1672826508165612,1.0526303293059935,1.0974342876640388,1.3536648702034801,1.3294495699318254,1.0873492821021138,1.067443882599761,0.9760432852583926,1.5374454158800355,1.4171370351517223,1.3849346029939227,1.167536122500002,1.3689643451469904,1.0326573362150528,1.314560650139695,0.9903258983101199,0.8997472919706364,1.0877550214233425,1.1815247042847554,1.017332614545409,1.2195556387285484,1.287844887074184,1.0388464576063863,1.5412330545163238,1.3291726831971247,0.9635587386741374,1.0489448124428955,1.2263623536408885,1.125412071894248,1.3134001988332271,1.1980872014573465,1.1510314482443915,1.0666926171639393,1.1556582521969774,0.9714749627305352,1.1924435777824278,1.1523987827233886,1.4317893346119674,1.002075811843567,1.142568489951657,1.4998092345555976,0.9347704766384859,1.3561013851127912,1.119706562376873,1.0856562334612192,1.171223684099222,1.6507209620598025,1.4043575254170457,1.3832393908410474,1.060479239046606,1.1607116498592187,1.3662590033907582,1.1563278440203142,1.2249069828352284,0.9730371943593507,1.1194095124581607,1.3810123672229466,1.1350364686090286,0.9980000422899159,1.116932103562599,1.2712030539545351,1.2319812200992801,1.1411056154470078,0.9378754647699484,1.3346124353324071,1.101892075877249,1.1036053534214703,1.1384311746990092,1.183615777400892,0.0,1.1188068499676085,1.5158663328388284,1.3436468351164097,1.0789043796877902,1.2879844213300051,0.9301891737275095,1.1101686880116861,1.0012785836609994,0.9426012273340137,1.1818551706457383,1.1024774621986884,1.2513425402782972,1.2881956229567622,1.181106076395345,1.096441687068778,1.0682082420931387,1.202586687581263,1.261719753055324,1.1381582112790283,1.0762664449904003,1.249603207049142,1.4148662941127876,0.9960585199710885,1.161337899415564,1.307132157928831,1.1009998073598692,1.259784324131448,0.9584807239331202,1.2308686155720228,1.0498733665796858,1.058625236802518,1.4717930053983659,1.2096213587120954,1.2123059638596565,1.2438865496248885,1.2757090550011354,1.1046647414162616,1.2989986210732938,1.1948066492066316,1.2203489331720938,1.233213752542598,1.0868674911025524,0.928372574176172,1.252643500546086,1.1106391564044655,1.2554239811805472,1.1779497031972674,1.5185648841385022,1.1804919623113141,1.6024189693042017,1.274874206794892,1.4297150237552765,1.7352252944040545,1.0811858455857857,1.111866863290791,1.142090820058274,1.2114267509456957,1.416148062753097,1.2367784182263626,1.04266307699927,1.4482158669306584,1.3416625801407387,1.4643532248501259,0.8964467389863859,1.1508845797799871,1.3358423596673303,1.2994543745762066,0.9031982073528796,1.4310169169623366,1.184578228809947,1.0937172154841728,1.1828985743038014,1.3171504551416175,1.1185468671170005,1.4422732767660733,1.3032721724807967,1.012091147206159,1.158950093034151,1.0787833874177106,1.2888828980677267,1.1793339365697066,0.9462106153752837,1.0956633102811126,1.2352350791304867,1.5956411652507454,1.336603370597491,1.3738656484825515,1.1865281116903434,0.8441463156556285,0.882490227932037,1.5084930030148633,1.3449618413053885,1.0853355683339034,1.0998345782513455,1.0803953793083891,1.1999254500366443,1.001642979426331,1.0986490858613498,0.9465947549334728,1.5429578677127878,0.8706516020290576,0.9560613978196165,1.223636497201938,1.2586536828097907,1.169563988046378,1.30456126821363,1.2863580166758184,1.0374634975846664,1.0173254298728458,0.9294065464298291,1.709184821244113,1.3949377373128584,1.27717178390731,0.9470195405379079,1.446746972760029,1.1437282289199642,1.0590026589987447,1.5755228199283644,1.3796109967405827,1.0410662175495204,1.034250550664936,1.3891414682959242,1.1001952623993339,1.3789109111512963,1.2524641638912046,1.017497841620984,1.1804674959141546,1.189907554620808,1.4270641431774669,1.1002471284934097,1.331878307098204,1.067395209129492,1.2036735476201448,1.1320673966662265,1.0905114888349414,1.1536833062577594,1.0526917893468066,1.2807581380775013,1.205181337828794,1.361106885469667,1.2684106625731075
ISK,0.7989988181192079,0.779135664274752,1.0021477785827833,0.789368311541623,1.2075054904162192,0.6524030503370335,0.9617512885873336,0.8258891989066677,0.6816131258003577,1.135574005808318,1.0507161054475946,0.9966442468124693,0.7616506325591655,0.8766386348586859,1.2167905263045993,1.23053891036526,0.9810323776200314,0.9088101769585532,0.7332492476896291,0.7628635682428849,0.7628662309057962,0.9439061091288501,0.9012270635793143,0.9335029340215225,0.7934592603218021,0.7868372984876356,1.1707285903575817,0.8349152885027629,1.0477113625482448,1.3226510147424297,1.0938655608798162,0.8741319913438569,0.9322930316572947,0.8662374499532889,0.6884646946245109,1.1116498638013872,0.9473433924016966,1.0485053220153324,1.1342330366994082,0.7241837104101378,0.9225849864903182,0.8634669636936289,0.9273811247400938,1.0009715885188297,0.8214905126702199,0.9865285295815815,0.7841254592667771,0.7329019819263798,1.554782802004251,0.8402882947447711,0.9380045446710086,0.862140405632146,1.342661941521075,1.1934115549664257,0.7680994590585055,1.163107177514547,0.6071566181094127,0.9946765337487949,0.7708135224206504,0.825890473987051,0.8383603211963785,1.0319602448088612,0.9885669024944559,1.3173376362507203,0.9778067534800716,0.8696046465949784,0.8679470808438883,1.180797405555707,0.6957063706139319,0.8149484491554752,0.9516482851146004,1.0112115163328712,0.9509406925820966,0.6980572382449163,1.1295215379053916,1.1188068499676085,0.0,1.081970904676652,0.9611931282811355,0.8884823396361606,0.7968936412521054,0.90720097743975,1.1070747533028142,1.0799140455368776,0.9874044260717825,1.1107659860599965,0.8156324650120556,0.7528188973157167,0.900701089084809,0.8290097159610839,0.8120497875325174,0.9739231010837893,0.7434214236107092,0.8722300532056649,0.962019846583943,0.9690046988384421,1.103415202998768,0.790018196111257,1.0896063370359872,0.741573385151371,0.8669668655980257,0.7886385934775796,1.0916476946987965,0.7845964892702587,0.8326848529788137,0.8871970504176112,0.7270303955560381,1.1614741409260132,0.7420995678174769,0.913792099863688,0.8348864831530065,1.0447887110459193,0.8374417579787962,0.8042038825161406,0.8948210997078914,0.9607601956577926,1.1199294295898994,1.5853046089924263,0.9098412850295182,0.9650151417979483,1.2290331100769938,1.2333243574797168,0.7991310709353269,1.322777202575718,0.9478175153471107,1.311507983281173,0.8973394807748072,1.1709008058392634,1.1865837517015754,0.7261621709087116,0.7044013298267793,0.8994501785659598,1.2281588593431922,0.9998766598498757,0.7575765040893091,0.7280885439593567,1.2202316162163278,1.0673035436350735,1.206716581094566,0.8827556532290033,0.6650690885265963,1.0372607438574013,0.863185725197987,0.9180885754239618,1.219827251146383,0.750314774410985,0.7036934235434269,0.6504467452297558,0.9806590846437337,0.986277019467952,1.0448627723215909,1.2677334044362265,1.0731139544593395,0.9309367775355654,0.6413267267189293,0.9334284991818009,1.1493748833511401,0.9114998684088111,0.7274037995332118,1.255941673508766,1.3829535466466814,1.2068838930414618,1.4988813579835365,1.0232782418431154,0.9217570658472706,0.8947682090500364,1.0026152110429907,1.073265755697638,0.7822699139103289,0.7869961692507247,0.7566749139716816,0.7673803933611217,0.7391819731507532,0.7985263827671422,1.1213669536988966,1.4700291766444942,0.8873538595372523,0.9529733132279662,0.905201051848691,0.7533817624330736,0.8564499722437776,0.9980366352851323,1.0909892410842827,1.0762270577321582,0.9074778976310327,0.7956412442588209,1.5039007647992826,1.2306981838702333,1.2545423492995706,0.8630119650184895,1.427027757115859,0.682887552604782,0.999189551928577,1.3353607397310334,0.7839713553581162,1.2939577569097407,0.8640454431934355,1.1346305212119556,0.8499063318358957,1.1051220478477461,0.7781895599530909,0.7067207717682801,0.8004735005278708,1.0389961616893997,1.0716345831080176,1.0056606574313312,0.9434334110301118,0.7375559645395936,0.9277208016620423,0.6763378491297758,0.7442066443684442,0.6407747100443353,0.8301172687538919,0.9647826662385603,0.5768503935769345,1.1285644710591278,0.8981624435783311
J9ueve,1.2160115830640483,1.1517175408624587,1.1287010724065112,1.1549911597249694,1.3705386936411557,1.025322331902833,0.9319358619834656,1.2424470500904965,1.0057070861677297,1.400522152744483,1.2800709443202556,1.2407367573981753,1.0406317022045288,1.2661811980805089,1.2250984847722324,1.2577673749071576,1.236273145100329,1.136152311887563,1.1487043410240572,1.22120339144136,1.000808532132699,1.3070606814746524,1.2430167755741541,1.253090657935719,1.1213842026612912,1.2520107465274537,1.327794067405386,1.2559622100132601,1.2699829588114784,1.325481846088034,1.185802924060873,1.1003308457488188,1.1926380042970055,0.8900149157113634,1.0161963261812077,1.1713817895271526,1.041384488709731,1.2697015925909163,1.347096008906913,1.136573067286642,1.265713607046257,1.2415705686827971,1.0725149727263117,1.0309951582505237,1.2081571963530922,1.1372606863602426,1.0971497700188981,1.135807222711456,1.8148715116199399,1.1320205452167615,1.2015648792684361,1.055630574221552,1.3166796118460355,1.349372032122533,1.1497899652601222,1.4630116779412057,1.1435225397183255,0.9845836384250668,0.9834397670643305,1.2051917445044273,1.249240246660217,1.1618601056096194,1.2062445427317023,1.6227541752205483,1.1795004859313847,1.161475704953393,1.0382760989839843,1.1572187151639008,0.9739321119355111,1.08157829334543,1.2962284669801911,1.2933727645913224,1.1201921045918863,1.0979244635274308,1.2504020151174133,1.5158663328388284,1.081970904676652,0.0,1.243709353445593,1.1339334404728942,1.2122377364146766,1.2314922740965666,1.2694671773981436,1.39134169864204,1.158023240565095,1.1572440071905332,0.8951715142039618,1.1095403405163615,1.1711122429668277,0.9599017872195215,1.0440149194099357,1.175753200969979,1.2259267565617384,1.300059498558911,1.10881318865727,1.3176810809425026,1.3117583373689106,1.2189100569268556,1.60614919079905,1.047087777456808,0.9231131490349547,1.1388991637497772,1.20435434758176,1.2240376050076642,0.832376943153449,1.135587578689105,1.0959933089829492,1.0117413245750724,0.9139448043790357,1.0865314944830489,0.9690043763759767,1.2657015326890246,1.1382743782741447,1.2432309456777426,0.9755864346668816,1.4553643613598148,1.1927263042109952,1.8998228601274472,1.1854320975622556,1.1269039365656364,1.3998332068147135,1.3717740367462343,1.000863760069292,1.4961862353924091,1.0580058588032464,1.2748398935923608,1.2724644907562848,1.232623618844042,1.6088296929496884,1.1406351028468045,1.0930946626112923,1.1622179957145036,1.2688387703527289,1.2268779274699926,0.8479652050923712,1.0959279037194258,1.1514598475893119,1.1340595461194096,1.338446219916018,1.2784772195347196,1.1565724851370474,1.1760401527561064,1.0633476636403532,1.2212805076562796,1.1042195026001538,1.3297854088845869,0.9849884170471036,1.257262419958474,1.2097660170646571,1.1919558687289131,0.9125358936798823,1.511968766026123,1.2622266352709866,1.342554542062272,1.022878653919878,1.1678217125906611,1.4519134298229859,1.2640169114508972,1.0627594915426843,1.3675132952904503,1.3429075143582492,1.3515894854621602,1.5695063076927716,1.4440026688871663,1.2256603752108015,1.1973173138470246,1.1607469885612878,1.129860523381411,1.0602322616516293,0.8907587780608367,1.1764306942252836,1.0440659114442674,1.2739077434237192,1.0019879858593193,1.423714487850665,1.1405029828350748,1.2169195160707509,1.3777869573400094,1.1105629731435682,1.0894728447541437,1.1587285029548564,1.105915263839595,1.115302576427132,1.3985769281131182,1.2668700443829604,1.191454519654224,1.6395642714234187,1.2030871819292466,1.2966533468882304,1.148445391312806,1.2337432586431825,0.9890585373080515,1.0999141206494847,1.2648156637865748,1.228151035126853,1.4816324880599863,1.002064432103616,1.276270132159363,1.125017836423445,1.2550958592609538,1.1779143142357442,1.019192966369522,0.8723180082781912,1.311663938493602,0.952737010765028,1.4151878240224496,1.0264784099757678,1.1050806715983992,1.143598756510042,1.1901481048223164,1.1731273479978583,1.103999194032278,0.9871069793404952,1.0786921236297802,1.1216251083567144,1.02495432358921,1.2077188617341077
JNR Slice,0.9192370239687022,0.9374604948987916,1.2387434033616551,0.9010244157343397,1.0764542308597655,0.8876897191324017,1.0636102277049184,1.0125623026082804,0.8810879320777963,1.394651705006839,0.9722820075884112,1.1335845974025516,0.839064867207621,1.1133950912811144,1.2485194905921047,1.281345106675805,0.992161569873767,0.9597917181322764,1.0482947073561542,1.119547221499529,0.9083450763971783,1.0375248983891097,1.007945913624676,1.0141851604626837,0.8886709657663953,0.928932787265144,1.191660183079618,1.0376722906696834,1.1767546338467325,1.1488377559534142,0.9886755155482276,0.9428571676055048,1.0512831393161148,0.9229747491481866,0.8430716153580139,1.071508981180533,0.9540414752612775,1.1286242098040065,1.2124447804508032,0.8747525972619793,1.2265948952989818,1.1965614003667746,1.0200338687897301,1.0995152707542921,0.9311270694683077,1.1421337242615877,0.9653687564536831,0.9344184650085545,1.4941605921976195,1.0153567919124684,0.9560506139641954,0.8702276369943099,1.3589960123763078,1.24268939397361,0.998133126204695,1.3504141532104583,0.8057981640135058,0.999608228890764,0.8841669622853986,1.0499703612383469,1.057354993383995,1.108832655386356,1.1247260651813247,1.5789569716835274,1.0218702197432405,1.071391345791751,0.8323969176594113,1.1561913486059057,0.7767509260748465,0.8996567929457778,1.1196843343120944,1.0951093273774661,1.1830072220671681,0.8714658152236893,1.1301129660866922,1.3436468351164097,0.9611931282811355,1.243709353445593,0.0,0.9318920337116956,1.0978688119137074,1.062782515124612,1.1335616777560094,1.3355997683839738,1.0918564674223212,1.1976361089495817,1.001483138399081,0.9193064369547327,0.9392142910443023,0.979053275553749,0.953047136109464,0.9101599974550315,0.9484187609996074,0.9715083170480111,1.1874528290358177,0.8451914786921584,1.1130292031597813,0.9519127083433271,1.1502717460360268,0.848752721566071,1.0141825446288015,0.8401785607825204,1.2528506827959092,1.010136205730362,1.0765052910900408,1.0047230150479833,0.9289099947965082,1.166823215014312,0.759506531600653,1.0119470274393405,0.8878414560715147,1.1740940519276166,0.8718653043416037,1.1418247944505486,0.8882149604773905,1.22757630730457,1.0753434083092743,1.6991028796814545,0.9577120300547531,1.1180847462390888,1.2490850737188914,1.1643539948306962,0.8992776379976107,1.3641044923509646,1.0601642892067076,1.3868936366005125,1.0027880231292128,1.1826299457095144,1.231801055535746,0.9561584287998408,0.8778311140109729,0.9704625606507523,1.3964616904445342,1.0152346742261324,0.8358125970645438,0.9899131640928475,1.070462423825045,1.1826514707837459,1.2442328989019813,1.0361116133923618,0.8279642085522977,1.2673655942696538,0.9215464407011307,0.9731916985851893,1.1069250223887173,1.057995014435128,0.8474704292371811,0.8655064221568826,0.9700339507701264,1.1847091495252873,1.1557496456031504,1.560350337180114,1.2029192656873573,0.983412591158487,0.8339352707944101,0.8495632479675499,1.2929326791962998,0.9930552457150412,0.8938231544275846,1.4261500626427421,1.3025199026906882,1.2164315696733594,1.5462548582823052,1.3208743180448665,0.9756989722949082,1.0256554680934604,1.1165130230167273,1.1081637722679898,0.9978481894895623,0.7780743475693241,0.8970589552697045,0.8452794311594716,0.9021687016692304,0.8796625781906975,1.2634763081598341,1.5520029577928944,1.0804788574627957,1.1858244751918128,0.9831685698519117,0.8538813004991525,0.8119126574921199,1.0919243311500149,1.071885411831091,1.151383566875641,0.9973272733880356,1.0845466499509646,1.4029291702729074,1.1928328909981702,1.27612959248319,1.077571767464175,1.3693582274062448,0.912122177279836,1.0502876728096588,1.2496064297075342,0.9658243213691861,1.4005978673288169,0.9122571530588268,1.0773961629662383,1.0205443418667512,1.0772784750500517,0.9417976974373539,0.7578262343618248,0.8441214204787211,1.1415780244532838,1.1891186199517285,1.0515186837530874,0.9176634246829513,0.896855212389272,0.941167421737703,0.931512484918304,0.9903398051210133,0.9505891837461018,0.8538833005011125,1.0491764354656345,0.8781109648905437,1.1413294211105478,1.1266412142173623
Jack Uzi,0.8686985549661101,0.8828908690056371,1.0626721993324375,0.8808181662610292,1.2005068949434319,0.9136669359905073,0.7939784822277535,0.9069222966576876,0.8440277526496452,1.2406726244238238,0.9487415150374079,0.8709430107403865,0.8358089600039645,0.8963355518808257,1.157006124981015,1.1055337298528272,1.1047094928267016,1.050704328054213,0.9938842135446511,0.974692371015217,0.9263589250850494,0.9268973793180286,0.841900093019317,1.0758222587399997,0.7580044550519712,0.8979588604343647,1.0276642249069092,0.9671020479325448,1.012286437395386,1.2224586456841529,0.9835276487995785,0.7693085999365017,0.9256374607254508,1.012466833837895,0.7994317867878038,1.0028710755040315,0.8441738466086971,1.0199718043853756,1.0939281247632275,0.8398066894118043,1.0303683395023027,1.0350539262068963,0.9035725690080387,1.1396670890618845,0.7971746539129227,0.9880347269055918,1.113538333525402,0.7073437079179429,1.412101822613263,0.9344174563053594,0.8723533273143868,0.9765809348005612,1.3359920673276058,0.985438514818313,0.9889939594866203,1.0768407555180564,0.8745548293567572,0.9404205223873618,0.8373186436368705,0.9558680698480874,0.9005750309145232,0.9989634413443049,1.0815803444414878,1.2827417049358365,0.817427791448674,0.9039964866443208,0.9654784425646117,0.9151357060344748,0.804617663141309,0.6908554729706666,0.9307258414250748,0.9488154095525908,1.0179269093657453,0.8622069632559021,1.1009054795511306,1.0789043796877902,0.8884823396361606,1.1339334404728942,0.9318920337116956,0.0,1.0544884528492822,0.8862202083089366,0.9217936396331854,1.0610632391382073,0.9744205194734777,0.9753321301983399,0.8006728244549198,0.9200263222194465,0.8271943134649785,0.9269507172483603,0.874599195172068,0.8911917109225965,0.8852936015391425,1.058768202968967,1.1043264184545913,1.0331092128338226,0.9545931845084968,0.954870897082452,1.0677382326791436,0.960945972681547,0.9399439616288384,0.8830625099443554,1.034191353658792,0.8900343001366092,0.9622556229241878,0.8935871570938787,0.839499599197049,1.1606898703465354,0.8013040441032285,0.996680442100191,0.9063935495803147,1.100433198307353,0.8856512669373214,0.9588874011258188,0.9070853465992449,0.9442557083413178,0.9329400210855542,1.4153475328844605,0.8630909314189565,0.8340749449491155,1.1286856089401918,1.1551232921247558,0.8433531478739966,1.2629489627635166,1.0199931656703072,1.3280827702258116,1.1115521569745264,1.1124758417332599,1.3771909408073617,0.8846662599743187,0.8719946364232577,0.911389502352998,1.1161214380038753,1.1491350687248678,0.7954260131489054,0.924319113799987,1.0627192227637376,1.1077062768865789,1.3117214755930784,0.8351612756930608,0.801745715738831,1.2361726427800817,1.0091021338637385,0.851532911585564,1.0448631477091808,0.9910037471769164,0.8700072648235548,0.8841500299957368,1.0339072886234564,1.0178729269612785,1.207921083290366,1.2495508159241686,1.0140270594328595,0.9186725429134245,0.7583045093849482,0.9398164009880042,1.1395203621011303,0.8967487765081246,0.7460381724164171,1.2570874092119595,1.3333681947178644,1.0026590886081213,1.3713302516962287,1.0599752691086126,0.7978446009250596,0.9375215601028365,1.141421815503803,1.026843571392516,0.8821928168558748,0.7711171715073468,0.8853535509131383,0.9179887300880897,0.7294497609256958,0.9666263763913896,1.0185156091386418,1.3473057878763364,0.7782333967340836,0.8817196092627116,0.9303665645413592,0.8903382007452397,0.8505772465201177,1.0836340320852869,1.0225436226611544,1.0327867580525663,0.8691690310867108,0.9118507647367387,1.3841366851924355,1.1417535175593765,1.110064141600902,0.7832695988767536,1.2957340459775808,0.9288931569756848,0.8938240861483057,1.3118100750198152,1.0370232163205626,1.1665723826639753,0.7451962384174323,1.1935699102217752,0.8521021411682228,0.9925901814869058,1.025343360561069,0.7572239096122112,0.8861907240090278,0.9810299000518509,1.1196213866305227,0.8730955011398042,0.9122824081932016,0.8227472607031214,0.9705754567931305,0.8281860894367633,0.9176482138014653,0.8401336878630257,0.7011439838921558,0.9222497701098369,0.9151116367148707,1.0231623352696746,1.0302745944624132
Jarod,0.9373199743726606,0.9796503524055203,1.1192037417126814,0.9567137536827285,1.2306422500581389,0.9381417887314988,0.9529796236762492,0.9397591902431309,0.810806341703382,1.15484763191452,1.1674558742402519,1.0490578148307252,0.859793487751378,1.0028842074620579,1.0481893540226916,1.2551136861292838,1.0123255386183296,0.869884747764723,0.9208326552952198,0.7439324976146108,0.987083007718575,1.0486978081812453,1.0081806819625272,0.9753616421943224,0.9170051418759392,1.062049410368227,1.2459855286826704,0.8634298334762374,1.225930821965894,1.2551927289439644,1.1073021884062184,0.9304618264361815,1.0997166059241132,1.0102122429484282,0.8994752576892939,1.0936504908933438,1.0359876797514276,1.1586512363136596,1.181269346785095,0.9319393088384497,1.1143106894583772,0.8897978338077848,0.8212036223744548,1.0573927424604859,1.0402847294319921,1.0229933728076475,0.9913374851485017,1.020532601644407,1.5838010449497597,0.8286576373453008,0.9887876823014937,0.9838341460702527,1.2413219639482,1.3791055324620345,1.0130196244573058,1.3181329786815197,0.8167223967368724,1.0473293544126892,0.9428261121215017,1.0179093818746898,1.0151373777578498,1.0629393293362595,1.2253306507995885,1.4645315729867328,1.0261676778673057,0.8580196893319908,0.9414504285577049,1.1650945125751457,0.840793902515066,0.8631969701600242,1.2022045714771437,1.116897412706695,0.7704973190478142,0.9381995537612959,1.195772993777686,1.2879844213300051,0.7968936412521054,1.2122377364146766,1.0978688119137074,1.0544884528492822,0.0,1.1942294564750027,1.1144384086884485,1.2985478520640825,1.0835859104375483,1.1534058921162378,0.8612826818274322,0.8315914972637132,0.9150959627161485,0.8433251541106626,0.949652955376049,0.9337882006738965,0.9969394950197465,1.1258696402709967,1.105352620888475,1.1468398419898465,1.2181374597651184,0.9714541059634804,1.1526443092032268,1.0369759670159333,0.7942291175063836,0.9048637684598869,1.0885804758678381,0.8750186363245155,0.9667841062134799,0.8436047371067843,0.8007918902918825,1.0842234262597636,0.8781585896391969,0.8296919199290407,0.8411142609122916,1.002600823167761,0.9064640684835503,1.1519323282779768,0.9735947159791778,1.2587807604629178,1.0509797684823232,1.6710670640409235,0.9504897409515184,1.038950797804996,1.332679581549507,1.2978351152776453,0.9037184911020243,1.1211878756591942,1.0358431769877106,1.1537383393332519,1.062577259552862,1.0336982402914363,1.4516845345615677,0.955956034913704,0.9442544233100724,0.9562069347480336,1.1108429697461235,1.2103375105879082,0.8948559402153264,0.9703196551821165,1.1797603736399254,1.210682978114814,1.097785679905063,1.040615702685434,0.9426603998481281,1.1005908846166377,0.9864717594899546,1.0639533520823725,1.2138884205878855,0.8950855295842004,0.9177964831013777,0.8810493349504533,0.9432403136102423,1.10758223419471,1.138735834567308,1.1975630700330484,1.1693578068919377,1.0689747396189386,0.8912561779070374,1.1885411624288664,1.0078732249099873,1.1050723080574234,0.9203267057493879,1.0771325736277122,1.3504953918955551,1.1900024990883689,1.257012395984438,1.1492745152417259,1.0333585365392342,1.0188123628715657,1.0266719509509539,0.849699326289592,1.0435707719104577,0.8893030691542188,1.0015903651124047,0.9092224224967331,1.0393126310770853,0.9252381419508489,1.185732760391846,1.3588373739754243,0.9457412540462983,1.1299748215101177,0.9895911956204646,0.9613231654626321,1.0044024467803458,1.0036270968665393,1.1550435792410605,1.2003283886200307,1.1382663146929646,1.0103772160013798,1.4762188100226459,1.1675307410315292,1.1546183933621235,0.9370699316497046,1.3246371472988085,0.9837869232671033,1.0136118929288023,1.1323774448081343,0.9532253548230097,1.472107726954016,0.8923165258387691,0.9879633086909599,0.9705975972459749,1.1273085553549018,1.0392376469065825,0.8189888450009039,0.8765683818470719,0.9128488856064177,1.0941083802023597,1.0911282533556594,0.9095077058224068,0.9716634334900417,1.0826665570437266,0.9248218798255491,1.0191698622760794,0.9290981441516567,0.9717109228211896,0.9992686113146803,0.8711992609224452,1.0017104667073375,1.195291592370796
Jazzy Bazz,0.9398874704746166,0.8618037179107728,0.9206998508984031,0.8218776331789883,1.1702269107587826,0.9914479446199088,0.9626864875106275,0.9344545643655344,1.008742377375044,1.373055270832954,1.0012132448219104,0.9053751857431213,0.9657710405190311,0.8845307620884245,1.4084281117863313,1.2053875507772718,1.1086626245026627,1.0887008349107055,1.121854148487901,0.9034499759448352,1.119685605104106,1.026940265895754,0.81220549842465,1.0866569020302557,0.8112397230397117,0.8981390121823227,1.00148125010781,1.1327175820040982,0.987831637535335,1.205354912355343,0.9878963156662355,0.8182677058754997,0.8290529447417824,0.953056013570663,0.9096097452942722,0.9946095821787295,0.8805842450666875,1.0226058447086819,0.9723353850519314,0.9409250556095548,0.9005565509036141,1.2160863298371765,1.0065046671796554,1.2760097003969058,0.6870345887987509,0.8822845736608959,1.2097215367894252,0.6717276637543047,1.3353415421641637,1.1336264254215151,1.014807260549829,0.8734321407470272,1.4692742734372266,1.1210976323739323,1.0727760572736325,1.1756846471229407,0.939925021931609,1.1313292619424955,1.0622268029450261,0.9599394625945114,0.7899196597738244,0.8771549013039465,1.2428105761183548,1.0731438487707516,0.9545004805641661,1.039357599468746,1.0405755898605282,0.9641835241478798,0.8071982009085087,0.7295587526079331,0.9951112288025977,0.8679120989659026,1.1225665551374788,0.8960613300245477,0.9988562912168475,0.9301891737275095,0.90720097743975,1.2314922740965666,1.062782515124612,0.8862202083089366,1.1942294564750027,0.0,0.9600433920016194,0.8904144578844957,0.9022398387210774,1.0311307007025425,0.7837662463925619,0.9933052498339682,0.9212022358051498,0.9838812378221923,0.8937212072546233,0.8250113759086454,0.9476217029185282,1.1203615320952558,1.0777905126072083,0.9528977877298075,0.9309615421210015,1.198397004321294,0.9392027298717928,0.7990055033659512,1.1227371420536014,0.9312140402014202,1.0149468587775523,0.9063295880791267,1.0322421873495384,0.8756359842843735,0.9448061971039876,1.1526545720431365,0.8387714699294978,1.09137233915386,1.043626600175916,1.2201704535791698,0.782826905149087,1.0463253034847446,0.9595544354412322,0.9182254770167582,0.9389298099801732,1.1280602449375792,0.691942360280124,0.9320230713372805,1.0038280461438631,1.0295684197903585,0.8535294295743412,1.3515306590810134,0.9990741225877087,1.4130810695458893,1.247984829731436,1.3232568587498448,1.5902861698621484,0.9732033296233237,0.9073247358965078,0.8254733626980669,1.1713641885742063,1.167704907052553,0.8743987314418716,1.014512718790449,1.1868787467613826,1.2299652521748468,1.3875064792188807,0.7751663344114309,0.8017784494925718,1.295944605775877,1.1505321366689403,0.6805198385726519,1.0912956567946508,1.0832097177869182,0.8121131576586268,0.9139585423419692,1.1969701849951573,1.0079217937262628,1.269543657833539,1.243228388536567,0.9792109656803746,0.8696919879250266,0.8266404971747593,1.0235392933235739,1.0906119972298678,0.8751811318950309,0.8001232701778133,1.2798090351134694,1.4023499833533526,1.1918671133066787,1.5306358639524071,1.0686062226835105,0.7820448866207861,0.8555412315473561,1.0633831941981737,1.0442971360609006,0.888178508190467,0.8999843028153798,0.7501910436815393,0.9555264510042112,0.8690328067939965,0.8936180318212642,1.0282568704737867,1.3925274560018064,0.8767541908454106,0.9818020963691994,0.961569992453787,0.9296249524175232,0.9707146417941653,1.0782855238739741,1.0208575128535669,1.0032988298231487,1.0059572731161004,0.852119014894338,1.3740149992188946,1.206986025859356,1.0144879734226155,0.8657331765038004,1.3470041998519287,0.964616945823878,0.847940318993158,1.2855437240490841,1.1290984964292465,1.0156608105920708,0.7605268040194685,1.2902744653616325,0.8345337635532611,1.086491679975373,0.9932831463673405,0.8594288744709954,1.0015851901694959,1.0883779677129255,1.070472785380997,0.854561410362076,1.055369870013468,0.7665315543513198,1.1438763539007182,1.0076144535252114,0.9290025460431813,0.8166868032949902,0.7916964541902201,0.964648662040728,0.9491331205010279,1.026554073665909,0.8911516907257542
JeanJass,0.8766094162237107,0.9945359955378912,0.8480551975863109,0.9648706602775292,1.1401703521942992,1.0009193378329946,1.0014592467259882,0.946754785266995,0.9270747643974112,1.3137884283772387,1.03363190332097,0.8743429813118049,0.9185206342185879,0.9115154118758073,1.3027539424427468,1.2201684378471245,1.2042691127794625,1.0640857566658242,1.0601194706213075,1.0011129387421107,1.1473912028025048,0.981963869651234,0.8186535352521418,1.038225050422588,0.8842271664561843,0.9157943958011422,1.1445696936635341,1.1262973748508078,1.1735484741664919,1.0980269640166433,1.0040307209269086,0.8936804010109001,0.8959098033434342,1.0218976286943389,0.999665065033258,0.9632938454722694,1.0736121469284363,0.9680807887138972,1.0992172489078187,0.9473164534895553,1.0266847017552128,1.2413215766517163,1.0552271036145249,1.1591651731545363,0.8166889131768019,0.9410957293457767,1.1764354395966556,0.816219446066641,1.3513387283560638,1.1359191289327504,0.9559658672215111,0.9537152448510899,1.3468957267486446,1.2219975249658666,1.189939083715588,1.2590671394596882,0.9977713418233823,1.0837311092631785,1.1197919684608695,1.0588831536534449,0.9514650884142035,0.936541193710158,1.3138981398719662,1.1731053082041698,0.981381556361194,1.0240525936020177,1.0365395393955992,0.9890953552539,0.8489935485306652,0.9059199936409592,1.149182289757125,1.0373069339981036,1.162594093843583,1.0395001452155952,0.8865839133461453,1.1101686880116861,1.1070747533028142,1.2694671773981436,1.1335616777560094,0.9217936396331854,1.1144384086884485,0.9600433920016194,0.0,0.9726236089755965,1.0008715073297774,0.9239194893798008,0.905260552208743,1.042010090729616,0.9054779868170897,1.0845249208473104,0.9136278619883081,0.8512815332467415,0.9787244600286095,1.2294826677667465,0.9472290174781228,0.9624990293185295,0.9748471156409525,1.1474495793732336,1.0986116610728984,0.9751999502134449,1.1099826945490507,0.9692298159019027,1.0570423184808033,0.9857582553770363,0.9279943816873994,0.8826404163564097,0.8967773956927213,0.9601679082829626,0.9868663679229761,1.067024108566771,0.9836883236130806,1.3054308829913894,0.8668154542676821,1.1711485406300033,0.8752628018732735,1.1014238067777633,0.8465798729355343,1.2768645534016778,0.8504738070252766,0.9425420285667413,1.1998812442754456,1.1744800295572835,0.9423243246258469,1.2181277923066818,1.007035360189729,1.410461636053258,1.2510385880172397,1.2327843733303805,1.5843240268119436,1.029696979410212,1.0177506889473948,0.9509185216212779,1.040602696293935,1.2083133940133495,0.9094660647609252,1.0862498904497582,1.1704221729701982,1.3142405945191256,1.3642559478834273,0.9243432968614672,0.9854083704140862,1.3296051321462665,1.1793749452288287,0.9090088624832181,1.0215472146105349,1.2506366954829227,0.8992899712215011,1.0700238403206184,1.165472799411841,0.847337327768182,1.2906655927593222,1.4011948543442665,1.070130131951092,1.0337486965687006,0.9392485508750549,1.0213186134713625,1.185057859771195,0.995440200462091,0.8591027433167245,1.0393651483290312,1.328026555325142,1.3152950488369952,1.5249566340990748,1.1709740097215457,0.9061455550822886,0.9227518283881476,1.148595551688988,0.9573158409042422,0.9287542973955873,0.895901186964198,1.0110406683512014,1.025015484576664,0.8995444629136241,0.9166339252718809,0.9471231681743685,1.3511904215802348,0.9004391762643288,0.9942586733656252,0.9841526700020057,0.8817511093181963,1.0299379804598876,1.1056525619881563,1.0040255875500745,1.0332340755762155,1.1123709083142324,0.9947996272723674,1.2172602888306594,1.259615141715964,1.0817154249905725,0.9331822459446087,1.3570535167581852,0.9657538450473421,0.9191319255591666,1.317376863506009,1.1766044372356774,1.2804911076831018,0.7797314765995302,1.2328017634019568,1.0243870250418823,1.0651624363007217,1.0922817676787304,0.9574697514013703,0.9834313137295007,1.0765230107485786,1.01371469642905,1.0056386437199143,1.0100008804294751,0.775667168701904,1.0487792855235916,0.831348009268206,1.052248321699186,0.9060096202528475,0.8215050501380337,1.0001238421336227,0.9896580721569772,0.9793977618164331,1.0146101643045704
Joe Lucazz,1.0523013525123497,0.9418464834635415,1.066177870447628,0.938433411932262,1.5455995783716212,1.1288307252462166,1.0005569503253673,1.0729628873121586,1.076523944568259,1.414343596592384,1.1312609996466398,0.8430638561291282,1.078154945627309,0.9338440902119267,1.51647662957837,1.2416336902766039,1.2963350262385065,1.2819994750937356,1.3085959144034243,1.1239057164080988,1.1745767883291534,1.0732810242555881,0.8718362240851941,1.150660197219583,1.1142598002403188,0.9355068392774768,1.266442843060638,1.188353683598249,1.2018150539377728,1.2556793879846295,1.1115061934051857,1.0193858446759583,1.0182914128125675,1.1329642284079133,1.046025000228169,1.1993661959394835,0.9960877356176577,1.1741241186332074,1.2445348947704566,1.059700011992885,0.9517930525621211,1.391038729833896,1.1682729550330442,1.3287979383926511,0.8797320352083873,0.9800819294504044,1.3691036685630884,0.8058581988696389,1.494932338193452,1.3291233147647135,1.078278467592558,1.1262395723057663,1.5888517103170754,1.2011584492496774,1.3632762459729124,1.2170278068776164,1.118203255177027,1.223998396618776,1.2568044253630148,1.1017615853322804,0.9082253683968389,1.0065095850254873,1.350411367491334,1.1492796108910461,0.8752673161939423,1.1470250948477014,1.2471007265049179,1.074718230043476,0.9567726021150498,0.883854377838635,1.2293697164072979,1.044857738754844,1.1616334299518674,1.0408696874732977,1.09202751800596,1.0012785836609994,1.0799140455368776,1.39134169864204,1.3355997683839738,1.0610632391382073,1.2985478520640825,0.8904144578844957,0.9726236089755965,0.0,0.9464315422179688,0.9798964180009704,0.9499132296026415,1.2702706289469676,1.1496385052932612,1.16960036802779,1.0424770149584026,0.9325751440162514,1.0728313469350126,1.2788967794711448,1.156354951856156,1.0647396344965145,1.2119051089468718,1.3930247509130012,1.0259373580258817,1.0158975835268669,1.216964327706115,1.198475971833865,1.1235059720017437,1.022234654099665,1.1709858972379352,1.048075166492133,0.9902353190792739,1.1146980358436078,1.1042641937955586,1.214693930097534,1.2296676903836945,1.2436395856605726,1.0646316415179866,1.3373975832152885,1.0248114433845388,1.1845803488693705,1.0824833882747704,1.286220298127682,0.8719145212991063,1.1238772493720885,0.8918947517637037,1.218164759014886,1.110739466318206,1.324822734670933,1.128274076510447,1.5309367345775962,1.2299492764753368,1.3976459119884468,1.74940224545188,1.039352170421006,1.0147184765513955,1.0138013975592626,1.0845556484454826,1.3060085097495686,1.085546222360019,1.1765852298098394,1.3008051519627708,1.4017511084136864,1.5991720707700368,0.8972333430534015,1.17720177498223,1.460389276601577,1.263064683561475,0.9453078771561784,1.3144501362604273,1.326190235394274,0.9883588188557976,1.09214825664567,1.2594107529651013,1.1378729819612632,1.3578159536320378,1.413544262855252,0.9785484274729881,1.0126128479089005,1.074471044924594,1.1957783235302413,1.3489058821413353,1.0310138254595336,0.9037856005836008,1.2508328451323054,1.462972755319119,1.09172803974054,1.529053108534542,1.0806620915200182,0.8425218102832079,0.9889469690994749,1.3616622376050191,1.3396584573293007,0.966366102959557,0.9854578902145318,1.0377066586874681,1.1780887201170522,0.9949070642182808,0.9418476780854532,1.0737879179274292,1.4329639215830268,0.9092418686399539,1.0099855332189431,0.9767783692931237,1.0163224164738904,1.101500384939336,1.1272042317505326,1.0783724718553278,1.1960153394871205,1.142466368107038,1.0345155296895152,1.5051038789947555,1.404342342804322,1.2461672198429226,0.9720143062967449,1.37177415844613,1.0649341454349062,1.076900806163127,1.402415186494821,1.317055964593804,0.9905903556909628,0.9253747431466831,1.4580894193361027,1.1239719382938478,1.2334344110414273,1.1282509810436117,0.9630311901039857,1.1283514525720666,1.179519683273602,1.172703286378943,0.9299144104011692,1.196276734196205,0.9034807877324341,1.2576429206040134,1.058951299154141,1.1358740912762835,1.0447316643543147,0.9146030894058281,1.1093265960196685,1.1933583025179806,1.2379581782909332,1.0763979831783
Jok’Air,0.8831422522637133,0.8709438549248073,0.9033445263830008,0.8807315836336816,1.387574614755643,0.871521879396543,0.8130650817374181,0.9821658373813125,0.8313860698373648,1.1771460900547857,1.094898991805252,0.7756051287011819,0.9285886627952677,0.8605664258990813,1.3315314557489084,1.0329356217940238,1.1475859442015777,1.071029880053729,1.0917521105718457,1.0371524893105006,0.9898907799231945,0.9596759282471422,0.8900426987870117,1.0064909640356434,0.9685475263003753,0.9024248589051402,1.2532979979316694,1.0992183164016678,0.9819626259501452,1.2846779992449051,1.0700405674522158,0.9491740246771655,0.9866872441332002,0.9538451797028373,0.9059309221355573,1.0389251895893905,0.9741938164260873,1.0598023940024037,1.035063253449966,1.0679439390941383,1.0389212453434524,1.1701003695713061,0.8891806946267683,1.152687850874459,0.8649796523742116,0.8471580405432552,1.299178760257111,0.7959066787890827,1.3969008686969433,1.026931238795376,0.9948208658733406,0.9565908148756623,1.367002626117519,1.162903107908682,1.239904513899152,1.178074117130394,0.9729695928172674,0.9915673897002929,0.9999259637453939,1.061158662777219,0.9553934189556853,0.8236062650993268,1.160948158646209,1.1776504572367517,0.8445334528581226,0.9268229554192537,1.0255236220735369,0.9124067342378804,0.8323046181632641,0.7493801337976084,1.169967682973398,1.040410224090664,0.9629652147283536,0.9977288948568792,1.0427083121692695,0.9426012273340137,0.9874044260717825,1.158023240565095,1.0918564674223212,0.9744205194734777,1.0835859104375483,0.9022398387210774,1.0008715073297774,0.9464315422179688,0.0,0.9221292105761328,0.8334268504916931,1.067975264516896,1.0558543301163008,0.9843851941187921,0.9213617754231123,0.877054875349188,1.0343262707655538,1.1228504975943954,0.9347080781088654,0.9777643742185229,1.0563108594302388,1.1526256720840797,1.0401712857910168,0.9614656957739091,1.0119324079081422,0.9788534247626621,1.1256794592038404,0.8433499107307602,0.9469086489034049,0.92078334103981,0.9004729609556343,1.0534412975220704,0.8669799481119966,1.0375459822435926,0.9779733871700713,1.0954747655698485,0.8867275677463199,1.3292157689360982,0.8476254596314298,1.136284359456586,1.0063958275622598,1.1919904558187329,0.7251113136299426,1.0934011419205596,1.0019616756347705,1.0480267283709177,0.939977544467022,1.282778896393715,0.8616417148029428,1.4943465389208312,1.1064864865571253,1.2649351166225236,1.6004818359713957,0.9187921016546869,0.89736135829882,0.9131609788558773,1.1123025044706005,1.2093749416387831,0.8841206098501335,0.9852510055992606,1.1507969494334378,1.1050124636879588,1.3219847637375004,0.8944172410447251,1.048178719616,1.2820669305512553,1.0798254519395774,0.9052608986574338,1.2187565921780559,1.1870845322078711,0.9048114682618905,0.9640627169576924,1.0952645282767577,1.0800850953028331,1.1944126582437387,1.384947542341304,0.8279637062571894,1.0420188463692464,0.910285478831619,1.1864781498070711,1.1466135009606755,0.9162526509490067,0.9366693914415957,1.10591676451444,1.4738872792309392,1.142752090113378,1.1904053782921218,1.089065933812652,0.8349386461966266,0.9158897396513577,1.1330941466349616,1.1063970202179974,0.8716195442477809,0.7680801206955222,0.9483768225667323,0.8832959140139426,0.9278886900249274,0.8835709050656195,0.9912292654914804,1.2018943846555388,0.8400733384935609,0.9609406632009346,0.8703551671236692,0.9766298951219945,0.9391038686088925,0.9322072577304507,1.072018533168867,0.9285161176537464,1.0210711625906825,0.8980597851147436,1.5753518499517474,1.2734609851856205,0.9920939328086267,0.8204739828265168,1.2767221198538456,0.9483882934906608,1.0199037967276088,1.314409007113293,1.239312430591862,0.9911649562304377,0.7813390653240844,1.1456103983247405,1.0533241067725918,1.0839767051576392,1.1165603133425046,0.7966356417123539,0.9386972680157822,1.2035299898663736,1.053887629732486,0.9929683226289079,1.072163133587665,0.8695439987878505,1.07192353419565,0.9728125094445969,0.9610264409038898,1.0103967029713046,0.7221067059754817,0.8955185813366107,0.9700497865052579,0.9884115584561036,1.041946308244505
Jorrdee,1.0196271703025284,1.0782789666707597,0.906835696922207,0.9225553991572586,1.4176484656778938,0.9944249028019311,0.903021679013201,1.0488249662994862,0.9330138760544866,1.1523942557903066,0.9968064732892237,0.9305637259422003,1.0082573900450968,0.95310559595693,1.223515844486149,1.0503447821722913,1.113467284020505,1.093033586785141,1.063670639660163,1.1067153486338406,1.0305826050309184,1.0379355764020675,0.9326092308546072,1.074867860479574,1.0164854488625155,1.0746125284842518,1.0619734317254403,1.2264446456421423,1.0777933434147533,1.2558207215456185,1.0459580804103807,0.9078671656564193,0.9762413144715542,0.9856339349160802,0.9055706541206905,1.0222390940000496,0.8899099614184505,1.0525305897334396,1.0864119728454853,1.1296832646839439,1.0770091839914822,1.24922631468503,0.8949849772299096,1.1874324869931627,0.9756067080151429,0.986145455236345,1.280875599691283,0.8861988824544447,1.438011123378346,1.148930110929848,1.1621336518744299,0.9985688205545383,1.3261249278566825,1.2440698486630233,1.2677431892604238,1.2549997007099598,1.0847475771106287,1.0038881940065214,1.0642485282405716,1.1308826590864678,1.0483765961257616,0.8927474405528912,1.2539589041848227,1.3013932317768242,0.9335969698753391,1.0594473064124539,1.0367320950620826,0.8672795522861503,0.8298452538688811,0.8894240003810581,1.2079802731800795,1.1987099331535673,1.019965764673494,1.0385395677232323,1.1017892127416773,1.1818551706457383,1.1107659860599965,1.1572440071905332,1.1976361089495817,0.9753321301983399,1.1534058921162378,1.0311307007025425,0.9239194893798008,0.9798964180009704,0.9221292105761328,0.0,0.8773412316247573,1.0435613482181043,1.0245751626479918,0.9603002502660117,0.9431624209728121,0.9556272114326564,1.1251134773834754,1.2645464812027833,0.998454612599177,1.102293040603408,1.186709577698874,1.1636766897135347,1.2294299383877656,1.0812088821368695,1.0684676854809594,0.9953379986626093,0.9232337020553001,0.9685278274799134,0.864848046941276,0.9084470685744823,0.9562145828213079,1.0251738772571786,0.9229001728213249,0.9993063265920682,0.9512598593570534,1.276775611634836,0.96774632714458,1.2533090009311647,0.8932912427308698,1.199264716836994,0.8778579786175246,1.3302988031220409,0.9553209016560005,0.992658841050615,1.1515882760490266,1.1532423885658667,0.9151335849319195,1.121734040894497,0.9502585174778957,1.2497230536549238,1.1560766706101522,1.3148332057206538,1.6446239700112926,1.0001722552063443,1.1277454981211847,0.899942431768886,1.1049144758802234,1.2418906874815956,0.8582965177871685,1.1653456072133372,1.1055605018631938,1.1718065728192706,1.3427334519790184,1.1069039142324748,1.0880979441865994,1.3727906896770705,1.0122539652840101,0.8905529154240416,1.102561706002614,1.2730315238952956,1.0000759633461926,1.0717115721067763,1.1358614599405266,1.0042288724235604,1.1696174950312541,1.405740576625339,1.0986899047507335,1.1658799637069495,0.9570100547162542,1.0202022198525826,1.1247083423921125,1.0529476878584783,0.8874151499823452,0.9621108975653524,1.1364182573751918,1.1436557446770925,1.4124754024762405,1.2129469559700596,1.0234480485732673,0.970649001294938,1.2572635966469008,1.028154407146024,1.0236036308697658,0.8674036269544453,1.0527184883083769,1.018629110069695,1.0800872207318009,0.9374239516164273,1.0400304459249918,1.1280671681871133,0.9716984419956783,1.15867751244922,0.9662043529990778,0.9507179138817841,1.020566587923593,1.0603396355735077,0.9861659914641482,1.0821079238682145,1.1328003826191353,1.0123358487659277,1.4344266266016974,1.1053491881889284,0.9221907380640046,0.8623643802544472,1.1191983136698451,1.0379491948997641,0.9262334532864009,1.204765939237811,1.2262634207406682,1.1965829730191289,0.7868943976969969,1.2225274053245814,1.0219735973997075,1.1191560652342274,1.110178938333506,0.917766369711017,0.9574322128055329,1.0656870379428633,0.9372042673050323,1.1002803552680358,0.9885142655562608,0.9058606913633608,1.1613094924562941,1.0643071644468785,1.1994407010946937,0.9745401284750479,0.7228031798570874,0.9164893309058253,1.2066559028928303,0.9521751562128358,1.079405530000152
Josman,0.7766051972923698,0.741132774749342,0.8548463901170663,0.7141637656994749,1.1708392251403674,0.7985803783989337,0.6503892271767774,0.8762090646888289,0.7701208550410269,1.2399348550393414,0.9470155316466147,0.8296929540854411,0.8112182970582743,0.8092243623500788,1.2533425420214932,1.0139628043356799,1.0507248885411247,0.8770315422692903,0.9891689858747014,0.8154923849681747,0.8640833350003269,0.9605429137955348,0.8073629466060578,1.0339909735495512,0.7282244036411019,0.8734969103181655,1.0383803338568656,0.8925293041885187,0.8862173930476316,1.0342832491873681,0.7535690242208272,0.738457682339222,0.9121358138469499,0.6783912198254995,0.6882030768829426,0.986989012857075,0.7018487865553251,1.0497921831514694,1.0653875069956937,0.7766381316964289,0.8594587368394706,0.9293107009493884,0.776575181941659,0.9954874360415683,0.7055130263071757,0.7465291620730732,0.9480924288588229,0.6346946523362637,1.345848594749205,0.9412792524183583,0.8329484677956597,0.8575962296349249,1.3107951389027173,1.0398078057833686,0.9687881449808525,1.2215380941697296,0.8199173571162813,0.8598276862860388,0.8278266318621085,1.0196218881941521,0.8356963420022513,0.8581271582008412,1.1088409427898906,1.2686086404558259,0.7593755515571678,0.8351066435938169,0.8150674926604964,0.7873377685055513,0.6561536219548885,0.5918093764208631,0.9071252922308404,0.8503800386727961,0.8875900279906322,0.7437062830506647,0.8890900050059585,1.1024774621986884,0.8156324650120556,0.8951715142039618,1.001483138399081,0.8006728244549198,0.8612826818274322,0.7837662463925619,0.905260552208743,0.9499132296026415,0.8334268504916931,0.8773412316247573,0.0,0.7668001267866412,0.837848012166591,0.7007035987506439,0.7720214385037746,0.8012387527184494,0.9103268510491153,1.075063269101304,0.971698982062983,0.8655966138509622,1.0199318918689233,1.0223654594500255,1.0810023659378158,0.7636872534387109,0.7333065828540678,0.8834074013907457,0.9072254543920463,0.8668307889245923,0.7293070018391471,0.8369676054742132,0.7873113995719305,0.8719072814458386,0.67415262905084,1.005782316450175,0.8110153603112628,1.0474023301494233,0.711477083367042,1.0411218446899866,0.7419837971004434,0.9967680396803935,0.7885925259677151,1.411930136753405,0.6666114482157062,0.7252993330443464,1.0291176954459,1.041947260341402,0.6457081081087241,1.179497416003908,0.8068356201496152,1.1541928417186702,1.0239216614619575,1.048733531716116,1.498557962101872,0.8814454340040001,0.7673369471755674,0.8312511400631712,1.0536325431977351,1.0736260079463873,0.5724664915032935,0.8926226521534026,0.9966987619553584,1.0500624387662112,1.1906907351084017,0.8668884729143755,0.7897134328056804,1.0453555953493763,0.9717519855394808,0.7857024126259392,0.8938785073403359,1.0324981375977111,0.6512448565316252,0.8350688892679464,1.0207844534654917,0.8805052094946159,1.0545427536575318,1.1858430233270199,0.8952382820977024,0.9172701887855982,0.6721025225076146,0.9179492072766468,1.074047796213038,0.8758588544919426,0.7638304995121942,1.1369120555144105,1.2220703614426,1.006476810122662,1.3560885575594803,0.955789082548905,0.8167386447781122,0.8252550312475093,0.8395998427363438,0.7561763958963426,0.7128235909549168,0.6402416041019794,0.7615459522965856,0.7488090613133923,0.8472921978967382,0.7032739530848459,1.0854433443046068,1.2180779124039596,0.8278635270449338,0.9887601912252794,0.8387972056633789,0.7302339261396992,0.8767844371416608,0.9657683561035522,0.7965775070849819,1.0412391645633614,1.0087593489109339,0.8195886163718118,1.267869037333921,1.121934834366349,1.0110597142788118,0.8418976616751608,1.153237539883296,0.7654874902564164,0.8043690541477453,1.0545296318552912,0.9223214470624012,1.0354536055642585,0.6376573640720189,1.1296222457722793,0.7780768089410891,1.0345395422537214,0.8303682008097808,0.730709261345157,0.6985224177418076,0.9414834631052759,0.8253641321610036,0.9380831597912281,0.7837775039064128,0.7395635007555872,0.9176667269011556,0.8634548713872717,0.8490912732495466,0.7360076117735622,0.6574395289537387,0.8019701818356161,0.77545339782167,0.7443859650045593,0.8478953482767974
JuL,0.8070382313554622,0.8908121489542737,0.8896591239284959,0.8457391555464717,1.1554098891080595,0.7791296145001515,0.8616125795497193,0.6742548933985997,0.6959872995228173,1.1937189521689233,1.0050167415031166,1.0123690450460592,0.701173444814873,0.8933042324345292,1.116370746437773,1.233248354999497,0.8875615537898398,0.9275855468376389,0.8183025313629763,0.7901892689538538,0.7972878550863062,1.018999113536266,0.9225885797403564,0.9048082632679101,0.8258714264333342,0.9310786760733365,1.0227828612439522,0.980547948313097,1.042317993171965,1.2667007775680827,0.9778671073722656,0.75166757330316,1.026977968578243,0.8131774773261242,0.7272593209876467,1.0325758313939364,0.9975753421370773,1.082837470498671,0.9992666557384436,0.9008797971123083,1.1131851241016955,0.9165250562868633,0.7819008738142622,1.0532422120029936,0.9497499467343172,1.0121792906261649,0.7706981109501782,0.7878393064523063,1.5173191875237555,0.6429764256503464,0.9995628734658634,0.9225060524202155,1.1863179678252727,1.1984377622112639,0.8083327413008476,1.0697979709380803,0.7968664226657595,0.8833515375355488,0.8417477664499228,1.0650286717132464,0.9209533115107402,0.9737472141556561,1.156685960638658,1.296947327364476,0.8871499152626026,0.72090756479224,0.83169108455639,1.1398234293137646,0.7642118882432879,0.78125802370255,0.9954135962785287,1.0576490979212516,0.8849586518352911,0.7384219615360235,1.047808680930943,1.2513425402782972,0.7528188973157167,1.1095403405163615,0.9193064369547327,0.9200263222194465,0.8315914972637132,0.9933052498339682,1.042010090729616,1.2702706289469676,1.067975264516896,1.0435613482181043,0.7668001267866412,0.0,0.8806031735076494,0.8112906242076071,0.9094617050918848,0.9183065530166078,0.9463598391485426,0.8697283158206875,0.9901352270936296,0.94455731042247,0.9881068041933048,0.8946969820872817,1.0557992002549683,0.7891370365642387,0.8191289248429444,0.7659476707983618,1.0315564008923643,0.8805582907340674,0.8610984409990494,0.8119283702466511,0.7856751936909273,1.0329387694163317,0.6910586299804222,0.8332470176484825,0.783584622360875,1.09649243512982,0.8201156455864846,0.9175325103080632,0.8644950303943415,1.0873778924983775,1.0711924107094866,1.5884394090776097,0.9188310384125079,0.9586134916302061,1.221316004368223,1.2873908356929598,0.7887257530096252,1.132283306825846,0.9807860274066762,1.1848723192758508,0.8861532448293888,1.105921898238528,1.3947287588175017,0.9304767488370433,0.8146300819865072,1.0020172995817902,1.113840128259813,1.1035242685393927,0.8035587717671174,0.8222688897363969,1.0865109319269686,1.048439997750984,0.7465907222286507,1.0015985515087946,0.8103069010118218,0.7671734528422983,0.7816934487792305,0.945093173183889,1.0115788173379014,0.8306133194427482,0.7794041852979369,0.8928493157504586,0.9757297890452865,0.911352409605491,1.003389400205976,1.2504544494349425,1.0967105304358415,1.0105733776383592,0.6816589460296975,0.9759189166466883,1.050136265345218,0.9501929027861908,0.7941818554844873,1.1089851328590112,1.2430887827545123,1.2540108982714195,1.368210630468486,1.2605368973736162,0.9633487330670317,0.897622996066815,0.9875227735353338,0.9392671350275458,0.9037018604304534,0.8469933261902249,0.8281421342436989,0.8045128478086756,0.8610445745144116,0.9056225912110532,1.1121544711096314,1.3936358284836972,0.9598389448690198,1.09245641735954,1.0757353006347143,0.7457851469613435,0.9222464469589172,1.0159142734862245,0.9990587760796543,1.104280886446861,0.8962708930105058,0.9129402659193275,1.3707220906236728,1.0688641006969286,1.1363134398389259,0.8647794818870068,1.288379092487505,0.7519813285684152,0.8667677993440331,1.1256103845174115,0.7678102879223906,1.2666418468308303,0.7999374326291537,0.9796085295987441,0.7966723869631117,1.1582895851475947,0.891396820385348,0.7367373582987556,0.6801390161559633,1.0272716941091298,1.0301906450464882,1.1051232584400221,0.8001499637879601,0.9144357715577811,0.8527613896213869,0.8398542809702602,0.830829688628345,0.8155270496819937,0.8329972803544945,0.944976099497077,0.6701929232043234,0.9550570160162486,1.0467889033857878
KIK,0.9330539450849422,0.9570636478417963,0.866184472647802,0.8490319889132842,1.0494819136922748,0.9306297339075355,0.8745263789588484,1.0798171265797285,0.9032134665875301,1.2124670981940548,0.9230905423318396,0.9113042540914983,0.8667500795733826,1.0052955533983237,1.0974063835673782,1.3820225388386704,0.9549288995515194,0.8996852976303309,1.0059165763620068,0.8718299074887255,0.9199074769151481,1.1147921106089742,0.8080390640606816,0.8552527208887841,0.7229914636589704,0.8511028106119309,0.9609571447482026,0.9352109865803051,1.0343578604847279,1.05140991573448,0.9559596411604946,0.7928498147054222,0.8347031635648066,1.0035398638319195,0.8321636917719073,0.8615070285485817,0.859742386259045,0.8802883147783,1.0283619833156588,0.8928480730331994,1.0756905818501625,1.0960680345245923,0.7934669255685365,1.0958804834676519,0.7010311135342833,0.8172301816337829,0.989043219865194,0.8762206019510007,1.3159678462294513,0.9865168015029141,1.0177931940051566,0.8674191380328825,1.1489818057614853,1.276565035818628,1.0023520038161027,1.149480644881922,0.8893024110972224,1.158964974246286,0.9882010623898277,1.0502996220206549,0.8340486694408017,0.8051105058574298,1.2029379933189384,1.237182182887155,0.9180575745394131,0.8819647094823794,0.8983219913535675,1.0791313397599196,0.7363814264351315,0.8704391831596344,1.0802250612141366,1.0293218214168727,0.9942958021042603,0.8496026932538082,1.0103563939599178,1.2881956229567622,0.900701089084809,1.1711122429668277,0.9392142910443023,0.8271943134649785,0.9150959627161485,0.9212022358051498,0.9054779868170897,1.1496385052932612,1.0558543301163008,1.0245751626479918,0.837848012166591,0.8806031735076494,0.0,0.7985729299548681,0.9225477413616797,0.8625297649001205,0.7533613046368054,1.0331713685041448,1.0233443910916684,1.055187706846391,0.8302612617779851,1.123081971869609,1.1225337134203175,0.8631096856413659,0.8653821020918682,0.8553184604301147,0.9036767199701619,1.006155097826751,0.9937566499878829,0.6514424544062177,0.8783530928258094,1.062672520634237,0.8348090638753195,0.8794469190468718,0.8277039438131468,1.0900202366866119,0.715753855613179,1.169184629485258,0.9327984063485996,1.1063025982101875,0.8169913573561091,1.4362685899669534,0.7342396672143874,0.949271732871992,1.1991054312156189,0.9570596317279102,0.7074574008665757,1.086300298142947,1.1546602358051645,1.0787236752274172,1.1591685520064565,1.1223594347270514,1.3765496613445423,0.9228850172468929,0.9405414023739511,0.8531325893846535,1.0992131062641535,1.0542515637200252,0.8416952071775181,1.0047662658135024,0.900794710696979,1.2623643523652495,1.2025292205226352,0.9137577757677814,0.7561409167823521,1.3002621197418358,1.0051858297905236,0.9684179329384606,0.9666736603361676,0.9892098092960918,0.8595114949154983,0.8662712999199094,1.0411241408457312,0.94047946111532,1.1982468111795348,1.3375736508271032,1.0652904539799966,0.9205524025855947,0.8398016087090334,0.9388042972869759,1.1513360590756172,0.9094719762500624,0.8052191226558136,1.191835341132023,1.1148779804388549,1.1914822170714017,1.3663123120759495,1.1430648427317032,0.9200267146749884,0.7577911568757631,0.9874225690292413,0.7840289747373069,0.918842709246178,0.7906429042902743,0.8761698767423179,0.9277150556179109,0.8580925854384166,0.7956400503192057,0.9608831729406572,1.3610739274732213,0.9626633860571879,1.0108449384216411,0.8953055206790047,0.9000499106011209,0.856568870208882,1.0631780064101042,1.016050401417234,1.1056887322356357,1.0812300830301114,1.049531105343227,1.128914925022923,0.9758590898480336,0.9411743976235343,0.8614692908318852,1.1118304343741956,1.032550140570506,0.7380906543638613,1.021249878544672,0.9801198755063273,1.291933531418766,0.6792639875861624,1.0244990074288154,0.7757825273846883,0.9761264080247746,1.0110483022484302,0.8373518820969091,0.8167160679568898,0.9349464627745142,1.0816944950449385,0.8808125533132055,0.8492582611947753,0.7975391173118325,0.9759020441300007,0.9720718856092545,0.9138119928125505,0.8575284451315177,0.9074893971401334,0.9320361282532272,0.9587470265241923,0.8822407700564934,1.087953470318678
KaNoé (BEL),0.912134355477857,0.8480698271459872,0.8959067256229108,0.8674385373337443,1.2208894321670294,0.8738933507134882,0.7969708777614408,0.8873842456065858,0.8252553533576141,1.0968051556639031,1.0409786972682682,0.9330278256977451,0.8039306666903362,0.858113594683693,1.1307451528131474,1.1145316283387348,0.9723750393839491,0.849358768286337,0.9181721912637264,0.8581932799392138,0.8286845244561843,0.9834790618082604,0.7983136255848929,1.0770325149697237,0.8582048765939785,1.0070482092474102,1.0611490251226934,1.0327864592524227,0.9836916861474595,1.1454527305281046,0.9041332342497849,0.8378732204497669,0.9667855269448379,0.7348779565524151,0.7307266946591459,1.0197775199685515,0.9231386546556234,1.0848285531151114,1.0312121960860674,0.9055366604126505,0.977087057708987,0.8630200406715841,0.6745216680436541,1.0728698101913232,0.930183039381362,0.9435901870014778,1.0011319552763047,0.8808856349738801,1.517896108761822,0.8573756846605676,1.020054050416196,0.8817366831537956,1.262187448728174,1.1275035752357274,0.9669206560256441,1.15072115383849,0.8748683020539114,1.0005873105486713,0.7674570759693253,1.0298697371056675,0.8965245055103737,0.9547128041477784,1.1371483910398603,1.3180886743635654,0.8634355302754034,0.7632817196327224,0.9510193758245147,1.0324747993078898,0.7379547430475228,0.6999639048615603,0.9773784516495737,0.9010495118760489,0.890763319958829,0.7934364780471327,1.0502973849887753,1.181106076395345,0.8290097159610839,0.9599017872195215,0.979053275553749,0.9269507172483603,0.8433251541106626,0.9838812378221923,1.0845249208473104,1.16960036802779,0.9843851941187921,0.9603002502660117,0.7007035987506439,0.8112906242076071,0.7985729299548681,0.0,0.9142896978223828,0.8286121274226219,1.0208641795701971,1.08971341424564,1.0006452679641589,0.9830986156896809,1.1452421925464649,0.9539468601647036,1.082082240364256,0.876370557857814,0.755564932966773,0.857424615913859,0.9689980373731253,0.8577071613383954,0.7898015816436914,0.793614233847668,0.8209694749406747,1.090022348028185,0.7607552391631025,0.8818028495814105,0.8957663287322698,1.0608598692529896,0.8965380099932638,1.1259178722219223,0.8561093577982347,1.040917472420957,0.9016379085299459,1.4976789266781247,0.9361205384673624,0.8801692501638588,1.0948891374429852,1.1073593964455866,0.7715967338137472,1.1091200344696042,0.912763294326784,1.1589784138045742,1.0172169778259594,1.1220673395566885,1.4510998683412006,0.8274462557962625,0.8501419250631069,0.8931893843079326,1.0445828942734543,1.1206295380908562,0.7223244702509436,0.8690880956268733,1.1232054486835146,1.0832722149285006,1.1404143379268963,0.9013927626064128,0.8000814352459517,1.0617617288015886,0.8913270554433791,0.8604634490213608,1.0401215956354926,0.8521032477625794,0.7993272797066117,0.9836107820914282,0.9814879287466809,0.9387643244911265,1.105602144648589,1.209376499454844,1.0441915269820272,1.0710218689138806,0.8046428867436723,0.9330657856926947,0.956122218115507,0.8752048609346947,0.8512454425865712,1.0708846470608036,1.2350188373611213,1.0450883375382907,1.383645469161027,1.1134656459574648,0.8940728843236414,0.7938009551689973,0.9971196130192546,0.8446948006148621,0.8771171528805735,0.7390146681785562,0.8678199176624797,0.8433649221422008,0.9416580996723735,0.870946344558953,1.028367150463795,1.2101076732260034,0.9284152131472596,1.0835832536533208,0.9892138784920012,0.8252931365956577,0.9396350093884179,0.9687257470581233,1.077605682933854,1.0823326236478577,0.9299069430077244,0.8763578046835946,1.4619300765494296,1.0451337554014197,1.078100994345391,0.8424238501250745,1.1220489637549524,0.8976069125309402,0.8695513644174301,1.057770938934125,0.9555292236505146,1.1601302324190477,0.7667007638738038,1.043844329244719,0.8540614542887823,1.1537311981065372,0.8831752684060649,0.7540928593741687,0.7308555030279621,0.9669878968893731,0.9349064880084669,0.9607975642373923,0.8362895965837983,0.8954720007796517,0.9257654282528585,0.9287181959241095,0.9703799825888324,0.8141300773677375,0.7544021544370196,0.9278307746506691,0.8939414790426163,0.8852612019603593,0.9570759390009936
Kaaris,0.7885251109010238,0.8495283335364082,0.9663868133772054,0.902168035873472,1.171766848638486,0.7737262964460769,0.805116152695338,0.8694442114162608,0.6307315037966191,1.1606345420454534,1.0119026038868837,0.851022173133959,0.6625921963438904,0.7416807133216629,1.2543123581687754,0.9419027680163968,1.1426503544087743,0.9635408495786204,0.92621111057562,0.8050114788315962,0.7838069183522883,0.9042106269001646,0.8160788628683591,1.009577381360784,0.7753824654946361,0.7870736860064068,0.9879143808646345,0.9070018042792491,1.0217741592982037,1.1584645881990274,1.0215713394557102,0.8573469332964998,1.0907884991630352,0.7691207960780339,0.7781359225646511,1.0537634603175183,0.9090441902642237,1.0205554060709099,1.0700304904459272,0.6715145386417708,0.9415028463385493,0.9695414771459955,0.905995874517032,0.9613978531502917,0.7868118623011907,1.064343462346133,0.9085233030602547,0.793676081439336,1.5957448868987925,0.8522737891085375,0.8329701544414018,0.8207863918707836,1.2331395935949276,1.014100660661495,1.0310157242201683,1.126729409461798,0.7241935426180143,0.8042267379084177,0.8409624999433425,0.9936020365215138,0.9355288328227712,1.0237795710627482,0.9657970376851953,1.3045679201212304,0.7836640352665131,0.9880887347002143,0.9522852704039765,0.8757920985922663,0.7807844693262563,0.6488889602664007,0.938557416230699,0.9547053526473374,0.8086083082451473,0.7264259757113306,0.9782584694785094,1.096441687068778,0.8120497875325174,1.0440149194099357,0.953047136109464,0.874599195172068,0.949652955376049,0.8937212072546233,0.9136278619883081,1.0424770149584026,0.9213617754231123,0.9431624209728121,0.7720214385037746,0.9094617050918848,0.9225477413616797,0.9142896978223828,0.0,0.8557992569089499,0.8060128875891427,0.9028481643716346,0.9928002806744651,0.9153712054157676,1.076126382747819,0.867859387405305,0.9956009771845493,0.8220058442300838,0.8536467965738329,0.8293697055042696,1.1622926079903728,0.8155408281548706,0.7068795956836885,0.8361224870287824,0.6872593418605846,1.0155829591669772,0.6734313852257056,0.9274697306282417,0.8272616089752023,1.0788938261844976,0.7650836387421691,0.8589288570340584,0.7470133274047724,1.044301632917069,0.8784345356640162,1.4945016453271052,0.7928343924030984,0.8684374540920707,1.026769214765279,1.2833722247046382,0.7896798254585383,1.2364163736897844,0.7417457112893566,1.4135641244178985,0.8485800271857346,1.0850743867292822,1.3195748248731447,0.8532608904059689,0.7651172808666534,0.9286965592103745,1.0541028627503428,1.0747655829842748,0.7221575152380303,0.8707061141537246,1.0873414629841585,1.0069448927207967,1.1222498281217943,0.8673337135015777,0.8783271180611488,0.978091366164763,0.882292099807259,0.8937253303171047,0.9544610178687417,1.0141298777785435,0.7005868050788677,0.7568865434506769,0.8894407644696702,0.890111262042614,1.0505343989359657,1.184009875689033,0.962664090184201,0.9304099237608928,0.6880415846951178,0.8404547683521614,0.9612962826727786,0.9601887951297235,0.7310118916712447,1.1008289113566327,1.3378910170063099,0.937182083054418,1.3630953466856193,1.2195784660443028,0.7835009624695861,0.7881889801057622,1.052994221977914,1.0591167435599298,0.698098835153181,0.6276980739409165,0.7272045203117924,0.7590470999235525,0.8956760231044882,0.7256050840013162,1.17997501969987,1.187524742967771,0.7376325738246717,0.9805871585000748,0.8619538029161636,0.749177367829034,0.8172852656067662,0.8706463218153835,0.8724314470053052,1.0930561843876452,0.8307926940847402,0.6925908007612931,1.5228297648057065,1.133421147927342,1.1541408367771242,0.7654387889942814,1.3592970948946705,0.6585758817424723,0.9200983117459135,1.1705850948944323,0.972623786712056,1.0455764318354115,0.7331703147300918,1.0911087854527355,0.9265835817641782,1.1002811450888859,0.7824641884057062,0.6934057353959359,0.6377996677934294,1.0671392343478505,0.973901347654569,1.0420080761343742,0.871270422999785,0.7494962419859416,0.8765126088129223,0.7020933964708551,0.9100118457856934,0.8059406755910594,0.6324947726854864,0.7868728297044263,0.8958334541064151,1.0512231792906632,0.8808335105680432
Kalash,0.8181142094769942,0.8185959070950559,0.9130548633369517,0.7240258287279724,1.1770555408466647,0.8869909226690279,0.8629470035302049,0.8093584119550961,0.8034136177372194,1.2258780385468084,1.0258938517769516,0.892409813216236,0.7723996868466863,0.897480330417972,1.1925446238013122,1.102846845751228,0.9273206521229963,0.9081141529141202,1.0138421754693776,0.92302931394349,0.8190596344081716,0.8743252377546782,0.8202043359157294,0.8569441286975104,0.7982172235916857,0.7455095228274075,0.8529243050415257,0.9957429184422366,1.045738637961037,1.0617727829735033,0.7574334927795389,0.8257693697871376,0.8733841056744786,0.8665783437762399,0.8565012346235629,0.8722261271491011,0.8395195489624944,0.9266602529755804,1.1104044850401549,0.8764206132068416,0.9434831563979794,1.0259401919791216,0.8482886304326717,1.093269820567724,0.747975582315421,0.8604478185556097,1.0472386925055603,0.7429251473546007,1.436829484308744,0.911000937250542,0.8379300328210225,0.7597599395073498,1.1716348310437215,1.0600122439582802,1.0512595568043521,1.1161191322062438,0.7967265787017518,1.0519041767254318,1.0096519104488078,0.9258230018628685,0.8664170682539498,0.8687865640615591,1.0945177536986486,1.208269827162949,0.7651120849306362,0.887121791366899,0.9003912770712958,0.7969543037289839,0.814379283323733,0.7361963705989296,1.0651716170491425,0.9732739204929449,1.0096266050831728,0.811335817696062,0.99041983177084,1.0682082420931387,0.9739231010837893,1.175753200969979,0.9101599974550315,0.8911917109225965,0.9337882006738965,0.8250113759086454,0.8512815332467415,0.9325751440162514,0.877054875349188,0.9556272114326564,0.8012387527184494,0.9183065530166078,0.8625297649001205,0.8286121274226219,0.8557992569089499,0.0,0.8970645894642769,1.0813623879280974,0.9403692322032339,0.8202804900268603,1.0480066046069232,1.0101275985600562,0.9034087740638981,0.854170172591877,0.932380390450177,0.8251297919181236,1.001055033738464,0.7144031139035565,0.9473885849754752,0.8557655722918898,0.8315677201649866,0.8634873548658436,0.7287222035028775,0.8487089979087682,0.8511342216146804,1.0719385171061604,0.8074747877421341,1.0378647174441242,0.7842522044819495,1.0150150317618236,0.8657933553753755,1.372818740509963,0.6829497847728151,0.8357737220415558,0.9675960457781109,1.0695572133799833,0.8594798420283738,1.2109316233574168,0.9213213203397348,1.1933818853146787,0.9103251346836103,0.9920547919952886,1.3310400837740077,0.864632160785757,0.8824139278018616,0.651159834270533,1.0999886167142803,1.083392493841255,0.7505451848337992,0.9730428634110947,1.0839686565363846,1.0930990735510326,1.258407613606756,0.8060177323912211,0.8253294213566433,1.200366686930203,0.8514795983221638,0.8063010984247744,1.0076384117085764,1.0220226417364702,0.7955801644825778,0.8479462738956165,0.8881867226740044,0.9702189621241146,1.1686617825916703,1.2829173192898877,0.9401411604863816,0.9505514713275672,0.7992948604235686,0.9231108056312145,1.0674758212811073,0.8684935823281248,0.7161020985568034,1.138054267662215,1.1666247851506901,1.0887004094248975,1.4248324738838907,0.8838495259753191,0.6605775920889516,0.897055092883368,1.0825920615616544,1.0182182064955847,0.8048553747788538,0.6864152674075701,0.8678535643309622,0.8341777496755681,0.8330340851620076,0.7049566078547336,0.9652411820377903,1.2338945697012202,0.9380439768603136,0.947650809668846,0.8242090419744547,0.7487979471475945,0.7795336178609553,0.7455659528226252,0.9356389628672275,1.0015377961557503,1.061642747323195,0.9276442709321547,1.3863468373651573,0.9941625103646512,1.061729577033803,0.8634597180902077,1.2560776716150297,0.8475673894878717,0.818905972825318,0.9907331129680572,1.0309753785753941,1.0918538580391128,0.7370849221295178,1.019323580533012,0.8966591832066968,1.0135559301265362,0.8942371615319952,0.7414405661532267,0.7846045817385042,0.9735787814416625,0.8353453043048996,0.8803522159337476,0.8798769010323526,0.6908990283376478,1.0290449171120561,0.8819245262108887,0.954073391240599,0.9099453745898345,0.685416506623845,0.9093090664066323,0.8626398644434112,0.8779819493585518,0.9372081891361952
Kalash Criminel,0.7881954400751383,0.9344034531915208,1.0446137054226148,0.9012830499212242,1.1110976471072826,0.7735692424283497,1.0027425322300052,0.8787839137928473,0.7121844975011075,1.1621072184281773,1.0541004990803886,0.9898150285080618,0.7249801259750898,1.0010951628831641,1.0847630072024659,1.2034764173568193,1.0164827697599015,1.0240291469229568,0.9088891956757766,1.0231064264068537,0.8871362762428336,1.0116063924019978,0.9729312833599899,0.991410300159769,0.8145690420565692,0.797953177730546,1.0712731344344737,0.842535614841895,1.0519531486280966,1.2212184735123988,1.0383469996756516,0.8919565974835344,1.0196418614374954,0.9018390120314034,0.841632523116033,1.0381513804469789,0.9344746364993811,1.0265877429263826,1.1403712915966784,0.7896642877340511,1.0429711246299556,1.0307135067425677,0.9835201084370252,0.922264434824796,0.843051384958876,1.0492225177986396,0.9239929929599174,0.8696594897019345,1.5482621817238025,0.8828289891811707,0.913745472729665,0.8454425233999842,1.2743971932301492,1.163205249067676,1.0043914258192255,1.2146225025895503,0.6831691416093741,0.926337590035386,0.948761464735698,0.9376706814475267,0.920644838451015,1.0476819398218167,0.8904366626449605,1.257715702126365,0.8847259142645867,1.0094439690401638,0.8520698039616433,1.127023860389966,0.7737544028087865,0.8241417887864659,0.847907134729963,1.1090220207252208,1.0101337113685567,0.8097188981211357,1.1172124563325085,1.202586687581263,0.7434214236107092,1.2259267565617384,0.9484187609996074,0.8852936015391425,0.9969394950197465,0.9476217029185282,0.9787244600286095,1.0728313469350126,1.0343262707655538,1.1251134773834754,0.9103268510491153,0.9463598391485426,0.7533613046368054,1.0208641795701971,0.8060128875891427,0.8970645894642769,0.0,0.9495269171068004,1.0205593798359927,0.9030232954295659,1.0858577586234623,1.0051715765733318,1.184118610179764,0.7400960783484066,0.9167900120999388,0.9070868534621513,1.1517351733437642,0.8970809127796762,1.0181966689211726,0.861907454515827,0.8422553027653502,1.098506714112756,0.7951152140841711,0.9064375188088043,0.9104633378294357,0.9505920068501833,0.8225479886607374,1.0197795447599445,0.7653697207679077,1.038701945502731,1.0973540220656843,1.53996959435185,0.9108999444868817,1.032616174750042,1.2474342782323768,1.2357493662436434,0.9366603922297636,1.2694886853732472,0.9586622013363396,1.3197300134406575,0.9153525627349601,1.0654811591377842,1.2102041171484101,0.9481859389620592,0.8222137204102485,0.9348706451835045,1.1122219744828306,1.1475721089576936,0.8744331740941237,0.8669030983314137,1.0153949209919582,1.0982458359575737,1.2488190941626534,0.9780334820884694,0.7569751879209321,1.1874142078716008,0.8844695584734897,0.9472119934455915,0.9864492476595189,0.972477925287685,0.7016077224990073,0.706121360507158,0.8792932313377048,0.960906795019984,1.0883284555107868,1.3273851384539521,1.0570491086419525,0.9652150646590116,0.7840943140515503,0.977769620577588,1.2225107849622299,1.0187439500793305,0.7686231698114327,1.3104405593054629,1.272777138799426,1.2413725179050559,1.48524528883335,1.1662477367264847,0.8833090314258777,0.9387232216562336,1.002768270325728,1.105418111877697,0.7631735445351485,0.8306400039399943,0.8267746778783022,0.8238672465756945,0.8157293836438668,0.8006993038541441,1.2324701587025624,1.453463208032242,0.9084161644597949,1.072828570222354,0.8111990454113827,0.7977654791588106,0.772197520852109,0.9272015651183071,1.0665878395092134,1.1797719913386144,0.8958231841889723,0.9581790468960573,1.4449602858649564,1.2520740453380752,1.239776636133205,0.9319734579099588,1.383925053972504,0.7841263642796416,0.9473908758776275,1.2528656307040178,0.853915818445849,1.3270751575189814,0.8385777797614696,1.0975737201565121,0.8337906897068694,1.100351984594045,0.8615064758163373,0.7825606190877482,0.9014900660547306,1.0395096172612754,1.07880154876225,0.9124496917925164,1.0012909274791078,0.7880896324097338,0.8968533577475821,0.7884809643259967,0.8246641549981326,0.8314235634214591,0.8824529738411997,1.0190968916518999,0.789742383270141,1.1635344328065322,1.0933616093929477
Kamikaz,0.9033248912068533,1.0621709908877626,1.174549713859388,1.0063086267273826,1.381557347737361,0.8389611527912106,1.1040411988589534,1.0728294130071279,0.8058785866314427,1.4168586194135753,1.2451003155927807,1.13248512945479,0.8782857513075448,1.0232047551848193,1.3269443993606522,1.4142148897912608,1.1690058338317522,1.196225863875062,1.1246481191695117,1.1822895197376535,0.9524113985954202,1.1134880848479802,1.1402862431253185,1.0304815174047344,0.9413842496922719,0.9677587015520824,1.1706761998451805,1.13446016322098,1.1740314966836012,1.3572122068039814,1.1180601363861085,1.0638017722362059,1.1196674879084851,1.0748841641572895,0.8699950364013802,1.2033499334306919,1.0778268515286775,1.1891547422238462,1.2475836766084847,0.9909895818595945,1.2156156120620787,1.0705953568930566,1.1499800137068805,1.1077531544985477,0.9611765308134875,1.2883112992459276,0.9849244971907094,1.0132496528889166,1.6237257861499699,0.9639482408996202,1.0416586096413836,1.0008270530968424,1.3932284554553327,1.3038893782964514,0.9647998067386666,1.2950913800957045,0.8544566936509003,1.0722665471327446,0.9143236666757516,1.1843237225578078,1.1360253736466328,1.1715668468221077,1.0015543618400669,1.5243315877831334,1.0299078452468828,0.9914634636984977,1.034850124998681,1.2653301424724783,0.9105132894443714,0.9533769935529596,1.181976025493707,1.245752000172829,1.1646801998594531,0.878632036119274,1.202305422925881,1.261719753055324,0.8722300532056649,1.300059498558911,0.9715083170480111,1.058768202968967,1.1258696402709967,1.1203615320952558,1.2294826677667465,1.2788967794711448,1.1228504975943954,1.2645464812027833,1.075063269101304,0.8697283158206875,1.0331713685041448,1.08971341424564,0.9028481643716346,1.0813623879280974,0.9495269171068004,0.0,1.205704458459554,0.9705902736212522,1.20419608433002,1.0508672894168403,1.2198504886303627,0.9106531901650051,1.0426436200701168,0.9784512955145676,1.275872279413818,1.0058541692443685,1.0077182371725348,1.0211649347231644,0.9038727044979347,1.240771717517639,0.8518505031809596,1.066412692563498,1.0415992535329304,1.0564998713100513,1.0509409163136247,0.9909162411270024,0.9254761873851449,1.272305527476733,1.1659841414704901,1.7089781584888166,1.0227973028846675,1.1304074750402888,1.2450056397145877,1.347906906964987,1.0238742316855058,1.4357331868045553,1.0963807556587815,1.5582614782777242,0.973664054010965,1.3353534216453404,1.2928857708995294,0.8666178429524721,0.9318946074390291,1.120724230288812,1.3649293878354873,1.1555407681313528,1.0155292383740073,0.9700771159823102,1.2342840261684416,1.3211077861118625,1.2718612735211268,1.0200946340266077,0.9648283064217629,1.128799508570151,1.0409729948407564,1.1291485972701807,1.2351875980862084,0.9884641254360208,0.9091023223892514,0.9081416260099623,0.8673800999600435,1.145748019785711,1.1444599619816633,1.4564793903551654,1.168674349223657,1.1630857720822518,0.92426783250556,1.159616955002284,1.3088685203478525,0.9709393521376761,1.0343162529541123,1.3909222659352942,1.3978813623515753,1.1607204362875287,1.6823080366444352,1.2851595779103764,0.9277787241452201,1.041213364395423,1.2814098038303992,1.2905585231088874,1.0038820498999104,0.8936620564294926,0.9531483427273258,1.0147347802081137,0.9745308487284461,0.9915412233605985,1.3389245159720358,1.5424571727277823,1.0873538621376306,1.053480079920021,1.1194594307695327,0.9766812057836568,0.9887245815023394,1.093917154526948,1.1688521280316175,1.2783295543565905,0.9566555021346457,0.9393351853258504,1.6404644928262933,1.2692898660448804,1.4861513756908389,1.0332335423524739,1.5920145289728467,0.8202929420875229,1.0971021713205305,1.3574706206905331,1.055073105081391,1.2886383495782197,1.0369455517378854,1.1896031499445,1.0335357523020265,1.276248573864635,0.9808239197800325,0.84895112412572,0.8938336689216602,1.2735828105016722,1.3580274346632502,1.1679624893214753,0.9380776990316083,0.9840978249342885,0.8373507745469222,0.9552342294917111,0.9461357000281635,0.9905319422126141,1.0316958236211524,1.1703586492783897,0.9204685058572344,1.2428573863024375,1.2366414642136798
KeBlack,0.9669699006491693,0.9774588341762843,0.9156104405054619,0.9996948760600461,1.2272482977811896,0.8747073265202673,0.8894314338292358,0.9301935661632115,0.9612017961171394,0.9874937756894165,1.0700114611855767,1.0408971688606705,0.9782202966261502,1.0421533059937353,1.1978563349297597,1.2522568290945444,1.016319687142435,0.9819311775918954,1.0012333779471136,1.069409079574107,1.0513825371605279,1.0833920169538374,0.9388857251909432,0.8475258044163501,0.9677860002318369,1.0610099276129032,1.131120693088671,1.0917458302210492,1.0159086576921135,1.325517841441197,1.0474026017177296,0.9575654141743822,0.9738050026444895,1.021163237298177,0.9639941782753603,0.874827040266529,1.003377220870657,0.9631493545927156,1.1958421049004875,1.10890575178094,1.1153381927105535,1.1827748491368242,1.0384339289181796,0.9574445683591484,0.9525224959485467,0.9775970326749682,1.2256825921306393,0.9874209540799112,1.439727081199829,0.9321997391386876,1.0903092634169622,0.9394974585554646,1.0638622290068864,1.3586290432979136,1.2132458858684747,1.1832398162531852,1.0970816242173205,1.033821670846641,1.0709981521383198,1.0791815206129962,1.0380480930503977,0.827703642020393,1.2849259000177635,1.212324720122485,1.0153554444246435,1.0093081446974213,0.9787446048523656,1.0805350837387993,0.8227860602806426,0.956030101658136,1.2179782488722635,1.1345194682857267,1.0392382203548232,1.0178136349303202,1.2230599750070885,1.1381582112790283,0.962019846583943,1.10881318865727,1.1874528290358177,1.1043264184545913,1.105352620888475,1.0777905126072083,0.9472290174781228,1.156354951856156,0.9347080781088654,0.998454612599177,0.971698982062983,0.9901352270936296,1.0233443910916684,1.0006452679641589,0.9928002806744651,0.9403692322032339,1.0205593798359927,1.205704458459554,0.0,1.1519069679608405,1.0926671850884773,1.2009222069421346,1.1372638221451536,1.025661936116502,1.0466132267658261,0.960010079464066,1.0038083195288892,1.0130601292116068,0.8833671571763346,0.9335827688510651,0.9928974381904894,0.9719596150039203,0.9825871899043137,0.9521768850307221,0.9242090112221667,1.0892252887688951,0.9733502157968122,1.3155774688907569,0.9019604783936418,1.223524922367487,1.0029207212897981,1.4596637673151087,0.9383533822609945,1.0914414523137426,1.3650790497450787,1.167928779634777,0.9063167648089503,1.2467594231262,1.0071039048949513,1.2629014858321588,1.1577794308454663,1.1112741252185283,1.6140845751662753,0.9827064780888086,1.0930947011982504,0.9226304509214901,1.001498578749058,1.1594857891747077,0.9972549551077297,1.0600802133615026,1.0580107740636704,1.0568801253507158,1.1695929308641335,1.0725035181494018,1.0837048421172548,1.1855365253469108,0.9882077325815445,0.9697630338343931,1.0458766580284653,1.0925882318437603,0.9958690610436204,1.14801351718487,1.1671666846394624,0.9784864978505617,1.0977800026899196,1.2952272790930544,1.1194826401370823,1.1365055217804256,0.9866074759070791,1.1071560441976203,1.2456967293314665,1.040074779523916,0.9636580100225913,1.136179460388726,1.1722179853540378,1.3599266211557859,1.2881099240011027,1.2128483143687416,1.0351852266451154,0.924554023854446,1.169916476268827,0.9604142562261958,0.9841683747761917,0.7973233761344194,1.1309304732451828,1.0403390036447997,1.0626597447051416,0.8373384128226103,1.0073513291741432,1.2700446840020092,1.0616039349806021,1.1381948031022175,0.9998304934413114,0.9618809529165488,1.0448161579230475,0.9263101215346494,1.0532339586113535,1.0392542081839171,1.220458180724547,1.1419760809418578,1.4407019487003452,0.9981073921127405,1.036162458708832,0.9742507730370401,1.2635555347125105,0.9753073059667302,0.8575373851555917,1.193643951492321,1.228344838952104,1.3615391546309856,0.8446033891560691,1.0831618071073692,1.0505833484914864,1.1363029619335379,1.1529597024979772,0.951121921302574,0.9109628812243226,1.0697316961536327,1.0391116497878412,1.1644566521840503,0.9972633723638857,0.9097438373468889,1.057330135452229,1.0543842291036318,1.141191231014568,1.0560994334575884,0.911831564557607,0.967882334327221,0.9802081282038451,0.9902831593526016,1.1154465980291306
Kekra,0.7264420252797239,0.8241320679614744,1.0318052763578374,0.8262843926411634,1.316080633682602,0.860989198945525,1.0800590426105647,0.9156030694880322,0.8586575951669583,1.396922988814233,1.078828701346171,0.9055457118815308,0.7931700428252807,0.8574457798086832,1.2916229056208182,1.1059185945967753,1.0650437289687462,1.0216354810996675,1.2002522159404732,1.0338363271351139,0.9345641445355573,1.004212267561619,0.9504816902267827,1.113904086281836,0.9196765052772592,0.8806369869291006,1.22803934664633,1.0849141858630726,1.0251043850613097,1.199799189575701,0.8500220037948563,1.0374389804039517,1.0712453756814044,0.8919334893406551,0.8291579907551171,1.1845681774894827,0.9974610182236819,1.1109161777646246,1.080650886161331,0.8085738521428951,1.1158531102274318,1.1733096585865204,1.0272281672988204,1.2164356372443323,0.931783227637953,1.0179446051734233,1.0742171876696174,0.8480657532675654,1.509876902551145,0.9935761612701579,1.0199834025702037,0.7904649777671846,1.431581791359475,0.9722834569950831,1.0846224630380468,1.1894329961602397,0.8539092381344837,0.9917678567509696,0.9079366243173577,1.0228029954465934,0.9732097400515163,1.0040014424070767,1.1497121683168237,1.4020001806745994,0.7897846579674849,0.9998751821011328,0.8316719719996393,1.0240219102262365,0.8274196303964914,0.7307652594996097,0.9662908216529531,0.9791693000078667,1.1873471117739636,0.841990660240981,1.0260952316722776,1.0762664449904003,0.9690046988384421,1.3176810809425026,0.8451914786921584,1.0331092128338226,1.1468398419898465,0.9528977877298075,0.9624990293185295,1.0647396344965145,0.9777643742185229,1.102293040603408,0.8655966138509622,0.94455731042247,1.055187706846391,0.9830986156896809,0.9153712054157676,0.8202804900268603,0.9030232954295659,0.9705902736212522,1.1519069679608405,0.0,1.2182978559557482,1.073496989467503,1.1482574421281322,0.8296997916135175,1.0232752688742723,1.1039666391931358,1.202729983897055,0.8251141300675503,1.0403499316542986,0.9271838021127191,1.0021186678679774,1.0966571185221052,0.7895701157944629,1.0572459904619473,1.0574407426686028,1.1671699162022038,0.7970291148121684,1.0750574286739727,0.916752874141631,1.0312607044896758,1.0106564877470858,1.4834263387449822,0.8593357457139064,0.958531855865741,1.002223627988968,1.2657833215961691,0.946033693830616,1.3984051838504437,0.9500060977642686,1.4606433454149412,1.0042616840264844,1.2585163514109714,1.295819751237888,0.9887425784559288,0.8193870700460679,0.9289820879341325,1.2773913902859784,1.0700504785178793,0.8794249250372097,0.9312263783926007,1.0816584025225018,1.1913119429042427,1.2291089753038484,0.9086361403299709,0.856516302498737,1.2014552676164847,0.9624965691418726,0.9536962423882119,1.0210357044559444,1.0413222813504648,0.8168160943784912,0.958606689146322,0.8917533426447765,0.9968997476722553,1.2106550854311318,1.3813860052285543,1.015427631767228,1.0288073636858168,0.8431567925187063,0.9941035008475535,1.143030106602237,0.7905359601838297,0.9168694326874006,1.2691497281097397,1.4875760660774835,1.171427566205779,1.5298623777758338,1.2134114456661418,0.8008335837135099,0.9668093054490686,1.0582223191114903,1.152979035111937,0.9836987727293649,0.8948773013648093,0.8432746796561639,0.9557434510645937,0.8054373190153573,0.8231946041536279,1.1977239382730174,1.4566636434978735,1.0217146290508514,1.0617388532594967,0.9825823463185303,0.8007443252794036,0.9149983924626127,0.9766352546316032,1.0353597473551701,1.1292345219615092,0.9783002405752499,0.979885409908902,1.4203005936355941,1.3915322418034655,1.2817709956905423,1.0236162399540356,1.4530267011230455,0.8126280396951262,1.1339442079288562,1.2811525468806289,1.0077757115669168,1.1021101838953624,0.8030793289618777,1.1703633337385686,0.9860484922112687,1.1761266142600784,0.9465582532463294,0.7805087271861574,0.859968122603657,1.151312988392445,1.0520039712394402,1.0655093101772157,1.0466797140463322,0.8365384361720474,0.9859347269002954,0.9851569650269334,0.8480302983491362,0.9465963316280681,0.805761061127286,1.0200232655878876,0.843304651401623,1.1320781164187586,0.9273932625571377
Kemmler,1.0645354218942193,1.2304298833549387,1.0562478098925039,1.0798023832483628,1.0926226673342585,1.1244087017628117,1.0105694276746378,1.0240338507415183,1.1171597615447795,1.363079981644202,1.134016183705276,1.1787821994391314,1.0834696580542131,1.1961976311190567,1.3822616630581717,1.5142529406892065,1.086987329695661,0.996343982163113,1.1391459946017197,0.9779165770984576,1.1582266073821528,1.228874708771928,0.9072856506584,1.0848001718793698,0.9259156145987074,1.0989063316859655,1.0320944722492131,1.231605751793297,1.2060017728493724,1.2510588882888793,1.0974025289040588,0.8090368947883649,0.8616089483536179,1.1631680273591232,1.0413258138958097,0.884334383231748,0.9956119391091781,1.0032128427203602,1.1984323712552647,1.00764633507909,1.0732664881336176,1.2818264972623838,0.999391069039973,1.3414116014161843,0.7886731330652654,0.9850351963712547,1.2318179733236012,0.9195161652180821,1.1292926848984406,1.1904357961187155,1.0822656222000848,1.1094051780267689,1.2839803564152883,1.39275079989618,1.2010197542510306,1.2530747066574222,1.0858916878006755,1.2227294944139835,1.1075810097119545,1.2161574130666624,0.898893295426885,0.9707016059977543,1.4461273946797193,1.2002159819813547,1.083831665792127,1.0507021345172942,1.1950211383294744,1.1609594612597876,0.9385689600383702,1.0440384935107991,1.271742266543682,1.1625896315469542,1.235881782585282,0.9981044084044939,1.0794612943007218,1.249603207049142,1.103415202998768,1.3117583373689106,1.1130292031597813,0.9545931845084968,1.2181374597651184,0.9309615421210015,0.9748471156409525,1.2119051089468718,1.0563108594302388,1.186709577698874,1.0199318918689233,0.9881068041933048,0.8302612617779851,1.1452421925464649,1.076126382747819,1.0480066046069232,1.0858577586234623,1.20419608433002,1.0926671850884773,1.2182978559557482,0.0,1.2858982370879142,1.1498003378295325,1.0045536278856846,1.2634440129496929,0.9280081008252307,1.0130290170425151,1.113593505854916,1.1776383723263755,0.8824979753551966,1.094350621505866,1.1864936009744549,1.0188874869882694,1.1157903273745036,0.9825404359478469,1.3865784639084102,0.930200371853611,1.1997092234766837,1.0993823666253217,1.0515519786364533,0.8966738404056461,1.334569737706144,0.905706154764421,1.1305811272474942,1.3749081433694408,1.0182510841691839,0.839088477591358,1.3083353564450348,1.3390474349067636,1.2981179436933992,1.3027187052887192,1.2301710703890636,1.6550277277638137,1.1031710326384507,1.090398627384213,1.0339856399724752,1.167816969906564,1.2295611876618435,1.0162980906272066,1.2044266601830758,1.0945283538749673,1.3802925505728334,1.3773090287724836,0.9883425669481226,1.00722196638543,1.3843483158794092,1.1879215095474442,0.9519969392337237,1.1377258449961227,1.2124343375234066,1.0500049542637242,1.097327922112347,1.4081981115818614,1.0607588873278744,1.3494277787201918,1.5030449055024384,1.1848357202844695,0.958454054258057,1.0017368508840754,1.0509316837318408,1.2471531061360641,1.1841506269096167,0.912141338275836,1.3947785723630846,1.1798138616080334,1.357638282299076,1.3691507204280755,1.2472073229360634,1.0089071295185108,1.0151306095157189,1.2562239142606073,0.9578695493231323,1.0712854195395636,0.98185464223149,1.0564310214349708,1.159556675698861,0.9730353877416656,1.031561762225319,1.0200073061714017,1.5379126014715305,1.0552609938853488,1.0538095474959401,1.1636339206957218,0.9646805280662772,1.0820201241383238,1.2758755379899183,1.1129548728972454,1.188163670652488,1.2147992290731457,1.1451841274534151,1.146773256136791,1.0875096543708638,0.9606517292977922,1.0595425442679436,1.2750593544440623,1.147355205590376,0.7478546059053535,1.1207949334009504,1.2570402191862058,1.3474391504262002,0.8506670995412555,1.2294582437657473,0.9157296079267113,1.240309530537778,1.255302885954061,1.0546181518458304,1.0447790434170283,0.9858145019113038,1.1884818616331325,0.9570069631694703,1.0493712673949955,0.9148583509284904,1.1762684479852885,1.109127705692005,1.1530677178928046,0.9661510166329704,1.0119008397754548,0.9861115753433591,1.0643449145924964,0.8695533977905684,1.1550021257449365
Kerchak,0.9182158441359163,0.9594934036956445,1.2405391779723092,0.9811075704786331,1.2977268312382473,0.9372793743105913,1.0508306930223374,1.0328595095382698,0.7956425609732999,1.2676891716649004,1.2135966614415443,1.159341223854495,0.9182036146716577,0.9822442284555772,1.3318119498131111,1.1242400728474664,1.1820359064236425,1.1169556651909331,0.7412300522102142,1.0597836145505481,0.963607056734054,0.9629847065265057,1.102847790151033,1.1469215218299895,0.950392004252436,0.9847443849366545,1.2967567687660664,1.0019093341198408,1.2261283628057753,1.422816947969591,1.1152661330115918,1.0739705425940758,1.2015026432063378,0.9585400244740157,0.9531648376993501,1.2669920684975533,1.1937821864345113,1.2010538018668262,1.3341025533123327,0.9856720869428717,1.2920097010749936,1.1441534929060169,1.096940604284366,1.1207574675605367,1.0771648446257094,1.199646807964414,0.972596828473732,1.0127297964893822,1.7636029179104538,0.9371106709673875,1.0710934498194105,1.037954923693119,1.3833020091630945,1.1977930550049412,0.9380627732937998,1.408788052542954,0.7876184286770083,0.8749674611699606,0.8874281953409457,0.9035853833651156,1.1324708280291231,1.2224927766186295,0.9815827066619801,1.5661407033147363,1.0407297737344403,1.012206865888188,1.0010521541053223,1.1230058546301542,0.9382723138962572,0.9217908698570771,0.9859635093631837,1.116536185975886,1.1296941508587106,0.8847714717756848,1.1753112487779525,1.4148662941127876,0.790018196111257,1.2189100569268556,0.9519127083433271,0.954870897082452,0.9714541059634804,1.198397004321294,1.1474495793732336,1.3930247509130012,1.1526256720840797,1.1636766897135347,1.0223654594500255,0.8946969820872817,1.123081971869609,0.9539468601647036,0.867859387405305,1.0101275985600562,1.0051715765733318,1.0508672894168403,1.2009222069421346,1.073496989467503,1.2858982370879142,0.0,1.2131515789618994,1.0145652825250195,0.9963642973218847,0.9866737706362273,1.3400447598968661,0.9060786047747892,0.8948476307076867,1.1556007552952836,0.8621860038891769,1.1128908942925781,0.8314453242804926,1.0434447898620385,0.9971480037080792,1.2690218370668964,0.9331786218785283,0.9666358737220794,0.9198867277028284,1.184701507135833,1.2347359922593346,1.7611946236662377,1.179803917093364,1.089028484356367,1.2721645034566935,1.4154647284329551,1.0086981470053824,1.3229809025542962,0.9672149074703882,1.494437157214518,0.9568393632624406,1.2491412306007683,1.2648512990485323,1.0098068311503643,0.8702069995062274,1.1074530542748138,1.3407252253748767,1.1887806239438286,0.9075054755878327,0.879466694888659,1.26854622838854,1.0436926052925701,1.2053799466716792,1.171163601417746,0.8544122520220754,1.0968445639119309,1.0294063132008775,1.0337916928878732,1.097493053628732,1.0051545218344815,0.9171665304523561,0.8380823639981436,0.9287514475011921,1.0491654541173432,1.1576369920572906,1.6052598958692323,1.3149937174382513,1.1310408123348938,0.797603695975938,1.0110288379350802,1.2092373202895224,1.1316701122120625,0.899011755566184,1.3842963678444922,1.5200866304972827,1.2890373809669067,1.636560743564123,1.2643668114866424,1.0762251262015392,1.1189510503123812,1.0679672423483064,1.2370508192865675,1.0175802507128695,0.904034594692094,0.8999147852824031,0.8375190129066495,1.032665214214871,1.0001403209551487,1.3705716419115952,1.3886118669301593,1.0352756645618906,1.2798048575440815,1.134959362885366,0.8784268014405527,0.944504221319415,0.9964428828785458,1.0720761635618876,1.2236589288492032,0.9470388466918213,1.0058283454805166,1.562138703206086,1.304053262404183,1.3718744221440575,1.1180418349729886,1.6870985374780085,0.8946135620750685,1.2015340905451397,1.461781439378485,0.9066065570383841,1.4814846030361217,1.0151384692991512,1.1969224503017877,1.0708269843844702,1.2322977686893437,0.9026937403761515,0.8178207247820982,0.9593992979305039,1.2220708722835738,1.115157725967701,1.1965232027655068,0.9631397181129465,0.9099086623052027,1.0576857893084772,0.8020674834205234,1.0564015042345667,0.8764748492875835,0.8198511960879848,1.0228595312078494,0.8021040919837547,1.213584266524178,1.0787669126829758
Kery James,1.0029641872792803,0.958859066428568,1.2174805076114064,0.9647975008491692,1.3658711811522133,1.035012410490436,1.0350549348298557,0.9299172735335527,1.0346580559918783,1.3344836220640763,1.2270025596051828,1.0301520471982217,0.9772129196854981,0.9203994635501906,1.58789790594511,1.2597465443633526,1.2750991934077922,1.1880228217089777,1.1165202471127413,0.9361761573649534,1.1070200265598265,0.9336107594976042,0.8178332692801201,1.0541957798718817,1.0623564531090712,1.0341933533568175,1.204292785577802,1.2178175067732517,1.2214928250362407,1.4078121317482883,1.1494637945506567,0.9440175492114083,1.0773918079739753,1.096848363014747,1.0680767209666648,1.236750054074291,1.0945778321278916,1.2495608648182617,1.1871150333311689,1.1318718876661684,0.9267750670873489,1.1652281310752761,1.0615631601536093,1.35903364508776,0.9246469746708676,1.1921606110099896,1.330802797493635,0.8795450222052973,1.4788413595926913,1.1861699977487357,1.0639989799983836,1.1224607995282854,1.5549763732114916,1.3470809272000428,1.2621485252746536,1.1476833391008625,0.952134590137616,1.2091218456485147,1.2128246204318172,1.1299077593091993,1.0432701114270964,1.0434580445595332,1.4318206461513119,1.2192746379789932,1.0093923163759335,1.0964282147326032,1.2388905873897702,1.2315945809175741,1.01304071434133,0.8468053843021256,1.2356483580055682,1.1132620152495383,1.1285053062922155,0.9269292545813748,1.136154073963814,0.9960585199710885,1.0896063370359872,1.60614919079905,1.1502717460360268,1.0677382326791436,1.1526443092032268,0.9392027298717928,1.0986116610728984,1.0259373580258817,1.0401712857910168,1.2294299383877656,1.0810023659378158,1.0557992002549683,1.1225337134203175,1.082082240364256,0.9956009771845493,0.9034087740638981,1.184118610179764,1.2198504886303627,1.1372638221451536,1.1482574421281322,1.1498003378295325,1.2131515789618994,0.0,1.081187622301841,1.2392369934681395,1.0004999327315176,1.286386692834252,0.9080491440843474,1.1809627968479897,1.0736312480522374,0.9537142789025449,1.2725543701657094,1.0858499286752707,1.1802874013031064,1.183561572841864,1.299911066547359,0.9929506653356306,1.1176571204159151,1.0873038888073028,1.1194358734779954,1.1000376423688367,1.4133659908357818,0.8720466048799923,1.1359733082517334,1.0988099326883292,1.3545689568953776,1.0714061953095246,1.3676069812525138,1.1549800070778646,1.5797336412347234,1.0265756289336363,1.3838322156380178,1.6170293835608114,0.9913367935496666,0.9651254962710286,1.0051452344615965,1.1764098840218273,1.3047100357466306,1.125595900042852,1.166875261754351,1.362024085466269,1.3802497881996347,1.4394159273810543,0.8942540859996936,0.9999060315239493,1.2957450764213625,1.1213957172003155,0.9413856421410555,1.2602611553767347,1.023869729592555,1.032527873812645,1.087243542776041,1.1718913139565226,1.1543643131265073,1.4621029986521519,1.4177983970524861,0.9974940126046529,1.084255212748027,1.0141092656181172,1.2316718086390495,1.0323210759120067,0.9532750777716733,0.9698919679339691,1.3373600754255273,1.5575529301230047,1.1801975270467595,1.4923005872425876,1.1546750443740341,0.8527643380496447,0.880375838443537,1.354511801774304,1.2627019888275013,0.9790902987736513,0.9942681480458707,1.0065230898421393,0.9886706072141288,0.9601477648739641,1.0328401541640624,1.1209250959648767,1.5456658392015967,0.9471771123464037,1.01545747717485,1.1731361019935351,0.9795336486303211,1.0042212446960965,1.1393233088802701,1.1920356482256438,1.0884090152159325,1.0264574416782553,0.9225928757287618,1.5412686769839377,1.2987553301972936,1.264729123118456,0.9596473376759349,1.5083183851929656,1.0050986919244318,1.072492996685629,1.4920248863223369,1.1751809534336095,1.1775576781476778,1.029743971476005,1.32220556818236,1.1133935944202535,1.2806863655785572,1.0633956399459201,0.9711698138743855,1.1070404674216041,1.2634516065051118,1.3124298058128625,0.9605324220668081,1.2219844922255128,0.9870628331128315,1.2220712877914397,0.9812656987426962,1.1461335034370506,0.9665612723101756,0.9625133297041082,1.1118688418309677,1.0723620351596401,1.2120938792151916,1.1763179447675531
Koba LaD,0.7699420976814277,0.7309108877060116,1.0034884174700514,0.8043225473078922,1.1493012972417012,0.7960782320571176,0.9122675822939883,0.8575229838185957,0.7770626491760084,1.287740771204277,1.0924802554206647,1.0321037480337012,0.8495221676721905,0.8972639096609062,1.2173738871199578,1.1756098413651748,1.0137753003581587,1.0158259543085875,1.0090861602472219,0.8489104701960386,0.8604672743896861,1.0917200576772517,0.8066712204079954,0.9758152526549321,0.7741574936059873,0.8901258501596536,1.142639780050965,0.9606843093153707,1.0254492483095328,1.134770331469706,0.8747174137618207,0.8542400782375527,0.9119617337656091,0.7424356488748224,0.838193651078349,1.023886360273828,0.8560435523215463,1.0741600760379677,1.1217533712617032,0.7749952390125245,1.0038589830684819,1.0746977127267676,0.919782475549945,0.9368882275238466,0.7491348656581939,1.0216471078241474,0.8186860579889721,0.7157118990339614,1.387311568896063,0.9912457990064589,0.9319034155536705,0.813391471883843,1.324703125286974,1.135251649498847,0.9385091397256915,1.1859958004213917,0.7419090960958247,0.8852887377720652,0.8607450338321534,0.9371569412853787,0.6912346903208252,0.9351253803730664,1.0133971909282695,1.219923296004576,0.9049298365290251,0.8479555242930914,0.9074723725426427,1.124161518629613,0.6023878511358756,0.8146459286126823,0.9336899436238636,1.065024619959791,1.0619476350536046,0.7196544717173974,0.9595870040883728,1.161337899415564,0.741573385151371,1.047087777456808,0.848752721566071,0.960945972681547,1.0369759670159333,0.7990055033659512,0.9751999502134449,1.0158975835268669,0.9614656957739091,1.0812088821368695,0.7636872534387109,0.7891370365642387,0.8631096856413659,0.876370557857814,0.8220058442300838,0.854170172591877,0.7400960783484066,0.9106531901650051,1.025661936116502,0.8296997916135175,1.0045536278856846,1.0145652825250195,1.081187622301841,0.0,0.8797235275588626,0.88710033969322,1.0913987776790999,0.9777361493560764,0.9207348638849656,0.8581162162016926,0.8614279627392135,1.0496286735787785,0.6754064230149353,0.9987302510145021,0.822281025943155,1.1410717774834735,0.7239458469328897,0.8863926413795533,0.8022080820671648,1.013135222175248,0.9436312118399127,1.477664756859726,0.8361047542028263,0.9276321792271106,1.1558278752287487,1.1274850956952636,0.7884542754457958,1.364079685782868,0.9262909646849977,1.2814090938895488,0.9544351517167335,1.1069000445639345,1.3674335496760412,0.9755615493204172,0.6553439612192427,0.8908521615378795,1.1184579197640219,1.0434459977016266,0.7102584163332605,0.825945376750116,1.0345211848187679,1.1354683588117895,1.1667618452603932,0.8822778270873551,0.6958359272785081,1.0997255623221815,0.9510553629301607,0.8482596953154349,0.9719657565776575,0.9685092630216297,0.5939859598593401,0.8526648273515867,0.9735401350787133,0.8583912520285605,1.1080991250671455,1.3577240499083103,1.0018419142922534,0.8384126965265692,0.6705363093433584,0.9351165607077842,1.1797682113141232,0.8925190400178779,0.7270561121032878,1.2472328508579114,1.1925014860503673,1.1994696244784,1.532679122563573,1.161340780209959,0.8664041915336743,0.8190819893127269,1.1178687879997353,1.0140988982389962,0.7972177478271011,0.7784714919476137,0.6643911734171006,0.717853138885501,0.7352403547693974,0.7706257334295546,1.0742395501836406,1.542608442618635,0.9223025994631565,1.0474991380384036,0.9185123056875131,0.6573669042053711,0.7668361109688168,1.0089597540054813,0.9548053058109157,1.091863001654878,0.8733203563171327,0.8291209623976006,1.3928541946800588,1.228740344806389,1.1708650642891525,0.8757147603860173,1.2176775072104606,0.7039390226591137,0.8664250191460353,1.1849069837319244,0.8201430354776181,1.1775401781860506,0.8134849553424176,1.121534973586851,0.8335652139749066,1.157462953240579,0.8486073596520669,0.7683772909668825,0.7938149433163662,1.0904053544704575,1.1023547061532444,0.9313753658194366,0.9319906687332365,0.7883121661408389,0.9363162786234169,0.8797479212025924,0.7254749697154547,0.6655495638554542,0.8160352919519578,1.0230888259004076,0.6876579949922783,0.9901653377655832,0.8386394653168145
Kodes,0.8986616442652853,0.8705667575574426,1.055667263242439,0.8888152117670894,1.2559583975241877,0.7529564659806738,0.8822715801786678,0.9690591494382861,0.6824286363763079,1.2122907258773532,1.1251447318517271,0.9640363787633054,0.7459833822031897,0.9447906132748158,1.082601812556022,1.1371808271579722,1.100075232076201,0.9397962362421612,1.029057785967827,0.9728520992283891,0.7939598648159428,0.994963264298977,0.9152242741385499,1.0117769092017552,0.8936238848086792,0.9725261357642103,1.215554490355286,0.884354135726428,1.1344861214758521,1.2510583220103504,0.9543996429489764,0.9279080647927774,1.0974702045708278,0.7843418076058878,0.82763455790953,1.1065958795076727,0.9159129403218708,1.1699509327047162,1.16061357662713,0.9250809701312168,1.0870273378277249,0.895020199411891,0.8614657448044505,0.8604407550793305,1.0186971694614866,1.0062264981264275,0.9095914121332231,0.9546474279827241,1.6125390794852115,0.8013531341675669,0.9611987777863313,0.8249726249671596,1.214836393569296,1.1616765172833419,0.9534693763260994,1.2117635590401763,0.8087375855638261,0.9191754456742981,0.7725621527742301,1.0205351648257663,1.0364736578934755,1.079392188929646,0.8604837645348034,1.4644392335333682,0.9165568828387105,0.8693943577696821,0.8199134734480379,1.041834523010261,0.7775285603062414,0.7810679992653203,1.0097542050990933,1.0752295895478434,0.8976836386801026,0.8593980270950308,1.1183707441376698,1.307132157928831,0.8669668655980257,0.9231131490349547,1.0141825446288015,0.9399439616288384,0.7942291175063836,1.1227371420536014,1.1099826945490507,1.216964327706115,1.0119324079081422,1.0684676854809594,0.7333065828540678,0.8191289248429444,0.8653821020918682,0.755564932966773,0.8536467965738329,0.932380390450177,0.9167900120999388,1.0426436200701168,1.0466132267658261,1.0232752688742723,1.2634440129496929,0.9963642973218847,1.2392369934681395,0.8797235275588626,0.0,0.9139193254467464,1.1369107853482954,1.002595653352784,0.8078024406240284,0.937486481795061,0.8258033770570443,0.9809051323175257,0.7571853886517268,0.8519227837201776,0.869594389882877,0.9377198682018183,0.8725726545178748,1.1472711386028884,0.7651818157033653,1.3026719603602148,1.0341076029821872,1.664334535992878,0.9230183808989565,0.9455930833274899,1.2365258390836795,1.2374451583185837,0.8726517940417882,1.165453080703619,0.8638701654338299,1.177766068514671,0.8938780799674529,0.9576453357660804,1.210210356851435,0.8680237382544672,0.8682017913796162,1.0131782714981674,1.1437125103323773,1.1151900703670912,0.7772342826054429,0.855937474280958,0.9701074288519355,1.086484020001884,1.1264006644156783,1.0775155464545767,0.9101369700740226,0.996931217893421,0.8530396821223253,1.0351274629432987,0.9762484970191956,0.9936033601306538,0.7872621313114117,0.9551333479838088,0.7576766523838891,1.0098170133809576,0.9977690341328465,1.3554742499495191,1.1127044033591273,1.1578339402549063,0.8619242365785122,1.1514529432900258,1.111219044438965,1.001495331840666,0.8538552095571208,1.0812677514998996,1.2475747261599157,1.1465052005600938,1.436813259519842,1.253007527174766,1.0237104034640263,0.9358480003436302,0.9571784848753923,0.9655798246102365,0.8584091349952069,0.7429456327399845,0.960942820911497,0.789410508546759,1.0243474419364602,0.8188428998040922,1.1620465558845554,1.2529119492575589,0.9464600965006373,1.1625317876277186,0.9601021515117214,0.8748886656966668,0.8869046768229775,0.8589602178380901,1.0598743753982596,1.1599649471124207,0.9765468919576396,1.0080946135346747,1.5019186284651391,1.1152526396890008,1.2168905075138818,0.9239881967945082,1.2219129796344246,0.7968746811015268,0.9815477339139285,1.149097944467872,0.8506278955864578,1.2879260072352055,0.8132152069735525,1.0723107259278937,0.9546025780499563,1.1098991485687277,0.9998562298967147,0.7707437704762629,0.6363792877544642,1.1483156394456941,0.9259864979258229,1.1454590922293961,0.8025158240207055,0.9250260277695865,0.9051630112068118,0.9475767352563692,0.8286011168352571,0.9825267916241773,0.8547202122512562,0.973355107005074,0.8452221451019508,0.9646676371190691,1.1120289224447228
Kofs,0.8563653098847994,0.9388520629130768,0.9888533640550737,0.8872522959133335,1.0411688458256476,0.7726880287557116,0.8494992730367734,0.8094063187928101,0.7420992278343138,1.1194962598459286,0.7500166705079668,1.0061967828217777,0.6959205811021186,0.9383779281524857,1.1173668675457789,1.2406885051555432,0.9890703594764371,0.8536911426551325,0.8729550688158518,0.9643692610293073,0.79999179220158,0.9148022084291683,0.8168673611730899,0.7925753145435676,0.8727196387761709,0.8870324136451841,0.8231090707315523,1.0039763976887242,0.960197482198199,1.2151920842007193,1.042820017078461,0.6986307927285944,0.8645142864977764,0.7771344464817321,0.7206758517457402,0.8552222350788706,0.925366642014982,0.8499698107830117,1.0703560301207637,0.8749702816463899,0.9236877651362785,1.0170074017913333,0.7987056595431977,1.153783964742505,0.8649572875048516,1.0347698870983117,0.9250740915161757,0.7772983070720243,1.3379871746635648,0.8539156674256998,0.9422299302566445,0.8419074254246045,1.214656129174838,1.2264714320665464,0.9532203858619901,1.0280397543668978,0.6955008630205641,1.0005229587446716,0.9210886178162432,0.9603505478095403,0.9615131490421213,0.8352293929947905,1.0866334308498975,1.2641542286019352,0.8686079605315459,0.8544934260811974,0.9114995710874784,1.024556559911453,0.7944734499496733,0.7952966227081052,1.1602092595637448,0.9915624459217366,0.9004072107558133,0.8192188761094212,1.1096144806281794,1.1009998073598692,0.7886385934775796,1.1388991637497772,0.8401785607825204,0.8830625099443554,0.9048637684598869,0.9312140402014202,0.9692298159019027,1.198475971833865,0.9788534247626621,0.9953379986626093,0.8834074013907457,0.7659476707983618,0.8553184604301147,0.857424615913859,0.8293697055042696,0.8251297919181236,0.9070868534621513,0.9784512955145676,0.960010079464066,1.1039666391931358,0.9280081008252307,0.9866737706362273,1.0004999327315176,0.88710033969322,0.9139193254467464,0.0,1.050718840815753,0.8817032024054153,0.9120756874502466,0.817817130932855,0.6454153288311198,1.1278450379111489,0.8124576445081818,0.7146970257354328,0.8079762671872426,1.1361589659347633,0.9310568804776445,1.0911533600408694,0.8411903170837586,1.0342103157388032,0.9439819223765343,1.37467461281447,0.8892927769391814,1.0974515743482416,1.2759920074571725,1.0608093150213695,0.8649467007756768,1.13289300886889,0.9938517396357686,1.2594124549091659,0.9280659809664965,1.0417810376002006,1.3165584878516972,0.8386824341906564,0.915771321478058,0.8073814509299314,1.0428447043147322,1.0188176451978956,0.8658259847410199,0.838707605904801,1.1186367314547554,1.1363061856127232,1.1394565830757992,0.9069058546631958,0.8250583552014799,1.1423080271620132,0.7374209326778577,0.8633523110854401,1.106892506713393,0.8790745196861525,0.7991449555442697,0.7678068388503284,0.9684214891817029,0.9422450940844759,1.1602266825688807,1.3056053631355302,1.011823852081155,1.1129258138114027,0.7731789655229744,0.8940004708295454,1.1064046109562076,0.9236058497697756,0.6874794391637814,1.1808607096973327,1.102239266655496,1.1450340192722719,1.4223244873605785,1.0916466853450455,0.8638589057691326,0.9456215242678904,1.0948375528729086,0.9242971736604217,0.8065460201522009,0.693506309713401,0.9563902196698031,0.8070485461765596,0.8221441669574884,0.8460839292041029,0.8985253431683898,1.348453012144195,0.8655504435443753,0.8835402364070236,0.9051035845468437,0.8651072022754124,0.8885647342507564,0.9299572251860568,0.9594311231203279,1.028110601315377,0.9294099313227697,0.8636253295883712,1.4168603421403143,0.9003083275463507,1.0083492704566455,0.7879267848056578,1.2491409809849758,0.8858165537844584,0.7507425642979002,1.228431558502679,0.9126315300722543,1.1661424019996252,0.7759425462331571,0.9001950066856785,0.8810892061384945,0.9277368916040274,0.9246643843144835,0.6601955869506834,0.7728434586516638,0.9575419742529604,1.0265864269069835,0.9705783591695739,0.8246404650885392,0.8254989418751137,0.8219993716789603,0.746131915555027,0.9571172931974459,0.8047213981057862,0.8062327079701709,0.8923997685499454,0.859805245373649,0.9328359750333451,0.9860855383609735
Krisy,1.1315100811814063,1.066653848190369,0.9785453668302894,0.9792543073964587,1.1826173663870498,1.0567021925597146,0.999628146474911,1.1829338108999528,1.10181084096974,1.187354421888993,1.0904573683978906,1.0809793758837545,1.0768042167893628,1.1205509077449585,1.1283791964096144,1.4525152392965957,1.0486163464263056,0.9841191368848367,1.1122613573816915,1.043237542186086,1.2143121485375636,1.139172786854587,1.0194055544753424,1.0533435797306514,0.9592307833846528,1.145421837909546,1.013444103067476,1.2256761618293919,1.0474016179086065,1.337121048545698,1.107809796696211,0.7874996624010511,0.8758735463627171,1.1181061749275008,1.002659405405505,0.888158672636408,0.9808775471819522,1.0436036926442602,1.0434468643343353,1.2033345458568376,1.0989471003020348,1.1794016772880789,0.9702079643808555,1.3126961269381283,0.9559131479006681,0.943252139156415,1.2482910933220934,1.0025310388024018,1.4041798175377371,1.1066473170671498,1.2172805155072495,1.0813677579397307,1.1677467080792212,1.4404173034279644,1.195201234066564,1.3087016671361424,1.2048446898239904,1.2977556404946782,1.1491198105436278,1.1447355689572285,1.0552519989617204,0.9459361653304735,1.454039159608988,1.2651499190991462,1.1617652341159397,1.0856497516372865,1.0503817207313038,1.0889086632544354,0.9771549924607768,1.0117892805225408,1.3642046977270714,1.2154579285528273,1.1251463637930434,1.1958589998314857,1.204223915527612,1.259784324131448,1.0916476946987965,1.20435434758176,1.2528506827959092,1.034191353658792,1.0885804758678381,1.0149468587775523,1.0570423184808033,1.1235059720017437,1.1256794592038404,0.9232337020553001,0.9072254543920463,1.0315564008923643,0.9036767199701619,0.9689980373731253,1.1622926079903728,1.001055033738464,1.1517351733437642,1.275872279413818,1.0038083195288892,1.202729983897055,1.0130290170425151,1.3400447598968661,1.286386692834252,1.0913987776790999,1.1369107853482954,1.050718840815753,0.0,1.0717989739791056,1.06207141361935,0.8577074846641796,1.0679984831034195,1.285882180995643,1.1002887815402338,0.989038947210907,1.0206018920598021,1.1590339987726785,1.062452889898066,1.39697793280799,0.9714971829411401,1.263859324041009,1.0179912893944627,1.4196708481851454,0.8883749054964835,1.1107449775522522,1.3537817080139007,1.0841128438177543,0.9238236285969954,1.1474628303529857,1.1967850408230658,1.0615237282942689,1.3113548712536918,1.1774921468867647,1.803835592611088,0.9882365589397288,1.19489725770502,0.9739610143573437,1.0881687690687258,1.3101634241637148,0.8959361160367837,1.1717575365712503,1.0967087359934855,1.4754027694611473,1.2133875805386234,1.0569774201074564,1.0875138997078724,1.434801806286314,1.0827401759011683,0.9455659322248924,1.2384514541938574,1.1971972200781602,1.047795032126111,1.1479217629407819,1.3115547006803452,1.1214409840893578,1.200827338026446,1.211807417813038,1.1343952051812587,1.065242572128902,0.9923790021816585,1.0548376587534312,1.2466016109099136,1.0289787617506176,0.9846418825991372,1.1429577110561164,1.16289845193702,1.3939199172289967,1.3245884284349108,1.1205524892585126,1.0996144643670147,0.8780996054915768,1.1613202825174043,0.9381067884212616,1.1505179929549803,0.9832373581160155,1.1869842802153132,1.2448396322147142,1.144921994085502,1.0703313318077852,1.0704990384359354,1.3683445525798428,1.1194417113325523,1.193120797451527,1.058731293830454,1.0862725678579326,1.200049041515367,1.270907264168429,1.0788541495467647,1.1669368763034718,1.221697742337515,1.1886162151871238,1.3368098947945517,0.9488493317941123,0.8705856378559585,0.938329178585599,1.182554445784495,1.167160230454605,0.8296998288091124,1.0744289425528637,1.3211267174380719,1.3641790251651575,0.8497180044615482,1.1657930669520729,0.85399408282343,1.1425227326439051,1.2785464338339343,0.9854762738477908,1.0518540094594542,0.9788168016626085,1.1711292882182633,1.0239505053814304,0.9878954497951355,0.9840212718132855,1.2621848721667865,1.2742213716961108,1.198267402526377,1.0353836481193917,0.9653469556856248,1.0169853530993747,1.209923329390891,0.9388471687054392,1.1726140940706473
La Fouine,0.7995898993933364,0.9045963381434737,0.9266501244999641,0.7901839571224741,1.2272189218486516,0.7916079310519278,0.8555229571157319,0.8438192225773694,0.7090634057858108,1.2963081603731346,1.068030642520939,0.9239614261472937,0.7232786240257029,0.8333248893557621,1.2035760492879186,1.0062948852388671,1.05350782371126,0.9732590803842723,0.9221756672724837,0.8557422337939694,0.8370727428982518,0.7378905567296831,0.9119819867423693,0.9990179214527829,0.8254729304836907,0.7360319769173725,1.0287664084827295,0.9710450734492123,1.0081462811102782,1.2536092406961559,0.9570132276586285,0.8469698493559317,1.010970557313521,0.8909412864678266,0.7666044148285241,1.1074928933603088,0.9008527102633667,1.0428308829259212,1.0030153684260357,0.7942401200485569,0.9779323472862778,1.0014280374446762,0.8613822792519499,1.0903313456427493,0.8049509388887753,0.9900798917590699,1.0677572521568341,0.7899323501365694,1.556033931208532,0.7679543467259939,0.8456022604580941,0.8228611035758245,1.2815236501499028,0.994373595537719,1.0405583353426016,1.1084621050232757,0.7425576436820269,0.9581468451064752,0.853415209091748,0.8639141698793218,0.9362311439955597,1.0220310779525033,1.0737574481776442,1.361457871002087,0.8399925097359251,0.9339162396221461,0.9181395890774808,0.8937774781215758,0.7886717924463557,0.5960148892665121,1.0219426887330174,0.989634585826223,0.8952151963238385,0.8478078308035332,1.0581574349589955,0.9584807239331202,0.7845964892702587,1.2240376050076642,1.010136205730362,0.8900343001366092,0.8750186363245155,0.9063295880791267,0.9857582553770363,1.022234654099665,0.8433499107307602,0.9685278274799134,0.8668307889245923,0.8805582907340674,1.006155097826751,0.8577071613383954,0.8155408281548706,0.7144031139035565,0.8970809127796762,1.0058541692443685,1.0130601292116068,0.8251141300675503,1.113593505854916,0.9060786047747892,0.9080491440843474,0.9777361493560764,1.002595653352784,0.8817032024054153,1.0717989739791056,0.0,0.9182913282114739,0.849230320824539,0.7522722117468035,1.0943005496426716,0.7424089969581036,0.9121732714921691,0.9212192397040454,1.0600633468345384,0.8728016084620708,0.9553919195274929,0.8425346810887201,0.9990931637855088,0.9488687902343195,1.4349820643511058,0.852197318296218,0.8824702367785261,1.0097139833470747,1.23576371321546,0.9751667229584218,1.1902700962880723,0.8412892105565507,1.3445961147222552,0.8906825953432193,1.0993580250966846,1.2622078647914607,0.7559755066193975,0.7746976997264583,0.7992233011262276,1.0695593998182444,1.1396621623996466,0.8292566784984189,0.8161237516234611,1.1553141926005472,1.0070900161436105,1.2134495048219769,0.8181447552110651,0.8251334470726662,1.0821555172126314,0.8756634518334472,0.7952397007705155,1.096213631484143,0.9908583913517662,0.807098148401275,0.8190326957281346,0.8440966293828059,1.0848060281364489,1.0448881175371623,1.2140072008323683,0.9757910100245725,1.0159083674223093,0.8148068334101456,0.9615398251914591,0.9747610384277746,0.8161623832648393,0.7478588738297215,1.1738964389393842,1.4250378245681614,1.0661647107189955,1.4090178482470948,1.052150512221683,0.7312825577080105,0.9057650815355593,1.051613494880282,1.12045737033296,0.7802679679463487,0.8259809665019365,0.8485075370190288,0.8301509082301962,0.8052103049472041,0.7942996582629747,1.1496976821350828,1.2886165230595956,0.7361161517432984,0.9481752864197414,0.9141384848368778,0.8472522237257927,0.7692609278908517,0.9571667700433689,1.0957381644830426,1.0773193485095567,0.8529164402915774,0.8039726944338283,1.5609569284341305,1.196014212630272,1.1048958284681876,0.7866686704271725,1.3308157370403366,0.843824565551834,0.9118925469298613,1.2016128515179367,1.0009155245273653,1.098620931349457,0.8318719312220746,1.0954848155481307,0.8714982084837782,1.111094223519212,0.9361652009495839,0.6761826058883037,0.8325259352314137,0.9631138067552197,0.9700173288253532,0.8975223009659746,1.066227492742822,0.7573058627910794,0.9523068029118985,0.8178102562807726,0.8931069060119401,0.8449348373826837,0.6999909224759766,0.8572690534283164,0.8309622748928004,1.0777983598392038,0.9710769464167618
La Fève,0.8934592017560974,0.8418958853496481,0.9781355092023929,0.8830133893036135,1.264250316135864,0.7710306669212662,0.8044824494879819,0.8716618480703185,0.6890522175827143,1.1121000894143434,1.0663247122623873,0.9366981921987736,0.7870560091052582,0.8708598035515928,1.1388334733045795,0.9764722570268675,1.1264558359185608,0.9391524851550878,0.8638255656913988,0.8874027485407151,0.7715377337821873,0.9598294624741115,0.8687126793047323,0.9686825613816882,0.8202830414795437,0.9895784030569494,1.143336894759968,1.0766851896081613,1.0248720859692497,1.2438150059788604,0.9756873190096532,0.8836614162881905,1.0003038580940269,0.723276273330656,0.8102945216395909,1.0674536253401965,0.9357412244817339,1.0168497938301473,1.1076620954817071,0.8724776145067257,1.0196409468770824,0.9417015177303518,0.8741255300092864,0.9037232161395887,0.9918980640734837,0.9702717734135304,0.970500552453555,0.888507167074316,1.5994669434179856,0.8829875190915353,0.8978262027401143,0.8608215372272732,1.2340576300944814,1.1292850749027095,0.9745790947227628,1.205183794570296,0.8476948585480879,0.7744383722479792,0.7823656303558024,0.970888235095194,1.0057923117268097,0.9818436337106664,1.0424044570888236,1.376896823579466,0.9203861788771548,0.8542666692260709,0.8228873405352044,0.9315495896839956,0.8098032778125904,0.7683834710762949,1.0285835011348772,1.0135752922651275,0.8719032639393771,0.8012152510573497,1.0445595666582934,1.2308686155720228,0.8326848529788137,0.832376943153449,1.0765052910900408,0.9622556229241878,0.9667841062134799,1.0322421873495384,0.9279943816873994,1.1709858972379352,0.9469086489034049,0.864848046941276,0.7293070018391471,0.8610984409990494,0.9937566499878829,0.7898015816436914,0.7068795956836885,0.9473885849754752,1.0181966689211726,1.0077182371725348,0.8833671571763346,1.0403499316542986,1.1776383723263755,0.8948476307076867,1.1809627968479897,0.9207348638849656,0.8078024406240284,0.9120756874502466,1.06207141361935,0.9182913282114739,0.0,0.9181793387857737,0.7463805953269294,0.9765361811057474,0.7262712050586292,0.936011251966719,0.7996547671249601,1.063535059044375,0.8639043118248341,0.9814851817316431,0.7541473473733568,1.1528955721496386,0.9537356068133085,1.5493449897243259,0.8896816481453705,0.8732855047322755,1.1675957361156934,1.2718694852791375,0.7971011214222365,1.241756800298709,0.7567477271731081,1.303576364941508,1.0068117981734017,1.0561037470834937,1.4369104080855037,0.7697854364945946,0.8541720367139095,1.005344832665294,0.9726969459005954,1.0498718462074879,0.7152506705523016,0.8415874328229385,1.127581774634734,1.0076172233759306,1.1200676926441682,1.0139255061774044,0.9142201978448233,0.9358909357659364,0.8697425723894554,0.8966375336834573,1.053546189823303,1.0605532809304963,0.753943265679847,0.9389684105611672,0.9331236123932407,0.9572129973591125,0.9419812662467908,1.258751553369076,0.9891371506965221,1.102612439885412,0.7074041029673253,1.025149409918557,1.0744830663036558,1.0271880803451503,0.8186644884941576,1.0185333071279943,1.3448063652744155,1.0924897161860734,1.3941378278089438,1.1459807755804485,0.9517559400049439,0.9008652136840399,1.1270343957597613,0.940878440622171,0.8171117060720622,0.6935659883997772,0.9459552261492165,0.8095492028634923,1.065903230423741,0.807461271486822,1.1490461556985592,1.135043407462886,0.8515458009379689,1.0608920074662536,0.8565484258981274,0.8411310978666976,0.931010240967949,0.9474893082042987,0.9981556805487677,1.0659814533966798,0.909142852109514,0.796489862558009,1.5188286829645754,1.1561581532516414,1.1926395276105546,0.8011625988270157,1.2910665467428073,0.739275715670011,1.0487147895525102,1.2291495893107771,0.9645847370144867,1.20958357478368,0.7771935886322399,1.0552761935739672,0.9016903707120718,1.114421448825154,0.9354690802959641,0.8085693025548395,0.628371281887408,1.1117991853019353,0.8702081464212561,1.0993271594565428,0.8227817426139993,0.8446946426824661,0.8756737262642255,0.8258415452819702,1.0289540736472351,0.8533027208338955,0.6828927674772561,0.8275958800434281,0.8377741627721946,0.9696246563848131,0.9606664280013691
Lacraps,0.875375390472762,0.960860813972575,0.7462536879636769,0.8597178271734297,0.999298890366737,0.8239977595164096,0.8584510011348119,0.8912376272078429,0.8642342743469965,1.110508376047386,1.009179041669129,0.8753706993723704,0.7368715636033911,0.9191533436584097,1.0587088137094083,1.213497600318406,0.8678104927616197,0.7506310930545603,1.0372822265648713,0.7509839163146365,0.9160656541361408,1.0609625209066273,0.8402365780610601,0.9225799808077937,0.728816876364306,0.8867260608793305,0.9445057034854155,0.9531345136471391,0.9892252674304978,1.0679840747953013,0.894323545329885,0.7190965441268454,0.7851114644614963,0.9342627877444755,0.7847681956197671,0.9451122051636491,0.8460046976757082,0.9018996139805843,0.7859819603237086,0.8492518248733126,0.8914492230321056,0.9816624354497899,0.6708678419355795,1.1411199745829725,0.7613965386272052,0.8412055023132521,0.9667813023397858,0.7792719528221196,1.3391390195761093,0.8914535579075976,0.9715335151547747,0.7923243044055327,1.142981044912606,1.2288853262634871,1.005683574709352,0.9728533162022285,0.8801979955518913,1.042808385909629,0.9187994926085065,1.0827861926467832,0.8108808030095591,0.820382451751069,1.1694340447989846,1.1281512463495496,0.8467953835339362,0.8290023780903564,0.8996035708696634,1.0554356973893841,0.7234026447696557,0.8096062633040183,1.0898938047511288,0.9867088652183852,0.7749265886493188,0.8598695304577366,0.9398171828907009,1.0498733665796858,0.8871970504176112,1.135587578689105,1.0047230150479833,0.8935871570938787,0.8436047371067843,0.8756359842843735,0.8826404163564097,1.048075166492133,0.92078334103981,0.9084470685744823,0.8369676054742132,0.8119283702466511,0.6514424544062177,0.793614233847668,0.8361224870287824,0.8557655722918898,0.861907454515827,1.0211649347231644,0.9335827688510651,0.9271838021127191,0.8824979753551966,1.1556007552952836,1.0736312480522374,0.8581162162016926,0.937486481795061,0.817817130932855,0.8577074846641796,0.849230320824539,0.9181793387857737,0.0,0.8228977212744742,1.0172703997982326,0.837946102456775,0.7604983596829381,0.8215127104585026,1.031212717727808,0.7605101523096756,1.1445664795429182,0.8812432850427566,1.11181119205396,0.7984536493412271,1.3866125475963917,0.693140409604182,0.9232600723905056,1.1416593598383498,1.0962328302216875,0.7332682376815164,1.050326193349978,1.040578393754286,1.081632375350338,1.0980914291947785,1.0105634648435657,1.4286770315606405,0.8851315032096203,0.9293408968936955,0.8826785358429138,0.9931665524750932,1.1097998114050844,0.8481725986405251,0.9099109363375013,0.9011887512708507,1.1732027026362124,0.9810629684787225,0.8622122137909848,0.8116815880358775,1.1485092113198556,0.9063282542100365,0.9588005941897719,1.1029903746246925,0.8796535146472398,0.7613193669863759,0.8539253423607143,1.0595530036914484,0.8887518170208156,1.148097841918971,1.1303824111103802,1.021518349117132,0.9587172989360792,0.7559837903679412,0.9919751468471616,1.0412806941213524,0.8708180475928013,0.7609940605679193,0.9727537652718293,1.1517470730088748,1.1501395499949092,1.1872588881982065,1.110899728195486,0.8688975108867774,0.7614455173103213,1.0677695392887105,0.7393853998381626,0.8069821951800626,0.7545030130341304,0.871898822047979,0.9306325594663061,0.8365916705789801,0.8525089346559457,0.7864493886539574,1.3220091349872307,0.8965459843447708,0.9980964701879113,0.9613227083231266,0.8546831057105571,0.9258027598083491,1.0464507493688286,1.0196811816529132,0.9236189046206017,1.0345992993286457,0.8940588993765194,1.3004121947220129,0.9214514336673904,0.9411730066239687,0.7553045496163548,1.071696642100897,0.968849624645728,0.730974455496357,0.9542755592210878,0.9548371829005446,1.172165327464258,0.6389877248469629,1.021555258231501,0.6899376060879552,1.0661496983753869,1.0509552478526218,0.7386406176885226,0.7409720926346973,0.7999076572236468,1.0123007059658842,0.9230810942719287,0.8015011481318554,0.7610774172019333,0.9645729349237219,0.9590853987855831,0.870896505552609,0.8062162560003638,0.8097417709665222,0.885566337790957,0.8624780124793194,0.854496378771924,1.018482312098876
Lacrim,0.7867544295815264,0.8040064026582896,0.9591559638008895,0.794287162199195,1.1284824015415709,0.783335088893373,0.8104022167063881,0.7505796649567199,0.5861446929428108,1.1775568808668055,0.9577597929499049,0.8133129903183739,0.631537297757034,0.7304873392167424,1.1453962476206783,1.0067565499255346,1.0669552873707133,0.9890359668545571,0.7950310387739628,0.8882109839315544,0.7954089111472927,0.8457415323169347,0.7967102174522668,0.8901896790600474,0.8358854961645424,0.8063916837960082,1.1494243816329577,0.8844381339941033,0.9253258373479869,1.1785400163572939,1.0006580583964395,0.8396515632719775,0.9356642505972025,0.8149628547238176,0.7726227580770485,1.0825582339579756,0.933266117086485,1.0396498729202313,1.0364602628239408,0.734254635493688,0.8852932888435173,0.978179735737871,0.8512415747260043,1.003899562128957,0.8619183419170934,1.0129710978025188,0.833754427127855,0.7335638517758795,1.4995482436009153,0.8640723969428663,0.8848143355855765,0.8173003414155265,1.2848490306624336,1.1167486596568763,0.9125988670900207,1.1302014013158888,0.6412732301729981,0.8683042974110442,0.8238551885201884,0.9632060131219444,0.9177750688599106,0.9247185292560118,0.9491730555597897,1.2406122195293712,0.860417739762656,0.8137174824643535,0.833038462131378,1.0022330790307594,0.7472586343099241,0.7070502015715134,0.9910135781240057,0.9403722224840266,0.759530848878621,0.7580278445599169,0.9187190434609445,1.058625236802518,0.7270303955560381,1.0959933089829492,0.9289099947965082,0.839499599197049,0.8007918902918825,0.9448061971039876,0.8967773956927213,0.9902353190792739,0.9004729609556343,0.9562145828213079,0.7873113995719305,0.7856751936909273,0.8783530928258094,0.8209694749406747,0.6872593418605846,0.8315677201649866,0.8422553027653502,0.9038727044979347,0.9928974381904894,1.0021186678679774,1.094350621505866,0.8621860038891769,0.9537142789025449,0.8614279627392135,0.8258033770570443,0.6454153288311198,1.0679984831034195,0.7522722117468035,0.7463805953269294,0.8228977212744742,0.0,0.958220916341933,0.713977072869376,0.7768840003784898,0.7976370878447822,0.9537053900844211,0.885560337052426,0.9219062317953676,0.8288717379891266,1.069759776632803,0.9184921182058414,1.46083688199939,0.7975869855193651,0.8563156887796967,1.008677247583399,1.1941649009711168,0.8887116622897274,1.0744260047406065,0.8095043992701272,1.3398556586338055,0.8939127632839756,1.09077541679238,1.3172907919438914,0.690975713786533,0.7811848443012237,0.9480387732625425,0.96693820668646,1.0948403772294413,0.7890331438824532,0.7742524969294992,1.1262177961381346,1.087213443377703,1.2160194262375918,0.8678532835351542,0.8730259396092606,1.0711619512285515,0.8662410365440985,0.8166164992058582,1.0138014382927687,0.9178967562172285,0.7456017190904958,0.7451616135582533,0.7805064272987746,0.9738847150901558,1.0436568357694382,1.149496554139741,0.9878396296095879,0.9810413359897244,0.735001214091517,0.9123741374055737,1.107201135009223,0.8909973011022717,0.714365382491311,0.989343820413917,1.330602900019086,1.0245983207869154,1.3941629738162815,1.067242408723576,0.7972257398258636,0.7708881163189559,1.1476025904283675,1.039113557090109,0.7432599597513657,0.6782463943631032,0.854491587989762,0.714457066150167,0.7933119062345381,0.7714019578688905,1.0599791760296242,1.2072226744449182,0.7745401448300054,0.895465247198805,0.8228133313144842,0.8233473914099871,0.7695543737969682,0.9098678221107875,0.9648663852233018,1.035384879246349,0.7535244952427459,0.6423187671270638,1.40256765710473,1.1745982396213945,1.1704449959305945,0.70422940483104,1.2456790998123828,0.7747395258126584,0.913083106041049,1.2592256959769996,0.8590041912759545,1.1046040643598867,0.6968941429485351,1.0321546084730178,0.8735069671496075,0.9712851794971521,0.8947653897241384,0.6577049522643531,0.7256892518714629,1.004140569497435,0.9888713046583741,1.0111221592145858,0.8063188016344799,0.7346738273535731,0.8543254163494663,0.7075516016146436,0.8077933005448127,0.7542015719946193,0.7189670520719624,0.9009131952280172,0.8157940319246649,1.0463225959346694,0.94249497142229
Lala &ce,0.9640888496375624,1.0004348200016628,1.004813611537401,1.001139065231981,1.414116442619479,1.077376726605801,0.9227992871842698,0.9998629690118402,0.9410491334621156,1.3221581281582397,1.1283739883829236,1.0062518393889663,0.9523699139054337,1.0615075627105315,1.2537226388873328,1.0439410781740663,1.1611894096615716,1.1381622967402873,1.1432671811965676,1.1402403514402202,0.9439243039473234,1.2156657083532656,1.1509614350109751,1.050749046783137,1.0360380684553403,1.015686081733402,1.2801172144934516,1.1029370856216654,1.1531626051282435,1.1141066776255644,1.0111099297119728,1.1074995405544628,1.1536836255106764,0.9584585930376117,0.9954714000104284,1.024795227957565,0.9811389841675144,1.143713353784434,1.405908368595666,1.0465191857915264,1.22416481965764,1.3655229611576714,1.0965255585044906,1.0335569031567575,1.0810604807461803,0.9980704051157961,1.1719273816820992,0.9860010994610483,1.6526575255495586,1.064802625318312,1.0393993523526557,0.9574671470460339,1.1257672502841634,1.231077689366934,1.292845323914438,1.456239629661365,1.0144115797280995,0.9147715814929698,1.109697314114923,1.1778200906110363,1.1580459581665787,1.0303532735693446,1.1842154029186824,1.5025844081280153,0.9083423548873507,1.1706868897381133,0.9525991789671543,0.9097969359680774,0.9169955078485952,1.0162482579689576,1.1412160434644816,1.2074790322843194,1.1017212981421172,1.007803781424091,1.0230892077878802,1.4717930053983659,1.1614741409260132,1.0117413245750724,1.166823215014312,1.1606898703465354,1.0842234262597636,1.1526545720431365,0.9601679082829626,1.1146980358436078,1.0534412975220704,1.0251738772571786,0.8719072814458386,1.0329387694163317,1.062672520634237,1.090022348028185,1.0155829591669772,0.8634873548658436,1.098506714112756,1.240771717517639,0.9719596150039203,1.0966571185221052,1.1864936009744549,1.1128908942925781,1.2725543701657094,1.0496286735787785,0.9809051323175257,1.1278450379111489,1.285882180995643,1.0943005496426716,0.9765361811057474,1.0172703997982326,0.958220916341933,0.0,0.9084426879328308,1.008482821486095,0.9280020210390504,1.180917039887792,0.8960168504717516,1.225814978646711,0.9383319010730241,1.3322400132190142,1.0067218277647731,1.7010596270020188,0.9778402298469179,0.9767828945241362,1.2718299666074235,1.2821105884134616,1.0075372989309208,1.2512379297465044,0.963644556892141,1.2836017117594685,1.0803699590396392,1.0646275994395702,1.6155739962273534,1.1565562308889599,1.0328975570883019,0.9834421704858664,1.24390311640039,1.1337099808070075,0.8549095087178634,1.1742747502281297,1.0657206952749645,1.125198746542837,1.2685493260401584,1.2828535984158393,1.1194602298359666,1.146646294492284,1.0764079226597483,1.162757131900806,0.9348530038830624,1.3552986734974988,0.9736870309558544,1.1256418226938165,1.0662293602803634,1.039712167600144,1.0038666292392564,1.5398419072686287,1.2963869984218006,1.2567910640029796,1.032350364916315,1.222518888332729,1.4064718659762598,1.2045285161381882,0.9030278778811993,1.0984036068725442,1.1680286641547368,1.249088787789451,1.4669964621914375,1.3281492465534042,1.0467081472046915,1.1174847655110574,1.0534687703370027,1.0918714084813794,0.9480349739878675,0.8044215137876073,1.0609041047353174,0.9092580060305067,1.1189258565720133,0.8278168586845157,1.2496838609969272,1.1175328712249537,1.1264666216707402,1.3417895983067247,1.0582405771533319,0.8380555058235303,1.023650248983265,0.88269220208089,1.0249053327883049,1.312833622485931,1.2689520121675046,1.1353030460077216,1.3775499898176358,1.1530113692318187,1.2435905017929074,1.1359344629358261,1.3446693622676469,0.9012265775471959,1.0789603811992465,1.1780751388484385,1.086814933405497,1.4120200270918224,0.8356118606212477,1.1726074572656844,1.178024338343594,1.2329304946795134,1.1065248773874028,0.9725109076207592,0.8581060827282218,1.264434253043889,0.8121708139353097,1.221551481680972,0.9790609527659221,0.9370334260222056,1.0833929731959324,0.9964425280969539,1.110091977858501,1.1248522633796931,0.845974921854756,0.969902706674259,1.0261064910101583,0.9244463516419533,1.0694838903721557
Landy,0.7149492859625493,0.730909204610927,0.9318339511975844,0.7169095402612392,1.1408221757339054,0.6858346287145859,0.7831749289463545,0.7888243690183717,0.6449362479137548,1.2297086904705177,0.9480986377552036,0.9890890902472755,0.6032604796356291,0.848788778009854,1.1405291977865792,0.9518120313466631,0.9549977356689392,0.8345330419909665,0.8785819236419701,0.8979418855637146,0.6722349100886436,0.9232493006443672,0.8089600959725942,0.9807808777264242,0.6759232840498289,0.7932446908891199,0.9662336026174223,0.8648199786195832,0.8813567244395856,1.0856527235449915,0.7914823791857457,0.8266510886074863,0.9588792860294931,0.6681600671996208,0.6128584475695891,0.9918018209717455,0.7659815256885752,1.0445498429394866,1.1008213079771976,0.6709634149340066,1.0091394921064902,0.9621622829962763,0.7546260064436597,0.8296079509775317,0.8194538416940463,0.9566338503532489,0.7925717892247742,0.7297583595817465,1.5061316849403044,0.751322422267479,0.7370654688170037,0.5908557969951775,1.2127938690418532,1.023346325561709,0.8169363671337636,1.2016894478918592,0.6848224713346547,0.7534808218673654,0.6178128858575782,0.8866591804398265,0.9090524743095724,0.9334210498331348,0.9195082046759527,1.374282063423675,0.8261189621013053,0.8444559411655366,0.6355503406025083,0.89907149798215,0.6271821479911543,0.6255098314825549,0.8294864558055391,1.0028525497977563,0.8001673409144878,0.6043152155457332,0.9883483018130502,1.2096213587120954,0.7420995678174769,0.9139448043790357,0.759506531600653,0.8013040441032285,0.8781585896391969,0.8387714699294978,0.9868663679229761,1.1042641937955586,0.8669799481119966,0.9229001728213249,0.67415262905084,0.6910586299804222,0.8348090638753195,0.7607552391631025,0.6734313852257056,0.7287222035028775,0.7951152140841711,0.8518505031809596,0.9825871899043137,0.7895701157944629,1.0188874869882694,0.8314453242804926,1.0858499286752707,0.6754064230149353,0.7571853886517268,0.8124576445081818,1.1002887815402338,0.7424089969581036,0.7262712050586292,0.837946102456775,0.713977072869376,0.9084426879328308,0.0,0.8823157636430118,0.8085132760514806,0.9540616605882929,0.6755447336669598,0.8666228794090098,0.6342528866976758,1.0526209938613356,0.9061071728296816,1.5557476381855322,0.7954944823835688,0.7840685593101578,1.0665859094750485,1.133570109176915,0.7271917438284874,1.1855691556716097,0.7753523598910693,1.2509689493218146,0.8333389533440841,1.0069246874447773,1.2434416436526843,0.8028691442396769,0.6577060328206505,0.8537656864686721,1.1131994352790022,1.0267930516717596,0.5998751978377594,0.8044625374702282,0.9225676672593408,0.8896598144625432,1.1378575340480126,0.8688173230126334,0.6623466198037211,0.9844542231886112,0.7304506429217444,0.8483940790733446,0.869173251987355,0.9332331841533329,0.6130545995316515,0.7394176883878552,0.6794279048579579,0.9968829848292887,0.9455850834002959,1.2148571961573398,0.9871727849401686,0.942706536752235,0.6241352304195881,0.862751538582884,1.0660162010950935,0.8916182442985772,0.7022710899256027,1.1414234604428994,1.2722812965900647,0.8981644052665841,1.474535839074661,1.1515972210371939,0.7812038250802825,0.8879515105474254,0.9047859226426174,1.0227597009829312,0.7050550752702223,0.5822721590711477,0.6895936028475167,0.5413066983165141,0.8132368216917049,0.6778616854707172,1.1650497497523002,1.2347060912103667,0.8104937129659184,1.0373103213222075,0.7617877468294819,0.7116247542233256,0.6967319081042687,0.8570226548557116,0.8887827572246927,1.0665231281240957,0.789573121834827,0.8643752792203728,1.426621440414276,1.084853286894547,1.23665607513897,0.8238009400980844,1.2635216292246965,0.5870999447423451,0.9067155556720266,1.0953668522565505,0.7473197440253639,1.139707902805103,0.6901875815308571,1.048916630370317,0.8540923505699868,0.9916355497196899,0.7350948195424223,0.5712302065740569,0.5887063944544555,0.983514432160418,0.910759477415903,0.9673918085100927,0.7242096528716649,0.806798907936091,0.8582884094485298,0.7887350892904251,0.718196165027551,0.7043557455192453,0.6439473854278815,0.8206250886972324,0.6675750417569989,0.9057908117179507,0.9083116897819307
Lartiste,0.8457134707460962,1.0345594637190858,0.9233385483366486,1.0033806008890709,1.0982086452662576,0.8136105295326338,0.973708801473062,0.8353944402886462,0.7045866707438638,0.9457247181694356,0.9519957538187994,0.9600814635196357,0.6874287250468333,1.0324452114691343,0.8046865759871225,1.302826149353776,0.8250677169540187,0.8446835465335579,0.9420975193146552,0.9710659047280877,0.8296502516627103,0.959126959682246,0.9887656454080648,0.7575894371028217,0.9598774612358043,0.8765770015527795,0.9826153686355688,0.9840093357830983,1.0378356867918848,1.2529470423780935,1.1446829912493899,0.8548510109171297,0.9759012545987589,0.9069801163586125,0.7855102990836241,0.9028409088142701,0.9769149303377418,0.8710965726353828,1.0729210455777747,1.0559471016180078,1.0124949242948116,0.844880658053592,0.7762620702131628,1.1030797499783718,0.9985758553605987,0.9776045901972714,0.9346047271749711,1.0035162962938684,1.5710083281497018,0.7453701176815919,1.04600440586984,0.9784855708461371,1.0180521825979922,1.3128115672350944,1.0676928434459934,1.0391637901640005,0.798050442050669,1.0355682837508702,0.9166234228608484,1.037806216968444,1.1253537084396767,0.9641668542996782,0.9988187572745203,1.3269264817207047,0.9292919464691507,0.8650050172852833,0.9229858885547231,1.0282018751939015,0.9064718715921161,0.9322976577184355,1.2091144221371068,1.1655591325978447,0.8641121618668138,0.9542829996555223,1.2216387922503449,1.2123059638596565,0.913792099863688,1.0865314944830489,1.0119470274393405,0.996680442100191,0.8296919199290407,1.09137233915386,1.067024108566771,1.214693930097534,1.0375459822435926,0.9993063265920682,1.005782316450175,0.8332470176484825,0.8794469190468718,0.8818028495814105,0.9274697306282417,0.8487089979087682,0.9064375188088043,1.066412692563498,0.9521768850307221,1.0572459904619473,1.1157903273745036,1.0434447898620385,1.1802874013031064,0.9987302510145021,0.8519227837201776,0.7146970257354328,0.989038947210907,0.9121732714921691,0.936011251966719,0.7604983596829381,0.7768840003784898,1.008482821486095,0.8823157636430118,0.0,0.794689632735357,0.9945388167788468,1.0401431565275427,1.1922553350507037,0.9683539811165164,1.1522377270880095,1.0965276509351822,1.5644545566149177,0.9685209978090584,1.115875096531565,1.30463809642021,1.2425988562204027,0.9245921993455205,0.9979916192253936,1.0498287602479293,1.068518741181218,0.9180110178640946,0.9904210992087896,1.3082736449367867,0.952209008344839,0.8818148442932664,0.9178776150805587,1.0775273904267797,1.0060773691952045,0.9196580675872109,0.9097995174057888,0.9520707498727238,1.1339025317027764,0.9429214958652857,1.0555154238335898,0.9282986493855779,1.080892912203987,0.7449865011038416,1.009374811104794,1.1001767345357782,0.9355527526551909,0.8764814832243737,0.9398823170376173,0.8638998197945572,1.0359871691105604,1.04156693582227,1.2395870530495594,1.1055405389552908,1.203639010394729,0.9945289225747159,1.0522160189594232,1.06114292797787,1.0106513608731602,0.7917082812034809,0.9432014633047868,1.0795648753379823,1.3132161309612806,1.2329267752480866,1.2330188604562244,0.9586549035220181,0.9717723256413343,1.1478114418175065,0.9567586898209868,0.8875395587854623,0.7656548855640245,1.1098094597540047,0.9238279224644604,1.0011423092511798,0.8419455862840786,0.9378709609668872,1.1740281476639174,0.9941987453934942,1.0623484855512408,0.9542647810410162,0.9686253385071716,0.9753524994731813,0.878690961057843,1.1151554677119966,1.096082388725481,1.0789081404011298,1.0876975795535186,1.527874886057689,0.8413129700456943,1.0764330889317835,0.9113538393171022,1.2259800944658512,0.9408529873643192,0.8423691589935298,1.1068508114924065,0.9314332398475659,1.3927425494558234,0.8432153053757538,0.8342161904140326,0.8424901565221145,1.0114963133526005,1.0572098516022364,0.7206187309819403,0.7288000078824347,0.9526954709264757,0.9781532511769622,1.0627000145369043,0.8288629595924167,0.9058849122615965,1.0097244476038951,0.8986458100937523,1.0883401789702434,1.0488610663418882,0.8997629946628277,0.9383215590404052,0.9755954635380145,0.9643690695122143,1.1100804236688082
Laylow,0.8870758919698493,0.9641349902481509,0.9603322435418917,0.8646299462190675,1.103782165864757,0.7469473241515587,0.8839511935148162,0.9138601384252574,0.7157509753993885,1.1250319647203049,1.017058475850044,0.9971829002214385,0.7981833528891239,1.0400981661803341,1.0152950656280415,1.1428054648038484,0.8747793152458173,0.9379151098543432,0.9157008537958877,0.8611733033777125,0.8576309021811196,1.0590597929183667,0.982768859479407,0.8259567309644518,0.840799288439361,0.8432737099725187,1.0561755176723266,0.8706335155226422,0.9885843471932855,1.0295179847693001,1.0138060265119568,0.822964064646134,0.9966008216612336,0.7981831512026477,0.8348821441264906,0.8707620067594192,0.8377193195149188,0.9450025757701773,1.1599413464333876,0.8968681715301688,1.0838291025616902,1.0424161763176563,0.8234534916237073,0.9001343720484158,0.9268723304483029,0.8867761681947635,0.8633025250653804,0.7930685504236661,1.4037717660970643,0.9233568911501934,1.0146212785484863,0.9648309877317044,1.0234226491214076,1.2484682299394847,0.9956303464315163,1.152134905884222,0.8758607602688312,0.839428021658483,0.8641126786152724,1.0698404440699436,0.9068443389617165,0.8024582190663268,1.1281186679785868,1.396644125472526,0.9135837257458903,0.8505116894487151,0.8056606473056876,0.9835258198245364,0.7215471898953872,0.8516994790193491,1.1041395784278705,1.1384760209869698,0.9051120883038467,0.851146771285951,1.1197518890553841,1.2438865496248885,0.8348864831530065,0.9690043763759767,0.8878414560715147,0.9063935495803147,0.8411142609122916,1.043626600175916,0.9836883236130806,1.2296676903836945,0.9779733871700713,0.9512598593570534,0.8110153603112628,0.783584622360875,0.8277039438131468,0.8957663287322698,0.8272616089752023,0.8511342216146804,0.9104633378294357,1.0415992535329304,0.9242090112221667,1.0574407426686028,0.9825404359478469,0.9971480037080792,1.183561572841864,0.822281025943155,0.869594389882877,0.8079762671872426,1.0206018920598021,0.9212192397040454,0.7996547671249601,0.8215127104585026,0.7976370878447822,0.9280020210390504,0.8085132760514806,0.794689632735357,0.0,1.0280317983686027,0.7797790682117675,1.1179922098804924,0.8700415862558605,1.1485767845115424,0.9156703309330351,1.6179190790729612,0.8606333739345812,0.9362202754220138,1.2854584780355587,1.1877234834643995,0.733952528725532,1.1063464159592589,0.8715393487515943,1.0442668728001823,0.9987135612153133,0.963727518674666,1.3724619027000615,0.8344277406238549,0.878533774175516,0.9255794707670244,1.087617238251982,1.008870182318726,0.6773868882564287,0.9449968552191453,0.9436262232234605,1.0390700951667056,1.0966551904446815,1.049268221035756,0.8926120711602503,1.0672488390370967,0.861951822576197,0.9482263331867763,1.0313608966660828,0.9743052656941025,0.8431758993582924,0.8850042984367186,0.9773396211552822,0.911816440972051,0.9461712619401265,1.2992328602247298,1.093940605532614,0.9370028992568336,0.7838795878824105,0.8183829275241695,1.1077662175303922,1.0219164960734468,0.731885916049194,1.0646350567486165,1.138888056501736,1.2581525609360928,1.286285403383722,1.1761912933763468,0.9732908304799953,0.8494081793658925,1.1089221071536217,0.7998755548141072,0.8462038941034383,0.7615056001241299,0.8912512864457124,0.8100993546639937,0.8474889259058199,0.7970519578429738,1.013244399375148,1.3104711526632584,1.0001715378370228,1.0712131115986208,0.8054027446612518,0.7831032915164456,0.86997386438607,0.9629044340636891,0.9516167226497788,1.0178136324983,1.0242687271553224,0.9556590637598273,1.2726833232303638,0.9993462519301425,1.0846232039119696,0.9136858941238473,1.0974606825262108,0.8303345941166104,0.8339707095541097,1.0369095086792477,0.8709632199276057,1.3594261070452263,0.7173445731738577,0.9208029705017483,0.8952213441570376,0.8959781673715631,0.9945104522721523,0.8279332457294228,0.6798620286538214,1.0321332132199759,0.8788496327181292,1.0358094362953372,0.8924834977227348,0.7702218811674818,0.9891484709769043,0.8420695265385567,0.9470277402671091,0.938509049600577,0.7563124668251924,0.8972647234686852,0.8226471218525734,0.8886868529183396,1.0905992017085844
Le Juiice,1.0348851451717964,1.0674956273639444,1.271817509527124,1.0010792382284708,1.4501231052270227,0.9970898245395484,1.0975929044596164,1.0369416834914007,0.8722318083915493,1.2868146171760086,1.3175305111686606,1.0703708118882167,0.9647379470771619,1.1467433381066294,1.0569579445062616,1.2127923611583067,1.1264151236430018,1.0906925836440848,1.165892966013275,1.1665621226677052,1.0627287461815422,1.1379899996128175,1.2024095950821414,1.050665779715254,1.0136751663861778,1.0846159328440435,1.3015851830415146,0.9823400432203513,1.161365536479091,1.3456878423699292,1.0628289942699796,1.0326357670974924,1.1512819813204105,1.1259658675554638,0.8936161443197871,1.3082230545832998,1.0824751051070318,1.3171801976896675,1.1942552914654352,1.0708801895264017,1.254442901233804,1.0089629192794325,1.034248759807123,1.088710614878316,1.1082472481609362,1.1966179662785386,1.2547549573840753,1.0461678438290543,1.7809195822166954,0.9115441541932306,1.0582946780909241,1.048155380439928,1.3612589146356582,1.2947436014366929,1.146123288263772,1.407440100214879,1.0810290575918482,1.1902223078696914,0.9962197291591101,1.1715646330145801,1.2326672516213864,1.1838166951274267,1.13437521969581,1.6063982742283562,1.0291394695658518,1.0906259186644636,0.974289582729095,1.229542505412464,1.0425462380161414,0.9602010755506509,1.2529193469077422,1.2245662146448615,1.0263397955486224,1.1224136319302787,1.3254383822201659,1.2757090550011354,1.0447887110459193,1.2657015326890246,1.1740940519276166,1.100433198307353,1.002600823167761,1.2201704535791698,1.3054308829913894,1.2436395856605726,1.0954747655698485,1.276775611634836,1.0474023301494233,1.09649243512982,1.0900202366866119,1.0608598692529896,1.0788938261844976,1.0719385171061604,0.9505920068501833,1.0564998713100513,1.0892252887688951,1.1671699162022038,1.3865784639084102,1.2690218370668964,1.299911066547359,1.1410717774834735,0.9377198682018183,1.1361589659347633,1.1590339987726785,1.0600633468345384,1.063535059044375,1.031212717727808,0.9537053900844211,1.180917039887792,0.9540616605882929,0.9945388167788468,1.0280317983686027,0.0,1.1571688541752414,1.3394610281198858,0.969739091650946,1.4528636590852078,1.3213903991572522,1.7236339923785844,0.9985209183685246,1.2824696609280557,1.3333696782063669,1.3602933665745525,1.1854325299719806,1.3509300632486436,1.0236032259140002,1.3566630699889615,1.1836165025388958,1.0131968398542623,1.5240487580061035,1.0605826302920096,1.0457609855777674,1.1502168327912172,1.2543565195285893,1.2603170727225341,1.020544543265392,1.1843232163752844,1.2277320758646761,1.3241959475892568,1.3197763159319498,1.1395755812909671,1.1541863157941732,1.1961974923866694,1.0388623714185128,1.1411272753913515,1.3080256650048525,1.1419037876771212,1.0147575977342653,1.1410962485412823,1.0880707766166653,1.337156981422317,0.9681574934255146,1.207960217214289,1.2534629103215476,1.3083872800938556,1.094248593385765,1.2634028486500832,1.1739691605258868,1.148587479540202,1.0407580660002587,1.1524913533833063,1.5187674325568308,1.236339534556714,1.2792698184550575,1.3551036991043233,1.0582350026451521,1.1449803246962686,1.2397080187671505,1.1854300304725387,1.0488598154160298,1.0028032071270108,1.103334710885767,1.123648419954967,1.1796454947540658,0.9640658962800067,1.4120020307020307,1.3803596182985638,1.1300945150062098,1.3335466226731356,1.0483656465852313,1.10432305994309,1.002631552780705,1.1477711845560665,1.3737890841770124,1.3441114524837463,1.1605758876104622,1.1194939682860237,1.746813728092461,1.2300925308938175,1.322113759302063,1.0270941356287027,1.3861157939013657,1.0423826179766222,1.119759232580453,1.2016118271015417,1.1312456322484883,1.370133467191001,1.0525749221684988,1.1196794249309898,1.0380525231583064,1.3082125736290577,1.2218726704351939,0.9508738019579794,0.9011336475142072,1.1735492237828813,1.1858847350759314,1.284414056078451,1.0619589370036857,1.0619310750441786,1.1654249180103007,1.1952640820473739,1.146096933011866,1.2097054755710703,1.024072645605125,1.130075753367359,1.098000193394969,1.2759331870521096,1.3864617804372337
Lefa,0.8292843260536629,0.8294055974177664,0.8615072839114993,0.7687503092863163,1.1240650883338688,0.838838520793978,0.8129839794199696,0.8944764416614199,0.77035944701362,1.3270825989432313,1.0125944761916104,0.9613551461879543,0.8364114057082468,0.8680409955154192,1.312022469624759,1.0329888653454589,1.0003234188470396,0.9907288729461903,0.927971014574359,0.7660184495965944,0.8820774810594184,1.0198918893608002,0.8196988748862201,0.9914157935597312,0.6949360795134795,0.758660650170561,1.0721620182710048,0.9230134065771786,0.995995484464895,1.0957651644956237,0.821476740475182,0.8369218098106667,0.8246679477004751,0.8252619418182486,0.8053742044872817,0.8554835958939871,0.7969366811885465,0.9390618269463832,1.0930553518898236,0.792888931271192,0.9895011190939923,1.2308970670884827,0.8951168344456076,0.9797774652458929,0.7305158926122353,0.8400641365419124,0.8835034101072907,0.6985482908817224,1.2485189848264058,1.0019735826621081,0.9257739625785365,0.7870942852567101,1.241540652902028,1.0944827405177935,0.9785220008958397,1.200688103439555,0.8018205370278895,0.9366881465889663,0.9033816452022514,0.9313862553770765,0.8305122305978568,0.8227987350296669,1.1838149283573218,1.2808868373661133,0.793784281388289,0.9070919272843593,0.7958817136009974,0.9349579170587183,0.6415137871890931,0.7156750156272054,0.8752021872863035,0.9129535683812393,1.0024293893438747,0.6913387688044232,0.9009717876335437,1.1046647414162616,0.8374417579787962,1.1382743782741447,0.8718653043416037,0.8856512669373214,0.9064640684835503,0.782826905149087,0.8668154542676821,1.0646316415179866,0.8867275677463199,0.96774632714458,0.711477083367042,0.8201156455864846,0.715753855613179,0.8965380099932638,0.7650836387421691,0.8074747877421341,0.8225479886607374,1.0509409163136247,0.9733502157968122,0.7970291148121684,0.930200371853611,0.9331786218785283,0.9929506653356306,0.7239458469328897,0.8725726545178748,0.9310568804776445,1.062452889898066,0.8728016084620708,0.8639043118248341,0.7605101523096756,0.885560337052426,0.8960168504717516,0.6755447336669598,1.0401431565275427,0.7797790682117675,1.1571688541752414,0.0,0.9788566228703474,0.8658276179955092,1.0492370943664013,0.8793388095720538,1.3464084158543181,0.6823688271371791,0.8233607455195369,1.036910434360366,1.0084403147204208,0.6380478553794721,1.1401641211938627,0.9415948669638319,1.1486675465112322,1.079467266529277,1.0932712423798745,1.442192087696348,0.9234518898165763,0.7211105314864091,0.7584505184724456,1.1482780356718536,1.056193119406062,0.7496935295053961,0.901028121439282,0.8756699580722082,1.0915558007755712,1.1392085416897315,0.8755883629178327,0.6423296939491562,1.103376309193074,1.0317145839912916,0.8387866451234456,0.8740827044734715,1.048109451836924,0.7073975540480757,0.712946662933021,0.9446710212921633,0.8366499312374027,1.0842019498975697,1.2847414750468311,1.0213405754797165,0.7890946730679491,0.6320241605850353,0.861840694533717,1.1292242941414152,0.8525316930452725,0.7443513790596168,1.2714089385861784,1.290784638221578,1.122939153431327,1.3840615788864752,1.102755392984188,0.7922743062635343,0.834315616112687,1.0028730752939097,0.8629427188066902,0.8514838777454787,0.7296104411762439,0.71468240298163,0.7270507511403372,0.7510396031213293,0.6751377479964944,1.0509841653262597,1.3663016393855743,0.873126442239161,1.0735921214427828,0.8726971422820036,0.6554724724626239,0.7944279530726465,0.9549396791317265,0.8312751160968213,1.0236113786938625,0.9356102689596071,0.8379140918072662,1.171109250596716,1.1299538133870977,1.0589748004193682,0.918971913336026,1.2720313329841517,0.8097169176269621,0.8867120137728317,1.1731312811223575,0.8768002068102919,1.1543927109846832,0.5386499840104644,1.1307303208744697,0.8524057766210877,1.016486360412631,0.8671041653680764,0.7378251589012366,0.8004745069430499,1.018231509326405,0.9939091718157033,0.9444933663815004,0.8997719442737036,0.7247103280208832,0.9604194428914785,0.8334068873980193,0.8494587510851261,0.6250283323311027,0.6966133842834089,0.9061848913945062,0.722020359279049,0.8673709579810349,0.8740743832181205
Lesram,1.0099839970098776,1.0334139652812149,1.2022077247376168,1.0423665869863454,1.3755702927388402,1.0217305407856725,1.1592132296580002,0.9617199938779027,0.9077667295168067,1.461820853402905,1.322486950288482,1.2633675852394701,0.9170575004228225,1.001444174231266,1.5161345530386632,1.2694210896347746,1.3314218990051403,1.141554832085362,0.9196449846461895,0.8936619629167887,1.018472361228634,1.040284690704604,1.0382276411169324,1.2433565903349149,0.9675032698183017,1.0134553650048217,1.2060166808477772,1.165917524825627,1.2746751813728878,1.4035661498169796,1.2547110823177963,1.0758162544036716,1.2327848119653695,1.0401416647363393,1.065311547622769,1.392314965342254,1.2346437731597666,1.2926764652341747,1.2884927018847914,0.8721880720059656,1.174484821089379,1.10376925300628,1.127635975563238,1.1545694433597247,0.9726917327816816,1.3461111674627075,1.0218441537998373,0.9621189190128399,1.7934058089324465,1.038572554254268,1.0238513691070548,1.0305886916679798,1.5487976026193373,1.2386616499645913,0.9201556874950281,1.292974387643538,0.8918520460599981,1.0767067779985253,0.976874481678448,1.0488818219322957,1.1048494953166113,1.2968222289801725,1.1594416640364527,1.4296109273769824,1.1434339663448065,1.075594611176533,1.1390541838380637,1.2804012674284135,0.9762902851672807,0.9386251531580395,0.9566828155945412,1.1479079229338047,1.1915807106138825,0.8915505235552517,1.1290096558389102,1.2989986210732938,0.8042038825161406,1.2432309456777426,1.1418247944505486,0.9588874011258188,1.1519323282779768,1.0463253034847446,1.1711485406300033,1.3373975832152885,1.3292157689360982,1.2533090009311647,1.0411218446899866,0.9175325103080632,1.169184629485258,1.1259178722219223,0.8589288570340584,1.0378647174441242,1.0197795447599445,0.9909162411270024,1.3155774688907569,1.0750574286739727,1.1997092234766837,0.9666358737220794,1.1176571204159151,0.8863926413795533,1.1472711386028884,1.0911533600408694,1.39697793280799,0.9553919195274929,0.9814851817316431,1.1445664795429182,0.9219062317953676,1.225814978646711,0.8666228794090098,1.1922553350507037,1.1179922098804924,1.3394610281198858,0.9788566228703474,0.0,1.0683953745412764,1.1172945048639984,1.2318523655239966,1.713204395081586,1.1244992026209568,0.9683763875207706,1.309354741254346,1.484506750956558,1.0552545425460413,1.6299515221752137,1.1323009357251848,1.6354993924279881,1.1160146800992827,1.311472873692906,1.4392293760663526,1.0286618394346478,0.8290079925713474,1.1400918818652626,1.3368261374650123,1.3094364028116592,1.0362305739706061,0.9081133147317151,1.416588821682359,1.1596275733481698,1.3362736788332301,1.0358473521586287,0.85096669785702,1.0750363637768758,1.1286278929026705,1.0216924235908957,1.2100892968776753,1.1143196572376366,0.920269314559738,0.9384859172615555,1.0659485497184635,1.0424335312181263,1.3247031889141547,1.4141876117998884,1.281027026400082,1.1571358123621478,0.8338056437374209,1.1401918341597144,1.24919782702515,1.1789413958694843,0.9401640770859575,1.4517134541694323,1.5152094778085605,1.178529791029128,1.8145764370853086,1.3693307760477602,0.9697214623422101,1.1128521412821357,1.3185603233706182,1.3520507855290034,0.9391515879990048,0.9794164456284901,0.8237641957321891,0.9140881845134909,0.9919853235990075,1.0428569414070186,1.416787621046751,1.627004825267794,0.9842438854376305,1.1569738928046418,1.1737130187348088,0.8892743814583142,1.0001896684397253,1.2072294596255675,1.2088917047603096,1.4098029321803678,0.9073215223957797,0.8101915457416969,1.6391917065774206,1.4551629556284766,1.5603280272524835,1.0757913729523323,1.647010038302332,0.8353835245222324,1.1550629755090915,1.4938537303794244,1.003574953783584,1.3300910603644012,1.040058099770689,1.3808820765090555,1.0091049309661744,1.3565990010858697,0.9336494314011504,0.9803765373271347,1.0224492560506235,1.2627253098974398,1.2282329964452106,1.1850806272920416,1.135460005426255,1.0037954679172976,1.0806797040071567,0.8645129386515557,0.9962237154926155,0.8362918499129443,0.9534064922584565,1.1929413462860445,0.8831273418061795,1.3478034501917298,0.9878905297575398
Leto,0.7893704444564071,0.7771489558416381,0.914262409697521,0.7600239601028895,1.0466416426852538,0.6525409330340644,0.8614718138843503,0.9253367034988474,0.7238322161774274,1.1108372166838445,0.9628628993213814,0.9629248031367225,0.7028199095788547,0.8785576560173873,1.131157277532074,1.0491598589150308,1.0648410046778105,0.897850594663073,0.9109857327201548,1.0346161056399406,0.835830387120707,0.9078908261873593,0.8743986813407012,0.9552744626674997,0.7787736672743748,0.8842519922764993,1.0491682831083102,0.9042399881015499,1.00611578157361,1.24676921292269,0.8781354495880728,0.8517997524454279,0.977675633218271,0.7453094871434878,0.7650054017210043,0.9408173379884354,0.9031400981540295,0.978367196180881,1.05322770493325,0.8551318881248051,0.9682870949307172,1.0273810614615073,0.8918457723868255,0.8057740957352221,0.8467698317237723,0.9810068284293659,0.9470726298245341,0.8048057606580522,1.5934807441638186,0.827125844326395,0.8289388205637731,0.692509450313169,1.1299366211218311,1.1231267436339714,0.9314650908172591,1.1575844489573028,0.7640826404556772,0.8124732179079467,0.8444238020658313,0.9432499053672978,0.9309034397900682,0.889150674678561,0.9517562538796287,1.2684028594823078,0.8679763419359454,0.8991350921393985,0.7293567858280704,0.9028236716083259,0.6818697054180153,0.7906244298117913,0.9786719756938173,1.0288514358288576,0.9352338157373588,0.8075513340812744,1.0567679379083021,1.1948066492066316,0.8948210997078914,0.9755864346668816,0.8882149604773905,0.9070853465992449,0.9735947159791778,0.9595544354412322,0.8752628018732735,1.0248114433845388,0.8476254596314298,0.8932912427308698,0.7419837971004434,0.8644950303943415,0.9327984063485996,0.8561093577982347,0.7470133274047724,0.7842522044819495,0.7653697207679077,0.9254761873851449,0.9019604783936418,0.916752874141631,1.0993823666253217,0.9198867277028284,1.0873038888073028,0.8022080820671648,0.7651818157033653,0.8411903170837586,0.9714971829411401,0.8425346810887201,0.7541473473733568,0.8812432850427566,0.8288717379891266,0.9383319010730241,0.6342528866976758,0.9683539811165164,0.8700415862558605,0.969739091650946,0.8658276179955092,1.0683953745412764,0.0,1.2133845130595633,0.9326758873800238,1.412349680048331,0.856250098759789,0.9951618910828496,1.1485805642117497,1.2147961315255225,0.8547797989353788,1.1594615783758995,0.813868163948738,1.3456672996602104,0.8165330784259133,0.9701812361837205,1.3780511267625608,0.8511000650850307,0.7990517612852195,0.8256046592470312,1.0730442681951176,1.162698363275918,0.7411902500328121,0.8598296346470853,1.0388244233826667,1.0928891125746298,1.1354405960284155,0.9890107733558977,0.7539777613196282,1.084225533868621,0.8163986282159754,0.9375588502916614,0.959853629704014,1.009310905115651,0.6569064155962123,0.7868878691751299,0.7947796868890294,0.9386742384407728,1.030830074183349,1.36971554585437,1.0066113995881443,0.9648984668464464,0.6415367479328367,0.9818459105541334,1.1918640898653747,0.9160420391072386,0.7336579254444939,1.1457260823145747,1.142535179090906,1.1135680996256985,1.394643447826189,1.2487240531423582,0.8563348897153215,0.8731039086363537,0.9613049769098784,0.9969792460979048,0.7276914907493045,0.6973584616890056,0.8284861237073855,0.749449838262218,0.9582898374406777,0.7757471057515769,1.1138009189497886,1.3033657815177746,0.8676848021325841,1.117894544286322,0.7406568370613326,0.7790184582308064,0.872565019320987,0.8465077123397134,0.8098510948293032,1.0593521306935576,0.8954817509535258,0.9149284085818382,1.4954829633713322,1.0307378319179596,1.1482496773338162,0.8144540310309929,1.2691762404435716,0.6391448533827302,0.9379697806969045,1.152986113826895,0.9568270856796609,1.1857364773870709,0.7446154282787751,1.0295892550643737,0.8685446863342513,1.0615203656409598,0.8552812038628956,0.6984021172972746,0.7342525454555808,1.0002841198729675,0.9745645161530312,0.8912938083440238,0.8383674423459365,0.7929340268872075,0.7947693229047359,0.7636889052159983,0.8768289830618177,0.7888416897800549,0.6252641585859412,0.9248005040881886,0.7916341921259676,1.012672660288378,0.9993861570128794
Limsa d’Aulnay,1.0236070823056294,1.079278916310628,1.145766225853828,1.0086048419118696,1.3908941674131137,1.118906384528582,1.0271175881293655,0.9730882038993781,1.11550075296949,1.2796192756151863,1.2355313482839285,1.135416207163318,1.0975798141039428,0.9063490442684945,1.462248426929817,1.2453021898392818,1.0697758799030672,1.181239551473037,1.1215700433589013,0.9766322113746174,1.1400619517552597,1.2034971471255569,0.9329656682328998,1.2090338948942663,1.008141373749748,1.06612606110642,1.1065347531778047,1.2443047408253718,1.1911632941555281,1.3822431919278217,1.2509521535091794,0.9606891446628985,1.1074872296825378,1.1226465079542505,1.0616686240835889,1.177202288016167,1.0795133839363364,1.167500865515519,1.286237784591745,1.0069850259542432,1.0766993881102342,1.2494363080839161,1.0880089154828279,1.3714344512027994,0.9338925175671492,1.1369386090617588,1.2447186333236495,0.8840433940004201,1.4716424615892039,1.1888559068944984,1.2088482851900375,1.1207880235386236,1.480047594244887,1.062601002701787,1.2750562248558148,1.2720452979352792,1.0706814124142598,1.133290764342308,1.1628272337870333,1.122179024862544,0.8815335807636671,1.0722615049856672,1.3281237727553798,1.3322224113198082,0.9990487385613785,1.0081694481052088,1.2323181858983998,1.1546644503753425,0.9935160507691356,0.952005739692071,1.1448406917394858,1.1585141579613278,1.296250508300272,0.944139658291792,1.2497993713246478,1.2203489331720938,0.9607601956577926,1.4553643613598148,1.22757630730457,0.9442557083413178,1.2587807604629178,0.9182254770167582,1.1014238067777633,1.1845803488693705,1.136284359456586,1.199264716836994,0.9967680396803935,1.0873778924983775,1.1063025982101875,1.040917472420957,1.044301632917069,1.0150150317618236,1.038701945502731,1.272305527476733,1.223524922367487,1.0312607044896758,1.0515519786364533,1.184701507135833,1.1194358734779954,1.013135222175248,1.3026719603602148,1.0342103157388032,1.263859324041009,0.9990931637855088,1.1528955721496386,1.11181119205396,1.069759776632803,1.3322400132190142,1.0526209938613356,1.1522377270880095,1.1485767845115424,1.4528636590852078,1.0492370943664013,1.1172945048639984,1.2133845130595633,0.0,1.069504978314921,1.3621685194919306,0.966544898050037,0.9573597536309623,1.1540192784306886,1.3474006677837147,1.0072352888605722,1.5320688923365466,1.1572790816323504,1.458618966662154,1.1874738136426766,1.4030197532303725,1.6600533142233835,1.123537791273893,1.0976348753383398,0.9738146139489849,1.3573555930250742,1.2394579341496914,1.0644806038386134,1.0928563030057374,1.355592121464605,1.308300326211581,1.460046245045446,0.9855097157671989,0.9771173900360886,1.4050083470096675,1.2347602183175796,0.835943143122376,1.1898584642843906,1.065803791612747,1.0439081792364207,1.0434961612366271,1.272668253149118,1.01192804606903,1.4343496614117153,1.4100791441307905,1.1025958852125373,1.0216839366661332,0.9374927831983509,1.1295266126938874,1.1789291363150383,1.0097737095327404,0.9712675522958432,1.4415414940273579,1.4398377719865227,1.3486809818740901,1.6547556913453718,1.1210414375669264,1.0017416742912426,1.0017901022655977,1.3255785145591292,1.2067506064797549,1.1474543953037468,1.1022239299248533,1.1167601390799051,1.0209148560471273,0.7987061191312509,1.14600927513709,1.1470534573072546,1.5523821312255963,0.9989585534260725,1.0011878593467147,1.1085869236232804,0.9837252204434731,1.117529114341214,1.102509444809609,1.1531514704200048,1.1951158410673137,1.1132973017497554,0.9501121000996302,1.4620589851389325,1.371238890238201,1.2415013520891636,1.0478141505837433,1.6456132842043836,1.0907912653053546,1.036430794834195,1.4456091529387824,1.2675802091147659,1.323307730048245,1.0831090157742194,1.3704892414019365,0.998589599303017,1.2549607708705262,1.1056283915422898,1.0447174659414395,1.0885917849889886,1.12811290864624,1.1257136729386596,1.0347241140269732,1.2281291552928555,0.9418973340016857,1.200918808698308,1.0228088485673785,1.0986272689005898,0.9312634954871674,0.9805488090641703,1.0624396461131604,1.0757201273255375,1.0896008885684438,0.9616214331836044
Lomepal,1.0285101801566159,1.0649899432401284,0.8855110395025135,0.9033516086554364,1.1120172465125462,1.0613570842298878,0.8578650712292467,1.0584427534706227,1.0575028675376594,1.2484496713054025,1.0151739858860975,0.9585345370711935,0.9887354895241356,0.9575566692123751,1.2991245931830036,1.1831208249201737,1.0488438556322135,1.0390598317021549,1.206807631300803,0.9823253314218738,0.9691808442030301,1.1172563168908225,0.8308956758163059,1.0843494800996107,0.8964363561860481,1.0190079242963628,0.9470603054570776,1.0821583163560968,1.0606023630633532,1.0332639361388347,0.9210728736663953,0.9231088312239837,0.9358946958737623,0.958764728978651,1.0056528642233087,0.882932602925144,0.7955242702638217,1.0107623591973394,1.1082342358860517,0.9241658192483329,1.000727092275178,1.1567012916528192,0.8300066079987306,1.1606462343362935,0.81412406372882,0.9172670761430299,1.1288001363572817,0.945784752407361,1.229114624357991,1.076224020210733,0.9851472916532852,0.9399186699401721,1.25048110391701,1.188370008223349,1.229648465302171,1.30104975074879,1.022379732530847,1.0651936935574005,1.0663743943292117,1.1903555244630135,0.7744218309126342,0.8799862219521436,1.3211000808473161,1.1898542326135422,0.9185474727877334,0.9956409362089453,1.009472418907292,0.8554985113355855,0.7314433465816573,0.8031521067041205,1.149894367313941,1.0468710275838489,1.0325366082455163,1.0115382644180124,0.9188808400946176,1.233213752542598,1.1199294295898994,1.1927263042109952,1.0753434083092743,0.9329400210855542,1.0509797684823232,0.9389298099801732,0.8465798729355343,1.0824833882747704,1.0063958275622598,0.8778579786175246,0.7885925259677151,1.0711924107094866,0.8169913573561091,0.9016379085299459,0.8784345356640162,0.8657933553753755,1.0973540220656843,1.1659841414704901,1.0029207212897981,1.0106564877470858,0.8966738404056461,1.2347359922593346,1.1000376423688367,0.9436312118399127,1.0341076029821872,0.9439819223765343,1.0179912893944627,0.9488687902343195,0.9537356068133085,0.7984536493412271,0.9184921182058414,1.0067218277647731,0.9061071728296816,1.0965276509351822,0.9156703309330351,1.3213903991572522,0.8793388095720538,1.2318523655239966,0.9326758873800238,1.069504978314921,0.0,1.3449150871120763,0.823308474314092,0.7618185659857825,1.1485694812900602,0.9825447785518002,0.8026505658853192,1.1674890855534437,1.0361395732928065,1.1880105353326358,1.238245813147956,1.0916967077888093,1.5938211492406822,0.9348327286624522,1.0644691874622088,0.8644194816151397,1.0062830355762682,1.1107816565991429,0.8584601633229026,1.1124430095808242,1.0396785328488996,1.194014404146534,1.3804328372152712,0.9032151036550773,0.9324647369225414,1.3342030178794135,1.0752006963902139,0.9404147807914611,0.9303733548177426,1.2220550555182563,0.936902045955905,1.0363491856672928,1.1126061713809876,0.9615577295102509,1.3580425017333992,1.251225404023822,0.9897061568228925,0.9865101810698454,0.9194933958842956,0.9646224116586359,1.0789660600582076,1.0623392060426518,0.8722604622421848,1.0859761182384084,1.156494998999882,1.0102091048296113,1.3610572707518929,1.1470642598161715,0.9165099188679465,0.8120203098212357,1.1653433375120068,0.7815495930474877,0.9444393906043254,0.8051482350384789,1.0596294632573118,0.9608519326944425,0.9237451814564206,0.8677098673082054,0.9327560743476085,1.2651761695273633,0.9324912632196791,1.0013098098657687,0.8924213033431827,0.844874436003206,0.9955218074921507,1.1267355255980922,0.9332257290925395,1.0507965653814857,1.1988987747326625,0.95153476658013,1.108949850531348,1.0709102809806743,0.9503541077129789,0.9112235963765815,1.1021410248389552,1.1058604342544838,0.7314359019748676,1.0548950780615385,1.1701547463004527,1.150048095569767,0.7007760968471974,1.0988621996865158,0.9790385180874417,1.0997721678604522,1.1162616474499247,0.8812612809180468,0.9148625709196051,0.9142296200542358,1.0115389635876135,0.972680052226746,0.9785037837718646,0.8503376966834267,1.0119912853110682,1.0328343464760068,1.113901752067531,0.9802318909313176,0.8137238317499486,0.9583645593359859,1.09351344787182,0.7369454536477288,1.1075693033917309
Lonepsi,1.425970210959639,1.3768044605578993,1.3393533317711408,1.4271835651664395,1.4594214987645566,1.5467731776619913,1.374951154439942,1.3650590675843708,1.459148540193449,1.5040401121428717,1.4226279276447251,1.3408786889508664,1.5210477021869777,1.3809463594978133,1.9047616968298797,1.6035302817777046,1.7282306460732137,1.5716340365725472,1.6150457709423696,1.4678340617269532,1.7180108211458984,1.3636823339659323,1.0597720725837105,1.389542596962766,1.4836530806349826,1.5295306311635257,1.2187488906107435,1.6578182674030664,1.4575381454655991,1.8325466327111108,1.5648005382481356,1.3458202806630495,1.2794524815978094,1.6042803106245302,1.5465786471943788,1.3634850628748125,1.4966769017165327,1.3153180970789244,1.3684640865295854,1.5405018289761387,1.3588863897631571,1.6905039014167336,1.4762252093029538,1.7821803385860562,1.2993246160145744,1.4938839875142114,1.91850633555799,1.248809762338052,1.2621950307901337,1.5988256631320878,1.6031521472076016,1.4978221023984177,1.8217338557483438,1.6667651401118766,1.759536367972642,1.4811708763872176,1.6459198758815419,1.6639858980493338,1.6467235481708735,1.5442962577815906,1.1451590201452875,1.2482889727150126,1.6853056557786146,1.1732739581052796,1.3406233052937928,1.4843068974003666,1.5847367591353412,1.3623322488661687,1.3772930784502633,1.3606549907344792,1.6387628926435702,1.3123749641993983,1.6138261344283746,1.59903614992293,1.3236669548491853,1.0868674911025524,1.5853046089924263,1.8998228601274472,1.6991028796814545,1.4153475328844605,1.6710670640409235,1.1280602449375792,1.2768645534016778,1.286220298127682,1.1919904558187329,1.3302988031220409,1.411930136753405,1.5884394090776097,1.4362685899669534,1.4976789266781247,1.4945016453271052,1.372818740509963,1.53996959435185,1.7089781584888166,1.4596637673151087,1.4834263387449822,1.334569737706144,1.7611946236662377,1.4133659908357818,1.477664756859726,1.664334535992878,1.37467461281447,1.4196708481851454,1.4349820643511058,1.5493449897243259,1.3866125475963917,1.46083688199939,1.7010596270020188,1.5557476381855322,1.5644545566149177,1.6179190790729612,1.7236339923785844,1.3464084158543181,1.713204395081586,1.412349680048331,1.3621685194919306,1.3449150871120763,0.0,1.198043504146722,1.523297553068111,1.3980248137815414,1.2012922193569482,1.481616467972907,1.7162069477612325,1.5073566724275922,1.8581366081159933,1.6825698434216378,1.6902087262052625,2.142875213272711,1.5067037703728332,1.5432582068419542,1.2475507016872351,1.4237113098224754,1.757001423025195,1.582126242312168,1.496308936159931,1.5853426021269847,1.7115853236191851,1.8548357685349162,1.2472482414302228,1.4095247978105865,1.9009774460611035,1.7424214597254493,1.1590588944428981,1.5669695032834605,1.6469857702371664,1.435591780534622,1.4950807272483815,1.6972695943172698,1.3140360996759883,1.9157882532362174,1.5594247395066312,1.2635556426259988,1.309637020309166,1.3510387541173896,1.564444917641525,1.5604346115998466,1.3517757861563913,1.4287151834659673,1.569967263688879,1.6960300918386715,1.5997674310807033,1.5638385107244692,1.5060600168118037,1.2436648243762412,1.2901434825858482,1.6569967396039347,1.531356095739348,1.5073729244364698,1.3990894961828395,1.4608166013408117,1.517347715013584,1.414545293770639,1.4901131381650814,1.1117089003894447,1.6762623696420016,1.3338463917672216,1.20638577971099,1.4599037952264302,1.476015817985123,1.5006467363038631,1.56568657944067,1.4345378202691692,1.3075290608615728,1.5069222008942718,1.3379103908865284,1.7916262710016588,1.688658572136618,1.3373376702533306,1.269585932255914,1.7074998143004607,1.5982562473846962,1.316664770889122,1.798423319157729,1.7410705581769073,1.337788132979248,1.2924986279340962,1.77108370904648,1.4295817922029748,1.5446557679227837,1.6340317263414483,1.3903588176295687,1.6418375633403244,1.5139245055308514,1.6797826891015903,1.2101664475617573,1.6234262741184777,1.336830749650339,1.5295284549113453,1.4993347851578824,1.5469258713857625,1.3783199784545046,1.330857304769748,1.5203956473419995,1.5739930774605595,1.4509011112060344,1.479574943946462
Lord Esperanza,0.8286329112855791,0.8250405648578197,0.8637475692137663,0.7151264321360888,1.147450646672899,0.9315093377566523,0.8195017493520544,0.8602247202562127,0.828014861525311,1.231208355674069,0.9122826055056237,0.7857486134202408,0.8675133751987869,0.848500232900792,1.3138833607109022,1.1023052159752635,1.041562218803182,0.8903477536943722,1.111256955719326,0.7848325025682098,0.9106893375636763,0.9120217729427722,0.745190873704978,0.9083110321248451,0.7439430658757609,0.7679315679760162,0.984646124540717,0.9990794393500955,0.9534139969560517,1.0673051497955737,0.8213653709176364,0.6691395438213956,0.8247979057668534,0.9212395360309492,0.8424190859133049,0.9338055879237324,0.7012675790868693,0.9191012769638288,0.9149057745143051,0.9369895320572077,0.8103848633741499,1.043039625150157,0.7879717526135362,1.193196249711888,0.6063229805734519,0.7580633080414302,1.0525456178199668,0.6627038195555274,1.2790414498035674,1.0009952696675515,0.8218585395193856,0.8370008192807723,1.34154605110572,1.0938209007314592,1.0980889766359951,1.0277647013096698,0.835549658288853,1.0028240809143758,0.9503368796819469,0.9781331715024438,0.7192386753444772,0.78115381442049,1.147695789611315,1.1281544410854143,0.8337866616690524,0.9228848631034414,0.87133992781411,0.8874244735582512,0.7832488480165765,0.6604178833012395,1.077103626163141,0.9351801280788369,0.8906201705201884,0.9064728532538285,0.8522500273668695,0.928372574176172,0.9098412850295182,1.1854320975622556,0.9577120300547531,0.8630909314189565,0.9504897409515184,0.691942360280124,0.8504738070252766,0.8719145212991063,0.7251113136299426,0.9553209016560005,0.6666114482157062,0.9188310384125079,0.7342396672143874,0.9361205384673624,0.7928343924030984,0.6829497847728151,0.9108999444868817,1.0227973028846675,0.9383533822609945,0.8593357457139064,0.905706154764421,1.179803917093364,0.8720466048799923,0.8361047542028263,0.9230183808989565,0.8892927769391814,0.8883749054964835,0.852197318296218,0.8896816481453705,0.693140409604182,0.7975869855193651,0.9778402298469179,0.7954944823835688,0.9685209978090584,0.8606333739345812,0.9985209183685246,0.6823688271371791,1.1244992026209568,0.856250098759789,0.966544898050037,0.823308474314092,1.198043504146722,0.0,0.8994184363822414,0.8824023692510139,0.9386347270111515,0.6908866365099927,1.152735789720068,0.9244976663275701,1.2608042759361024,1.076932942360781,1.1729391687186315,1.4939156651272805,0.8516385578649267,0.8275381842602637,0.7925536509147907,1.0455885054502305,1.1593253621225523,0.7646653628905201,0.9382223563844356,1.0585821581494832,1.2095113200065852,1.2709149596566771,0.650227787510227,0.7894513040150541,1.2011003381995573,1.0089085574515966,0.751020257622691,1.0651044291216427,1.029493608438507,0.7528415539598768,0.8823414798147143,1.0649267759182435,1.0269697325265243,1.1435341563840147,1.1376799571181992,0.8007341406925818,0.8774337469906651,0.7765558778443349,0.9391903036376242,1.0318110292181162,0.7905915890562775,0.7481118393373833,1.0843675364041325,1.2794741229300641,1.0435993985362113,1.2404337270747587,0.9297058168004955,0.6795121118444475,0.707678369201022,1.1339343329627185,0.9443931531534056,0.7243337168205547,0.7429423065279991,0.8266926564515856,0.8628777487269705,0.7465384815378772,0.6942757001031605,0.8738747345083805,1.3148570235191,0.7649014882770337,0.8764748635392046,0.8310652351995987,0.8194416911708795,0.760393671400119,1.008049900678241,0.9872546087006655,0.9248201853287935,0.8996495164255575,0.8103957049824317,1.3166795368263735,1.0648703958931334,0.9909880183838709,0.7272420791346722,1.1508847870284304,0.8826178247544991,0.7698689163645074,1.0832378700787397,1.0312197115279895,0.938897194604079,0.6398817027010917,1.1023034958546711,0.7971092490217604,1.0465217036152668,0.9987532009795008,0.7978602749028777,0.8067022316773715,0.974279102703301,0.9868158944887397,0.8343192063658894,0.9193423620746644,0.7118703658320565,1.0057567313919848,0.9689697619923033,0.8214328790770373,0.895460273101643,0.7063805909623585,0.8670681776565039,0.8865892484242973,0.8402320927488026,0.9777887181335436
Lorenzo,0.9944668776142239,0.9465076678922134,0.9737624937584877,0.9297857249353657,1.3368914143842312,1.0317974858952537,0.8072927121213266,0.9725181689162674,0.877564815688623,1.3574718369731134,1.1451645237792294,0.9441287126343938,0.9158415482561069,0.9001717213881727,1.3176974976460902,1.0575662718795957,1.16363650413116,1.1195586107416082,1.1103327176500954,0.9219255789387947,0.9206454104205725,1.0812385688010002,0.9324239262125044,1.1975212275217617,0.9066268686143321,1.0108757928616832,1.1271836110421143,1.0911046989857547,1.0757818460450645,1.015086512122791,0.9629263579097312,0.931887745707072,1.049148287348814,0.9454082879519793,0.9985180521712043,1.1240096786138076,0.8522578672969829,1.164525540140545,1.1297945129065738,0.8584076939488365,0.9774117895004731,1.175499640574442,0.9089593410026459,1.0883004711258266,0.9020255107277556,0.9746915466950913,1.0005342257712517,0.9302795927487986,1.4325705119235594,0.9924383467478907,0.9232667838419484,0.9968082872865257,1.4279952307498105,0.9724642201013325,1.1467021145254828,1.3521322913436198,0.9698063253395439,0.9878105268370482,1.024388927226777,1.07572146624022,0.9422695689818984,1.0270133090421882,1.1509564553251392,1.3162542707044844,0.9578180558988273,0.9869221599157547,1.017433286958223,0.9723918121411871,0.8111218050263541,0.7357987363283442,0.8408143411308135,0.9895503212407913,1.0034622567961977,0.9168974180689363,0.8980656599386062,1.252643500546086,0.9650151417979483,1.1269039365656364,1.1180847462390888,0.8340749449491155,1.038950797804996,0.9320230713372805,0.9425420285667413,1.1238772493720885,1.0934011419205596,0.992658841050615,0.7252993330443464,0.9586134916302061,0.949271732871992,0.8801692501638588,0.8684374540920707,0.8357737220415558,1.032616174750042,1.1304074750402888,1.0914414523137426,0.958531855865741,1.1305811272474942,1.089028484356367,1.1359733082517334,0.9276321792271106,0.9455930833274899,1.0974515743482416,1.1107449775522522,0.8824702367785261,0.8732855047322755,0.9232600723905056,0.8563156887796967,0.9767828945241362,0.7840685593101578,1.115875096531565,0.9362202754220138,1.2824696609280557,0.8233607455195369,0.9683763875207706,0.9951618910828496,0.9573597536309623,0.7618185659857825,1.523297553068111,0.8994184363822414,0.0,1.0394755935099276,1.1763093093669925,0.7918264787961022,1.3318677558980174,0.8665817564894266,1.2781470092671936,1.1356504156566585,1.18382155634349,1.590628681367285,0.9383778677070628,1.0020923674344406,0.9793989420922738,1.1234871690922636,1.2445743914724863,0.8083667854945983,1.005486630546924,1.039944481507124,1.0973612994470563,1.3500484310943004,0.9301127217694812,0.9118101553761332,1.15160612589956,1.0420447083796935,0.9137440553441369,0.9712508298440713,1.171170374253226,0.8455859067741546,1.050594003085861,1.0024466465762532,0.9782667069679867,1.2610609285175791,1.2511266058136303,1.075465744452783,1.0043254895772054,0.7998035524870931,1.0265415296071188,1.1013105137318249,1.0422550943779136,0.9235981626975783,1.1720060606273974,1.363497743426193,1.0002900027907786,1.5172155214829401,1.0189250638932437,0.8944959439640823,0.9067446720758123,1.1474125443125678,0.9966156768886393,0.9423536789891815,0.7419450393614305,0.9739750116037403,0.9432407121933193,0.9022538918333874,0.9258616227480903,1.1198713450438609,1.2956206505045558,0.9647477377665968,1.012124956711798,0.9492684056557756,0.8354341172704046,0.9308576457837797,0.971100155824304,1.0383962218117295,1.1151270599227276,1.0296307237675189,0.84751601034382,1.3315137979735776,1.1856519953168638,1.193934099167573,0.9002870729598705,1.2553845859908397,0.8967254139102475,0.9904647434131806,1.2507291934541835,1.0160505380689513,1.1659799638255903,0.8299403667575597,1.2774291943479243,0.8970630508174554,1.1308776064465358,0.8588389461825404,0.8675680755836,0.8510538449660875,1.1385613424429732,0.9120185806284389,0.9990439514922014,0.9767603022592195,0.9027445894037972,1.0465240771446547,0.9323928939493389,0.9991032010042026,0.9049576070647499,0.8330865334197527,0.9024060637301972,0.9646591613942739,0.9354996005322278,0.9143399253557253
Lucio Bukowski,1.1394176593331016,1.1256474617815748,1.2353917729066781,0.9810034514641934,1.5268588251893278,1.287733301555357,1.1283112176233283,1.1769286068798404,1.0375759636665547,1.7178691206316685,1.3243014330979002,0.8276233288751347,1.101209493969582,0.9946383992519418,1.649667051299012,1.0502059316102004,1.462660162814288,1.398434854864753,1.3791483375957565,1.170428854311284,1.1627776371495762,1.1143015041033042,1.0520720604788258,1.3459749533607581,1.2782699483097153,1.0352510735125817,1.3788838060955895,1.4087171842259822,1.2820771891015625,1.3045271613627873,1.08656366260642,1.1147142953987161,1.283711843315826,1.093976080628776,1.132212769127098,1.41419445914377,1.0859159910685035,1.3888674430904517,1.1300718147684121,1.1107230974564606,1.1728509161224592,1.357158048749657,1.1203684475066134,1.4827772637022798,1.070757127904699,1.1169307984600185,1.4413142032508532,0.9211377062637844,1.6727032129423838,1.2851634091509858,1.1414415004717788,1.1092753691222257,1.7900361833002711,0.9088325292659117,1.4230693356388318,1.3478967583563042,1.1146924121080568,1.234782848036761,1.2287987004565806,1.1900383419717064,1.1092226580742313,1.1293475945230875,1.3324455939631341,1.340096540576881,0.9450570546122581,1.1719964567676433,1.2066969870149264,1.0566923268251633,1.062892955381226,0.8396506843054016,1.2785091226793033,0.9325537868513067,1.1238287771040316,1.114591842427789,0.9726799967892038,1.1106391564044655,1.2290331100769938,1.3998332068147135,1.2490850737188914,1.1286856089401918,1.332679581549507,1.0038280461438631,1.1998812442754456,0.8918947517637037,1.0019616756347705,1.1515882760490266,1.0291176954459,1.221316004368223,1.1991054312156189,1.0948891374429852,1.026769214765279,0.9675960457781109,1.2474342782323768,1.2450056397145877,1.3650790497450787,1.002223627988968,1.3749081433694408,1.2721645034566935,1.0988099326883292,1.1558278752287487,1.2365258390836795,1.2759920074571725,1.3537817080139007,1.0097139833470747,1.1675957361156934,1.1416593598383498,1.008677247583399,1.2718299666074235,1.0665859094750485,1.30463809642021,1.2854584780355587,1.3333696782063669,1.036910434360366,1.309354741254346,1.1485805642117497,1.1540192784306886,1.1485694812900602,1.3980248137815414,0.8824023692510139,1.0394755935099276,0.0,1.3036858824235804,1.1842764100176142,1.48253797588986,0.9473780671400114,1.5827168266108707,1.3328544035125724,1.5637893888163887,1.7190664050595323,1.1786760745727947,1.0850668723311827,1.1401912922166304,1.2926262306811045,1.5000720295191272,1.093645985579838,1.1391096828807006,1.4300005416438086,1.2946116466211952,1.6042678899406768,1.004360450505237,1.2471368508897414,1.4175200765863207,1.2794719949170588,0.9498421487061445,1.2111549780754212,1.3187266709280492,1.04637244985686,1.2127195314364134,1.2313587401396917,1.3367162436623012,1.397631238481813,1.4609884654599994,1.0416871613031844,1.221256490637092,1.0705582336497732,1.2720034286794621,1.2023540855930093,0.9622495678657909,1.0856493535384029,1.2833292049718459,1.7622002527391336,1.1136508429274274,1.6585285054542387,1.0593906588977833,0.8189156181971987,1.1214456973212448,1.3266684068134713,1.4429992481436102,1.0960956754177946,0.9774743356351508,1.0025056345520689,1.1437251060529023,1.0699116080875235,1.006467614855847,1.292158316412766,1.4395324864997485,1.0236228428791803,1.1036140212799437,1.0593111312825014,1.1453800657611435,0.9876911271153609,1.1722272573562071,1.2667780824236048,1.2019809348017092,1.0988810409568663,0.9245367591555648,1.8058068114102617,1.5512108284177515,1.2849829992977968,0.9368129354689174,1.3215028661796475,1.1490242771314432,1.2114002077876762,1.4851730076734138,1.3603227173163168,0.814796077898309,0.9549486726701049,1.4977810029730885,1.1707724070856906,1.309183350335256,1.1281620626737205,1.0001243301092613,1.129514455979991,1.4120346424472603,1.190344090600674,1.0905609518258885,1.2090862857889861,1.0630837264065534,1.2275446430398915,1.146349643555751,1.115169979028742,1.234153868253765,0.9159070400815793,1.1875855217830016,1.2083299693353593,1.3593330812037776,1.0341090247559739
Luidji,1.1998587063521755,1.1850858019614205,1.2388210157187596,1.0357594030178783,1.2892932848826704,1.2075446477640825,1.0307876684475117,1.3039373091638276,1.2782093859656802,1.3229476279251697,1.0700781123347904,1.1286004025435126,1.2219061964430247,1.2255587366562835,1.432711668197887,1.445325874781582,1.2130291467555132,1.2206232018790344,1.3600976086592824,1.2564154110602905,1.224913185931878,1.2340613114898475,1.0624648459538564,1.1828399149659208,1.1494359984691085,1.1418168667842146,1.1242806396302472,1.2448360151470772,1.133383976070807,1.2757156929357096,1.0664957886238475,1.0706747670759567,0.9214284422266076,1.2499648068382754,1.1385519943436833,1.0487262137088562,0.9702317504645134,1.1920393797291402,1.2335143091483693,1.2618463132962565,1.213289077999284,1.475779973361142,1.1380418109515027,1.362816666210321,1.0116083484237015,0.9724109318072087,1.3892599203082787,1.0727561329106186,1.2097303436568159,1.3216929013174281,1.2049296052803795,1.119712448504376,1.4810108704776204,1.4517172587164717,1.4041379835451278,1.3507612979668453,1.2290659335069483,1.350122035120537,1.3080395469319412,1.2559792886226415,1.0979159642794754,1.0631913855971655,1.4092904848526795,1.3595081602174433,1.102961749148867,1.2199496525333862,1.1969105037377934,1.0671828011953735,1.041645295853777,1.0252501483600553,1.378470729265988,1.1041495275739615,1.2734015113373809,1.285548587633462,1.2149114791685278,1.2554239811805472,1.2333243574797168,1.3717740367462343,1.1643539948306962,1.1551232921247558,1.2978351152776453,1.0295684197903585,1.1744800295572835,1.218164759014886,1.0480267283709177,1.1532423885658667,1.041947260341402,1.2873908356929598,0.9570596317279102,1.1073593964455866,1.2833722247046382,1.0695572133799833,1.2357493662436434,1.347906906964987,1.167928779634777,1.2657833215961691,1.0182510841691839,1.4154647284329551,1.3545689568953776,1.1274850956952636,1.2374451583185837,1.0608093150213695,1.0841128438177543,1.23576371321546,1.2718694852791375,1.0962328302216875,1.1941649009711168,1.2821105884134616,1.133570109176915,1.2425988562204027,1.1877234834643995,1.3602933665745525,1.0084403147204208,1.484506750956558,1.2147961315255225,1.3474006677837147,0.9825447785518002,1.2012922193569482,0.9386347270111515,1.1763093093669925,1.3036858824235804,0.0,1.0871277320623125,1.4865402011922348,1.2732499000372788,1.4481045042744691,1.4653348943011784,1.3584637398125299,1.835552894350723,1.137276532782736,1.2007418788448143,0.9905106534920484,1.2838318825147377,1.3625751488058837,1.1089350733613215,1.2663411737469539,1.2320832404660886,1.4761057184748985,1.5947857674458448,1.0139756491695748,1.2131833252383772,1.6264676487329792,1.2903949541127113,1.0335110922956343,1.2235570225280794,1.4770311886984715,1.0742621824166039,1.149130177483184,1.384951515206752,1.2602580374690586,1.4512832656767736,1.4991506841011528,1.1269811822884883,1.0080954936807809,1.1559746353018534,1.2270186158270684,1.4204384200708289,1.1927067520461596,1.1538143989863783,1.4575422080620724,1.2630300950248896,1.353130534954344,1.4441849036054757,1.155414123371458,0.9643483818201443,1.0556780217202986,1.414146089575437,1.04135377599382,1.1622098991565017,1.0079457523864335,1.2112813650390852,1.2425181265229444,1.0811289888500186,1.0243734177727863,1.0350351724999756,1.4258577778163686,1.1712174636496313,1.1481619369141203,1.1057882504022487,1.1983436826577387,1.0949040795412393,1.3399482693862372,1.2657023487081969,1.1371766902089104,1.3294876517795515,1.1918910867779182,1.512017046624004,1.2690887378135596,1.1216566622731925,1.1790678588729715,1.3859448436473607,1.2825486793625063,0.9876304620824743,1.4042276768753184,1.4211464862916972,1.2512799044466725,0.9592808235091422,1.2812667633759558,1.25298516475518,1.3196508731354653,1.3239810716743687,1.07272979112019,1.146846206815676,1.2689774751900422,1.300821095286774,1.117198530476746,1.2016043425035265,1.144458394294086,1.2228810958334952,1.2772149218238507,1.196011804999124,1.183823553954185,1.1032486813390134,1.242782837980066,1.1978175285677586,1.1364443941257603,1.199654999983765
Lujipeka,0.8813791858343781,0.8331328856983237,0.8354753100969695,0.8915102875961111,1.0883286840905635,0.82546615357925,0.7538189623915844,0.913488484348217,0.8372132718979128,1.1690724441017337,0.9313109933966676,0.9740482197933891,0.8448166978346907,0.9621306312466089,1.1797735717438007,1.1710467904620276,0.9819989163530051,0.8491745097686398,0.9328525215217417,0.8014061442700015,0.8111162471889912,1.0800392236119982,0.8117178872999365,0.9754498935295938,0.7222883998485763,0.8620223702768286,1.0076060727452694,0.9642785082080003,0.8979266868175212,1.0189984582682423,0.9313605623174387,0.7009459172984825,0.858226562042535,0.8190694812563044,0.7542348379637897,0.8780626929717502,0.7148177105234276,0.8829107681162277,1.1279157135267732,0.8665675281701383,0.9082474095623018,1.068690153084986,0.7582185976075373,0.988263758221316,0.6687319067983009,0.8185988113511329,0.9111882412485602,0.800293000575698,1.2615157498570726,0.9930214014487465,0.9531433109281457,0.864209329229643,1.1982762316646627,1.2217344147114928,0.98898099152961,1.1371024843595736,0.831345044604853,0.8624065134188034,0.8126870156819593,1.0171103848473784,0.837024335444843,0.8374246639392627,1.1650720324338906,1.3119702831209457,0.9222537740682903,0.8299970590278573,0.8876646412391658,0.981022732658942,0.6475562221409699,0.7753155627372902,1.0075173554707526,1.0102541716903781,0.9413458198714486,0.7584514049765532,0.9359075530068776,1.1779497031972674,0.7991310709353269,1.000863760069292,0.8992776379976107,0.8433531478739966,0.9037184911020243,0.8535294295743412,0.9423243246258469,1.110739466318206,0.939977544467022,0.9151335849319195,0.6457081081087241,0.7887257530096252,0.7074574008665757,0.7715967338137472,0.7896798254585383,0.8594798420283738,0.9366603922297636,1.0238742316855058,0.9063167648089503,0.946033693830616,0.839088477591358,1.0086981470053824,1.0714061953095246,0.7884542754457958,0.8726517940417882,0.8649467007756768,0.9238236285969954,0.9751667229584218,0.7971011214222365,0.7332682376815164,0.8887116622897274,1.0075372989309208,0.7271917438284874,0.9245921993455205,0.733952528725532,1.1854325299719806,0.6380478553794721,1.0552545425460413,0.8547797989353788,1.0072352888605722,0.8026505658853192,1.481616467972907,0.6908866365099927,0.7918264787961022,1.1842764100176142,1.0871277320623125,0.0,1.0891253305396282,0.9213655506257031,1.0238967187604102,1.08199954596217,1.086293314533129,1.4885240049939326,0.8809384984307104,0.8248819972662059,0.8346064450422103,1.1323064547666397,1.0318826651098427,0.6453022422591329,0.9477520595938395,0.9712617359205957,1.1508690365779417,1.1542608848881875,0.8921328856512378,0.7067046491200274,1.086735090511067,0.8789117772565619,0.8684697556340853,0.8891837186854074,0.911617379106698,0.7406975549804856,0.8582440580759112,1.0337490674422065,0.8289157894547294,1.055189556152065,1.25186644747539,0.9891311086739034,0.9347491501665401,0.7087120578383398,0.8627917535480524,1.0808173311053944,0.9184880257453938,0.7354159090892783,1.1435227091052302,1.139826951074496,1.0623773418959497,1.3288001398742793,1.0883742827499505,0.8622441824472046,0.7194558425543311,1.0492536212017716,0.711329064127023,0.8198129693086028,0.6763892756706219,0.8220277075456391,0.8442704644775719,0.8892053804013408,0.7188617432433732,0.931638768508991,1.3620705915775018,0.9055248981610639,1.0244209999076708,0.8972057192697472,0.6923835490475134,0.8843207642180233,1.0042616664199924,0.8063221382865471,0.9796342066417781,1.0422677292752205,0.9264058801653691,1.0723748657180538,0.9710159591341639,0.9846269098869989,0.8830953233820735,1.1438354115703993,0.8350845964545491,0.729697410777502,1.0561188651641222,0.933497967963709,1.2347290760331235,0.6167518444362662,1.0664417605628527,0.7398701339107757,0.9962157561193883,0.9017690567219131,0.7681983545576876,0.7270860102549291,0.8864529607546833,0.9692726274217144,0.8738850700908675,0.88366446476277,0.7774954253118984,1.0114706603346109,0.9578748894914226,0.8890291952656771,0.7815381713446746,0.7295328802712485,0.8084170999967725,0.8702899378921967,0.7543718813254585,0.9668544569697097
Luni Sacks,1.2667654383892133,1.2232776035689132,1.176040251440619,1.2268272557817907,1.4198053767157643,1.218547639176202,1.1932715156914622,1.2297231928465677,1.1251630224563953,1.3958591562189988,1.1695566961432733,1.172411654987254,1.1601500851860325,1.244525108156627,1.2438199178763993,1.4433270457324079,1.3132671606174928,1.2491321195640699,1.305403296864583,1.2261080187117626,1.1940146148138295,1.1997966704770133,1.1735283331686714,1.233714063672898,1.2199091159579551,1.2045534117450671,1.3039505959390747,1.3258729568137306,1.3304561846627214,1.3843122420110823,1.3694034616222426,1.0635968443910977,1.2627691546576882,1.2741719325855554,1.1924879213184918,1.2605428867439983,1.2512210636841388,1.1727482901789108,1.356388247077476,1.3049872986624507,1.30496221933879,1.2527942658621227,0.9524508062860523,1.3866035998471775,1.1879796150773698,1.2886632804046838,1.3748001462267954,1.208679603308357,1.5211479038943432,1.1863545747689541,1.310569354367435,1.3124079426567063,1.3970403305527723,1.5710216150330092,1.3685024180186824,1.4420920853935193,1.2500485407177793,1.2975528589097136,1.2826602612820153,1.3711285564224647,1.2927558978555374,1.2084690119706476,1.4776191644224488,1.4640130020886934,1.2037632030297105,1.226158310551702,1.233412875011786,1.2581488134497403,1.1481823023512558,1.1385929923270757,1.3700078486060983,1.393515027999633,1.1189840080390119,1.2382432024006078,1.366487260103574,1.5185648841385022,1.322777202575718,1.4961862353924091,1.3641044923509646,1.2629489627635166,1.1211878756591942,1.3515306590810134,1.2181277923066818,1.324822734670933,1.282778896393715,1.121734040894497,1.179497416003908,1.132283306825846,1.086300298142947,1.1091200344696042,1.2364163736897844,1.2109316233574168,1.2694886853732472,1.4357331868045553,1.2467594231262,1.3984051838504437,1.3083353564450348,1.3229809025542962,1.3676069812525138,1.364079685782868,1.165453080703619,1.13289300886889,1.1474628303529857,1.1902700962880723,1.241756800298709,1.050326193349978,1.0744260047406065,1.2512379297465044,1.1855691556716097,0.9979916192253936,1.1063464159592589,1.3509300632486436,1.1401641211938627,1.6299515221752137,1.1594615783758995,1.5320688923365466,1.1674890855534437,1.7162069477612325,1.152735789720068,1.3318677558980174,1.48253797588986,1.4865402011922348,1.0891253305396282,0.0,1.2522279362461335,1.2655740529034216,1.3743755597843885,1.2991750293985769,1.8362736601710556,1.2075606093125884,1.3167343787189851,1.246601391972183,1.3064604262327884,1.5409791118278404,1.2185253447011086,1.2762167597143739,1.2380386090372453,1.49838478052881,1.3014986322499105,1.3377057124293799,1.265261309559659,1.4744996277292548,1.210571224985988,1.2454347419716287,1.305737227567692,1.3100196642930582,1.1877582461411473,1.1644184116623235,1.2631310936856723,1.269802329732096,1.3997722026150405,1.4618052321798984,1.4146067504711797,1.454517365618961,1.1953219980826162,1.3144905786577656,1.2326250820944051,1.2924211985445901,1.1304078293611999,1.1762404639551438,1.4008578906695304,1.3810383571616482,1.4619181174606022,1.548648554029382,1.3266739486960375,1.0702090244706814,1.2734090104383293,1.0300794374196558,1.2386441669206514,1.1551599635482284,1.3300916346787557,1.265338125663977,1.3249950587692452,1.2149793979091985,1.2961357247679466,1.4115039150193374,1.2337927966009352,1.4115783501979238,1.2086616175583664,1.1961880419014435,1.3215126294495227,1.3218788053248554,1.2348887437434963,1.450550529741182,1.3245444698530962,1.32476197209299,1.5166918190105527,1.1684825068948528,1.247020308575535,1.1980423698462912,1.3813862698893296,1.3192648043201878,1.1359411672954882,1.319677901982967,1.2532475345819547,1.5600417460534795,0.9703407665134965,1.345462513023721,1.1662435397001,1.3615281278049642,1.278211495690189,1.0819451496056498,1.165020695851758,1.1159474850315634,1.296548863383917,1.2293094596247742,1.0784333924147456,1.1654735370655886,1.2822832002210336,1.260679773018987,1.3818343483448652,1.2478089174860407,1.1454016987060651,1.2172675455923978,1.3578913628199978,1.1426335010589541,1.4540880230558526
Luv Resval,0.8719521446039693,0.780770938059386,1.1540319256305287,0.8660748696091202,1.4337262002710087,0.8568526528986634,0.9109978168930991,0.9318968636317941,0.7011233129635986,1.3042528448195556,1.1574428259694358,0.8399239919142863,0.8158736795285472,0.7875235406933399,1.2672331385199562,0.7889805856341691,1.2245423439501155,1.1096220450552587,1.0327400127965245,1.0301993037071837,0.9468894636070382,1.0169843249261303,0.9900234103095596,1.1368340967688277,1.008864104212587,0.9596995357580085,1.2669605525489376,1.0659426935734906,0.9464057053474746,1.2062654764917669,1.007644238380525,0.9572492615694993,1.1984853324195404,0.7744437876417326,0.8422020532161004,1.269083389020734,0.9745543553818123,1.2515500570469993,1.0953221063831036,0.9657981563672343,1.1845139140251184,1.0720522647832125,0.9315070753037834,0.9345602087905353,1.0130213197606537,1.0484146387005,1.107542662468075,0.9069888646784595,1.7279193900385095,0.9700862113601004,0.9732649479839796,0.8630041114632291,1.4261210192575067,0.8692907404391398,1.1687581807691065,1.2433502424076637,0.8662638254058534,0.8235104151956185,0.9151841632058724,0.9922546695965149,1.0094174242975344,1.101973958071815,0.9511641035608768,1.3873570438701541,0.8424308941450892,1.0845728393164455,0.9543373031685406,0.9074144082151399,0.8580113599484708,0.6541066425940398,1.023426585949849,0.9629719101762237,0.9618886782830715,0.9469408615168802,0.9432152618054488,1.1804919623113141,0.9478175153471107,1.0580058588032464,1.0601642892067076,1.0199931656703072,1.0358431769877106,0.9990741225877087,1.007035360189729,1.128274076510447,0.8616417148029428,0.9502585174778957,0.8068356201496152,0.9807860274066762,1.1546602358051645,0.912763294326784,0.7417457112893566,0.9213213203397348,0.9586622013363396,1.0963807556587815,1.0071039048949513,0.9500060977642686,1.3390474349067636,0.9672149074703882,1.1549800070778646,0.9262909646849977,0.8638701654338299,0.9938517396357686,1.1967850408230658,0.8412892105565507,0.7567477271731081,1.040578393754286,0.8095043992701272,0.963644556892141,0.7753523598910693,1.0498287602479293,0.8715393487515943,1.0236032259140002,0.9415948669638319,1.1323009357251848,0.813868163948738,1.1572790816323504,1.0361395732928065,1.5073566724275922,0.9244976663275701,0.8665817564894266,0.9473780671400114,1.2732499000372788,0.9213655506257031,1.2522279362461335,0.0,1.4644040263277278,0.9929050537044904,1.1618700167155263,1.4680402452417345,0.9049893867962427,0.9325672508364097,0.9902449548978616,1.1591202268912244,1.2055068387739056,0.7339551467030684,0.9004680405695908,1.2547804312994701,1.036846102028133,1.3535169826143998,1.0585532865542093,1.0204261411519842,1.0452902997239255,0.9742677282104765,0.8326439933311601,1.0501579123075002,1.1589601180466156,0.8060374351915229,0.922449666965957,0.9190980245704936,1.0264921471008286,1.0478717559915514,1.3152470599283541,0.9411438446739008,1.0649596696912966,0.8213738856161066,1.0566954757117286,1.1386649666740944,0.9368717136722059,0.8902791295631719,1.1071447634312368,1.5097711925057482,1.006166667773536,1.42800413497038,1.2545886924914613,0.9151142734332937,0.8786126963346494,1.0036139419777994,1.1784111984399375,0.8432640528277789,0.7539366724940451,0.8639838952398174,0.8149558973051169,1.0734750402260678,0.8540241578817184,1.316105342025683,1.1447210350009827,0.8804465497281548,1.1424403346932959,0.8664066952630404,0.9231641786448838,0.8395278838290576,0.8987056699945684,0.9799056645104699,1.130406539243005,0.8965836392086914,0.8134811828275513,1.6376548427971813,1.3358820160343177,1.1998440523137324,0.8412842471413174,1.3084168891535553,0.718855519526593,1.125367962169478,1.3102490010739807,1.020763410471467,1.1279251993807977,0.8539403336938598,1.218726597100338,1.067308684298811,1.098547339412339,0.9238898632692494,0.716412810539953,0.7840384524152332,1.2023262243306414,0.8292499848054238,1.1190053741013215,1.030035275485286,0.9089554826015569,0.9469811012462673,0.8937100745489892,0.9520595873293857,0.9986615462818936,0.721601016983301,0.8659512872416212,0.9282751819561419,1.1449684663214195,0.9296110690446479
Lycos,1.3020942128580737,1.403827399702218,1.190559476570307,1.2941570834624736,1.366078021343686,1.3167502312480783,1.258853755515507,1.3029417982535996,1.2824883310562065,1.4143433796076623,1.3479325111809026,1.4275025237306662,1.2317352841050822,1.4758441602777452,1.0200207961147745,1.6491413081727495,1.1394804154455613,1.2744140080520838,1.3771148979749521,1.2576775462035685,1.2166297484416377,1.5318947855530753,1.4344461648874869,1.193767040516684,1.2824366906440876,1.271985254076883,1.178338540743348,1.2586905029227482,1.4890382611029067,1.3332989089777718,1.2611327323906918,1.1512392106808622,1.2778987909549084,1.251301352664952,1.183757415166985,1.087003152884925,1.1203191698034105,1.2957396788075457,1.5217341527701747,1.3237469985553239,1.4439994973097305,1.3695045576400926,1.1427137219935763,1.2837564219390087,1.2976613149116354,1.135460466172902,1.192581804842616,1.3572444854289396,1.461223211847448,1.2212124831946105,1.4526476893368108,1.3238238787661984,1.1071953043167377,1.613104716026269,1.3790289820816801,1.502107771082271,1.3181231653800802,1.4170981601469115,1.253875342626241,1.442116489076244,1.2696132905090933,1.165393121216077,1.5890863667610504,1.6459247699149828,1.3362104174945755,1.3095078368597357,1.1302662178697926,1.2789632758323983,1.1752011937341702,1.2832625518780612,1.5962196604443875,1.4340417305778368,1.127605564756415,1.290596023847918,1.5051672076613565,1.6024189693042017,1.311507983281173,1.2748398935923608,1.3868936366005125,1.3280827702258116,1.1537383393332519,1.4130810695458893,1.410461636053258,1.5309367345775962,1.4943465389208312,1.2497230536549238,1.1541928417186702,1.1848723192758508,1.0787236752274172,1.1589784138045742,1.4135641244178985,1.1933818853146787,1.3197300134406575,1.5582614782777242,1.2629014858321588,1.4606433454149412,1.2981179436933992,1.494437157214518,1.5797336412347234,1.2814090938895488,1.177766068514671,1.2594124549091659,1.0615237282942689,1.3445961147222552,1.303576364941508,1.081632375350338,1.3398556586338055,1.2836017117594685,1.2509689493218146,1.068518741181218,1.0442668728001823,1.3566630699889615,1.1486675465112322,1.6354993924279881,1.3456672996602104,1.458618966662154,1.1880105353326358,1.8581366081159933,1.2608042759361024,1.2781470092671936,1.5827168266108707,1.4481045042744691,1.0238967187604102,1.2655740529034216,1.4644040263277278,0.0,1.427119957526938,1.2236902751894052,1.8081904197911443,1.3855077612823588,1.4120558138457981,1.1354487386333558,1.4121813728677635,1.4294082935243695,1.161581819068228,1.4065172795944172,1.071622296002434,1.5409457123882413,1.1960844886246598,1.483955283690682,1.2950604135618646,1.4472546387045988,1.164067636535078,1.367639465810729,1.208805095848347,1.34011721501699,1.2543357620364235,1.4095872705278956,1.4047051007613656,1.3692610098394271,1.241931696108823,1.526282566268008,1.4702914160122271,1.3416768611630259,1.263961176314112,1.298561873818156,1.3787471479856133,1.3646214151210212,1.1367262868444483,1.3372659319573867,1.1284394901571397,1.6233855505289028,1.512217281451674,1.4229216747089373,1.3180094343045574,1.2909618739193547,1.2858913695414413,0.9995553024978481,1.375641515900203,1.1600265694644734,1.4073454659613278,1.3699218830455715,1.3687548093267856,1.1315774824792006,1.339111094802851,1.6333781534977332,1.4766755150069186,1.5932199968041745,1.3304857777525478,1.223047004950368,1.3051243311740655,1.3512246900204112,1.164575516658562,1.5309017799832996,1.5555427197799367,1.468583957613664,1.3616222383232195,0.9957940594014251,1.2543227191818618,1.4057796198660242,1.2080265955030771,1.349645208806326,1.0520965346207027,0.9303426260822705,1.3330643986958517,1.740020425306163,1.0962631827881142,1.2301989756053562,1.083722168007374,1.3448098563699025,1.4324186157768104,1.1879634423072534,1.121351108095154,1.0979693624059756,1.1802341360758823,1.4316286013471107,1.190612582105752,1.2232194357960362,1.3969916699649707,1.469857423439722,1.3411399555297383,1.292492251284425,1.311272266210015,1.3460040055247353,1.296156250861671,1.1233671833377092,1.5112843597114436
L’Algérino,0.8019368142830087,0.9712856945299244,1.2093298303380449,1.013396898041463,1.3173066568925955,0.7765632071330342,1.0603557466243432,0.7839584497720437,0.7785659520708207,1.2176443444519902,1.163447507674239,1.1034412296190703,0.6775283483222405,0.9990218807218875,1.1668080468311737,1.222901728324938,1.0585603857474444,1.1162633878580246,1.0845063215619732,1.0438650986732334,0.7932615793126998,1.124204322340662,1.084530184415288,0.9844215841811347,1.05209967121221,0.9223665566343999,1.1006147410552685,1.034363017843246,1.1404098332178119,1.4445412796219665,1.0518400925461415,1.0327145260324164,1.255937235487254,0.8685325907899027,0.9002401421006977,1.1442698239008833,1.059323138765903,1.1297879577598446,1.3585795254299655,1.0352227829005651,1.0849964303130621,0.9986694440825336,0.9954884507295021,1.1396170982205773,1.103083236033446,1.2466463815133362,0.9319607141741156,1.0607009882576977,1.7183135390100377,0.8002887850781846,1.0099267470393642,0.9791306188493156,1.275353421321193,1.289083115812022,1.151354512689982,1.0733559927550294,0.6803165761115387,0.9385539995371928,0.9397743263271869,1.188158484920441,1.112006139727628,1.1162222651063134,1.040829049226666,1.539207479807277,0.8748203246188839,1.021252615788458,0.9901342552767829,1.2075083510534619,0.9693310166621042,0.9501964674300217,1.0815259210331327,1.2740992696186244,0.9886273104174915,0.7495976955299042,1.3055100310947625,1.274874206794892,0.8973394807748072,1.2724644907562848,1.0027880231292128,1.1115521569745264,1.062577259552862,1.247984829731436,1.2510385880172397,1.2299492764753368,1.1064864865571253,1.1560766706101522,1.0239216614619575,0.8861532448293888,1.1591685520064565,1.0172169778259594,0.8485800271857346,0.9103251346836103,0.9153525627349601,0.973664054010965,1.1577794308454663,1.0042616840264844,1.3027187052887192,0.9568393632624406,1.0265756289336363,0.9544351517167335,0.8938780799674529,0.9280659809664965,1.3113548712536918,0.8906825953432193,1.0068117981734017,1.0980914291947785,0.8939127632839756,1.0803699590396392,0.8333389533440841,0.9180110178640946,0.9987135612153133,1.1836165025388958,1.079467266529277,1.1160146800992827,0.8165330784259133,1.1874738136426766,1.238245813147956,1.6825698434216378,1.076932942360781,1.1356504156566585,1.3328544035125724,1.4653348943011784,1.08199954596217,1.3743755597843885,0.9929050537044904,1.427119957526938,0.0,1.0719441753501222,1.1964554643609504,0.9167737007745255,0.8364304316890238,0.9809650388182072,1.364739640795886,1.1180278248235107,0.944941278365545,1.0091310131024065,1.2448725939376184,1.1482688302254678,1.0133693866938827,1.0951042647660794,0.9550239642862928,0.8963095314785576,0.8320228029151793,1.172328958192477,1.157973131005273,1.0264552911189169,0.9143255796625582,0.9657390128639558,0.8271888820704938,1.0665285706874135,1.1248801809760591,1.3962351463405163,1.1160042092341484,1.164664458023966,0.9276240707038897,1.1678900638728607,1.1968671560977044,1.0402943601303776,0.8402982127432665,1.3062857639121466,1.2187542276632164,1.2581081748402558,1.470421132238608,1.3906522239506414,1.025585260355514,1.079554685540028,1.250642719137732,1.2941466777980715,0.8213902500757871,0.8649874296393165,0.972141766993818,0.834051084163486,0.9891310983722092,0.9296857805326499,1.301756374193924,1.4519733328547284,1.03538161949016,1.1341902976851868,1.1410710372188768,0.8759020450579644,0.8930575865924065,0.8698610740866862,1.0478817749190412,1.225377321042724,0.9161643984116273,1.057530350490211,1.6494428824589547,1.2008323486942047,1.447996112275707,1.0910054380330294,1.498170003616053,0.6246325732289134,1.1628551238027465,1.2797696281824409,0.9566603895741891,1.3899835712035837,1.0870115579743727,1.1460614264729232,1.1239902142721943,1.28194766349891,0.9357202586655096,0.8046557060021247,0.7850137463210239,1.2752813873816848,1.1133505527279655,1.18073600031516,1.069429478313224,0.9887946179681584,0.9462371832716489,0.8390301358320457,0.9915871281208101,0.9739722774204949,0.8739832148537552,1.0537922920309464,0.9586406409410574,1.2239492123293467,1.1240310689373845
MHD,1.043665638951677,1.157065065225418,1.1514624502153241,1.1558810852118073,1.108486452669747,1.0125200142011077,1.133926373753521,1.0823532897412234,1.1064658779249705,1.2109003142191668,1.193491007582432,1.3122232692076758,0.9080414419449191,1.2560828250283296,0.9898312601317766,1.3871645919690843,1.06117882871425,1.0059384892997065,1.2004063943983332,1.1587787507071776,1.0430777215875169,1.3093978596723284,1.2256526398852274,1.0174479884374943,1.023193168483059,1.146569223970274,1.157275348477318,1.0112788920937168,1.3088799351552582,1.4051885487466118,1.0398506258255396,0.9728844432193994,1.2732856956850294,1.0703974165901817,1.0738982864060993,1.050788424460152,1.1038241017607335,1.1062070213369077,1.3546318708204053,0.9774796354869146,1.2200445022415685,1.1241989521364018,1.090270109663964,1.0159373654014614,1.1749047839922446,1.163563527908768,1.0586561744254686,1.1451160435473895,1.6456523521071214,0.9702025105305073,1.0246750239590616,1.0190428099795852,0.9201718741930562,1.4413987931853427,1.2546971188854033,1.255359714962939,1.0128549158324625,1.1477165265264093,1.0866766291373207,1.2664709663372489,1.173223891602331,1.1599084091111722,1.219721519985202,1.5539388637996252,1.0678913128807943,1.1474554404920225,0.939254945614726,1.1441839988616733,1.002934458420653,1.1064947616457879,1.3271489136246037,1.3182225743646532,1.1460980606320919,1.083146422681734,1.4042425185534535,1.4297150237552765,1.1709008058392634,1.232623618844042,1.1826299457095144,1.1124758417332599,1.0336982402914363,1.3232568587498448,1.2327843733303805,1.3976459119884468,1.2649351166225236,1.3148332057206538,1.048733531716116,1.105921898238528,1.1223594347270514,1.1220673395566885,1.0850743867292822,0.9920547919952886,1.0654811591377842,1.3353534216453404,1.1112741252185283,1.2585163514109714,1.2301710703890636,1.2491412306007683,1.3838322156380178,1.1069000445639345,0.9576453357660804,1.0417810376002006,1.1774921468867647,1.0993580250966846,1.0561037470834937,1.0105634648435657,1.09077541679238,1.0646275994395702,1.0069246874447773,0.9904210992087896,0.963727518674666,1.0131968398542623,1.0932712423798745,1.311472873692906,0.9701812361837205,1.4030197532303725,1.0916967077888093,1.6902087262052625,1.1729391687186315,1.18382155634349,1.5637893888163887,1.3584637398125299,1.086293314533129,1.2991750293985769,1.1618700167155263,1.2236902751894052,1.0719441753501222,0.0,1.4574936772154716,1.1793608024118483,1.130352960639729,1.1484083320249086,1.26706571830304,1.1923470417356805,1.024526194429328,1.1070288544141937,1.077502418116761,1.2210518088069693,1.1604418994167838,1.241815479971827,1.093229185494196,1.250448789361798,0.9268804148599327,1.2350561063733654,1.1027009473894465,1.1481748142484127,1.0561600898184196,1.09774894237857,1.0846065114583041,1.1554545602265995,1.1437457315398118,1.261663821800056,1.3444787170048895,1.1740786941146424,1.024769397071475,1.185240436561234,1.3549099127402806,1.2589937942177314,0.9410329156686902,1.278796621835961,1.1660228507542154,1.2864436474978656,1.386419443796067,1.3349349552028553,1.160785942247471,1.211547325559979,1.2142972778465528,0.9431015293913446,0.9930908349819997,1.002658175239541,1.1505682305759406,1.0348139138304882,1.257371077425914,0.9705456939020155,1.2796147279633308,1.4754581453962403,1.1848263893429702,1.3590636086461674,1.1356765668878859,1.010274705076462,1.0426995183464052,1.0206619562686978,1.13181538275148,1.347600649883005,1.3338913390045042,1.2880977862811576,1.584429103340711,1.1189915125056558,1.400444577360424,1.1847687399837996,1.3091970880046508,1.084149007620451,1.0559485502437738,1.0924310421204717,1.044657679971334,1.5579232066242428,1.0622330560232616,1.0820806567675925,1.0567355125237747,1.369238612006285,1.263883248837751,0.9752630935063705,0.9016442634841546,1.0513872610959942,1.1159141523511489,1.205768330995017,1.059523518348153,1.0884456448861182,1.1300954796588762,1.186437110939901,1.1611379917332711,1.1471480694830936,1.118974167619079,1.1904808322174802,1.0404190066855776,1.1120961285604454,1.2966692897748855
MRC,1.2449425626738417,1.4710574131454004,1.58503851830654,1.3830545887428842,1.4050523480839334,1.1108418322691365,1.5967433659845645,1.477268746856717,1.1769191121412854,1.7284098904686862,1.5019968068160765,1.5822350858279812,1.1505237056935003,1.604847026231495,1.5663853578677724,1.7034197496314214,1.2700380486817997,1.466469636393994,1.4901543548282716,1.5555128407425398,1.1119756057215986,1.3576086183255567,1.5595511948274257,1.4232164682655013,1.3942582419635696,1.3044573304466467,1.6038229941208721,1.2401357881101704,1.639269277948616,1.7837602666189893,1.516814604885534,1.5445197339088315,1.6308668371672448,1.353022299483637,1.280384595950585,1.5419011926177602,1.525072541449819,1.5407209872121626,1.7021040253305335,1.2781452853089297,1.5628603585095073,1.3244270617604508,1.5273790841502013,1.4208858114810248,1.5127274350762492,1.599668349232248,1.2235141401207805,1.499365538977064,2.0695620714812692,1.380928310324061,1.409474725436022,1.2889198382423095,1.5089929887009603,1.594330638815112,1.4377995720477843,1.625983184585255,1.0555895618535496,1.4185473215432451,1.2788557289502693,1.31413936341337,1.5074555559992633,1.623385576259885,1.0790887957277773,2.0409074975497545,1.4923311292045711,1.4255031520477432,1.266926368831527,1.5462831892724935,1.3836775002853121,1.3930067620657314,1.4963007379752222,1.6627413938432118,1.5568221092013226,1.302291911409845,1.6960478583754033,1.7352252944040545,1.1865837517015754,1.6088296929496884,1.231801055535746,1.3771909408073617,1.4516845345615677,1.5902861698621484,1.5843240268119436,1.74940224545188,1.6004818359713957,1.6446239700112926,1.498557962101872,1.3947287588175017,1.3765496613445423,1.4510998683412006,1.3195748248731447,1.3310400837740077,1.2102041171484101,1.2928857708995294,1.6140845751662753,1.295819751237888,1.6550277277638137,1.2648512990485323,1.6170293835608114,1.3674335496760412,1.210210356851435,1.3165584878516972,1.803835592611088,1.2622078647914607,1.4369104080855037,1.4286770315606405,1.3172907919438914,1.6155739962273534,1.2434416436526843,1.3082736449367867,1.3724619027000615,1.5240487580061035,1.442192087696348,1.4392293760663526,1.3780511267625608,1.6600533142233835,1.5938211492406822,2.142875213272711,1.4939156651272805,1.590628681367285,1.7190664050595323,1.835552894350723,1.4885240049939326,1.8362736601710556,1.4680402452417345,1.8081904197911443,1.1964554643609504,1.4574936772154716,0.0,1.334869848930107,1.3103884852899852,1.459322538283075,1.8184842650238637,1.3124245057089967,1.326673260052312,1.3185066932954326,1.4532232034305936,1.5462030621993028,1.6231164430509788,1.586736849255388,1.239744364955616,1.57659054420297,1.2674113708285775,1.5820790343956417,1.5410343253107932,1.3313366700744158,1.3276015053192216,1.2790556057479707,1.1828537243457626,1.600216096449043,1.4647797052840354,1.9001077774920376,1.64351174864846,1.5085975039284376,1.417247358399243,1.4192516970663251,1.7042757816071301,1.456081777987783,1.27455144816683,1.7372460086371317,1.6926543805862193,1.7199310083413537,2.022696904661261,1.6476681960953903,1.4098928949885066,1.572176148656778,1.5507324705453533,1.6333111392717077,1.2519861418707263,1.2936988361061195,1.351042534856222,1.2898738397350775,1.2927212434615207,1.2562841069906028,1.7450084660023555,1.8247957722096373,1.550764168324968,1.4504901854367402,1.4958733109786275,1.396710624386534,1.281504562816639,1.2394498781604637,1.5963725887844866,1.628837929900623,1.4451569228111298,1.553229741012878,1.943849412957654,1.6502780060950313,1.8085399475764496,1.5227027808142288,1.7046339449986605,1.275681123817333,1.556463853109978,1.6838918523559692,1.2562739165261738,1.831513419602132,1.4806018328477295,1.4514695275889442,1.4807199674525442,1.493086286065534,1.4017571701363971,1.2455283634738352,1.2221040980763078,1.5923230038147629,1.5212678761264475,1.6283238429624112,1.3619666657292,1.3129441154423134,1.4069633321297639,1.2286156863044186,1.3574785438713242,1.4587728753119782,1.3663205299027645,1.524950766319968,1.253946226283003,1.6463205789265187,1.6183070973645188
Mac Tyer,0.9798413330634865,0.9582004503167693,1.0488992788438536,0.7641621575438197,1.2613590683221219,0.7259398376238622,0.8865033782482024,0.9119025575805629,0.7757536945046976,1.2078249548618494,1.0032680919515284,0.9344415790438273,0.8126116412587524,0.9128017602630091,1.2016124592851016,1.19272389767645,1.0231131963216773,0.998454258796526,0.9322851520032676,0.9387047328006257,0.8426852671128203,0.9306367122335873,0.8598606512774404,0.944240296358803,0.7803804358056293,0.8453751705187358,1.1151194809295637,0.8683064437538477,0.9126137640474088,1.2006214621504456,1.044117684217377,0.8776074147976981,0.9325013412944017,0.8953978548146148,0.8225830945321508,1.0807300378995968,0.9136928415920939,1.0539268063083376,0.9927162987868026,0.929230539401195,0.8863468273461543,0.9014276457146218,0.8453598238031681,0.9930562681963567,0.9165772614964761,1.0527115327364505,1.0104693546479686,0.8198140338102381,1.4509680590263172,0.9088977200011406,0.9373987305188872,0.8928296918056084,1.265154207190233,1.2866051215948937,0.9659453923184195,1.1200214354897924,0.7951885835826811,0.9772298324341034,0.8375825912778505,1.0378481229187473,0.9643404794267529,0.976705773556155,1.1367606830246653,1.2820110667000326,0.9663842227910961,0.8547488671229618,0.9520946324321251,1.0565333331947657,0.8625855922550524,0.7255058250328644,1.1287357509653222,1.0993251725975415,0.942293397844017,0.7615514900383444,1.1205908723496298,1.0811858455857857,0.7261621709087116,1.1406351028468045,0.9561584287998408,0.8846662599743187,0.955956034913704,0.9732033296233237,1.029696979410212,1.039352170421006,0.9187921016546869,1.0001722552063443,0.8814454340040001,0.9304767488370433,0.9228850172468929,0.8274462557962625,0.8532608904059689,0.864632160785757,0.9481859389620592,0.8666178429524721,0.9827064780888086,0.9887425784559288,1.1031710326384507,1.0098068311503643,0.9913367935496666,0.9755615493204172,0.8680237382544672,0.8386824341906564,0.9882365589397288,0.7559755066193975,0.7697854364945946,0.8851315032096203,0.690975713786533,1.1565562308889599,0.8028691442396769,0.952209008344839,0.8344277406238549,1.0605826302920096,0.9234518898165763,1.0286618394346478,0.8511000650850307,1.123537791273893,0.9348327286624522,1.5067037703728332,0.8516385578649267,0.9383778677070628,1.1786760745727947,1.137276532782736,0.8809384984307104,1.2075606093125884,0.9049893867962427,1.3855077612823588,0.9167737007745255,1.1793608024118483,1.334869848930107,0.0,0.8487783624924545,0.9254867289126331,1.0474969939156926,1.0600789873975467,0.8217892909648478,0.7735585645794358,1.1991031702958317,1.1351905575811676,1.2782040536068329,0.8219355839983771,0.866908887578284,1.1061116698764117,0.8946576013492347,0.8993419199833361,1.138677688029869,1.0471430559528265,0.8402749718513186,0.8325748394249544,0.8954099538977367,1.1062142218938598,1.1324306919605838,1.2562657531347539,1.0058375171577922,1.0402510833429042,0.8624116388527931,1.0281762334958253,1.1587361055552707,0.8524639036727664,0.8107312583380079,1.190318815177055,1.3574698778809695,1.0084537370241409,1.451142405275791,1.045752658782021,0.7529834526995729,0.8489590261879288,1.1691129925677417,1.0353373002025215,0.8344601321744989,0.7770283016944006,1.0400823680357383,0.8180394424587508,0.8633586322191857,0.8201377021923267,1.0269913010442495,1.3921654932418819,0.8169294044322573,0.8942415231621048,0.8691014726254642,0.9015762791850352,0.8828979887904744,0.9872277005483787,1.0691941907176505,0.9826995215512404,0.8988740749281852,0.8584750312901522,1.4861212839632443,1.123722617968614,1.1874106605437225,0.7465764986125433,1.291514551410202,0.8508871039552666,0.9611254568341153,1.2752558246763257,1.1070908725990372,1.1814874965512183,0.78773290434224,1.088972843333979,0.9398436229257657,0.9784783242787033,0.9905885515445395,0.7444453295797632,0.6982483602514947,1.0384446333505153,1.0924063577706185,0.9515077501564271,0.9864787581964378,0.8370938216901358,0.8740837078334132,0.8126704318008975,0.859578229164353,0.8415989111985649,0.804375103303554,0.9342499342053165,0.8359846538386922,1.0800277657851318,1.1036949360604602
Maes,0.7075169195634929,0.7232114608256118,1.0009990609299482,0.7933911287334813,1.218261052284082,0.7987067519314489,0.8818675144003958,0.7685973504427437,0.6887573350274447,1.2999503303494417,1.0138173620721593,0.9741170024720449,0.7682495844574176,0.7858191822493604,1.2555007518704862,1.0657292640327503,1.0882584802467854,0.9633239510018489,0.9135786096215809,0.8263223872128752,0.7115053717431246,0.9314392543608473,0.8964001175873598,0.9687009020488254,0.832226871328031,0.7545008740101522,1.1912498959642817,0.9253634271227106,0.9742141728871633,1.2779304448731308,0.9084754883185275,0.9026925947199816,1.0072780795310898,0.7463838791518049,0.6865447648970288,1.1165619988339348,0.8772500301476228,1.0523892937352897,1.1654765770255453,0.7659786870597128,1.0101663428372256,1.0213941864705374,0.8982314125115817,0.9645169145366199,0.7565252098578241,1.0330762029384053,0.8501308090071414,0.7167682617248244,1.5743564062157172,0.8601566132444064,0.8635565191442244,0.7807618043022214,1.3435922490834165,1.0211859285918548,0.8358690810334185,1.102899135248772,0.5767457682410854,0.8888058487523955,0.7851028210376652,0.8566029286347585,0.8920439490447672,1.0597212008117987,0.9756061275652573,1.3801597777576653,0.8363057944668707,0.8887055446863156,0.9066464121575037,1.0586697843663693,0.703114714718437,0.7445315144585536,0.8457334614061168,0.9736338849439238,1.022200263903355,0.6217021906830901,1.0040110427657185,1.111866863290791,0.7044013298267793,1.0930946626112923,0.8778311140109729,0.8719946364232577,0.9442544233100724,0.9073247358965078,1.0177506889473948,1.0147184765513955,0.89736135829882,1.1277454981211847,0.7673369471755674,0.8146300819865072,0.9405414023739511,0.8501419250631069,0.7651172808666534,0.8824139278018616,0.8222137204102485,0.9318946074390291,1.0930947011982504,0.8193870700460679,1.090398627384213,0.8702069995062274,0.9651254962710286,0.6553439612192427,0.8682017913796162,0.915771321478058,1.19489725770502,0.7746976997264583,0.8541720367139095,0.9293408968936955,0.7811848443012237,1.0328975570883019,0.6577060328206505,0.8818148442932664,0.878533774175516,1.0457609855777674,0.7211105314864091,0.8290079925713474,0.7990517612852195,1.0976348753383398,1.0644691874622088,1.5432582068419542,0.8275381842602637,1.0020923674344406,1.0850668723311827,1.2007418788448143,0.8248819972662059,1.3167343787189851,0.9325672508364097,1.4120558138457981,0.8364304316890238,1.130352960639729,1.3103884852899852,0.8487783624924545,0.0,0.9053761356396574,1.2429087749372025,0.9625031142427598,0.7916149071164316,0.7847645104116471,1.1315490269231852,1.069321059078876,1.1604059518650232,0.7721326852708402,0.7105078425374756,0.9984955324245959,0.9577149043387287,0.9262563248822233,1.0584022037426795,0.9323808220884964,0.6915298800796981,0.7427637966530143,0.7928719673945064,1.0473408872581234,1.10080047498242,1.2780894237664713,0.994937789732906,0.9360193914783533,0.7308305853735891,0.9677790461913145,1.1571416094929148,0.8982345414558466,0.7088213103399884,1.344197137438034,1.4371119988322194,1.0332175814957276,1.4484169291079445,1.1881595722373488,0.7537092616254868,0.9124031370513205,1.060790448132682,1.1450885558666217,0.6926396343580831,0.7838212224622623,0.7290681334485896,0.672752622388882,0.7587016473681106,0.7971650340924618,1.1334823653154935,1.4302588212140563,0.7726309078450384,1.016661575339679,0.8591259089043422,0.6974434790791336,0.7690189083925937,0.92314197825109,0.9391236284586675,1.1170199309634212,0.8176164500223057,0.7734577510068366,1.4852161624497944,1.2119460300686187,1.2901839062739486,0.8634242300333557,1.4410359678395677,0.6124857598470719,1.067774872653725,1.305064692490138,0.8333370856872319,1.2013477111253923,0.7759888676199913,1.0716661718887075,0.9209413771987598,1.1080002627181222,0.8436001534067503,0.6942685868833443,0.7622498766471881,1.076467744431615,1.0832321448850764,0.9853775741286199,1.032780829150544,0.8009509277605873,0.9176605059647728,0.7325528624527955,0.8524948232275918,0.7016888950095571,0.7248872360194317,0.9435104085350116,0.6247458512157721,1.065964090239409,0.8348354247575274
Maska,0.8956575841181565,0.9648224400176613,0.9601272102748125,0.7332009787706049,1.2058063629049287,0.9420892638726069,0.8380989177959353,0.9758342335138788,0.899935233720472,1.176846176176273,0.8151751304886153,0.8746782719671509,0.842735681069184,0.9118065865500252,1.1341767684483066,1.1716651178755952,0.8714764716201905,0.9689817678333764,0.9897815284164665,0.9301421899092358,0.9364002377657552,1.049024502898469,0.9204662643460828,0.889957545673963,0.8862890809819303,0.8799245488424813,0.8321172275073163,1.011923125324316,1.0510897184358858,1.1823905391884664,0.8456512239492252,0.9440109388385323,0.8042124885863761,0.9274136638307332,0.7818967760718313,0.728677893012068,0.7484159956493202,0.9588586930439408,1.164994247589962,0.9393518613529364,1.0883059324721989,1.148250829095235,0.8802218592633628,1.1358803556469412,0.6995467278080008,0.8672877170152312,1.0975216390635099,0.8051751053192301,1.2852975611566537,0.990063082577869,1.0216576675155353,0.8521751951954748,1.1196534552017827,1.1247726525682915,1.0954284095202682,1.1292235358380323,0.8827416011740955,1.0915490616965555,1.0512642711737692,1.031227730545943,0.8432874246776488,0.7905217666349335,1.2014357570813132,1.1504713978669634,0.8419894081151953,1.0048863519274713,0.9383511469349636,0.8505680344213612,0.7369399763674462,0.7483692664888132,1.144046272704518,0.9542932247475058,1.0681844568225989,0.858889371347659,1.0498608744163496,1.142090820058274,0.8994501785659598,1.1622179957145036,0.9704625606507523,0.911389502352998,0.9562069347480336,0.8254733626980669,0.9509185216212779,1.0138013975592626,0.9131609788558773,0.899942431768886,0.8312511400631712,1.0020172995817902,0.8531325893846535,0.8931893843079326,0.9286965592103745,0.651159834270533,0.9348706451835045,1.120724230288812,0.9226304509214901,0.9289820879341325,1.0339856399724752,1.1074530542748138,1.0051452344615965,0.8908521615378795,1.0131782714981674,0.8073814509299314,0.9739610143573437,0.7992233011262276,1.005344832665294,0.8826785358429138,0.9480387732625425,0.9834421704858664,0.8537656864686721,0.9178776150805587,0.9255794707670244,1.1502168327912172,0.7584505184724456,1.1400918818652626,0.8256046592470312,0.9738146139489849,0.8644194816151397,1.2475507016872351,0.7925536509147907,0.9793989420922738,1.1401912922166304,0.9905106534920484,0.8346064450422103,1.246601391972183,0.9902449548978616,1.1354487386333558,0.9809650388182072,1.1484083320249086,1.459322538283075,0.9254867289126331,0.9053761356396574,0.0,1.132904174682203,1.011219992152116,0.819855106082003,1.0680148968215877,1.0904380911864118,1.2131640074985215,1.2583538678164348,0.9415551885794283,0.8767980053222757,1.2888041372151766,0.9318481856685813,0.8027743538870182,1.0514316984541414,1.11438698609886,0.9031298347117368,0.8609603150796317,1.043439915542478,1.0208515602325337,1.1603879221397309,1.3416300640104615,0.9494477878086272,0.9314623042404723,0.8340637105959449,1.0206009855025575,1.215968817741132,0.8740269824310313,0.7942470210298139,1.241122309386985,1.159401081621516,1.1413878186389852,1.3845469966945432,0.9943905441280116,0.7520591369388637,0.88743155246672,1.0513332573982697,0.9413279930423802,0.9611354043811292,0.7313429521984207,0.9978044134699643,0.8864858597403671,0.8348297063634317,0.8430692292307572,0.993921989543167,1.270502847250483,0.9311135700634683,0.9622625969153475,0.8374441455761725,0.8508684812100008,0.9488817680645636,0.9104917112453024,0.891336643010926,0.9854473404155645,1.1678989514013454,0.993200250916934,1.3598735873197487,1.0019835912954285,0.8844973303158241,0.890190713288866,1.2204402268010723,0.9186510884331117,0.8050836064382476,1.0790187284777197,1.1482432902546906,1.206039154073776,0.7511157676052285,1.0159308052102933,0.9508253426578596,0.9126164762864416,0.953308456679288,0.7139825524601722,0.9120644287900894,1.006130783277724,0.9396888720069321,0.9086687047206939,1.0421846708271738,0.7724039852041306,0.9700422105270667,0.9807297767892944,1.0148903854060491,0.8636198761984478,0.7955173123741249,0.9448370613576557,0.9389954045285294,0.8910607272645659,0.9062397026956218
McFly & Carlito,1.2125610740935437,1.174672345725057,1.1092286307023131,1.0640780405626518,1.2891689451701298,1.1475548381094456,1.0639397992334414,1.0785714913524451,1.0415694523154697,1.2289514157661894,1.1595962170615741,0.9894975259817476,1.0504988901146204,1.1341675193776637,1.293543919120522,1.2907215458351133,1.2427981247729092,1.1887060611942415,1.1485322894261072,1.0649222942115857,1.1728764040991708,1.1278534565743736,0.9553265920223045,1.0111313435857878,1.0947289447443025,1.1683307208244649,1.185090197573949,1.271089679858452,1.2114535122200116,1.260552498282364,1.14660225732152,0.933331333397966,1.0901873046640702,1.0406136972947193,1.148470579063372,1.181533034449557,1.0919832645723855,1.1948857155958466,1.1037823333940044,1.162942384655613,1.1308617775525414,1.175226722960437,1.0856242596242154,1.2905392689889597,1.0055855902239628,1.1073968425045257,1.2686121033023816,0.9727593991071124,1.5021557450441692,1.097790527836717,1.06709442497933,1.1594216654849283,1.3944928348175358,1.3615191639360367,1.3590511868215318,1.2369023614617574,1.1959848432161602,1.1612547647665308,1.1691481997772468,1.2177684655962084,1.0730136841814053,1.0394536467999531,1.4401234319267713,1.1095776441927663,1.1292541131789264,1.0508656938380638,1.1915627190029552,1.2114151934466022,1.0765422347338862,0.9406350755083704,1.2943715161683225,1.12633543906079,1.002325263280119,1.198338627216234,1.159782960843024,1.2114267509456957,1.2281588593431922,1.2688387703527289,1.3964616904445342,1.1161214380038753,1.1108429697461235,1.1713641885742063,1.040602696293935,1.0845556484454826,1.1123025044706005,1.1049144758802234,1.0536325431977351,1.113840128259813,1.0992131062641535,1.0445828942734543,1.0541028627503428,1.0999886167142803,1.1122219744828306,1.3649293878354873,1.001498578749058,1.2773913902859784,1.167816969906564,1.3407252253748767,1.1764098840218273,1.1184579197640219,1.1437125103323773,1.0428447043147322,1.0881687690687258,1.0695593998182444,0.9726969459005954,0.9931665524750932,0.96693820668646,1.24390311640039,1.1131994352790022,1.0775273904267797,1.087617238251982,1.2543565195285893,1.1482780356718536,1.3368261374650123,1.0730442681951176,1.3573555930250742,1.0062830355762682,1.4237113098224754,1.0455885054502305,1.1234871690922636,1.2926262306811045,1.2838318825147377,1.1323064547666397,1.3064604262327884,1.1591202268912244,1.4121813728677635,1.364739640795886,1.26706571830304,1.8184842650238637,1.0474969939156926,1.2429087749372025,1.132904174682203,0.0,1.3789223380112923,1.1233689690022524,1.0103870608381056,1.301540561577548,1.2276318280897573,1.3698180746908841,1.112824049617734,1.2295291626476335,1.3085317930805536,1.096388633863466,1.03938745851057,1.2304228269973592,1.271888388818469,0.9937181091725171,1.264597554969483,1.2889381350965587,1.1093834792916295,1.339133793475187,1.2739005420686693,1.0409304493482778,1.205830691984419,1.1012874524101195,1.2311532659081734,1.1394161876960451,1.1392513040185563,1.0455446153393881,1.1116279260007842,1.333323741123298,1.2426563883498738,1.4192440720550088,1.2914724280586594,1.057901720473559,0.9979479796229028,1.2236755225542517,1.1385975355239781,1.0819319076063398,0.9996620346566435,1.2238762629987483,1.185448485130902,1.2096399354620473,1.0967032400440926,1.0317503462665925,1.2869992585823278,0.9773081495054835,1.1555909478084567,1.1206891042643141,1.1672308763383097,1.176751401951005,1.2399435711684943,1.3080221281680766,1.1758901396147245,1.1611929460499044,1.1397497029618222,1.6075778463069164,1.2570588566990906,1.094365671396502,0.847040977468878,1.2664907207480924,1.1627438407527444,0.9652970016142723,1.3870177082323172,1.3073368616932355,1.2376787712981998,1.0104145650434042,1.2562645609454761,1.12211672782682,1.228924816169386,1.3000081050222165,1.0041647946262016,1.064506590590202,1.1418447867728732,1.2154819920315147,1.1028307121699183,1.1359884240915499,1.1295301012597212,1.1699010063842967,1.176183395681088,1.2038599767798177,1.1535993509156108,1.0889092277581596,1.0265736152388718,1.1816805154621564,1.1443812862211198,1.2503836515023052
Meryl,1.0580056451412512,1.110086467503034,1.2257721192356745,1.0601547146089665,1.2470145564039647,0.9931553337238745,1.1274027679195138,1.1056229407133062,0.9995549341048011,1.4189158230294177,1.1900346436187326,1.182609127874595,1.0363172747279803,1.1305128856133984,1.2757640994192117,1.297317770546015,0.9577506937571677,1.200329269747269,1.1423043369407377,1.1632680758118097,1.0746936992176899,1.2282672525428024,1.158989612916585,1.0050387132457643,0.9822392883775002,0.944979829078143,1.2764804798031921,1.0897064793846238,1.239576478376796,1.2770148883505354,1.2097195080369347,1.1826187386745126,1.134344097677555,1.0415352681741465,0.9207378041815844,1.1471682317210692,1.0864521260099187,1.239260142988278,1.4078549746619273,1.0006265645717531,1.239569105062971,1.2984648054984744,1.2333521430918746,1.2745115275443888,1.0240673833569194,1.153664338151619,1.1356762612019837,1.0915516160020557,1.6031940668514464,1.1532981746176827,1.2043229382349596,1.0431342542665285,1.2220118460691431,1.2741641995075867,1.2679819917154447,1.2835594000906085,0.9800055180007955,1.1761240001515922,1.102154078132972,1.2313333992288746,1.190692279065605,1.0949009099168672,1.2541927824266823,1.5775005631032413,1.0398541691758565,1.1219451503547635,1.039631842171542,1.1874869787312967,0.9406449282349509,1.1002658776656782,1.221543632724777,1.2749773244810578,1.2263233221345702,0.9335992601996371,1.358754080361364,1.416148062753097,0.9998766598498757,1.2268779274699926,1.0152346742261324,1.1491350687248678,1.2103375105879082,1.167704907052553,1.2083133940133495,1.3060085097495686,1.2093749416387831,1.2418906874815956,1.0736260079463873,1.1035242685393927,1.0542515637200252,1.1206295380908562,1.0747655829842748,1.083392493841255,1.1475721089576936,1.1555407681313528,1.1594857891747077,1.0700504785178793,1.2295611876618435,1.1887806239438286,1.3047100357466306,1.0434459977016266,1.1151900703670912,1.0188176451978956,1.3101634241637148,1.1396621623996466,1.0498718462074879,1.1097998114050844,1.0948403772294413,1.1337099808070075,1.0267930516717596,1.0060773691952045,1.008870182318726,1.2603170727225341,1.056193119406062,1.3094364028116592,1.162698363275918,1.2394579341496914,1.1107816565991429,1.757001423025195,1.1593253621225523,1.2445743914724863,1.5000720295191272,1.3625751488058837,1.0318826651098427,1.5409791118278404,1.2055068387739056,1.4294082935243695,1.1180278248235107,1.1923470417356805,1.3124245057089967,1.0600789873975467,0.9625031142427598,1.011219992152116,1.3789223380112923,0.0,0.985249277314928,1.1415223365965923,1.2333300534019636,1.2262752103915824,1.3565279532566654,1.2407333419124362,1.0479478171356367,1.3152821484432395,1.074062166358501,1.2495893101510327,1.1387222477237662,1.1068039030342656,1.0638797501860107,0.962505535139483,1.1528404410768223,1.1445022667864668,1.2241254955138237,1.4720606536613394,1.2257176626381971,1.122101125437596,1.0502107955596678,0.9928535679058045,1.3284762747905152,1.1712793386883578,1.0794120637748297,1.3832941747209835,1.2874097022855988,1.335265912812595,1.5244538550958078,1.4219818178159997,1.192939552801418,1.1735219949033329,1.1743900518425667,1.1411440753552249,1.035195634386364,1.02577261975386,1.15149881933847,1.0101321460717159,1.1027556801913838,0.9788500557185593,1.288884358296887,1.4997749458800207,1.1891517356806405,1.1802312747464385,1.2264598862918121,1.05887645030404,0.9868442663482572,1.1057668409315953,1.1502873934545754,1.2044463398347072,1.3388919493385456,1.1633340752285053,1.3582504410269403,1.2797665594027803,1.3342045565093985,1.1668225916514183,1.3857087903035912,1.0598044446626247,1.1806853916236302,1.3117109982544022,1.1273698205369889,1.500569546564452,0.9902567185219202,1.0773154444213717,1.2955671539843256,1.171828936379092,1.2482291951857152,0.9583424154636376,0.9015447248986012,1.2374570756737298,1.1504392938504393,1.324877610432479,1.1911694602472815,1.0017370724961787,1.223300282999132,1.07083207908725,1.245790448349474,1.141991203508595,1.0859572066695817,0.9936344018269456,1.042772797842539,1.1499470775752259,1.069238228432377
Mister V,0.7702948884245092,0.8160049303016353,0.9630230731049654,0.7166830551192211,1.1601466433662255,0.7554560021219339,0.7249761654833347,0.9018156359250669,0.6988691645685052,1.2396138900672609,0.9866179738858307,0.9042598126286805,0.7335568055243907,0.8768087775880855,1.080664387656821,0.9716081516307923,0.9515021127936278,0.8863892939443122,0.8913647446716656,0.869624574520616,0.7293068232757491,0.9790033881703166,0.880382559893522,1.0348062918835503,0.762930637800024,0.8096248644491002,1.040840142645874,0.9113368149290882,0.8890285933980228,1.0275749546544377,0.8053839552310772,0.7380044772121163,0.9135493163300193,0.6850781254919839,0.6171947319458428,0.9176637143258943,0.7454040945528206,1.0381486941881237,1.077402418361845,0.7794851951845216,1.0170339423152641,1.0376719247154866,0.8202687621365883,0.9266802158179491,0.7834800383783967,0.8678243263173125,0.8549139420646672,0.7333808742169242,1.4135338956453287,0.965546854665207,0.8572881881858191,0.808546753218648,1.2425633217909218,1.0538804003310291,1.0038750817628042,1.2708382442586101,0.7300795298465814,0.7638116717678579,0.7263441568215738,0.9499303297980155,0.8690929450783961,0.8772291241008845,1.0500930590847433,1.395666371058301,0.8606212705147257,0.9307326088364097,0.8425657091632908,0.7825007479641015,0.6399304763577842,0.7049658788122933,0.9824016674827146,1.0102165602362105,0.9474840657628868,0.7390920278900239,0.9692769214063278,1.2367784182263626,0.7575765040893091,0.8479652050923712,0.8358125970645438,0.7954260131489054,0.8948559402153264,0.8743987314418716,0.9094660647609252,1.085546222360019,0.8841206098501335,0.8582965177871685,0.5724664915032935,0.8035587717671174,0.8416952071775181,0.7223244702509436,0.7221575152380303,0.7505451848337992,0.8744331740941237,1.0155292383740073,0.9972549551077297,0.8794249250372097,1.0162980906272066,0.9075054755878327,1.125595900042852,0.7102584163332605,0.7772342826054429,0.8658259847410199,0.8959361160367837,0.8292566784984189,0.7152506705523016,0.8481725986405251,0.7890331438824532,0.8549095087178634,0.5998751978377594,0.9196580675872109,0.6773868882564287,1.020544543265392,0.7496935295053961,1.0362305739706061,0.7411902500328121,1.0644806038386134,0.8584601633229026,1.582126242312168,0.7646653628905201,0.8083667854945983,1.093645985579838,1.1089350733613215,0.6453022422591329,1.2185253447011086,0.7339551467030684,1.161581819068228,0.944941278365545,1.024526194429328,1.326673260052312,0.8217892909648478,0.7916149071164316,0.819855106082003,1.1233689690022524,0.985249277314928,0.0,0.9243744323746952,0.9994730569525013,1.0130849865492062,1.1829364734436263,0.9207981607036739,0.760316277978205,1.1034097472630944,0.8289730550159391,0.814165857116447,0.9096796756425127,0.9984463995147429,0.7242262190856056,0.8177341003650657,0.9517774859770387,0.9025838715046629,0.923971103868233,1.3129562068691718,0.9739152804534438,0.8907471055331773,0.721401021138827,0.7946883255498036,1.1080998653550063,0.9046908546127952,0.7156053752682573,1.0623043780372912,1.2336707887129452,1.0262865069276572,1.3738078394331579,1.0213011977538196,0.8551334872716598,0.8508963227547119,1.0404922051249699,0.8765103466880404,0.7339367583299711,0.6445757516489882,0.7915265524792218,0.7217218668237292,0.8323510279567521,0.7227327338755336,1.0880446747277353,1.1984945264975193,0.9150122500157781,1.0944439307035294,0.7716966005199651,0.6831983451544604,0.7402402960060279,0.9354997669928118,0.8628510325916813,0.9961584483033362,0.9893314517170027,0.8923807850559978,1.3438812678661223,1.0283565219155506,0.9682401678584266,0.8180083687127871,1.0744598510911265,0.7284726986465699,0.8278252790957754,0.9957950964036535,0.9087138609078615,1.2225653689346878,0.7075902725060097,0.9588054634314449,0.8266706279762602,1.0048364316635379,0.9144135931170648,0.7040933263983926,0.6344728788554832,1.007051737090413,0.7449924379054109,1.0200930114572022,0.830250757700313,0.7443652844260508,0.9865325320889231,0.88905789217553,0.8377523362738295,0.7821483455835101,0.6006131615657612,0.7761201760944915,0.8048760739617161,0.7875006293920875,0.9020191576363529
Mister You,0.8995102523746815,0.8156373942990068,0.9949931384168839,0.8290520311445533,1.150980132684918,0.7434920508856624,1.0027597083168858,0.8689091251839917,0.7625876938407822,1.2201071607733855,1.1362273632686768,1.0446261832090171,0.6979437425383686,0.8695923772921826,1.2366047719492324,1.2148395111875687,1.1019377353564555,0.9916331119098828,0.9547890303891216,0.9560100462844843,0.7463719429734487,0.9050168031163779,0.9075870627305304,0.9513531118574147,0.8339153204060508,0.899392257557187,1.2208092895999065,1.0262894677174224,1.01246244774466,1.368375616591569,1.1126635404420127,0.9360842005947589,1.0853077019999207,0.854693432080263,0.8936969127003697,1.1738845062122758,1.0637964502876118,1.117026350630432,0.9638973945845987,0.8502662003666472,1.0131571541059243,0.9202919795472173,0.9438781781292307,0.9457391558985175,0.9569834172118924,1.1260477659259207,0.9068511082660354,0.8590536571052229,1.6440403458358042,0.7911785050318653,0.9257687989886411,0.8703647427854219,1.3585864952191835,1.192561584725317,0.9655033974932906,1.2141273545182818,0.7050077055522063,0.9897015551459606,0.8204053460249547,0.945352053382647,0.9001469587470979,1.0852568736191495,1.0052767486491372,1.2891739707001937,0.9519213781807854,0.8723070863907355,0.8655974818971107,1.188583165585017,0.8752475854664502,0.7669745420832002,1.0130561718862199,1.0529786102620375,0.9060258080688496,0.839765232167283,1.0788613012189148,1.04266307699927,0.7280885439593567,1.0959279037194258,0.9899131640928475,0.924319113799987,0.9703196551821165,1.014512718790449,1.0862498904497582,1.1765852298098394,0.9852510055992606,1.1653456072133372,0.8926226521534026,0.8222688897363969,1.0047662658135024,0.8690880956268733,0.8707061141537246,0.9730428634110947,0.8669030983314137,0.9700771159823102,1.0600802133615026,0.9312263783926007,1.2044266601830758,0.879466694888659,1.166875261754351,0.825945376750116,0.855937474280958,0.838707605904801,1.1717575365712503,0.8161237516234611,0.8415874328229385,0.9099109363375013,0.7742524969294992,1.1742747502281297,0.8044625374702282,0.9097995174057888,0.9449968552191453,1.1843232163752844,0.901028121439282,0.9081133147317151,0.8598296346470853,1.0928563030057374,1.1124430095808242,1.496308936159931,0.9382223563844356,1.005486630546924,1.1391096828807006,1.2663411737469539,0.9477520595938395,1.2762167597143739,0.9004680405695908,1.4065172795944172,1.0091310131024065,1.1070288544141937,1.3185066932954326,0.7735585645794358,0.7847645104116471,1.0680148968215877,1.0103870608381056,1.1415223365965923,0.9243744323746952,0.0,1.195088366622029,1.0153598573170994,1.1684574697856065,0.9361377988561049,0.8028031085183158,0.9968646916444611,0.9611124432804378,0.8862007020874877,1.0657070375407793,0.8731102979957185,0.7613103106743169,0.81376186429659,0.8555849098034544,1.009010022157823,1.1703709429454936,1.270033550020291,1.0690514703714349,1.0684569200497698,0.7720779358907524,1.066171364656242,1.1620341509151018,0.8691479799645734,0.8568449275746065,1.2989816383865238,1.3747502684363593,1.25956165490879,1.5196204504527613,1.180176335085451,0.829333504056126,0.9208121369260834,1.0156830736719,1.1605070770497965,0.8253271911743479,0.8108135892378233,0.9417485031930446,0.7542963152813967,0.8578130875584535,0.8746091512599068,1.1551929892339043,1.4678615406876772,0.8248650852333065,1.1081541689714702,1.000372040660718,0.9446187681831039,0.8809243745405827,0.9877910778259636,1.1370978413420523,1.1291520728591786,0.8463172994969842,0.8244842175340394,1.6786407336846965,1.2544966497092895,1.3018034097410156,0.8611182727071487,1.4631766083802722,0.8292068066593355,1.0224806131814779,1.4760051773587266,0.9118703847977851,1.2072988026507119,0.8245213702230862,1.140195057136358,0.8575330715728164,1.143975220310474,0.8936497969034473,0.6624693375190589,0.7574514989404574,1.0694438737422767,1.1522377369801724,1.021081725562909,0.9571990119598244,0.8853487308048393,0.8784739145938505,0.7619654479231314,0.7286524992252804,0.8291826508238581,0.8657578428379981,1.030934252523491,0.706474833624156,1.1643173154577757,0.9240772261614203
Moha K,1.0486058845265824,1.1985913869631424,1.079302181546996,1.0953249678736023,1.0877575676013316,0.9922746393992926,1.0284373716199928,1.1450629313315506,1.0468234435876391,1.2784163156843062,1.0996772037096414,1.2232866043882593,0.9119816201646903,1.3271029270025787,1.048379898863484,1.4155088698405551,0.940370635253316,1.1511846926142046,1.2709515130802622,1.1898254222294937,1.0275196794028192,1.3143419062092272,1.0731595061299537,1.0922868266728778,0.9794710015202578,1.0971462624167574,1.1608554278197714,1.0610771092785072,1.1504560923088412,1.298558999243784,1.0816901991356203,1.0282153712857498,1.052656486356093,1.0457705575758178,1.0184534362593514,0.9415267745666577,0.8989421425718619,1.0681730861513097,1.2478808612778283,1.0940006130188322,1.1404013201423984,1.354568188027343,0.9926166476676305,0.9832396003532441,1.063048283001814,1.057744930859875,1.066644542649082,1.1024624384301154,1.3393264963992149,1.1273288826429058,1.2172675908289625,1.0032024083076936,1.0126798243563788,1.420137745366108,1.1512380658474255,1.3642976784434144,1.1143569184984907,1.0449511751068188,1.0513593570199011,1.2630452823389793,1.173501653029092,0.9930373114410056,1.2298743702915784,1.4793292343968196,1.115413554787267,1.1184319849367315,0.8710565075103781,1.097439647590712,0.9142855721495394,1.0385806728854834,1.22089335608092,1.3656539543655395,1.1833874800083903,0.9830714112221447,1.3455730017272622,1.4482158669306584,1.2202316162163278,1.1514598475893119,1.070462423825045,1.0627192227637376,1.1797603736399254,1.1868787467613826,1.1704221729701982,1.3008051519627708,1.1507969494334378,1.1055605018631938,0.9966987619553584,1.0865109319269686,0.900794710696979,1.1232054486835146,1.0873414629841585,1.0839686565363846,1.0153949209919582,1.2342840261684416,1.0580107740636704,1.0816584025225018,1.0945283538749673,1.26854622838854,1.362024085466269,1.0345211848187679,0.9701074288519355,1.1186367314547554,1.0967087359934855,1.1553141926005472,1.127581774634734,0.9011887512708507,1.1262177961381346,1.0657206952749645,0.9225676672593408,0.9520707498727238,0.9436262232234605,1.2277320758646761,0.8756699580722082,1.416588821682359,1.0388244233826667,1.355592121464605,1.0396785328488996,1.5853426021269847,1.0585821581494832,1.039944481507124,1.4300005416438086,1.2320832404660886,0.9712617359205957,1.2380386090372453,1.2547804312994701,1.071622296002434,1.2448725939376184,1.077502418116761,1.4532232034305936,1.1991031702958317,1.1315490269231852,1.0904380911864118,1.301540561577548,1.2333300534019636,0.9994730569525013,1.195088366622029,0.0,1.1366904609316193,1.1794686678715065,1.2279243989691102,0.9983437746336903,1.3649030584098665,0.9715133115908745,1.1762581298285502,0.9664890367530066,1.2987818357689065,1.035415441587084,1.1238284665696547,0.9829535737849782,1.1474788060852006,1.2036166046969987,1.5033906064733265,1.2754464626699111,1.1946732974992453,1.0651170652990642,1.1570457690869167,1.3104407904114093,1.1650372620252687,0.9941503865901261,1.3172215452516625,1.1652160332407946,1.3472630905458758,1.3245870196825187,1.3243608911188052,1.0834651877604293,1.1175118357110718,1.2034233191267116,0.9931607287637173,1.1018101912590827,0.9027952559827639,1.1033016299719216,1.0650893242718504,1.1123211960258232,1.0041241736542081,1.1552972990444146,1.4155662873038504,1.2620771688357069,1.2804354425295357,1.0803878794038846,1.0785042465463996,1.066918499508244,1.0734228467093117,1.1526341264196078,1.2641066882023282,1.269305968640411,1.3976339562761615,1.3854366098196942,0.9881567979128046,1.2198820667458472,1.2061301639171707,1.2097415940133358,1.1500758853693969,1.005596778968391,1.2214861182703922,1.0552001876434103,1.5076732029634088,0.9064905748192629,1.1419425902547664,0.9554843503219559,1.1359794042222073,1.232739077834199,0.9209828672257185,0.9654576279660838,1.1503480908150885,1.075070871718668,1.1821236578366614,0.9263695535272582,1.0745037418950487,1.238254157028911,1.2030671926877403,1.1616783164282287,1.0644625043196023,1.074325864812762,1.1105072632382809,1.1489786109072926,0.9319091858636461,1.3038814036513793
Moha La Squale,1.2189053653152302,1.1255363976542816,1.1799344956879938,1.1575692839929947,1.3986857981712255,1.0360684746161726,1.1253195293346183,1.0560189279830938,1.0100752022124175,1.3021268265386363,1.2044389615562034,1.2186799347867792,0.9442066454189514,1.2043432747319,1.3195485874936623,1.2007931438119732,1.1466025602803358,1.216110526447806,1.0523695100431332,1.063538617812159,1.0263308908229887,1.1922928824360002,1.1728899668523574,1.2376829747031446,1.0867217013875567,1.105078845638408,1.333541438002455,1.23000546271455,1.0661063303602343,1.4375227341337757,1.2911591777615994,1.2100949353537915,1.3453538015171185,0.9914103511123845,1.050831156511967,1.3280980946848617,1.1315424380768204,1.278990232308647,1.2692018558640457,1.1042011336839883,1.3128140404877875,1.2331836448576423,1.058515124959505,1.1405477781453168,1.2329039337923193,1.24685797847095,1.1578951970499014,1.057693505623694,1.8015796647026034,0.9811243127453809,1.0302912576357883,1.0911413370572949,1.4285029154611844,1.2395603408407505,1.1673602369185312,1.2847453362326589,1.051733854080238,0.9267754308190509,0.9584282128526312,1.2321808403818943,1.2087063210240638,1.1944107758284939,1.1712729858363893,1.4360094273455781,1.1668091133887446,1.146814641607366,1.0744212968566522,1.1780495558016935,0.9786436961145029,1.00778142972772,0.9373999477588746,1.2002219828090213,1.1008459878705101,0.9548734663210222,1.337560184296034,1.3416625801407387,1.0673035436350735,1.1340595461194096,1.1826514707837459,1.1077062768865789,1.210682978114814,1.2299652521748468,1.3142405945191256,1.4017511084136864,1.1050124636879588,1.1718065728192706,1.0500624387662112,1.048439997750984,1.2623643523652495,1.0832722149285006,1.0069448927207967,1.0930990735510326,1.0982458359575737,1.3211077861118625,1.0568801253507158,1.1913119429042427,1.3802925505728334,1.0436926052925701,1.3802497881996347,1.1354683588117895,1.086484020001884,1.1363061856127232,1.4754027694611473,1.0070900161436105,1.0076172233759306,1.1732027026362124,1.087213443377703,1.125198746542837,0.8896598144625432,1.1339025317027764,1.0390700951667056,1.3241959475892568,1.0915558007755712,1.1596275733481698,1.0928891125746298,1.308300326211581,1.194014404146534,1.7115853236191851,1.2095113200065852,1.0973612994470563,1.2946116466211952,1.4761057184748985,1.1508690365779417,1.49838478052881,1.036846102028133,1.5409457123882413,1.1482688302254678,1.2210518088069693,1.5462030621993028,1.1351905575811676,1.069321059078876,1.2131640074985215,1.2276318280897573,1.2262752103915824,1.0130849865492062,1.0153598573170994,1.1366904609316193,0.0,1.2563831963528804,1.1976772278897685,1.105105939563594,1.1136118154352521,1.032592225899686,1.193322974590476,1.2693163499046638,1.2019204733601738,1.055549920903684,1.0957248629365077,1.1366489125010342,1.1261082050429978,1.2742442185672358,1.3002323066975516,1.339273930359388,1.262592125964087,1.0328939271795057,1.1680072842146545,1.2937547726424818,1.2809858188647618,1.0452619260813523,1.4036974054435072,1.5387984083057382,1.2293748455521578,1.4751667243565156,1.4360610914546161,1.1352518730385164,1.2723637648060502,1.1844547954304483,1.3177370603541383,1.0335424216102558,1.0082254371240456,0.977805697206279,0.9078795560791374,1.1613518066421904,1.0855925993214568,1.3817748749480652,1.3435214200743884,1.0485512307817837,1.2911470193055818,1.1906734159546284,1.0562554535176047,0.9868050295085116,1.1083399838981065,1.3346570889325227,1.2195559552782351,1.1050208822480576,1.222243105354632,1.7490034352242587,1.3853082376528336,1.445073011689921,1.1636624857246092,1.4247169914587507,1.0301837813846662,1.2405615569854487,1.390748728632471,1.1852870417154335,1.394939256970072,1.0726289559046758,1.2318463020640555,1.2223002519905306,1.315341608861722,1.149356405440975,0.9358658304856303,0.9784105083133845,1.3221272707968124,1.100143576626718,1.4187732300544469,1.142217214201689,1.1045682142155615,1.194802232703658,1.064910976691265,1.099676115858134,1.0296928168605186,0.9720552981479901,1.0634608524896207,1.073456875272683,1.2229398783026,1.1115280795030331
Moubarak,1.141133050771486,1.2598591333615332,1.176922226857585,1.2941272568320015,1.2893041166155228,1.0372691532056957,1.2263959773328394,1.0061126824703261,1.0711436547074358,1.1617479288584538,1.2549260198797467,1.3004405502302199,0.9777088725840429,1.2391559151146658,1.118892302884381,1.4494029684368794,1.1268933296330814,1.1215836099159646,1.2317465483502332,1.0564065901073356,1.0874673076792487,1.384173985744568,1.341742683431523,1.1308872004764963,1.1313126538213003,1.1804519929832493,1.2184636976972454,1.2267902309830154,1.3340913351217247,1.4917548547170354,1.3120115374723034,1.1102251507223642,1.38422596125847,1.1650061499470823,1.082313679672908,1.1966026119551536,1.3593363463453336,1.1976537313725628,1.2354388714578677,1.2479650594735723,1.3805010656508612,1.1778336629077075,1.0386675243693906,1.2804383710264313,1.3487537294778635,1.252228677859842,1.0936028189861018,1.2761210635005573,1.7779292103298614,0.8389076034552267,1.282097593111102,1.2145087483889296,1.1272274206152575,1.5031902479847474,1.1845210047825865,1.2335915388717644,1.129947470763829,1.2114452425309408,1.1229113984252763,1.4824857354292709,1.2870303902411864,1.1922203214911997,1.4080127811915908,1.5499937148064824,1.1573377315087363,1.0837749261323741,1.0676309229460836,1.4375879229909918,1.1781898769628,1.1650526372783294,1.3252365797515093,1.3917969734376519,0.976108859334093,1.10118628416664,1.4636660188791206,1.4643532248501259,1.206716581094566,1.338446219916018,1.2442328989019813,1.3117214755930784,1.097785679905063,1.3875064792188807,1.3642559478834273,1.5991720707700368,1.3219847637375004,1.3427334519790184,1.1906907351084017,0.7465907222286507,1.2025292205226352,1.1404143379268963,1.1222498281217943,1.258407613606756,1.2488190941626534,1.2718612735211268,1.1695929308641335,1.2291089753038484,1.3773090287724836,1.2053799466716792,1.4394159273810543,1.1667618452603932,1.1264006644156783,1.1394565830757992,1.2133875805386234,1.2134495048219769,1.1200676926441682,0.9810629684787225,1.2160194262375918,1.2685493260401584,1.1378575340480126,0.9429214958652857,1.0966551904446815,1.3197763159319498,1.1392085416897315,1.3362736788332301,1.1354405960284155,1.460046245045446,1.3804328372152712,1.8548357685349162,1.2709149596566771,1.3500484310943004,1.6042678899406768,1.5947857674458448,1.1542608848881875,1.3014986322499105,1.3535169826143998,1.1960844886246598,1.0133693866938827,1.1604418994167838,1.6231164430509788,1.2782040536068329,1.1604059518650232,1.2583538678164348,1.3698180746908841,1.3565279532566654,1.1829364734436263,1.1684574697856065,1.1794686678715065,1.2563831963528804,0.0,1.385339142266824,1.2115706743080503,0.9135073074157027,1.0482711730720928,1.3769303371413315,1.2199171100865558,1.1880511255535375,1.1550556609871885,1.3182373046160232,1.2566305364846626,1.2057296922685616,1.2874605681150113,1.4570153062989226,1.3888011258228679,1.3542089049803936,1.0991018216103021,1.353800729967388,1.2921330745858264,1.286858923524679,1.1514308958477555,1.2457363965129602,1.3225335836770322,1.6100792207506027,1.2929654182122348,1.6395716093752468,1.3318379656181427,1.2438987075649757,1.335858734210254,1.095500851541538,1.2377800211359697,1.143790389650266,1.2653780268210348,1.1925848731286344,1.2877812867230376,1.1824612517381938,1.3129763372689545,1.5722158397875299,1.2848216688043428,1.4351244985225835,1.3419826457781754,1.202231127239555,1.2554534051938455,1.2271241484473807,1.216632408283167,1.3529502338504378,1.2332831920144778,1.3188889984418148,1.7128795253529376,1.1011946067835345,1.46699043660018,1.2399245927985623,1.4554977107248996,1.0612826312792054,1.2026072076101257,1.2015128185096253,1.1495692038900927,1.58769845331743,1.146227518752471,1.1017378737596535,1.1530261619315245,1.4182522446557184,1.2252048933940403,1.0663165881572219,0.9483207539553472,1.2024825760540472,1.3210770997328272,1.491719947707223,1.1013251761495253,1.2782138208454839,1.115954572687838,1.2675296430072762,1.1888228455310574,1.2689424324767036,1.1437670332610979,1.1910993654390378,1.0917458611066482,1.2631035992264061,1.3604853362461475
Médine,0.9184198352797968,0.82848278556346,1.0284181310616753,0.8960252602823146,1.2209349011240704,0.9619642882908166,0.8751554239460596,0.8625491627576284,0.9944795478318912,1.2569951957223728,1.0464214707832171,0.9264719427442423,0.9668578159459387,0.7758040646818931,1.3422784398119747,1.2288972934696445,1.1406920549187425,0.9735886047048237,1.0932210225045125,0.8582181156907102,0.9552674552139344,0.9630111607128086,0.7374142650537409,1.091921586015436,0.8619572897913748,0.9388442005227279,1.0487020193613776,1.13411385281265,0.9534154719624958,1.2132221876033384,0.9873509727605149,0.7998662278186572,0.9660152571312906,1.0290150820157717,0.8716507756219265,1.0535610206890877,0.8970056021276046,1.069905817554102,0.9507169310716492,0.8895553950395457,0.8762361721170125,1.0195727820684128,0.8954806680162283,1.209886249323815,0.7455690673756137,0.9500337563668474,1.1745012673765727,0.7481389116056107,1.3816215535004313,0.9937910709207071,0.8391479807390675,0.9272818962574114,1.4932330590136182,1.1745895234639396,1.1363491251226958,1.0628365943816194,0.9032804644526921,1.1169566547628194,0.9614586645640381,0.9779464034495333,0.7424994115678842,0.989468564416212,1.2212169150031047,1.1504874691324536,0.9454571630068006,0.9307421623531156,1.1135340127555295,1.014088266934054,0.8087019923172826,0.6751947705436497,1.040189678064989,0.9212993868243153,1.039396820983277,0.9251674653933819,0.9322288105833604,0.8964467389863859,0.8827556532290033,1.2784772195347196,1.0361116133923618,0.8351612756930608,1.040615702685434,0.7751663344114309,0.9243432968614672,0.8972333430534015,0.8944172410447251,1.1069039142324748,0.8668884729143755,1.0015985515087946,0.9137577757677814,0.9013927626064128,0.8673337135015777,0.8060177323912211,0.9780334820884694,1.0200946340266077,1.0725035181494018,0.9086361403299709,0.9883425669481226,1.171163601417746,0.8942540859996936,0.8822778270873551,1.0775155464545767,0.9069058546631958,1.0569774201074564,0.8181447552110651,1.0139255061774044,0.8622122137909848,0.8678532835351542,1.2828535984158393,0.8688173230126334,1.0555154238335898,1.049268221035756,1.1395755812909671,0.8755883629178327,1.0358473521586287,0.9890107733558977,0.9855097157671989,0.9032151036550773,1.2472482414302228,0.650227787510227,0.9301127217694812,1.004360450505237,1.0139756491695748,0.8921328856512378,1.3377057124293799,1.0585532865542093,1.483955283690682,1.0951042647660794,1.241815479971827,1.586736849255388,0.8219355839983771,0.7721326852708402,0.9415551885794283,1.112824049617734,1.2407333419124362,0.9207981607036739,0.9361377988561049,1.2279243989691102,1.1976772278897685,1.385339142266824,0.0,0.8352792148159771,1.2422299908503065,1.0939293497078912,0.8021673239136837,1.2440635338272237,1.0731163808269497,0.876214119220312,0.9495984013988668,1.0846955952254946,1.050793757707237,1.3521200451546707,1.1473399312785804,0.8728827209438957,0.9577679321439984,0.8884543679090791,1.0152047355246503,1.0249421433160704,0.9532639143571612,0.8784260626999617,1.3019228687576565,1.4132107239268925,0.9211597484267916,1.4238366235409672,1.0513655692464488,0.6483607268505779,0.8139990428466027,1.3352609236172528,1.1183174113731726,0.8739783645539517,0.8689609201319118,0.8942988372193991,0.9288341239879465,0.7816111738462326,0.888938488179226,0.9861878901448868,1.409600409392842,0.7358228826375204,0.8019700741725799,0.9080023671115044,0.8667561412267385,0.850147085829396,1.0856010267888552,1.1679425610862972,1.0186750162310607,0.894887107265694,0.7911476578867241,1.5105230058243044,1.2062617354653442,1.1657248572498629,0.8232345692532689,1.331385667852859,0.9422132548671042,0.897079756298259,1.2811605724128614,1.1287156900256736,0.8924979753400563,0.8296558501918628,1.1141387504259384,0.949003814094146,1.2100625557809177,0.9919936561522005,0.8127542779124994,0.9227681766269519,1.0796699721654843,1.1965906172730827,0.7978937586538696,1.0440153393678937,0.8835612658305959,0.9984984175363507,0.9539208938612653,0.9395565368731821,0.8256901282058134,0.8231347805657598,0.97932584278493,0.9730206075519601,1.0302412194154331,1.0006032514729086
Nahir,0.7625256182794374,0.7618792587203455,0.8648044346109892,0.7559509004570437,0.9871418620895613,0.7385424730712256,0.9234009657635902,0.8348501874748958,0.7268889465462405,1.2323445294849278,0.9991282694779913,1.0735999728071752,0.811663227352415,0.9578055822596632,1.270009121106565,1.2506095251395246,0.9963766400721142,0.8459348997631833,0.8625154121548946,0.8095722077531711,0.8215867358709598,0.9315544359142233,0.7446477762152188,1.0632016368878354,0.5832066539811505,0.8353709160447764,1.0701739377915809,0.9319247435183358,0.9740367124299971,1.2696303891333338,0.9374087959582795,0.8276928601077757,0.9296396160098446,0.7921546230323422,0.7901376149511985,0.9797042676313765,0.9686310016449746,0.9668689504050033,1.0933615531903895,0.8154238699107001,0.8937923594810154,0.9942770291325845,0.8798707939831878,1.0041527419786933,0.7082107810679713,1.042323862550194,0.8577218905255268,0.7501761275614748,1.4282248659676584,0.9218162006919383,0.9488096466234286,0.8163510611448846,1.330358559480799,1.1599548315189774,0.8395500372579409,1.1789323703625483,0.663654221374964,0.9819761418807786,0.7660380398547236,0.8775825332640672,0.7666452438677799,0.9560090039186249,1.0541847464808074,1.2722211238485583,0.9833654250361668,0.8997095820995447,0.8419058089136867,1.0835975343504745,0.7161655584672646,0.8243136209745469,0.8540174300354318,1.0063235648593363,1.092270938394745,0.7015394455531344,1.0324421421625425,1.1508845797799871,0.6650690885265963,1.1565724851370474,0.8279642085522977,0.801745715738831,0.9426603998481281,0.8017784494925718,0.9854083704140862,1.17720177498223,1.048178719616,1.0880979441865994,0.7897134328056804,0.8103069010118218,0.7561409167823521,0.8000814352459517,0.8783271180611488,0.8253294213566433,0.7569751879209321,0.9648283064217629,1.0837048421172548,0.856516302498737,1.00722196638543,0.8544122520220754,0.9999060315239493,0.6958359272785081,0.9101369700740226,0.8250583552014799,1.0875138997078724,0.8251334470726662,0.9142201978448233,0.8116815880358775,0.8730259396092606,1.1194602298359666,0.6623466198037211,0.9282986493855779,0.8926120711602503,1.1541863157941732,0.6423296939491562,0.85096669785702,0.7539777613196282,0.9771173900360886,0.9324647369225414,1.4095247978105865,0.7894513040150541,0.9118101553761332,1.2471368508897414,1.2131833252383772,0.7067046491200274,1.265261309559659,1.0204261411519842,1.2950604135618646,0.9550239642862928,1.093229185494196,1.239744364955616,0.866908887578284,0.7105078425374756,0.8767980053222757,1.2295291626476335,1.0479478171356367,0.760316277978205,0.8028031085183158,0.9983437746336903,1.105105939563594,1.2115706743080503,0.8352792148159771,0.0,1.1372517494328955,0.9045568169637616,0.9091888590468212,0.9802635733955699,0.8176705554224509,0.6929689976566631,0.6082362651835265,0.8959290358720126,0.8927934344700017,1.2097930640094263,1.3056500457146558,1.0891441137341416,0.9012786675175254,0.5854311144808129,0.8971342068985166,1.0893228938020687,0.8227675632923024,0.6647208143134343,1.3730444626257592,1.3291656044703062,1.181042104755056,1.5811678125586113,1.1370864517457036,0.9214855114947323,0.8380356204697796,0.9210803511213123,0.9886115661657553,0.8140319369552131,0.8149539716232092,0.7137270452791201,0.6940440175402894,0.7107381204810695,0.811309694959914,1.0732946574622837,1.5315375693596716,0.8839246014280717,1.039911743148082,0.9290305742616567,0.7319125796473717,0.8435301778407429,0.9712587207413186,0.9903587615259053,1.1038653668258578,0.8633493580138548,0.9050613697472378,1.2825162700616746,1.0995348440747508,1.1590082953571934,0.9149239159683418,1.4049590992291494,0.7859472999180646,0.9876829505845195,1.2778695573712824,0.7839629292855953,1.3287493121599612,0.7896076291292602,1.120357131702799,0.6833167799743027,1.1033636323214042,0.8089046529996211,0.7603839476530267,0.8458502467745738,0.958455227801388,1.0814052837421357,0.8115679672387447,0.9160657544862459,0.7032927389725774,0.9425918769688612,0.7235243617887394,0.7946447573514955,0.5585753798617019,0.7532343001469499,0.9923433793555244,0.6865182800142935,0.9629016641488235,0.9633060821043206
Naps,1.0976943072407617,1.130865017111929,1.2173944192938222,1.229491905489027,1.4234244850146858,0.9928420753847107,1.0931829023443003,0.8957588956261712,0.8982723473482779,1.4299833284472176,1.3682397132553068,1.1842284214389782,0.9054519950395549,1.1163655918879252,1.3749070281504263,1.2876523064246026,1.219968555190653,1.1746059492892942,1.1091872116380517,0.9615464375183873,1.0136660319297248,1.2704708714910509,1.260285346341963,1.1939740654128654,1.1173857532532592,1.1240694470807344,1.3146929903105224,1.149901692884343,1.2313560116933364,1.4494542628209663,1.3358492298007762,1.081744436008792,1.4744395370765913,1.0144766873887656,1.0211556389616392,1.36429948471975,1.2517480521424469,1.3519754848497634,1.285993911930442,1.1539951689860786,1.2346364660252467,1.0349384413870448,1.0087343993449585,1.168839422921358,1.3552982377391807,1.2251351886822266,1.0239667848989626,1.2244283451850217,1.8382309978908402,0.780107081843071,1.0808895214270569,1.2327690297501146,1.3330797721583965,1.4032720768347469,1.1101571325165351,1.1824544441739129,0.9647501742046565,0.9962433095142619,0.9652094724006985,1.3118674682028837,1.2492127782773954,1.317373532182844,1.3456828682602593,1.5907407698526297,1.0602251193812655,1.0613127497418189,1.0840096287900374,1.335247304115606,1.0833869258735371,0.9907936698617532,1.097250117857716,1.2757884641165922,0.8718660825257051,0.9365184583965154,1.370941694282505,1.3358423596673303,1.0372607438574013,1.1760401527561064,1.2673655942696538,1.2361726427800817,1.1005908846166377,1.295944605775877,1.3296051321462665,1.460389276601577,1.2820669305512553,1.3727906896770705,1.0453555953493763,0.7671734528422983,1.3002621197418358,1.0617617288015886,0.978091366164763,1.200366686930203,1.1874142078716008,1.128799508570151,1.1855365253469108,1.2014552676164847,1.3843483158794092,1.0968445639119309,1.2957450764213625,1.0997255623221815,0.996931217893421,1.1423080271620132,1.434801806286314,1.0821555172126314,0.9358909357659364,1.1485092113198556,1.0711619512285515,1.146646294492284,0.9844542231886112,1.080892912203987,1.0672488390370967,1.1961974923866694,1.103376309193074,1.0750363637768758,1.084225533868621,1.4050083470096675,1.3342030178794135,1.9009774460611035,1.2011003381995573,1.15160612589956,1.4175200765863207,1.6264676487329792,1.086735090511067,1.4744996277292548,1.0452902997239255,1.4472546387045988,0.8963095314785576,1.250448789361798,1.57659054420297,1.1061116698764117,0.9984955324245959,1.2888041372151766,1.3085317930805536,1.3152821484432395,1.1034097472630944,0.9968646916444611,1.3649030584098665,1.1136118154352521,0.9135073074157027,1.2422299908503065,1.1372517494328955,0.0,1.105992715573592,1.2787083411626388,1.2161018549691223,1.1590184446658436,1.0027290910838664,1.2166313584370196,1.1617744161808745,1.182112190115017,1.2028829183357705,1.425519385017527,1.3607701264905392,1.3472582357815148,1.0088592012813342,1.331739120521384,1.1738190476337023,1.2982428495642075,1.0548644891027819,1.2685976701933361,1.5309439701670462,1.2790136397964256,1.417008024563315,1.5369190622653393,1.2211509672866177,1.1704633350261693,1.2372650022434328,1.241094345431466,1.0365737515266449,1.061483240708154,1.0127178291051722,0.9530701668503355,1.2148458228417747,1.1129110563524671,1.4003346702924084,1.4386425286297033,1.1343119826573123,1.3838072271630968,1.2912404590178994,1.0386403994404159,1.1873092007758155,1.1559456321816208,1.2712512196916188,1.3249711448374333,0.969793895478899,1.128578027923927,1.7503913928524897,1.3259439680252663,1.535277365389594,1.157129244715026,1.5627867154023127,0.7979535159365786,1.2318834805996097,1.353711548563535,0.9574836624482995,1.502772664237672,1.1782695929589928,1.2720970469748882,1.1804666666996908,1.4602441205691732,1.0249451599978858,1.0191917771643362,0.8641750194725077,1.3354816666060794,1.245063525420946,1.410741153450236,1.1395580982408176,1.2532313779648991,1.0856739033699632,1.0757005436158389,0.9717205705168758,1.1348213135895422,1.0616663274521931,1.0646261138283521,0.9889365897702632,1.2188520736139703,1.1554696220030658
Naza,0.8914941420703486,1.0171791348737589,1.0129586128522436,0.8731973620083415,1.1889666549190616,0.7380674455172914,0.8890007083886547,0.9429189083966217,0.8005228443756475,1.072305254059774,0.9516711281210308,1.0952418202210275,0.6098172502286481,1.0744100966289651,0.8722758404808126,1.2401045570125193,0.9007267145144106,0.8593533472707805,1.0039808181765018,1.0520643105633822,0.6598023108358881,1.0409872296240612,1.0434566410120476,0.95587562933042,0.9816616775568722,0.9529328941206554,0.9957210600847901,1.0122116910622678,1.0316200417613823,1.2157225884750706,0.9670544911307078,0.8333896883876313,1.0666888618363863,0.702011208201519,0.7702901620355811,0.9932296551310512,0.9429786935143324,1.0108209348215509,1.1402821521037074,0.9771271621693259,1.0429588130389134,0.9944826941272371,0.8371447070916205,1.0196234623160039,0.9979277108738956,1.0574379849293158,0.8953104364686717,0.9454877983938562,1.6637782070661138,0.7557980503293428,0.9734734938237168,0.8348356698318743,1.077246664867358,1.2493370000102353,1.0251770658838872,1.1549920872076476,0.7829863685289495,0.9292100793183781,0.8325682394352079,1.0963202403435977,1.153716971341108,0.927608559477056,0.9832290474313566,1.4542626472622437,0.9701505308192275,0.9999507918344509,0.7246256894847092,1.0547761296179206,0.912447098017309,0.8495543944019862,1.1869243766978297,1.1688535904688657,0.9300820356985756,0.8290077713664978,1.2165826467738463,1.2994543745762066,0.863185725197987,1.0633476636403532,0.9215464407011307,1.0091021338637385,0.9864717594899546,1.1505321366689403,1.1793749452288287,1.263064683561475,1.0798254519395774,1.0122539652840101,0.9717519855394808,0.7816934487792305,1.0051858297905236,0.8913270554433791,0.882292099807259,0.8514795983221638,0.8844695584734897,1.0409729948407564,0.9882077325815445,0.9624965691418726,1.1879215095474442,1.0294063132008775,1.1213957172003155,0.9510553629301607,0.8530396821223253,0.7374209326778577,1.0827401759011683,0.8756634518334472,0.8697425723894554,0.9063282542100365,0.8662410365440985,1.0764079226597483,0.7304506429217444,0.7449865011038416,0.861951822576197,1.0388623714185128,1.0317145839912916,1.1286278929026705,0.8163986282159754,1.2347602183175796,1.0752006963902139,1.7424214597254493,1.0089085574515966,1.0420447083796935,1.2794719949170588,1.2903949541127113,0.8789117772565619,1.210571224985988,0.9742677282104765,1.164067636535078,0.8320228029151793,0.9268804148599327,1.2674113708285775,0.8946576013492347,0.9577149043387287,0.9318481856685813,1.096388633863466,1.074062166358501,0.8289730550159391,0.9611124432804378,0.9715133115908745,1.032592225899686,1.0482711730720928,1.0939293497078912,0.9045568169637616,1.105992715573592,0.0,1.0200523901311662,1.0688408373015361,0.965250929770064,0.8566021684437003,0.9353042664612652,0.8027411618958336,1.1516884900426754,0.9513069180746676,1.2954602316589365,1.0475478081063831,1.2122852213599948,0.8659402341266049,1.0247875585080874,1.0599468713233788,1.0144012729492593,0.835104414292896,1.121428789251507,1.1331791202534292,1.2517142718537946,1.4636023396789108,1.2815091769565436,1.0103616035682377,1.0005132365531249,1.0630106575771878,1.0313639431579888,0.8922307099099656,0.7615747498198384,1.044362658371207,0.8891741221502517,1.031237227987879,0.886500306561336,1.159065015648168,1.2603499482046396,1.0180851167459126,1.1559557441054986,0.9599029725475009,0.9425777608497199,0.8992006322557186,0.8615550805995423,1.0856047853746877,1.1443206646328008,1.0655727975179377,1.0344577526551206,1.5388468473635881,0.9580276418408759,1.1391497350410822,0.9144484127170617,1.212614340372974,0.7686116766630406,0.8718627157492325,1.1742051929033424,0.958137709265148,1.2877737076983382,0.8952256473355885,0.9605087489978412,0.8705819714538733,1.043055025192961,0.8863152520285268,0.6844509039875462,0.6681578829670703,1.01329812624235,0.9142198528863261,1.0362183726265835,0.9169482053678951,0.9663544040763564,0.9236123347668209,0.9809301667602217,0.9712732324064883,1.0106673803911692,0.8484059256491424,0.9945315744811848,0.9687715588166882,1.0743958040258412,1.2074691810386111
Nekfeu,0.8612521502268703,0.8309742689812025,0.9911113597121166,0.7403081870666963,1.22009951189128,0.9804382883674346,0.8219572130566828,0.8669209641339699,0.880287237683773,1.2222015496735126,1.041224176074101,0.9254546432457328,0.8765212278911626,0.7920480758201287,1.3066783250037872,1.0568060792543958,1.1215018689438823,1.0245108499880013,0.9563471877868753,0.9046709847793296,1.0535510461430257,0.837467987089732,0.6884640818211586,1.0481783857718592,0.9316520648136254,0.9574293915185108,1.0355432028803193,1.1488928228421977,1.0043985043987098,1.2135220127031574,0.900259572358353,0.7105673265407306,0.8709355564123403,0.8262934395597487,0.8402142892523634,1.024791068163177,0.8573326795973618,1.0098171911457727,0.9845257708745737,0.9118964220877953,0.9485769851850935,1.0469263458187668,0.9045871768197312,1.1075307600736748,0.739637718313131,1.000979433728581,1.1992509293989506,0.7055308247241773,1.260624227421732,1.0186429632273775,0.9949025951814956,0.9124371394645131,1.388186178813693,1.0379051817057052,1.1547132546801098,1.1325795312711535,0.9306012602255422,1.0074969162571241,0.9910656444197876,0.9160515416672532,0.6830542486968697,0.9264517818492387,1.1430599412783093,1.0565402346770443,0.910259454921653,0.8825152528440486,1.019536703773838,0.9054980547485925,0.763211103435881,0.6932627138548179,1.0716359765219692,0.9148798550915614,1.0700324861602164,0.9775571642277072,0.9419519255975737,0.9031982073528796,0.9180885754239618,1.2212805076562796,0.9731916985851893,0.851532911585564,1.0639533520823725,0.6805198385726519,0.9090088624832181,0.9453078771561784,0.9052608986574338,0.8905529154240416,0.7857024126259392,0.945093173183889,0.9684179329384606,0.8604634490213608,0.8937253303171047,0.8063010984247744,0.9472119934455915,1.1291485972701807,0.9697630338343931,0.9536962423882119,0.9519969392337237,1.0337916928878732,0.9413856421410555,0.8482596953154349,1.0351274629432987,0.8633523110854401,0.9455659322248924,0.7952397007705155,0.8966375336834573,0.9588005941897719,0.8166164992058582,1.162757131900806,0.8483940790733446,1.009374811104794,0.9482263331867763,1.1411272753913515,0.8387866451234456,1.0216924235908957,0.9375588502916614,0.835943143122376,0.9404147807914611,1.1590588944428981,0.751020257622691,0.9137440553441369,0.9498421487061445,1.0335110922956343,0.8684697556340853,1.2454347419716287,0.8326439933311601,1.367639465810729,1.172328958192477,1.2350561063733654,1.5820790343956417,0.8993419199833361,0.9262563248822233,0.8027743538870182,1.03938745851057,1.2495893101510327,0.814165857116447,0.8862007020874877,1.1762581298285502,1.193322974590476,1.3769303371413315,0.8021673239136837,0.9091888590468212,1.2787083411626388,1.0200523901311662,0.0,1.0550702812979782,1.0647074785220623,0.7959112130761558,0.918878068236857,1.0486195058324648,0.9091003964516523,1.2396484653849489,1.2277664538307393,0.8989353349796244,0.9166696754620228,0.8107097821477126,0.9559750238510399,0.995715975198176,0.8293683231663653,0.8330816752125672,1.2058631885726239,1.327741970483886,1.1106284630702878,1.447778465337633,0.9710139189828969,0.7590657667259787,0.7490415964042701,1.22017261534499,1.0150207590174594,0.9465898796579547,0.8029089005031758,0.9091009425578762,0.9053396393160899,0.8055395443616052,0.865811994646847,0.9985904820889864,1.2998285405260979,0.7528760790932033,0.9061161585295789,0.8863699095766772,0.8947096367535893,0.8810651790845818,1.0671943620710593,1.058930788501081,1.049735309905418,0.8744520512896198,0.7270606551503392,1.448145450459663,1.2020953985861227,0.918889212757816,0.7304088590938504,1.3091403859646233,0.9167729220461566,0.7772740600121453,1.2453350076560943,1.057448849292143,1.0213710027532945,0.7996400148592383,1.2172209841423252,0.8415396513063655,1.098539675467755,0.9385070604781163,0.7604245897190506,0.932770919478619,0.9850952570350465,1.0270844630227713,0.7747327492314124,0.9751462553093614,0.7676490829367263,1.0416403889824237,0.9395666940803703,0.926755829358958,0.8464856118769706,0.781736838514361,0.956309148332015,0.9538332708071539,1.0107343171943588,0.8733893040158491
Nemir,1.0050154605071073,1.0668914990326934,1.07324939115945,1.0131472954706637,1.1529343676443566,1.110795818705759,0.9514063109539567,1.1530415767178235,1.0582593651592653,1.4782330830597472,1.1328872520415985,1.1066216747519813,0.955011893335908,1.131071460364352,1.2940820405375364,1.1517726206292689,1.2226104469804442,1.1877548873474693,1.2597099319181648,1.2285509657237528,1.0740346662818168,1.1639179755711924,1.0529633958329887,1.2199285838876663,1.0016477191749091,1.0075994312027878,1.1194393834052185,1.1193888030519843,1.1062495919668878,1.187283398079863,0.9562870200497344,1.0210827348813754,1.1755658829908429,0.94695234303004,1.0918044455139702,1.090033458410337,1.002638835867453,1.1096808652284418,1.39112402324848,0.9689812083139568,1.1526321979817948,1.2945512138813948,1.1944702740446722,1.0010288324703014,1.0256794737496506,1.1704381003392113,1.0027767241677148,1.019885022018915,1.4616854326557338,1.1078892428509286,1.1489917636383866,0.9487228715529658,1.1611831089165614,1.2122208074377583,1.2418427250490767,1.4479670201753725,1.0261377342170357,0.9742024398178046,1.1285386013016305,1.154564661651853,1.1921380462858475,1.0060246695016695,1.2242404430462148,1.5482170438792069,0.9898800144966696,1.2251952898027023,0.9443925063589997,0.9940038712592283,0.9239912194877398,0.9904592333674885,1.1026971972169002,1.1870031011458482,1.1461948186419166,1.0711699126138858,1.21747726453286,1.4310169169623366,1.219827251146383,1.1042195026001538,1.1069250223887173,1.0448631477091808,1.2138884205878855,1.0912956567946508,1.0215472146105349,1.3144501362604273,1.2187565921780559,1.102561706002614,0.8938785073403359,1.0115788173379014,0.9666736603361676,1.0401215956354926,0.9544610178687417,1.0076384117085764,0.9864492476595189,1.2351875980862084,1.0458766580284653,1.0210357044559444,1.1377258449961227,1.097493053628732,1.2602611553767347,0.9719657565776575,0.9762484970191956,1.106892506713393,1.2384514541938574,1.096213631484143,1.053546189823303,1.1029903746246925,1.0138014382927687,0.9348530038830624,0.869173251987355,1.1001767345357782,1.0313608966660828,1.3080256650048525,0.8740827044734715,1.2100892968776753,0.959853629704014,1.1898584642843906,0.9303733548177426,1.5669695032834605,1.0651044291216427,0.9712508298440713,1.2111549780754212,1.2235570225280794,0.8891837186854074,1.305737227567692,1.0501579123075002,1.208805095848347,1.157973131005273,1.1027009473894465,1.5410343253107932,1.138677688029869,1.0584022037426795,1.0514316984541414,1.2304228269973592,1.1387222477237662,0.9096796756425127,1.0657070375407793,0.9664890367530066,1.2693163499046638,1.2199171100865558,1.2440635338272237,0.9802635733955699,1.2161018549691223,1.0688408373015361,1.0550702812979782,0.0,1.3649006352360333,0.9352071839131956,1.139855107509652,0.9895554934689526,1.0070968380058687,1.2672058562148993,1.496057617111299,1.2432479533024117,1.1576196158853902,0.9982265363607016,1.087851942162064,1.2837434996259873,1.0671470204869797,0.981450862345638,1.394758757170067,1.1969334867883363,1.3091086883059484,1.6001940303903952,1.3834732654386246,1.0659497836481697,1.038795440352839,1.1359805202945736,1.037749712206447,1.0558585831900265,0.8881775696931581,1.0479846223596825,1.0432739329751903,1.0820441472629811,0.8647145816061322,1.3431512801718357,1.3440691855757911,1.1480590295112487,1.31658545462601,1.0279332190704875,0.9764586341831425,1.0276090611719204,1.037544880319141,0.9411338279169638,1.330159965123794,1.2294074120787235,1.1364564498121923,1.3498129857295,1.2083925661181716,1.2601133361370236,1.194418760520019,1.3842414302264126,0.9863532734469428,0.9643438709638743,1.2905682257482654,1.070572872925711,1.4616445299555691,0.8455638794187027,1.234222262318028,1.0589031029007536,1.184672405848636,1.199153932492355,0.9305862655731709,0.932960702281142,1.168039131502754,1.0547977745749029,1.0642114458546308,1.1469223912001327,0.9854733473552307,1.0962040585512787,1.0745248149140594,1.0862930242712083,1.045245192903439,0.9432588000222011,1.0933390494260882,1.0428358640795408,1.067485761414217,1.1526538643998192
Niaks,0.8745276231152412,0.975455021754213,1.1009763621975757,1.002081710590464,1.2427655171118699,0.8441740150543899,1.1588097546654457,0.9051267878595177,0.8710808560097342,1.076715752849927,1.2491907006352454,1.1734558627194625,0.8759515136023185,0.997176233906638,1.2464302835843177,1.388188112671113,1.0202397858866796,1.0140236919443324,0.9692594266859196,0.9683315537164554,0.9743600900833101,1.0446806021385333,0.9676546538310272,0.9333679270636807,0.8895513554721542,0.9964516165082323,1.3249405401400907,1.135356980773821,1.1832532515833896,1.4268825180979088,1.144403207825628,0.9145918727195663,1.0437060558089826,1.0146254924219251,0.9332238441938514,1.2351550342782656,1.1563503065333587,1.1755914944871357,1.1427930185085602,0.9681602058353221,1.0609281061187432,0.8826358919867687,1.03399770376605,1.2714398865941385,1.0029750654324059,1.1431248321737113,1.0452217097957883,0.8792366098399157,1.706511755751624,0.9013985170619986,1.1862159188411383,0.9434085528331451,1.3831516923772158,1.3038645171918182,1.0183003169655207,1.0573360026518157,0.820993317178559,1.19718934227385,0.9209054613927687,1.0290410238455834,1.0263170188551178,1.1200122140981583,1.1666615934212603,1.421969946149664,1.0856586654982412,0.850953912150702,0.98632369357584,1.370852290613071,0.9561419267628366,0.9944826563870496,1.1338703684747602,1.0971053176099566,1.0335156405752044,0.7906560209237877,1.3592732394463316,1.184578228809947,0.750314774410985,1.3297854088845869,1.057995014435128,0.9910037471769164,0.8950855295842004,1.0832097177869182,1.2506366954829227,1.326190235394274,1.1870845322078711,1.2730315238952956,1.0324981375977111,0.8306133194427482,0.9892098092960918,0.8521032477625794,1.0141298777785435,1.0220226417364702,0.972477925287685,0.9884641254360208,1.0925882318437603,1.0413222813504648,1.2124343375234066,1.0051545218344815,1.023869729592555,0.9685092630216297,0.9936033601306538,0.8790745196861525,1.1971972200781602,0.9908583913517662,1.0605532809304963,0.8796535146472398,0.9178967562172285,1.3552986734974988,0.9332331841533329,0.9355527526551909,0.9743052656941025,1.1419037876771212,1.048109451836924,1.1143196572376366,1.009310905115651,1.065803791612747,1.2220550555182563,1.6469857702371664,1.029493608438507,1.171170374253226,1.3187266709280492,1.4770311886984715,0.911617379106698,1.3100196642930582,1.1589601180466156,1.34011721501699,1.0264552911189169,1.1481748142484127,1.3313366700744158,1.0471430559528265,0.9323808220884964,1.11438698609886,1.271888388818469,1.1068039030342656,0.9984463995147429,0.8731102979957185,1.2987818357689065,1.2019204733601738,1.1880511255535375,1.0731163808269497,0.8176705554224509,1.1590184446658436,0.965250929770064,1.0647074785220623,1.3649006352360333,0.0,0.9762037456570867,0.9209567308869346,0.9887196672112618,1.113028295124201,1.1010263958329132,1.3207869627409359,1.1615218407725068,1.0463862443254714,0.8641740687695766,1.0993468867478462,1.082942644442982,0.8839014578717705,0.9689548925833941,1.2379039879801232,1.4709741459422752,1.3826576071534797,1.5102558096790324,1.1681396540693365,1.0414180956784047,1.0161705744562115,1.101016582332989,1.0860414945626695,1.0094807142436895,1.0201873299293787,0.9853359358897467,0.9472092354730024,0.9190895141577264,1.0811357971823752,1.124247283995713,1.5869252011313761,1.0346525276033782,1.0507945084071595,1.227012305111781,1.0202480942890217,1.0413028045999682,1.0426356173913953,1.268544573412045,1.1582464132232226,1.0489491475438373,0.9698999743988654,1.6324030081941054,1.2063792265778928,1.3486229373571172,0.9523369269664724,1.5307386950886974,0.9310702553422662,1.1025696208024078,1.3868353833288263,0.9200983916862294,1.3640271411686051,1.0323672804852,1.1298652973611922,0.890427808595458,1.2453240917944597,0.9814538886760954,0.9107428972562566,0.9651737267799926,1.1115958043804768,1.2763234698587527,1.074479272348749,0.9489105568284569,0.9652600106306175,1.0966066644468528,0.8967586825045676,0.9097387147465349,0.8978863485693297,0.9892666478891712,1.0823723471794378,0.8436078577749601,1.1978027471383663,1.1406744364398393
Ninho,0.7169088269621183,0.6886701237696703,0.8863346428162029,0.7140150141128943,1.0952126772882977,0.7298033517402945,0.8663890529899084,0.8334416399535649,0.68043345452062,1.3080329281854868,0.9309741487639767,0.9419721000017212,0.6702350838575779,0.8489583010083308,1.1927998395641126,1.0569153125427775,0.997872965487149,0.9326682055578985,0.8948860634045178,0.8023351338785333,0.7964605700236227,0.8983873253670945,0.8489024527060676,0.954829726707482,0.7082366148608593,0.8145381086900805,1.0760165993082715,0.8624233628897908,1.02552883637018,1.1502963439205407,0.8540748163787583,0.8417563040526951,0.9444909635655967,0.698471905468722,0.6981197684544319,1.0728368557466377,0.7551252210665308,0.9805651197575656,1.0211035209070607,0.7440265087328091,0.8605819205390893,0.8870668739865587,0.7770421282881569,0.8989260944540405,0.6958202910495215,0.9466683187994487,0.8106249163490634,0.7307744299108511,1.5134481234094266,0.7941823303827692,0.7325326212208307,0.7519651153366287,1.28995502030833,1.0765166461489029,0.9096351456051408,1.1240839988328106,0.6795543788592979,0.7929270927900386,0.7595444672089072,0.8529270428788074,0.8079703843197555,0.9402108032692594,0.9450551853439748,1.2253653291631574,0.865188304269882,0.8196853375798664,0.7587223973478051,0.982922353139359,0.6375005530193584,0.7025161638024412,0.886457664178769,1.0086170739273166,0.8372844886053887,0.7267042104978376,0.9124657599052465,1.0937172154841728,0.7036934235434269,0.9849884170471036,0.8474704292371811,0.8700072648235548,0.9177964831013777,0.8121131576586268,0.8992899712215011,0.9883588188557976,0.9048114682618905,1.0000759633461926,0.6512448565316252,0.7794041852979369,0.8595114949154983,0.7993272797066117,0.7005868050788677,0.7955801644825778,0.7016077224990073,0.9091023223892514,0.9958690610436204,0.8168160943784912,1.0500049542637242,0.9171665304523561,1.032527873812645,0.5939859598593401,0.7872621313114117,0.7991449555442697,1.047795032126111,0.807098148401275,0.753943265679847,0.7613193669863759,0.7456017190904958,0.9736870309558544,0.6130545995316515,0.8764814832243737,0.8431758993582924,1.0147575977342653,0.7073975540480757,0.920269314559738,0.6569064155962123,1.0439081792364207,0.936902045955905,1.435591780534622,0.7528415539598768,0.8455859067741546,1.04637244985686,1.0742621824166039,0.7406975549804856,1.1877582461411473,0.8060374351915229,1.2543357620364235,0.9143255796625582,1.0561600898184196,1.3276015053192216,0.8402749718513186,0.6915298800796981,0.9031298347117368,0.9937181091725171,1.0638797501860107,0.7242262190856056,0.7613103106743169,1.035415441587084,1.055549920903684,1.1550556609871885,0.876214119220312,0.6929689976566631,1.0027290910838664,0.8566021684437003,0.7959112130761558,0.9352071839131956,0.9762037456570867,0.0,0.7058122573905005,0.8639044765744583,0.8629918654134792,1.0295863242244592,1.201783887709417,0.9686635509216096,0.88904580156408,0.5415455097971577,0.8554809901706626,1.0750661004085316,0.8659573786829224,0.6399492238926495,1.1606348466034289,1.2237250068086853,1.0814193366900684,1.4311434893866477,1.0144738687804653,0.7974615914093758,0.7962256042602234,0.8768194419992522,0.9298853484536106,0.692500528444102,0.6893038986377863,0.6452775157500962,0.6784485724362095,0.7265746118466407,0.6992385886717666,1.062714209611815,1.4007661541238678,0.750851175488748,0.9848001981614677,0.7680911357203701,0.6003624855495329,0.8228992707980619,0.9417455867789787,1.0065817086043725,1.026120088500714,0.8445573312102954,0.772147405655888,1.4329529382440624,1.140823996031594,1.1799284558768246,0.8520647576308346,1.276272306975605,0.6418743544705107,0.875822315947696,1.1915185418622973,0.761445697720402,1.1320198222937796,0.7031493292131207,1.098709233227584,0.8130763508283873,1.1608570044997422,0.7300277196720383,0.594860443271629,0.6729846574458733,0.9733212113128922,1.001410929569947,0.8918145632380834,0.8011002573898238,0.6791299614366096,0.8698314352038928,0.7037583854706141,0.735504057662423,0.6854726466173261,0.708216058024082,0.9654728738203423,0.6018291141965859,1.0028929192826401,0.8157845655967357
Niro,0.8141474284337303,0.7992665764135036,1.0264309385096864,0.7471112093271312,1.1045060566624931,0.7122163575122773,0.9512871581910115,0.9420555043131106,0.6782719344354345,1.236669733874693,1.0586399935017718,0.9742546209026428,0.8043129444122414,0.8916180544165364,1.3291913854060293,1.1834172567101262,0.985076859679624,0.9267133392495341,0.7386803740097393,0.8864440768720218,0.8610576773484829,0.883872463228484,0.8692811682377972,1.0391665616501806,0.755147371400163,0.7080387712238324,1.093158660671092,0.8984416732717219,1.0485787251832195,1.3155673784501736,1.0826342215730516,0.9154117260410267,0.9414608785210326,0.896011964772396,0.7745563939191452,1.0581859711603643,0.9826583388709751,0.9538373449168749,1.2710154339051136,0.745412818332808,1.0186060251712634,1.1041772014538436,0.9721414150475876,1.0258605630010675,0.7495512118586539,1.0316637611346593,0.8558845071273395,0.7463904823462955,1.4569591655404148,0.9479122226854305,0.9112360946144888,0.8059122796060753,1.3266314243763455,1.1620857074103617,0.8543359212941465,1.225183305492913,0.5496711574092318,0.9684562340776516,0.9137190072768369,0.8838744268421184,0.8875420452780535,1.0691495298823994,0.9514565964307841,1.2526258214019492,0.8815172191792633,0.9526751230028025,0.9377913830258737,1.0399164148075446,0.7686431102147812,0.825380443941603,0.9294201208918554,1.0289565518549457,1.031180440488044,0.6836753426411377,1.1208327108358487,1.1828985743038014,0.6504467452297558,1.257262419958474,0.8655064221568826,0.8841500299957368,0.8810493349504533,0.9139585423419692,1.0700238403206184,1.09214825664567,0.9640627169576924,1.0717115721067763,0.8350688892679464,0.8928493157504586,0.8662712999199094,0.9836107820914282,0.7568865434506769,0.8479462738956165,0.706121360507158,0.9081416260099623,1.14801351718487,0.958606689146322,1.097327922112347,0.8380823639981436,1.087243542776041,0.8526648273515867,0.9551333479838088,0.7678068388503284,1.1479217629407819,0.8190326957281346,0.9389684105611672,0.8539253423607143,0.7451616135582533,1.1256418226938165,0.7394176883878552,0.9398823170376173,0.8850042984367186,1.1410962485412823,0.712946662933021,0.9384859172615555,0.7868878691751299,1.0434961612366271,1.0363491856672928,1.4950807272483815,0.8823414798147143,1.050594003085861,1.2127195314364134,1.149130177483184,0.8582440580759112,1.1644184116623235,0.922449666965957,1.4095872705278956,0.9657390128639558,1.09774894237857,1.2790556057479707,0.8325748394249544,0.7427637966530143,0.8609603150796317,1.264597554969483,0.962505535139483,0.8177341003650657,0.81376186429659,1.1238284665696547,1.0957248629365077,1.3182373046160232,0.9495984013988668,0.6082362651835265,1.2166313584370196,0.9353042664612652,0.918878068236857,1.139855107509652,0.9209567308869346,0.7058122573905005,0.0,0.8407842522724216,0.9695309672235471,1.1766091082970964,1.358408781730291,1.084662954169379,0.7698476727938222,0.5763235806761542,0.954126665689704,1.1826650771965705,0.9434031077996455,0.7067084270917531,1.375834607789867,1.3596864291290252,1.1324562054891818,1.4895225802839882,1.1155867875115255,0.8874579580617653,0.8673398817875821,1.0248607238257244,1.0464854883059354,0.8426352643384394,0.826064590127477,0.7660407835677258,0.7704653349061192,0.7892775977771742,0.8198620532299601,1.1770339689818516,1.4740411273153726,0.8670789720673606,1.0024987590057879,0.8175881159614142,0.7569779649216212,0.8609429325016316,0.8948453377146302,0.9094026896366824,1.0732523563397323,0.9254556829360939,0.8274495607621748,1.3952275427986807,1.206026232727918,1.1572755181214769,0.9523399618234824,1.539466102363441,0.8078309138997389,1.0367410727101998,1.3675627823623024,0.8430681861189965,1.3035465349427056,0.8002618384778565,1.1005595745625418,0.8837388909768804,1.0193709995742062,0.7449959389090446,0.669707092478361,0.8604469492880853,1.0366909053710944,1.0692048587606413,0.879355793913756,0.942438999967327,0.7526053210189939,0.9780088547466952,0.6704968362844824,0.8485467497338799,0.6054880593884024,0.7925187582594717,0.9952417022836443,0.7104281898108826,1.1237815903055726,0.964384936831065
Niska,0.9140072543162456,0.8935903947984157,1.1367055258307752,0.8990104610390788,1.2672775378119676,0.7961820598982495,0.9969880041505251,1.056498790221272,0.7691954909188028,1.3104633054839747,1.130409064884791,1.1030191894111097,0.7248641488549445,0.9720356704733277,1.203616491947618,1.1617023654591256,1.0860761802840775,1.0722888171675165,1.097980099935387,1.1358999662817297,0.7400299393986262,0.9367444960611457,1.0372642786159103,1.0304337857278822,0.9578257658870158,0.8996093160287764,1.2314916286401185,0.9737256202070644,1.0938121157692708,1.3079898774429701,1.0567567831676017,1.0573298638732382,1.1983097304279937,0.8698285800412836,0.9086183275957008,1.1466002913288869,1.0292176026148487,1.101494957708192,1.336268695989231,0.9713984269792441,1.1340190177668878,1.053344752254697,0.9879276307966383,0.9302249693547376,1.0920988313731745,1.1636655652282213,0.8836913854000074,1.0050956612745419,1.720522152691754,0.8793749816980683,0.957628061941989,0.8126357775223405,1.232044837789691,1.1847012538896993,1.0048166543022257,1.3493786069168061,0.7397741863961464,0.9685633914507467,0.8289042369010652,0.9985880045398209,1.1481299256399795,1.149320417000878,0.8756566323070516,1.5786505356249372,0.9834400046217628,0.9604344356150792,0.8056217498281892,1.0541837357282973,0.9065724429145793,0.8629377795469899,1.0026712665034636,1.2884767167930562,1.0221626111892526,0.8007697890913527,1.232333098470327,1.3171504551416175,0.9806590846437337,1.2097660170646571,0.9700339507701264,1.0339072886234564,0.9432403136102423,1.1969701849951573,1.165472799411841,1.2594107529651013,1.0952645282767577,1.1358614599405266,1.0207844534654917,0.9757297890452865,1.0411241408457312,0.9814879287466809,0.8894407644696702,0.8881867226740044,0.8792932313377048,0.8673800999600435,1.1671666846394624,0.8917533426447765,1.4081981115818614,0.9287514475011921,1.1718913139565226,0.9735401350787133,0.7576766523838891,0.9684214891817029,1.3115547006803452,0.8440966293828059,0.9331236123932407,1.0595530036914484,0.7805064272987746,1.0662293602803634,0.6794279048579579,0.8638998197945572,0.9773396211552822,1.0880707766166653,0.9446710212921633,1.0659485497184635,0.7947796868890294,1.272668253149118,1.1126061713809876,1.6972695943172698,1.0649267759182435,1.0024466465762532,1.2313587401396917,1.384951515206752,1.0337490674422065,1.2631310936856723,0.9190980245704936,1.4047051007613656,0.8271888820704938,1.0846065114583041,1.1828537243457626,0.8954099538977367,0.7928719673945064,1.043439915542478,1.2889381350965587,1.1528404410768223,0.9517774859770387,0.8555849098034544,0.9829535737849782,1.1366489125010342,1.2566305364846626,1.0846955952254946,0.8959290358720126,1.1617744161808745,0.8027411618958336,1.0486195058324648,0.9895554934689526,0.9887196672112618,0.8639044765744583,0.8407842522724216,0.0,1.1249222727392842,1.0994881546695132,1.4408556164190112,1.1345273368880984,1.1808079155976055,0.9028741935496701,1.1039980598972414,1.1801323067998448,0.9999579653951376,0.9197601924797442,1.3206736387895435,1.37902504869785,1.1276895766155306,1.6303980934987274,1.224735576880102,0.9338801932050949,1.012002451599576,1.211108831650133,1.1789331925753843,0.8940002472181351,0.7890615789026117,1.0722905781440668,0.8084320753434344,0.9545634645665998,0.8634833314300036,1.2440796120585482,1.3014768686961056,0.9826173705668212,1.1778160340238386,0.8386603107767379,0.9112735562231872,0.8810942952512164,0.7827181582247641,1.1130988304419256,1.2022575443748345,0.9782341742227293,0.9906681902170199,1.580479722244553,1.2352190823025493,1.3976050629202794,1.0193662847749052,1.5196630911547002,0.7473854347643413,1.1470128071246177,1.435742686067326,0.8943748129689464,1.3661549673068092,0.944395832755918,1.056751167791277,1.0342284759891447,1.0285423407129521,0.9054770010520925,0.6896437366799874,0.8157622273926333,1.2633935752405174,1.0716212510437637,1.0917737281052424,0.9613428708809804,1.001182689196746,0.9356328235189231,0.8805553797885891,0.946947521180579,0.9545570428179285,0.8997569119549091,1.1364481540089715,0.9272007444018581,1.1482110261606229,1.1424615411706696
Nusky,0.9077947656881009,0.891586854204472,1.00330189362665,0.9974379881747165,1.2190061209504348,0.9255108550020057,0.9883952675651748,0.8817124057522104,0.9162052242531499,1.1306758139521653,1.1468504330582014,0.9793765603161753,0.9366135246603868,0.9428759363064622,1.3360294063080795,1.2811349468561508,1.1582722744879577,1.090205665694684,0.9696860848384872,0.8870024157740485,1.1343887489750966,1.0798697116984395,0.7465552017938407,1.04715775524423,0.9551630221915296,1.0154323194720443,1.1357688677795401,1.1580111030771287,1.03906116600818,1.2950513768713334,1.1182238243895335,0.9975467270585541,1.0558783836145729,0.9834144621577824,0.9800215019672613,0.9877625941205512,1.1567325797147485,0.9826155771344403,1.2028356851889455,1.047976525990108,1.0771089837338048,1.2203475046618981,1.0559029702491793,1.1101571502681755,0.9284591887010486,1.0829828578585958,1.0875696823974481,0.9139867873266163,1.268040206204362,1.007252770918514,1.048174049053415,1.0676627597984263,1.2501066179854854,1.218061780469822,1.1832702094238605,1.1403432016036958,1.0202240364058104,0.9789188893654217,1.0881115514370725,1.0568079388262386,0.7761859808171881,0.8716927354841698,1.23320803313051,1.100200165430982,0.8267838666197714,0.8357388771901316,1.137275368533166,1.0038760816743029,0.8303413722748588,0.9651497950807107,0.9277990828649927,1.0532394337829525,1.1776024244753953,0.958389625274653,0.9633101924927995,1.1185468671170005,0.986277019467952,1.1919558687289131,1.1847091495252873,1.0178729269612785,1.10758223419471,1.0079217937262628,0.847337327768182,1.1378729819612632,1.0800850953028331,1.0042288724235604,0.8805052094946159,0.911352409605491,0.94047946111532,0.9387643244911265,0.890111262042614,0.9702189621241146,0.960906795019984,1.145748019785711,0.9784864978505617,0.9968997476722553,1.0607588873278744,1.0491654541173432,1.1543643131265073,0.8583912520285605,1.0098170133809576,0.9422450940844759,1.1214409840893578,1.0848060281364489,0.9572129973591125,0.8887518170208156,0.9738847150901558,1.039712167600144,0.9968829848292887,1.0359871691105604,0.911816440972051,1.337156981422317,0.8366499312374027,1.0424335312181263,0.9386742384407728,1.01192804606903,0.9615577295102509,1.3140360996759883,1.0269697325265243,0.9782667069679867,1.3367162436623012,1.2602580374690586,0.8289157894547294,1.269802329732096,1.0264921471008286,1.3692610098394271,1.0665285706874135,1.1554545602265995,1.600216096449043,1.1062142218938598,1.0473408872581234,1.0208515602325337,1.1093834792916295,1.1445022667864668,0.9025838715046629,1.009010022157823,1.1474788060852006,1.1261082050429978,1.2057296922685616,1.050793757707237,0.8927934344700017,1.182112190115017,1.1516884900426754,0.9091003964516523,1.0070968380058687,1.113028295124201,0.8629918654134792,0.9695309672235471,1.1249222727392842,0.0,1.3264032188292227,1.2594953784895393,1.0547371237298726,1.0636793717657396,0.8004895058040293,0.9828912136771275,1.2429276206630413,0.9887376566272418,0.8457625533411641,1.1749368466434544,1.2327307061660335,1.2410125094886708,1.442736684301719,1.2387679653182728,1.0424968086461257,0.8552968406377737,1.1785259136948603,0.8899069210981316,0.9016919056927274,0.9220647185416798,0.8738300617649822,0.9680155484535775,1.0053819469670608,0.9664868136812577,1.0236072821403364,1.3797335567015159,0.9688991067925379,1.0582759769521524,1.1055149187653681,0.8391624132434917,1.0833052494544295,1.0477026273285437,1.0053751355451217,1.0573935519907636,1.0348579289220199,1.0043611297980566,1.2684789373830372,1.254579138383229,1.1529466452269839,0.9640817316828243,1.281600553385082,0.9449730668930918,0.9072291251064774,1.273184068853081,1.0408780879451334,1.2814016052109074,0.8290874691215877,1.2216818539037493,1.0673262866742614,1.1553036113214454,1.106099515027858,0.9366578823993983,0.9628388306124247,1.1716744072263863,1.0571260708284906,1.0521799777909648,1.043450773360305,0.8573481317731968,1.0172505627807888,0.914260567387254,1.0309063436860813,0.8279815862009322,0.9419438710088047,1.0447555600886198,0.9890119816337735,0.9673557382314922,0.9604947305984272
OBOY,1.0354173206865946,1.2043106562777657,1.1985984464026558,1.163968197341448,1.4385352408230971,0.9475724376540037,1.1166346737439397,1.1291111657111832,0.8961795188269729,1.3529631207330601,1.3033472682505114,1.2838114184990326,0.9917623424406453,1.1911063361581287,1.1323326966105676,1.1848785193072962,1.1930297158674372,1.1460710223134614,1.0641351127576157,1.2678289772837301,0.9782287364103925,1.223273827593354,1.3631127078906138,1.0827443255503546,1.0654734941299913,1.1100794138900054,1.3389981809371194,1.1808388342450926,1.3837953537311078,1.4052959095228916,1.1420012355673232,1.085401603067309,1.231901932073433,0.9998505038168756,0.9754913958115019,1.2217199571568989,1.0883231858235745,1.3282717548360172,1.4135983715925864,1.0808077579202127,1.3753886681117853,1.2805723686310213,1.1502656158118192,1.0964862963739967,1.1984929565031943,1.171802853384862,1.1863851033344377,1.112233294183216,1.9155254592824187,1.043951291171293,1.2175105335886949,1.119590121075392,1.247466373942195,1.3719222015216836,1.2741311616103586,1.3690187144649366,1.0810586005570935,0.9527666593134131,0.9347935703787464,1.16133569098305,1.2667153723485578,1.2268834399003605,1.1966582905881062,1.7661555640847035,1.1366512380781584,1.1873536976829129,0.901551563897148,1.214287207527476,1.0561208608877493,1.0808751961581058,1.3880003930874372,1.4172175300249794,1.0642988115904728,1.1116781668784,1.2594853989320027,1.4422732767660733,1.0448627723215909,0.9125358936798823,1.1557496456031504,1.207921083290366,1.138735834567308,1.269543657833539,1.2906655927593222,1.3578159536320378,1.1944126582437387,1.1696174950312541,1.0545427536575318,1.003389400205976,1.1982468111795348,1.105602144648589,1.0505343989359657,1.1686617825916703,1.0883284555107868,1.1444599619816633,1.0977800026899196,1.2106550854311318,1.3494277787201918,1.1576369920572906,1.4621029986521519,1.1080991250671455,0.9977690341328465,1.1602266825688807,1.200827338026446,1.0448881175371623,0.9419812662467908,1.148097841918971,1.0436568357694382,1.0038666292392564,0.9455850834002959,1.04156693582227,0.9461712619401265,0.9681574934255146,1.0842019498975697,1.3247031889141547,1.030830074183349,1.4343496614117153,1.3580425017333992,1.9157882532362174,1.1435341563840147,1.2610609285175791,1.397631238481813,1.4512832656767736,1.055189556152065,1.3997722026150405,1.0478717559915514,1.241931696108823,1.1248801809760591,1.1437457315398118,1.4647797052840354,1.1324306919605838,1.10080047498242,1.1603879221397309,1.339133793475187,1.2241254955138237,0.923971103868233,1.1703709429454936,1.2036166046969987,1.2742442185672358,1.2874605681150113,1.3521200451546707,1.2097930640094263,1.2028829183357705,0.9513069180746676,1.2396484653849489,1.2672058562148993,1.1010263958329132,1.0295863242244592,1.1766091082970964,1.0994881546695132,1.3264032188292227,0.0,1.439714858678211,1.2840920458423586,1.2609246993877092,1.059011224344915,1.1386001840082955,1.3136971871389147,1.2737972106303859,1.0614360053268113,1.2572386405112739,1.4352868003016857,1.397584816564432,1.5998573532454088,1.4250519046111132,1.1778742505734192,1.2470555443740896,1.158221920235173,1.167151314747999,1.1201774001821418,1.0249685690024402,1.1472401524054352,1.0229504107257072,1.294786488043615,0.9693353876844394,1.4433030989346198,1.321183530639158,1.2147137627494617,1.440605771315396,1.2088108310113388,1.0026225738119872,1.0228483642995818,1.0732186681921478,1.299334346343417,1.43789310980537,1.2450936729089925,1.179508682769449,1.6847355296227213,1.2249146822275625,1.3600062780968813,1.1879355372971392,1.3832165700444556,0.9782464444114288,1.1344543441570056,1.1821727025854794,1.0962379497072792,1.46815768420793,1.0840747025211002,1.2261471368008559,1.1218864762666694,1.3880912497808657,1.1327168393427174,1.0277303843030772,0.9416494202217578,1.2655503591069381,1.0794450371399742,1.3664347124301288,1.0530982974292744,1.0571988855189778,1.2608228461580038,1.2158074666092267,1.1470855188110212,1.1911782656025138,0.9903244365668417,1.1630333907080512,1.1192913136518996,1.2219420661365084,1.3645087492107897
Odezenne,1.3688827204013327,1.2651231855168734,1.2516096829955643,1.3434473894974706,1.4877903434942823,1.3886227027446558,1.2831924378410746,1.1724607875937618,1.2569714555315892,1.4457477457867254,1.3754721498293998,1.3197195784749822,1.2424933904529583,1.2109924085311905,1.2949942645743697,1.4668101715828312,1.3841293710637137,1.3599111666180657,1.365221945237275,1.0074212714907502,1.3675658334222875,1.4004987310965549,1.2263281199347948,1.3383510430031706,1.2836336277710751,1.2774477492499314,1.356882459239381,1.2616960443183038,1.2550069246747109,1.5766010678161053,1.4483013092161343,1.196027052576806,1.4292502173739643,1.2728103610595631,1.2429025478734743,1.4736621007546906,1.253050087777835,1.4140897948289255,1.292403066834671,1.2628972151590472,1.2417401537715635,1.1890782949731649,1.188988304859268,1.5444589492447525,1.2575739468256728,1.3032859180567389,1.4510560509629291,1.25223516745606,1.7166887450244197,1.178984543975487,1.2312029828950288,1.2958731441810392,1.5632232100027137,1.538300150030397,1.503835874549074,1.2386358450487995,1.345904252053309,1.3193761791114693,1.299036691524014,1.488813197078906,1.2512301598266127,1.281460484123402,1.5003279660673086,1.4171969804021225,1.2511027868697193,1.1821158286552744,1.332243951127508,1.3655626415301647,1.2238358503407292,1.1157984743937532,1.3063170502433357,1.35753282249849,1.0788682398761507,1.3029075699646306,1.2773750300253246,1.3032721724807967,1.2677334044362265,1.511968766026123,1.560350337180114,1.2495508159241686,1.1975630700330484,1.243228388536567,1.4011948543442665,1.413544262855252,1.384947542341304,1.405740576625339,1.1858430233270199,1.2504544494349425,1.3375736508271032,1.209376499454844,1.184009875689033,1.2829173192898877,1.3273851384539521,1.4564793903551654,1.2952272790930544,1.3813860052285543,1.5030449055024384,1.6052598958692323,1.4177983970524861,1.3577240499083103,1.3554742499495191,1.3056053631355302,1.211807417813038,1.2140072008323683,1.258751553369076,1.1303824111103802,1.149496554139741,1.5398419072686287,1.2148571961573398,1.2395870530495594,1.2992328602247298,1.207960217214289,1.2847414750468311,1.4141876117998884,1.36971554585437,1.4100791441307905,1.251225404023822,1.5594247395066312,1.1376799571181992,1.2511266058136303,1.4609884654599994,1.4991506841011528,1.25186644747539,1.4618052321798984,1.3152470599283541,1.526282566268008,1.3962351463405163,1.261663821800056,1.9001077774920376,1.2562657531347539,1.2780894237664713,1.3416300640104615,1.2739005420686693,1.4720606536613394,1.3129562068691718,1.270033550020291,1.5033906064733265,1.3002323066975516,1.4570153062989226,1.1473399312785804,1.3056500457146558,1.425519385017527,1.2954602316589365,1.2277664538307393,1.496057617111299,1.3207869627409359,1.201783887709417,1.358408781730291,1.4408556164190112,1.2594953784895393,1.439714858678211,0.0,1.2722356009113105,1.3145264076289398,1.1924817949206548,1.2932992679808961,1.2514194219952655,1.3246290327163204,1.2051173835524407,1.3240828111752554,1.6566206332397522,1.3369568160157912,1.321460091660625,1.4974709715516923,1.2111035267649684,1.1448136695986966,1.4843612866985518,1.2185044449296438,1.2219151836990798,1.2234679703756373,1.297333059547369,1.37762079856587,1.2445774171549198,1.3088080375655178,1.3942273360022974,1.6675848677046183,1.1100090735478063,1.2274594800055025,1.3393029906557437,1.3171623205255363,1.2533767657656456,1.4501497376889645,1.4336639177356778,1.4798246255811223,1.2241873200802496,1.1632789838690463,1.8379069177671121,1.4631470061099243,1.4952476947042834,1.154084324024827,1.4363455403914118,1.2769051520359358,1.249599377382274,1.3835556179789243,1.3930817095002963,1.371779143679619,1.1216179882860677,1.4839866329375568,1.269586692077538,1.5709307985552667,1.4039294368182,1.1491519141815425,1.2119971675886025,1.1393673851657817,1.450488455786106,1.4335578336791086,1.3451380761720182,1.2892794421093863,1.4916625161741057,1.3646073123172804,1.3317968475994517,1.310880330689515,1.2417249467405578,1.3481723788270834,1.3295860827067967,1.4133622833832475,1.2747051088622765
Ol’ Kainry,0.9426188144390498,0.952845379412195,1.1615020620642633,0.9568713499968233,1.4291919701794429,1.0093778188828424,0.8931315204320043,0.9404774646335987,0.9887667252409436,1.1782663649724774,1.0788608943092024,0.831211648110785,0.9890980017867427,0.8694827200831514,1.30321423874219,1.1127880446970144,1.2340486135928317,1.1264273465278238,1.3199081906643322,1.0632327258744523,1.0902977698983767,1.000852256251818,0.8563518229075381,0.9957444371492085,1.126494570626994,1.015128909145652,1.1192161366025541,1.2616667519695468,0.9763012002495565,1.305166688520237,1.102204107561389,0.9043029346812683,0.9970851253502413,0.9113451254965628,1.0286704933827817,1.071220245797132,1.009161708435319,1.03724510460383,1.0784602741729352,1.1488641603801772,1.0470456109671693,1.1608337433994853,0.9958475628743617,1.217638802533301,0.9112502446465949,1.056301270655392,1.3475706272716872,0.822662493048549,1.3755754657755979,1.1353299793395628,1.0778526578929837,1.009810081945946,1.447035373030812,1.1623585795594054,1.3942093048076358,1.0599646870018709,1.0861470198911443,1.1092988605274854,1.1990313328358886,1.217529780008028,0.9328555465598242,0.9474467446117985,1.1765305572508793,1.159948882688465,0.8024339194468534,0.9555625326731981,1.1122406140607262,0.9700612959837607,0.9697705157394103,0.8075187708194367,1.2321919181652465,1.0048216885466592,1.0802698069694328,1.085708414082025,0.9933524428904685,1.012091147206159,1.0731139544593395,1.2622266352709866,1.2029192656873573,1.0140270594328595,1.1693578068919377,0.9792109656803746,1.070130131951092,0.9785484274729881,0.8279637062571894,1.0986899047507335,0.8952382820977024,1.0967105304358415,1.0652904539799966,1.0441915269820272,0.962664090184201,0.9401411604863816,1.0570491086419525,1.168674349223657,1.1194826401370823,1.015427631767228,1.1848357202844695,1.3149937174382513,0.9974940126046529,1.0018419142922534,1.1127044033591273,1.011823852081155,1.1343952051812587,0.9757910100245725,0.9891371506965221,1.021518349117132,0.9878396296095879,1.2963869984218006,0.9871727849401686,1.1055405389552908,1.093940605532614,1.2534629103215476,1.0213405754797165,1.281027026400082,1.0066113995881443,1.1025958852125373,0.9897061568228925,1.2635556426259988,0.8007341406925818,1.075465744452783,1.0416871613031844,1.1269811822884883,0.9891311086739034,1.4146067504711797,0.9411438446739008,1.4702914160122271,1.1160042092341484,1.3444787170048895,1.64351174864846,1.0058375171577922,0.994937789732906,0.9494477878086272,1.0409304493482778,1.2257176626381971,0.9739152804534438,1.0690514703714349,1.2754464626699111,1.339273930359388,1.3888011258228679,0.8728827209438957,1.0891441137341416,1.3607701264905392,1.0475478081063831,0.8989353349796244,1.2432479533024117,1.1615218407725068,0.9686635509216096,1.084662954169379,1.1345273368880984,1.0547371237298726,1.2840920458423586,1.2722356009113105,0.0,1.0592079581842122,0.9889152760984032,1.1669601945341532,1.1506168590648416,0.8645335201844033,1.084093282503626,1.172576483398033,1.4443726172331146,1.0921670298053443,1.3342632108644352,1.0967601815073158,0.8955916376917391,0.928595230772197,1.309965483618028,1.0554127676587475,0.9310824227888325,0.8663025129774188,1.113454170371267,1.0076111508208199,1.0213985799125809,1.0128449348647826,0.9735260689960021,1.3354911582127031,0.9130531975011213,0.8635761471302427,1.0356631541355104,1.1069900599620146,1.030004679870027,1.0856621091611762,1.1894330664429982,0.9973033875725722,1.0324747117024016,0.9024634972726527,1.5367476580937842,1.3560780773520096,1.1222184566522797,0.7726310820180683,1.2057762771349134,0.9646613511940807,0.9689484325726699,1.3572770050238474,1.328889558929784,0.8832466498561163,0.8633438629959777,1.3126544532213806,1.1014247549854352,1.180436590228852,1.1736226285154137,0.8746887963261155,0.9769849628926078,1.2120224158293644,1.138269018353328,0.9764758822067883,1.1384826037825666,1.0021682339008062,0.948997526836629,1.071765227490381,1.0806701912705605,1.0933460645416366,0.9400347227576217,1.0249857156295687,1.0946757504161724,1.104500078898699,1.1499853507538769
OrelSan,0.98215927742757,0.9433117376771984,1.1135102233278433,0.9598726400354596,1.1585129654306159,0.9672397894851387,1.0027233212203739,1.0214514966729447,1.0130681607705159,1.3551099147019343,1.1987831881576374,1.0571011964468555,1.0144546572853947,0.9409142785682515,1.4738793703588862,1.2776127495606417,1.0256563559150693,1.1575806114606098,1.0467603868336715,0.9334694214914538,1.1076710595838013,1.1138884283509545,0.9025187408210478,1.063273441330825,0.8891328086765323,0.9567364915533161,1.1613394330278546,1.0012612591797128,1.2587137909053552,1.2686812335757898,1.0273085363735819,0.974397059927447,0.9774454509612972,1.10614042271786,0.9738848821462484,1.0741353024904046,0.9838643305106352,1.1574795796795414,1.2681694876260783,0.7941219267316154,1.098122331622295,1.2860297120118487,1.1304152855219594,1.1217745015532836,0.8418140984542273,0.951743330799917,1.086859135595565,0.7887422253908615,1.392359419978985,1.1556302886501826,1.0190750433354414,0.9652448400793768,1.3402379463671685,1.2797080918440338,1.1062352684942547,1.1619143976424302,0.9543553976590421,1.0532334381211397,1.1167752363341301,1.0487304775595532,0.7629431854676286,1.009182878954955,1.2464609570444987,1.2079747324108594,0.978539344032792,1.0532526713137251,0.9977503062530831,1.0565159177071057,0.8120519608686384,0.9102150273499329,1.036213782666741,1.0303019549861216,1.1854034759822658,0.9472704550624833,1.1674803871196824,1.158950093034151,0.9309367775355654,1.342554542062272,0.983412591158487,0.9186725429134245,1.0689747396189386,0.8696919879250266,1.0337486965687006,1.0126128479089005,1.0420188463692464,1.1658799637069495,0.9172701887855982,1.0105733776383592,0.9205524025855947,1.0710218689138806,0.9304099237608928,0.9505514713275672,0.9652150646590116,1.1630857720822518,1.1365055217804256,1.0288073636858168,0.958454054258057,1.1310408123348938,1.084255212748027,0.8384126965265692,1.1578339402549063,1.1129258138114027,1.065242572128902,1.0159083674223093,1.102612439885412,0.9587172989360792,0.9810413359897244,1.2567910640029796,0.942706536752235,1.203639010394729,0.9370028992568336,1.3083872800938556,0.7890946730679491,1.1571358123621478,0.9648984668464464,1.0216839366661332,0.9865101810698454,1.309637020309166,0.8774337469906651,1.0043254895772054,1.221256490637092,1.0080954936807809,0.9347491501665401,1.454517365618961,1.0649596696912966,1.3416768611630259,1.164664458023966,1.1740786941146424,1.5085975039284376,1.0402510833429042,0.9360193914783533,0.9314623042404723,1.205830691984419,1.122101125437596,0.8907471055331773,1.0684569200497698,1.1946732974992453,1.262592125964087,1.3542089049803936,0.9577679321439984,0.9012786675175254,1.3472582357815148,1.2122852213599948,0.9166696754620228,1.1576196158853902,1.0463862443254714,0.88904580156408,0.7698476727938222,1.1808079155976055,1.0636793717657396,1.2609246993877092,1.3145264076289398,1.0592079581842122,0.0,0.7339349542004431,0.9688985959786188,1.270586384066907,1.0180916928691124,0.8909742382236554,1.386831306209892,1.333523093377588,1.2077929984662783,1.357562632350427,1.1851748202984373,0.9110309841523542,0.8756859919494758,1.2346232523068799,1.0524175140213452,1.001859256156032,0.9743581102714665,0.8541606556837894,0.9937783528172588,0.8258342210328672,0.9692672667500052,1.121033934242986,1.4601509282248488,0.9699377532456979,0.984111264590684,1.0017134066752698,0.8408423492653779,0.970604965955274,1.1199174158966392,0.9644744708597325,1.0720813982189306,1.062585310349507,0.930890267799578,1.2878690141394038,1.325018782309887,1.200487083909559,0.9785130068794333,1.4278935261884247,0.9838515728198076,1.084686025020096,1.2968037780988446,1.133642794792038,1.2815298944307394,0.8796619421006764,1.2253673322928957,1.0105926726570442,1.1952708115622015,0.9803775304778647,0.918687742132768,1.0423956948831128,1.0479286899025693,1.2331408186619235,0.9685248800975393,1.1513531031508435,0.8423122433568349,1.1797339215575782,0.9225164911323686,0.9947156063509898,0.7691301213510576,0.8593116076172087,1.1485754264323658,0.8762442839929747,1.1950212793112391,1.0610835743673739
PLK,0.7584371749547185,0.6829321959082585,0.8855775158214424,0.6363873621197691,1.1310107734634418,0.7201274575383848,0.8072753124270662,0.7629722969511288,0.660129088464855,1.1923638547272306,0.9805531871277634,0.9312576932512214,0.7295525796968818,0.7846937408164609,1.2311726898135587,1.0078676514955367,0.9814381296513649,0.8926927481265831,0.8180240026348222,0.7618012839025764,0.8258331798718346,0.8809133979898014,0.7979866267138109,0.9359530329577204,0.7190907089732032,0.8028368831845722,0.9997734345935434,0.8713350659139064,0.9952758813246576,1.2037498196505576,0.9137536918920056,0.770557200658335,0.914513961929019,0.7597064638137703,0.7019920421566073,1.0040033392773429,0.9114006473148428,0.9422550705952472,1.0475936990081196,0.6512190041900773,0.9117403384824754,1.0588626762341902,0.7963911407615138,0.9636493498389016,0.6861317410972275,0.8994832317970957,0.8788586338070147,0.616437731869956,1.4031948908348653,0.7879627673672389,0.8053408483721135,0.7676119503147933,1.245017197146591,0.9998910343060236,0.9156922995365843,1.104423023344502,0.685955812823726,0.8644444942226052,0.7699839386168357,0.853954027921509,0.7367920593395728,0.8031750475355011,0.9734318455306353,1.171119482046436,0.7786484859963129,0.7881955829359429,0.7579402419023953,0.9889136558804714,0.5921138447350072,0.6695741323686314,0.8342335174823273,0.9213886627639934,0.9194593826335418,0.689292163905958,0.9223060236503848,1.0787833874177106,0.6413267267189293,1.022878653919878,0.8339352707944101,0.7583045093849482,0.8912561779070374,0.8266404971747593,0.9392485508750549,1.074471044924594,0.910285478831619,0.9570100547162542,0.6721025225076146,0.6816589460296975,0.8398016087090334,0.8046428867436723,0.6880415846951178,0.7992948604235686,0.7840943140515503,0.92426783250556,0.9866074759070791,0.8431567925187063,1.0017368508840754,0.797603695975938,1.0141092656181172,0.6705363093433584,0.8619242365785122,0.7731789655229744,0.9923790021816585,0.8148068334101456,0.7074041029673253,0.7559837903679412,0.735001214091517,1.032350364916315,0.6241352304195881,0.9945289225747159,0.7838795878824105,1.094248593385765,0.6320241605850353,0.8338056437374209,0.6415367479328367,0.9374927831983509,0.9194933958842956,1.3510387541173896,0.7765558778443349,0.7998035524870931,1.0705582336497732,1.1559746353018534,0.7087120578383398,1.1953219980826162,0.8213738856161066,1.263961176314112,0.9276240707038897,1.024769397071475,1.417247358399243,0.8624116388527931,0.7308305853735891,0.8340637105959449,1.1012874524101195,1.0502107955596678,0.721401021138827,0.7720779358907524,1.0651170652990642,1.0328939271795057,1.0991018216103021,0.8884543679090791,0.5854311144808129,1.0088592012813342,0.8659402341266049,0.8107097821477126,0.9982265363607016,0.8641740687695766,0.5415455097971577,0.5763235806761542,0.9028741935496701,0.8004895058040293,1.059011224344915,1.1924817949206548,0.9889152760984032,0.7339349542004431,0.0,0.8547821893418717,1.0969356814861801,0.8533027537675676,0.6674650585846112,1.2275315365434674,1.2439354500506399,1.0424536321890392,1.406654990527084,0.9940100994636399,0.7810923118360883,0.8077352411550074,0.9461285670401665,0.8542845250455223,0.7613673781124749,0.6552288139723043,0.620073897500358,0.6472683997213032,0.7107577493120926,0.7830381691444895,0.9973099816426686,1.4073977107015594,0.6985367622753822,0.9847613914321355,0.7923574563760724,0.6275168321392347,0.8285455618073815,0.8653181179127523,0.8678169192098671,0.9873002215074677,0.8273503489285989,0.7148546191864588,1.358520080849661,1.108422923718807,1.1170011821325845,0.8029120299896788,1.344016219585621,0.6826872532340384,0.9365580058175786,1.244163286666057,0.7949884393417616,1.0682906426529344,0.6679198517796472,1.100133738540238,0.7918115526996885,1.0640146323022206,0.6276634425589751,0.6600324019418369,0.6927855020028414,0.9704538265907879,0.9864655390058613,0.9043773040005676,0.8524679375795517,0.680027494811166,0.8501066894303677,0.689855761507616,0.7615377492737502,0.5867365111978082,0.6563249238988352,0.8841109044117846,0.6511711269222555,1.0147310089550998,0.8008038340616341
PRIME,1.0641483099955755,1.0084440350797441,1.0384774353475241,0.9554277186775729,1.2015020077323728,0.9603396921885685,1.0370820914185856,1.0522376113930931,0.9516929231844974,1.3418871695882537,0.9983218952330023,1.1061046183633108,0.9361204645403709,1.0576737874042152,1.299302403174705,1.2067809631013628,1.0700226283515457,1.1351061164236957,0.9236728634046092,1.0263391588766744,0.97363492057606,1.1131674660930677,1.0070415246232516,1.056661205445853,0.9142989986777939,0.8266281646647108,1.0932201226391498,1.0430270233538919,1.1401301157302033,1.1339749077619112,1.0563042595367595,0.8875103597633018,1.0223396791896897,0.9466976914007552,0.7914941936643064,1.0709338176305758,0.9843352265982702,1.126823154307595,1.1580258574640363,0.935911266814194,1.166003397512315,1.2054187166850368,1.0937961951653379,1.1865347114006808,0.9138409449641759,1.014474896351912,1.0009112074091333,0.8695880991748436,1.4195696792203,1.1131869611306806,1.0268285659581788,0.9615018550531339,1.324804573577108,1.20261586193499,1.1148380599907233,1.226904401750475,0.9863241637257222,1.0486047080929253,0.9572311060934356,1.076972951994408,0.9709030857027728,1.0468808944256742,1.1876693238117724,1.381877289391458,1.0096666271397352,1.090156070958381,0.9400181551900547,1.0772506361867942,0.8103032046855616,0.9096431217608029,1.1375511561527445,1.1192007283738585,1.1590284900186127,0.8861685790401324,1.227526838222335,1.2888828980677267,0.9334284991818009,1.1678217125906611,0.8495632479675499,0.9398164009880042,1.1885411624288664,1.0235392933235739,1.0213186134713625,1.1957783235302413,1.1864781498070711,1.0202022198525826,0.9179492072766468,0.9759189166466883,0.9388042972869759,0.9330657856926947,0.8404547683521614,0.9231108056312145,0.977769620577588,1.159616955002284,1.1071560441976203,0.9941035008475535,1.0509316837318408,1.0110288379350802,1.2316718086390495,0.9351165607077842,1.1514529432900258,0.8940004708295454,1.0548376587534312,0.9615398251914591,1.025149409918557,0.9919751468471616,0.9123741374055737,1.222518888332729,0.862751538582884,1.0522160189594232,0.8183829275241695,1.2634028486500832,0.861840694533717,1.1401918341597144,0.9818459105541334,1.1295266126938874,0.9646224116586359,1.564444917641525,0.9391903036376242,1.0265415296071188,1.2720034286794621,1.2270186158270684,0.8627917535480524,1.3144905786577656,1.0566954757117286,1.298561873818156,1.1678900638728607,1.185240436561234,1.4192516970663251,1.0281762334958253,0.9677790461913145,1.0206009855025575,1.2311532659081734,0.9928535679058045,0.7946883255498036,1.066171364656242,1.1570457690869167,1.1680072842146545,1.353800729967388,1.0152047355246503,0.8971342068985166,1.331739120521384,1.0247875585080874,0.9559750238510399,1.087851942162064,1.0993468867478462,0.8554809901706626,0.954126665689704,1.1039980598972414,0.9828912136771275,1.1386001840082955,1.2932992679808961,1.1669601945341532,0.9688985959786188,0.8547821893418717,0.0,1.301952653489922,0.9580663098040554,0.8347935313861286,1.3548413355651674,1.270858552586854,1.2316734713048854,1.4966770267205218,1.1496296167394915,0.9940590649592455,0.9816330752539973,1.1807450980346275,0.9467698472424108,0.9352761835576974,0.902396833608941,0.9272068575796074,0.9348229638909331,0.8556262090431612,0.9121758269528155,1.1621016193033193,1.46403876790399,1.0812333558310763,1.1464858341218227,0.9786026325549577,0.8540209886595769,0.9379600684937842,1.1732893704869125,1.0276803473746674,1.2511728593879867,1.0739476198845717,0.9997464805244857,1.316477080327942,1.1719329352627141,1.1795997615900788,1.0813700482121362,1.2872667280866663,1.0019160728428604,0.8998883711207281,1.1528429509251623,1.031032422551242,1.3364250672354347,0.8103428567104874,1.1696955674270915,1.05035173022799,1.0274373444664382,1.064632397893599,0.8650628406393264,0.8894295502663769,1.0420020879651368,1.128173602768279,1.1916975243042338,0.9334286555010856,0.890044320017044,1.127004014619699,0.9472996537981131,1.0325491555078967,0.8475017764296265,0.8447171378807335,1.0401324422379015,1.002613368313629,1.0522186884396838,0.9790194859952905
Prince Waly,1.0900318040719958,1.0879145084712327,1.1858256490977817,1.1578901473596497,1.4395740991173278,1.1662814726369852,1.1196221133101885,1.0483509734186265,1.0591798168581936,1.3533369656837166,1.4350097209462733,1.1321937556595818,1.0186685183512374,1.007388525176019,1.2628072805165225,1.1552009177090248,1.247490130748542,1.1445666892873037,1.195346538831773,0.8798882680355482,1.1448586059474053,1.1210232574291035,1.0420160189083434,1.2363308169141443,1.0817601047438972,1.2071482916501537,1.205244781727671,1.2965343526840707,1.2943704499524806,1.3604750970262074,1.2404349609483858,0.9876114344045898,1.242547915509592,1.1046682940285932,1.06377632025754,1.283109986536153,1.1961860028532594,1.3029134402152893,1.1926780406370905,1.082433121234566,1.1675524511298534,0.9640508030777258,0.9081717755142077,1.441642880706282,1.1231466544011037,1.2442970292148454,1.3619235884335363,1.068221311909407,1.7063470410346597,0.9924653312608352,1.1816775699472737,1.2556909236000173,1.4483628843586027,1.2141359485152814,1.2602661710005074,1.2682959387421748,1.1356105519069535,1.1569686697492818,1.048600176572006,1.214655104311957,1.1358098352613062,1.237815327462357,1.4910259234876297,1.4641205417346193,1.144345360167431,1.0781825170280046,1.232788424232505,1.19582020300087,1.0886955529837083,0.8958340749117866,1.2554573348163105,1.1137523762170345,0.9216555608737025,1.124978564323157,1.2106364908572973,1.1793339365697066,1.1493748833511401,1.4519134298229859,1.2929326791962998,1.1395203621011303,1.0078732249099873,1.0906119972298678,1.185057859771195,1.3489058821413353,1.1466135009606755,1.1247083423921125,1.074047796213038,1.050136265345218,1.1513360590756172,0.956122218115507,0.9612962826727786,1.0674758212811073,1.2225107849622299,1.3088685203478525,1.2456967293314665,1.143030106602237,1.2471531061360641,1.2092373202895224,1.0323210759120067,1.1797682113141232,1.111219044438965,1.1064046109562076,1.2466016109099136,0.9747610384277746,1.0744830663036558,1.0412806941213524,1.107201135009223,1.4064718659762598,1.0660162010950935,1.06114292797787,1.1077662175303922,1.1739691605258868,1.1292242941414152,1.24919782702515,1.1918640898653747,1.1789291363150383,1.0789660600582076,1.5604346115998466,1.0318110292181162,1.1013105137318249,1.2023540855930093,1.4204384200708289,1.0808173311053944,1.2326250820944051,1.1386649666740944,1.3787471479856133,1.1968671560977044,1.3549099127402806,1.7042757816071301,1.1587361055552707,1.1571416094929148,1.215968817741132,1.1394161876960451,1.3284762747905152,1.1080998653550063,1.1620341509151018,1.3104407904114093,1.2937547726424818,1.2921330745858264,1.0249421433160704,1.0893228938020687,1.1738190476337023,1.0599468713233788,0.995715975198176,1.2837434996259873,1.082942644442982,1.0750661004085316,1.1826650771965705,1.1801323067998448,1.2429276206630413,1.3136971871389147,1.2514194219952655,1.1506168590648416,1.270586384066907,1.0969356814861801,1.301952653489922,0.0,1.2865478108755004,1.0875290891281246,1.1497740412301296,1.6089339298395204,1.1827322037064485,1.2941825590047757,1.3862393258773549,1.159274611007085,1.0929762939866243,1.2733143169721883,1.1500488345626738,1.0977362887887046,1.0736005212173203,1.1172426306415988,1.13978632483409,1.1257197043476717,1.155930846168393,1.2288378771231663,1.313201682404811,1.0213459726861565,1.1947049282469682,1.1636912613523565,1.0885557633261937,1.0526621411685715,1.1935315988379527,1.3892326398971813,1.2525212126507232,1.1019953825238777,0.9175031887881502,1.7118379687266292,1.249675060679773,1.1873696423189335,1.0272614901658839,1.3915976133489507,1.1563343000992499,1.0853801460803163,1.2956996009946509,1.1224227356523264,1.2394724988523116,1.0647168477055406,1.2047351069004135,1.0766415356250865,1.4588222273115996,1.091621398156561,1.0562427095682156,1.061661316862471,1.1567223040353098,1.2274262344076303,1.1194808171891457,1.1883449545023714,1.0671748802413994,1.3043169386364324,1.1409625035400048,1.231198273628977,1.1429307330294207,1.010972317806267,0.9933749854606624,1.1836139684090419,1.2107208856663925,1.2566368194403887
R.E.D.K.,0.8126325779647771,0.9077125230855732,0.958323534826878,0.6998831706254119,1.2786641011999629,0.8630827918323398,0.9609347829753506,0.9157552104887263,0.9144611423378692,1.3421689035430626,1.0136294754172985,0.8251402226053695,0.8491137759064944,0.8320785639406797,1.294561290472822,1.247542426696493,1.063506405752215,1.1364348305588938,1.2104087433984747,1.0603316062621488,1.0098798094181693,0.933021265619843,0.8027451400056052,0.8756263720394284,0.8971174377236295,0.8412673981085476,1.1861088860147049,1.1771553225592362,0.9641027508556543,1.235998173087897,0.8600868229193576,0.8673215220036469,0.8235791898664361,0.9344885434994983,0.8198810627520452,1.130683194962256,0.9552092658333335,1.00275960995907,0.9209545867530218,1.0217969656551398,0.9896271778307576,1.0443706541571958,1.0515485479771807,1.1806427866273401,0.8098817497548242,0.9795140342249137,1.099452517615301,0.7008493174779393,1.3540378987080448,1.009252267287859,0.9836832211284782,0.7982263763186181,1.4323933425716455,1.1686273449576334,1.1664769737146377,1.0908266891133822,0.8502454568006619,1.1831088229894222,1.0014918051417012,1.005628448428178,0.9176186580148946,0.8862824638879515,1.1695985394715096,1.1858035169013104,0.8073030793549882,0.8434717152108333,0.9426866521548392,1.0681293754240708,0.8839412418916918,0.774699608581927,1.1668792005699362,1.008333302608122,1.1469290667531282,0.8950048599777491,1.112196741770305,0.9462106153752837,0.9114998684088111,1.2640169114508972,0.9930552457150412,0.8967487765081246,1.1050723080574234,0.8751811318950309,0.995440200462091,1.0310138254595336,0.9162526509490067,1.0529476878584783,0.8758588544919426,0.9501929027861908,0.9094719762500624,0.8752048609346947,0.9601887951297235,0.8684935823281248,1.0187439500793305,0.9709393521376761,1.040074779523916,0.7905359601838297,1.1841506269096167,1.1316701122120625,0.9532750777716733,0.8925190400178779,1.001495331840666,0.9236058497697756,1.0289787617506176,0.8161623832648393,1.0271880803451503,0.8708180475928013,0.8909973011022717,1.2045285161381882,0.8916182442985772,1.0106513608731602,1.0219164960734468,1.148587479540202,0.8525316930452725,1.1789413958694843,0.9160420391072386,1.0097737095327404,1.0623392060426518,1.3517757861563913,0.7905915890562775,1.0422550943779136,0.9622495678657909,1.1927067520461596,0.9184880257453938,1.2924211985445901,0.9368717136722059,1.3646214151210212,1.0402943601303776,1.2589937942177314,1.456081777987783,0.8524639036727664,0.8982345414558466,0.8740269824310313,1.1392513040185563,1.1712793386883578,0.9046908546127952,0.8691479799645734,1.1650372620252687,1.2809858188647618,1.286858923524679,0.9532639143571612,0.8227675632923024,1.2982428495642075,1.0144012729492593,0.8293683231663653,1.0671470204869797,0.8839014578717705,0.8659573786829224,0.9434031077996455,0.9999579653951376,0.9887376566272418,1.2737972106303859,1.3246290327163204,0.8645335201844033,1.0180916928691124,0.8533027537675676,0.9580663098040554,1.2865478108755004,0.0,0.8444110274082711,1.254579208479629,1.378312410551995,1.2527274004596267,1.5264580180304301,0.9810763309634858,0.7545175276046532,0.871494700337453,1.1611189132263737,1.10127404718301,0.9347512396921854,0.8417363372336228,0.9165723194612202,0.9628820097862255,0.808963515947599,0.8385445240881573,0.9834347372632657,1.4901312959654154,0.883210275031874,0.896592074072112,1.0324309434384045,1.0067864433729647,0.9339055692387344,1.0534576935454956,1.0527624765072652,1.0012243491635757,1.0238415514948036,0.9538928736893261,1.5437537592363233,1.1794153976502415,1.1284665219923193,0.7589615239345039,1.3814720821725153,0.8853610366319603,0.9561277283154666,1.401286371815405,1.0833942921530628,1.0620308522868946,0.7779188639830127,1.2817312412011719,0.9212111057928882,1.0055907609647237,1.0540218119446079,0.7105692769913616,0.8502287368041004,1.1026083490299494,1.132443983681007,0.9179552013579351,0.9950322612607624,0.8187207827544346,0.9147522474581099,0.8843268913808661,0.808567142212382,0.9033321516107854,0.8605416609302058,1.1332954955127283,0.8670114477557298,1.1064498004532657,1.0302726705920178
RK,0.7016824522595442,0.789927683191739,0.8735296259850631,0.7693834619568937,1.0283375748227253,0.746930636071004,0.8798045431801317,0.7109339168642816,0.704992651911752,1.1616511899340232,0.8362816557136092,0.8579073739206212,0.68116278474878,0.8937889622111759,1.085510452458029,1.131065704122662,0.9600257544067216,0.9581677322245643,0.8648561880953359,0.7892506113228802,0.7406984678956051,0.9292754498926776,0.8005490424514815,0.8587562438643556,0.6783242409984656,0.7640321916450774,0.9227610849236513,0.8696459679227637,1.0058168838884252,1.2043828624592683,0.8785572680942587,0.7640382557702885,0.8809670992825641,0.758001827824561,0.6933251214881139,0.9103648455452379,0.8308932697984964,0.8573994576282007,1.0580318919653633,0.7707551140100805,0.9076997523769479,0.974877740438094,0.8098456294871256,0.9868417973253181,0.7538687847997789,0.8889848682579113,0.8149606465276151,0.6428430335129507,1.3782851094436028,0.8774983026464844,0.8717053089524729,0.7551378557197078,1.171153815701324,1.0599459787097436,0.8362039279144103,1.0611044259359452,0.5908223561945142,0.8141255197228889,0.8412769060287445,0.8460968287144613,0.7634301086617171,0.8832068685896928,1.0561480514222827,1.225735356553648,0.7822530958556633,0.9104221948670257,0.8593855334291266,0.8901017695537046,0.6491765697494584,0.6641262615681384,0.9335616504752849,0.9944336543375679,0.9033895713793805,0.6649817558449509,1.021256286847728,1.0956633102811126,0.7274037995332118,1.0627594915426843,0.8938231544275846,0.7460381724164171,0.9203267057493879,0.8001232701778133,0.8591027433167245,0.9037856005836008,0.9366693914415957,0.8874151499823452,0.7638304995121942,0.7941818554844873,0.8052191226558136,0.8512454425865712,0.7310118916712447,0.7161020985568034,0.7686231698114327,1.0343162529541123,0.9636580100225913,0.9168694326874006,0.912141338275836,0.899011755566184,0.9698919679339691,0.7270561121032878,0.8538552095571208,0.6874794391637814,0.9846418825991372,0.7478588738297215,0.8186644884941576,0.7609940605679193,0.714365382491311,0.9030278778811993,0.7022710899256027,0.7917082812034809,0.731885916049194,1.0407580660002587,0.7443513790596168,0.9401640770859575,0.7336579254444939,0.9712675522958432,0.8722604622421848,1.4287151834659673,0.7481118393373833,0.9235981626975783,1.0856493535384029,1.1538143989863783,0.7354159090892783,1.1304078293611999,0.8902791295631719,1.1367262868444483,0.8402982127432665,0.9410329156686902,1.27455144816683,0.8107312583380079,0.7088213103399884,0.7942470210298139,1.0455446153393881,1.0794120637748297,0.7156053752682573,0.8568449275746065,0.9941503865901261,1.0452619260813523,1.1514308958477555,0.8784260626999617,0.6647208143134343,1.0548644891027819,0.835104414292896,0.8330816752125672,0.981450862345638,0.9689548925833941,0.6399492238926495,0.7067084270917531,0.9197601924797442,0.8457625533411641,1.0614360053268113,1.2051173835524407,1.084093282503626,0.8909742382236554,0.6674650585846112,0.8347935313861286,1.0875290891281246,0.8444110274082711,0.0,1.1741333171704726,1.1587677095239421,1.0906882107667828,1.385545717038205,1.0356972564703333,0.8021169759705068,0.7946036178542716,0.9710410266597456,0.9555692076496797,0.6091582557108484,0.7256179203260328,0.6906018304182419,0.7490020497069773,0.6679261296961719,0.7264342836649669,0.9603641874495303,1.3505468312231066,0.8069111573083457,0.9437807052169567,0.8266392992292456,0.623393585626231,0.7433011975629142,0.8938989638548979,0.7560564700498463,1.0838842374276196,0.8760563901577437,0.9105732744041091,1.2730873208036417,0.9985382012201026,1.0543658134796785,0.8435191666611837,1.2368388880744476,0.7049875872372805,0.8383510501031857,1.0927063914479007,0.8249449505903675,1.1997481084572708,0.6735361286514366,1.0597731362202445,0.787397979924719,0.9247680765736742,0.9030638703877522,0.6597853783044537,0.6765553134137066,0.927192241746786,0.8956257950287155,0.8884357692715052,0.8512468632758268,0.6331766682959713,0.8246971894511504,0.6816571969110453,0.8076295316887621,0.6921805645361325,0.623536908425065,0.8710688466932122,0.7231176320428317,0.9381080222966318,0.878451554037825
Retro X,1.08969630047815,1.2653775518331642,1.1100827448063717,1.2453766121469914,1.52337447593516,1.1614113824462056,1.1323296092696362,1.0907422661497599,0.9910861828706682,1.2488608435034365,1.3643341691399369,0.9609790019153501,1.0284823485712637,1.0158348463224278,1.187113055199754,1.242231485994835,1.2814754440663785,1.1991019041012514,1.238681177472599,1.1330330227754342,1.183353562395407,1.0971037117098346,1.1346861933778671,1.0980246595401177,1.2254810577504949,1.182597238406684,1.3034700702011304,1.209667282225689,1.2080495243826812,1.234901733448192,1.3264257321720776,1.0753745837519588,1.2004074565256966,1.1304624315192997,1.1013253613020881,1.277225574599166,1.2038377772962905,1.2205106791858058,1.1465732693411945,1.2233577446476331,1.1700840017887495,1.130260000356657,0.9860342356313958,1.329727361198833,1.2469025412482677,1.129416315301998,1.422481394758912,1.1909721259249777,1.7171358327933712,1.073923244685501,1.2492339819729201,1.2140304780491042,1.4024071726728002,1.367535261026805,1.4176533433490999,1.3369805760237163,1.267395047223532,1.2219413151183558,1.1988506671206203,1.3556335831472714,1.2162499758359224,1.1484211479090463,1.3686076155769185,1.3844384312635158,1.1120183045534966,0.9907782164554768,1.115059693302216,1.1257253849311433,1.1381279884829831,1.0573584792546258,1.4234600138448499,1.291196398648137,0.9428333509820849,1.2559677140221241,1.2391481207711048,1.2352350791304867,1.255941673508766,1.3675132952904503,1.4261500626427421,1.2570874092119595,1.0771325736277122,1.2798090351134694,1.0393651483290312,1.2508328451323054,1.10591676451444,0.9621108975653524,1.1369120555144105,1.1089851328590112,1.191835341132023,1.0708846470608036,1.1008289113566327,1.138054267662215,1.3104405593054629,1.3909222659352942,1.136179460388726,1.2691497281097397,1.3947785723630846,1.3842963678444922,1.3373600754255273,1.2472328508579114,1.0812677514998996,1.1808607096973327,1.1429577110561164,1.1738964389393842,1.0185333071279943,0.9727537652718293,0.989343820413917,1.0984036068725442,1.1414234604428994,0.9432014633047868,1.0646350567486165,1.1524913533833063,1.2714089385861784,1.4517134541694323,1.1457260823145747,1.4415414940273579,1.0859761182384084,1.569967263688879,1.0843675364041325,1.1720060606273974,1.2833292049718459,1.4575422080620724,1.1435227091052302,1.1762404639551438,1.1071447634312368,1.3372659319573867,1.3062857639121466,1.278796621835961,1.7372460086371317,1.190318815177055,1.344197137438034,1.241122309386985,1.1116279260007842,1.3832941747209835,1.0623043780372912,1.2989816383865238,1.3172215452516625,1.4036974054435072,1.2457363965129602,1.3019228687576565,1.3730444626257592,1.2685976701933361,1.121428789251507,1.2058631885726239,1.394758757170067,1.2379039879801232,1.1606348466034289,1.375834607789867,1.3206736387895435,1.1749368466434544,1.2572386405112739,1.3240828111752554,1.172576483398033,1.386831306209892,1.2275315365434674,1.3548413355651674,1.1497740412301296,1.254579208479629,1.1741333171704726,0.0,1.4631270697014558,1.2636549289698762,1.2870386596404473,1.398200882267642,1.1703678714244972,1.0753899673931695,1.3684280103252762,1.1011608188324398,1.2127008481215873,1.0734986134191742,1.3002315669270932,1.2401553358866708,1.3393642066218656,1.069665919046556,1.0931127010046338,1.111802800418143,1.1400630134823635,1.2175765881410996,1.159570048785438,1.2330722207139677,1.2262322034690636,1.2425646168741185,1.3845771532455282,1.1598186947060651,1.2111148866189778,1.1645683162691418,1.636020806969573,1.2985178780940656,1.2006345542666272,0.8935982968693346,1.1683920148998757,1.2107302034832954,1.0881306098044854,1.2948863805618425,1.3073126970964781,1.2849678497012784,1.0006513027180874,1.3100239754721583,1.211717461289055,1.3540805080857192,1.396682844613703,1.063390778429486,0.9918604776642429,1.194285800994823,1.1243611506031892,1.2892648656021672,1.0504965446479455,1.159920323211451,1.2563219616355914,1.181309982099448,1.2755681207754055,1.3484251239272267,1.0313140733129305,1.0787629120613942,1.3100538467961422,1.203014157991304,1.3216079622204524
Ridsa,1.259125809739139,1.404519542720925,1.2029426356184474,1.28885850758759,1.2532521138932156,1.2561058097577504,1.2455659960517034,1.2916304313997737,1.308092592471015,1.1594966727414129,1.1855556785297912,1.4601506242269842,1.2258523228530913,1.4023316862955277,1.1909110493623778,1.665280088159627,1.1386823275703248,1.3186010884406678,1.42923987336429,1.4323612990518966,1.238221740353733,1.4480904174296951,1.2767519930423852,1.0950783122121115,1.283763596551375,1.3480198688643286,1.0529837712777363,1.3164422931131268,1.3816447906127822,1.3319587530973664,1.304587584251975,1.1367745963748204,1.170169788856211,1.2629810799232322,1.2393039922669744,0.9478961388824009,1.2164379552810585,1.1441958749032166,1.5907282395227553,1.3183093048222636,1.3675308637176724,1.425750432163106,1.2695032630466339,1.3080483456411667,1.240112446840581,1.2834170309423614,1.3768302655322877,1.3343423893762572,1.363213536092224,1.269899758603959,1.3292047256924406,1.2312668113446648,1.0703722899293024,1.7028740891442815,1.515604275232038,1.4158447803983785,1.2976839874945272,1.367734156401101,1.388331568216176,1.395458619610243,1.2503367334553934,1.0931913444083248,1.3192000171337677,1.511873048579644,1.2920640572496267,1.3879613459018498,1.1939389534762546,1.3574681612118138,1.106144118514797,1.3855952783622232,1.560233501789295,1.4968209737636884,1.391314909858213,1.303891361707875,1.477250378051516,1.5956411652507454,1.3829535466466814,1.3429075143582492,1.3025199026906882,1.3333681947178644,1.3504953918955551,1.4023499833533526,1.328026555325142,1.462972755319119,1.4738872792309392,1.1364182573751918,1.2220703614426,1.2430887827545123,1.1148779804388549,1.2350188373611213,1.3378910170063099,1.1666247851506901,1.272777138799426,1.3978813623515753,1.1722179853540378,1.4875760660774835,1.1798138616080334,1.5200866304972827,1.5575529301230047,1.1925014860503673,1.2475747261599157,1.102239266655496,1.16289845193702,1.4250378245681614,1.3448063652744155,1.1517470730088748,1.330602900019086,1.1680286641547368,1.2722812965900647,1.0795648753379823,1.138888056501736,1.5187674325568308,1.290784638221578,1.5152094778085605,1.142535179090906,1.4398377719865227,1.156494998999882,1.6960300918386715,1.2794741229300641,1.363497743426193,1.7622002527391336,1.2630300950248896,1.139826951074496,1.4008578906695304,1.5097711925057482,1.1284394901571397,1.2187542276632164,1.1660228507542154,1.6926543805862193,1.3574698778809695,1.4371119988322194,1.159401081621516,1.333323741123298,1.2874097022855988,1.2336707887129452,1.3747502684363593,1.1652160332407946,1.5387984083057382,1.3225335836770322,1.4132107239268925,1.3291656044703062,1.5309439701670462,1.1331791202534292,1.327741970483886,1.1969334867883363,1.4709741459422752,1.2237250068086853,1.3596864291290252,1.37902504869785,1.2327307061660335,1.4352868003016857,1.6566206332397522,1.4443726172331146,1.333523093377588,1.2439354500506399,1.270858552586854,1.6089339298395204,1.378312410551995,1.1587677095239421,1.4631270697014558,0.0,1.578509294754842,1.5866907769423264,1.5491941505377282,1.325581272624772,1.2696084726491124,1.477253567867593,1.1609779976149535,1.286942895316424,1.1378586463899798,1.3742909522353874,1.2955510976635842,1.3634093070911957,1.1663812202961759,1.2013284888905043,1.479905743126792,1.4603669399761792,1.4430523350075115,1.3425387950769379,1.1371282912645873,1.261322993990413,1.2609020118084484,1.1756735628149964,1.4046078579071404,1.531580136673792,1.5105080592306133,1.5332196969784617,1.0981593602297794,1.3741828158961267,1.3956719037567296,1.297699016262563,1.2497446229200273,0.9135028744984328,1.2024384535799488,1.34676126267411,1.6260937040930263,1.1700095706830143,1.1544193196274555,1.3278050753215902,1.3085454307411515,1.4478620591291127,1.1896151838965479,1.1535096996884648,1.243394929072882,1.308309702080013,1.3267339144214776,1.2658769941160657,1.2770310660555133,1.3028247832667006,1.3729457057932302,1.3933028697666416,1.2806025638362424,1.280921670654045,1.3352870633184415,1.3747193119593755,1.1772847349723405,1.445398837435701
Rim’K,1.1935527473413232,1.0786238096887617,1.3652567346278965,1.1335583207880624,1.5937036670653102,1.2284645769910025,1.0101868788081632,1.0885638636270971,1.105324479943077,1.5608537889663452,1.2607553015004265,1.010628317887521,1.1136241026800102,0.9305226789251111,1.5430985104656891,1.0465603765889833,1.4611379062519232,1.3037800007577813,1.2627812221635495,1.155436579105315,1.0653995761346176,1.2405894342854962,1.0972962700841984,1.3929906795502922,1.1130452802589728,1.1491382780940569,1.1559892795463442,1.2578546696632216,1.1916745639685158,1.2395830606186722,1.149044960472423,1.13723551627898,1.351101448476348,1.155742358234172,0.9546186653638412,1.3103880036811844,1.0774374071366204,1.4093046693220528,1.365707008451268,0.9954711463726056,1.1826335911655128,1.2813920804357821,0.9978472829996043,1.261665804401739,1.1039735497724033,1.2664989899387402,1.3872477164578607,1.0852370440402674,1.6635650688002708,1.1713364365526773,1.021682236064489,1.1871441979129993,1.581803436370677,1.123910570919928,1.3478190015275704,1.363576317884184,1.1361452934299783,1.0897431017091228,1.052736666334865,1.228938399906589,1.1335317591819334,1.2959414014491302,1.310827200920902,1.4631196213661115,1.091736634605623,1.2132938476750201,1.264796747194545,1.1090525898475816,1.0411902474237136,0.8070288992050126,1.142196921142735,1.131770071025561,1.1195417541241808,1.014106479597507,1.1401978783704836,1.336603370597491,1.2068838930414618,1.3515894854621602,1.2164315696733594,1.0026590886081213,1.1900024990883689,1.1918671133066787,1.3152950488369952,1.09172803974054,1.142752090113378,1.1436557446770925,1.006476810122662,1.2540108982714195,1.1914822170714017,1.0450883375382907,0.937182083054418,1.0887004094248975,1.2413725179050559,1.1607204362875287,1.3599266211557859,1.171427566205779,1.357638282299076,1.2890373809669067,1.1801975270467595,1.1994696244784,1.1465052005600938,1.1450340192722719,1.3939199172289967,1.0661647107189955,1.0924897161860734,1.1501395499949092,1.0245983207869154,1.249088787789451,0.8981644052665841,1.3132161309612806,1.2581525609360928,1.236339534556714,1.122939153431327,1.178529791029128,1.1135680996256985,1.3486809818740901,1.0102091048296113,1.5997674310807033,1.0435993985362113,1.0002900027907786,1.1136508429274274,1.353130534954344,1.0623773418959497,1.3810383571616482,1.006166667773536,1.6233855505289028,1.2581081748402558,1.2864436474978656,1.7199310083413537,1.0084537370241409,1.0332175814957276,1.1413878186389852,1.2426563883498738,1.335265912812595,1.0262865069276572,1.25956165490879,1.3472630905458758,1.2293748455521578,1.6100792207506027,0.9211597484267916,1.181042104755056,1.2790136397964256,1.2517142718537946,1.1106284630702878,1.3091086883059484,1.3826576071534797,1.0814193366900684,1.1324562054891818,1.1276895766155306,1.2410125094886708,1.397584816564432,1.3369568160157912,1.0921670298053443,1.2077929984662783,1.0424536321890392,1.2316734713048854,1.1827322037064485,1.2527274004596267,1.0906882107667828,1.2636549289698762,1.578509294754842,0.0,1.5576145334332503,1.3315535771103322,0.9551106498661656,1.1700448623073398,1.4046288322871576,1.3090326401131525,0.985785684855843,0.9179299961206524,1.0751046528943766,1.0143459244180915,1.217767974572258,1.0980369937687653,1.320544280264859,1.2824290590695726,0.9381591044742429,1.1765044608635635,1.038408780041821,1.050150541113611,1.0334251260235439,1.2300574887168894,1.1968932530968481,1.2891617906567716,0.9962139800320013,1.030779535491663,1.6940012789932681,1.3594942600539026,1.4077932874852443,0.9951300872910355,1.3473925954856711,1.1048002027040986,1.2593370853799433,1.3400504326306766,1.2443161271653047,1.069869858949312,1.0106933520728079,1.3597207084008351,1.3509637291693586,1.3139119166090347,1.1352303928034835,0.9737329933459505,1.0458425304173544,1.2799730705763983,1.263536006155412,1.1389096590184364,1.1973563679607955,1.1895425966463953,1.150502657030404,1.2074356001146762,1.1583545813420535,1.0770517916833702,1.001988194634921,1.0608101991007008,1.2173853173935318,1.2091006578407535,1.1958817367963261
Riski,1.4231633818640772,1.4444276037533665,1.4874468116534247,1.552852116959088,1.4920089185051735,1.3592689664436484,1.3340992062787866,1.2958171718924383,1.2978867397665568,1.3188829201223973,1.4747433676301223,1.2873521861622474,1.3643343283430882,1.418249548727941,1.158341863071941,1.4534755281221345,1.4072632890630046,1.3536437692671985,1.5118191516985797,1.2614302627599108,1.47875366112567,1.4940659235167546,1.2755406169476728,1.2798660843839713,1.4613401805553834,1.4104909345938494,1.4130419178250617,1.3374892177121114,1.3573534700323358,1.5089567588867894,1.5993725154841458,1.2768370683813384,1.4584482590708385,1.4703588026507826,1.3235591055975293,1.2825141801525441,1.3819982838400626,1.3190368932808518,1.3882669995035999,1.5274420353448839,1.476543758364751,1.3712761670331337,1.167953129531226,1.6396999139134443,1.4295013179435203,1.3302856660898472,1.6455953229605953,1.4539730346753372,1.6630450815471862,1.2323709463690158,1.4501626460194403,1.5421985161454996,1.3496812720214786,1.634698443148903,1.6753716567536856,1.4031006097090855,1.4708187329941902,1.4161698712815736,1.4749279208344532,1.6506809464394472,1.3487541976519368,1.2219794715065486,1.6401825518289301,1.6249395555192265,1.2605521130523625,1.3321537681041444,1.4685330148455824,1.331613187545149,1.2999318101666923,1.2924075347996895,1.528639294612672,1.4962892194832274,1.1121718093391748,1.466850266036195,1.6122384456181644,1.3738656484825515,1.4988813579835365,1.5695063076927716,1.5462548582823052,1.3713302516962287,1.257012395984438,1.5306358639524071,1.5249566340990748,1.529053108534542,1.1904053782921218,1.4124754024762405,1.3560885575594803,1.368210630468486,1.3663123120759495,1.383645469161027,1.3630953466856193,1.4248324738838907,1.48524528883335,1.6823080366444352,1.2881099240011027,1.5298623777758338,1.3691507204280755,1.636560743564123,1.4923005872425876,1.532679122563573,1.436813259519842,1.4223244873605785,1.3245884284349108,1.4090178482470948,1.3941378278089438,1.1872588881982065,1.3941629738162815,1.4669964621914375,1.474535839074661,1.2329267752480866,1.286285403383722,1.2792698184550575,1.3840615788864752,1.8145764370853086,1.394643447826189,1.6547556913453718,1.3610572707518929,1.5638385107244692,1.2404337270747587,1.5172155214829401,1.6585285054542387,1.4441849036054757,1.3288001398742793,1.4619181174606022,1.42800413497038,1.512217281451674,1.470421132238608,1.386419443796067,2.022696904661261,1.451142405275791,1.4484169291079445,1.3845469966945432,1.4192440720550088,1.5244538550958078,1.3738078394331579,1.5196204504527613,1.3245870196825187,1.4751667243565156,1.2929654182122348,1.4238366235409672,1.5811678125586113,1.417008024563315,1.4636023396789108,1.447778465337633,1.6001940303903952,1.5102558096790324,1.4311434893866477,1.4895225802839882,1.6303980934987274,1.442736684301719,1.5998573532454088,1.321460091660625,1.3342632108644352,1.357562632350427,1.406654990527084,1.4966770267205218,1.2941825590047757,1.5264580180304301,1.385545717038205,1.2870386596404473,1.5866907769423264,1.5576145334332503,0.0,1.6715094802614525,1.3959673754846447,1.267296197955745,1.6808964806428415,1.2252109869853742,1.3867594251102333,1.2769528806433563,1.5253736990308964,1.4288817816504862,1.4295482448487096,1.3520703208661118,1.3164512308487835,1.402378020970661,1.3492334445879757,1.3463036824785508,1.3909442158120433,1.4505031576925376,1.4362921009511778,1.4948785335628016,1.4921619329383662,1.3576140335542533,1.4291901289618436,1.5002250775214803,1.7919900583213404,1.3585424891417148,1.3863613170329123,1.3015112868792604,1.4370021761984035,1.459784740013452,1.36611981222024,1.3756728182820934,1.5666292455810755,1.5448149310825654,1.2976985272852914,1.2874109878747095,1.4738746451417897,1.6139399012486997,1.6397872483394145,1.317155989489268,1.306610196438941,1.302981869721287,1.5706923467210423,1.4701664282340239,1.4256336748953151,1.4880234424250731,1.5333272865010235,1.4947509052132737,1.5749883218971694,1.5651271533276854,1.3071610673247414,1.2853194632144815,1.5161815894230428,1.3382166130948874,1.6226892978208063
Rockin’ Squat,1.1175441691016204,1.1348802384482513,1.2616923424413515,0.8710770175481936,1.5154398620245089,1.1878794638590555,1.0610797890666506,1.1654722837556166,1.1407466340287915,1.4754194456703003,1.1647033900106813,1.0859925804945307,1.179321257835067,1.1414936880308708,1.5476420767649806,1.4315516587521282,1.1753931459220086,1.2771013757858247,1.2585351338734874,1.188134248284814,1.2065164267560922,1.0417065681260005,1.0810219019462288,1.149725981912122,1.1274518212891151,1.0845703600370629,1.2774433327682024,1.2595252260737364,1.2386260221911451,1.2988856897863936,1.0939584487154397,1.0128347529930037,1.0446732589141878,1.1871402783285652,1.0893123491905277,1.2197017775171324,0.982076129047417,1.2385712698297238,1.231396848314118,1.12370252557359,1.0515557924285177,1.2997726046756481,1.1073681088640528,1.3411582564535378,0.9842648921797664,0.9585692275880464,1.3101430919033683,0.8871203516764858,1.3875697985032014,1.2839163914161977,1.0995636483538194,1.224837290230961,1.6044493694985091,1.2946248721505136,1.3486496041325617,1.402910204209035,1.0831932427083308,1.3342200226818028,1.2405714222411748,1.04087606544362,1.0954985165836546,1.1073576547037172,1.3710663010359347,1.2702789096952714,1.1009268779698325,1.0621021884106256,1.2655026372248122,1.1777078167959119,1.0718347067026108,1.0245655262230433,1.3581150538679216,1.145540986789734,1.2364220415113147,1.1105615796631048,1.192670682353124,1.1865281116903434,1.0232782418431154,1.4440026688871663,1.3208743180448665,1.0599752691086126,1.1492745152417259,1.0686062226835105,1.1709740097215457,1.0806620915200182,1.089065933812652,1.2129469559700596,0.955789082548905,1.2605368973736162,1.1430648427317032,1.1134656459574648,1.2195784660443028,0.8838495259753191,1.1662477367264847,1.2851595779103764,1.2128483143687416,1.2134114456661418,1.2472073229360634,1.2643668114866424,1.1546750443740341,1.161340780209959,1.253007527174766,1.0916466853450455,1.1205524892585126,1.052150512221683,1.1459807755804485,1.110899728195486,1.067242408723576,1.3281492465534042,1.1515972210371939,1.2330188604562244,1.1761912933763468,1.3551036991043233,1.102755392984188,1.3693307760477602,1.2487240531423582,1.1210414375669264,1.1470642598161715,1.5060600168118037,0.9297058168004955,1.0189250638932437,1.0593906588977833,1.155414123371458,1.0883742827499505,1.548648554029382,1.2545886924914613,1.4229216747089373,1.3906522239506414,1.3349349552028553,1.6476681960953903,1.045752658782021,1.1881595722373488,0.9943905441280116,1.2914724280586594,1.4219818178159997,1.0213011977538196,1.180176335085451,1.3243608911188052,1.4360610914546161,1.6395716093752468,1.0513655692464488,1.1370864517457036,1.5369190622653393,1.2815091769565436,0.9710139189828969,1.3834732654386246,1.1681396540693365,1.0144738687804653,1.1155867875115255,1.224735576880102,1.2387679653182728,1.4250519046111132,1.4974709715516923,1.0967601815073158,1.1851748202984373,0.9940100994636399,1.1496296167394915,1.3862393258773549,0.9810763309634858,1.0356972564703333,1.398200882267642,1.5491941505377282,1.3315535771103322,1.6715094802614525,0.0,0.908446061083739,1.1017844818420797,1.4024915782318024,1.1467251852423124,1.1555663360335244,1.0126973834820552,1.195893352208503,1.109057528211141,0.979711905380197,1.0117008318763974,1.0264106650600582,1.6292719513934066,1.0976683537988732,1.033197951363334,1.0486775983620888,1.0986044062738995,1.130149662092808,1.1701717867530055,1.3070394108020233,1.004647297836108,1.2966390915081916,1.0997326953852913,1.6731764771776838,1.3757004827189905,1.3059762545873277,1.0782567292188328,1.3328922910121,1.268294516921051,1.111859207473991,1.479052416138068,1.278838378505981,1.2023555019103418,1.0663533684039523,1.298344145868702,1.0748535960246512,1.2349125410750683,1.2619998627656925,1.0454626897921542,1.1421286903497347,1.292844398148579,1.247599163950934,1.06733113236958,1.1471232009260504,0.9886276227830663,1.3215856081274655,1.1491803267292982,1.1014469614518558,1.1166116374884991,1.0471747842975576,1.242460382667985,1.0850562002540682,1.1860581347927341,1.1812453731366694
Rohff,0.8223404270617778,0.8861426861078937,1.015769502115779,0.7678477925948735,1.187913410271853,0.9010869862315506,0.8513631167030709,0.8451427761176074,0.8671490241523677,1.296791740848706,0.9486165397443894,0.8604596113285116,0.7601955936483349,0.7572767165246923,1.2257035431177619,1.0738069414515414,1.0439768482789669,1.0641637073234753,1.0489563642656454,0.95291005460377,0.8547863686697842,0.8331707109119061,0.7999079221731528,0.9385243000494278,0.8629248779196,0.7099108200991195,0.9421790734320297,0.9727505901153541,0.914038829915388,1.146204455738789,0.8736643219718219,0.8390569416609956,0.8602677338070946,0.9417284562977835,0.8028407169287555,0.985712440233436,0.7700054311403753,1.042565830522463,1.014823301207229,0.8289263129428057,0.8738177287941624,1.0238036840411375,0.905740078600616,1.074034989257642,0.7307881326303854,0.8823161690915814,1.0896027899116938,0.7083846935100064,1.3908288863532055,0.8935724756168472,0.7518592294573657,0.7760177013589207,1.3235598146230734,1.0291295415727681,1.087605298106896,1.030297515996345,0.7921401099649169,1.0588911563964283,0.9466839648986878,0.959498417238633,0.842613810260909,0.9174160354410777,1.1054676403218957,1.1607138943532338,0.7402721062803237,0.9145896222171924,0.9453807537578559,0.8680093591207001,0.8170668205882531,0.5699536115405736,1.0252716442104577,0.9210320335763669,0.9347908493383744,0.8157063995134514,0.9936086588910814,0.8441463156556285,0.9217570658472706,1.2256603752108015,0.9756989722949082,0.7978446009250596,1.0333585365392342,0.7820448866207861,0.9061455550822886,0.8425218102832079,0.8349386461966266,1.0234480485732673,0.8167386447781122,0.9633487330670317,0.9200267146749884,0.8940728843236414,0.7835009624695861,0.6605775920889516,0.8833090314258777,0.9277787241452201,1.0351852266451154,0.8008335837135099,1.0089071295185108,1.0762251262015392,0.8527643380496447,0.8664041915336743,1.0237104034640263,0.8638589057691326,1.0996144643670147,0.7312825577080105,0.9517559400049439,0.8688975108867774,0.7972257398258636,1.0467081472046915,0.7812038250802825,0.9586549035220181,0.9732908304799953,1.0582350026451521,0.7922743062635343,0.9697214623422101,0.8563348897153215,1.0017416742912426,0.9165099188679465,1.2436648243762412,0.6795121118444475,0.8944959439640823,0.8189156181971987,0.9643483818201443,0.8622441824472046,1.3266739486960375,0.9151142734332937,1.3180094343045574,1.025585260355514,1.160785942247471,1.4098928949885066,0.7529834526995729,0.7537092616254868,0.7520591369388637,1.057901720473559,1.192939552801418,0.8551334872716598,0.829333504056126,1.0834651877604293,1.1352518730385164,1.3318379656181427,0.6483607268505779,0.9214855114947323,1.2211509672866177,1.0103616035682377,0.7590657667259787,1.0659497836481697,1.0414180956784047,0.7974615914093758,0.8874579580617653,0.9338801932050949,1.0424968086461257,1.1778742505734192,1.2111035267649684,0.8955916376917391,0.9110309841523542,0.7810923118360883,0.9940590649592455,1.159274611007085,0.7545175276046532,0.8021169759705068,1.1703678714244972,1.325581272624772,0.9551106498661656,1.3959673754846447,0.908446061083739,0.0,0.8606609719170375,1.1973063305788452,1.105942893744088,0.8507588005100195,0.6633471341848085,0.8520896503693977,0.9150182629957875,0.7711081857269467,0.7061167878433957,0.9796022310192259,1.3675944521413923,0.7091038628966232,0.8358806187821686,0.865831791752392,0.8726397727541066,0.780418500592276,0.9631212626140393,1.0273952990942108,0.9759293820934173,0.9254227279691579,0.8113289619970058,1.5295167850616394,1.1098124763346815,1.1589887077137957,0.7894742258305972,1.2932961369310698,0.8428550087536935,0.8671606307494774,1.2590128255391912,1.039502710324961,0.8504011203513397,0.7005939151265687,1.1152001111437018,0.9135576989816667,1.0077759056170656,0.8722871519284096,0.6795032716873777,0.7883702718877696,1.033535996415094,1.0599009945339384,0.8996655761706791,1.0051302331875662,0.8427346151961657,0.9435507873101908,0.8782965864946423,0.8587889439854515,0.8718704598390218,0.7677052989110794,0.9764253678753988,0.8747022104363132,1.1337284006739028,0.9712023618613205
Roméo Elvis,0.8948774560595708,0.8432630830229407,0.9230563700732394,0.8716413482411869,1.1024802659395034,0.8262439495275783,0.8006507480723019,0.9378925406305947,0.8474256976341171,1.162329455579234,1.0372208487650048,0.8523170917177538,0.890651487806365,0.7944059091613453,1.299334625457358,1.1596727471720745,1.085978948044275,0.8959091375522287,0.9732319676697032,0.7689025989163802,1.036842626741378,0.8777449355522967,0.6191955035842227,0.9829638341714664,0.811615980113713,0.9313041729259663,1.0409017987436184,1.0126298946522683,0.9385569239185062,1.158947270433797,1.0419635726980672,0.7560727179328016,0.8517085788599481,0.860144359003042,0.8894523409667893,1.0921263445193232,0.8875867269234923,0.9232759414127719,0.9713457524781497,0.9564332142886336,0.8919472717899406,1.0525262729968654,0.8192444887073077,1.0672279706859085,0.7272400240848635,0.8970770128843601,1.0762356623487817,0.854112523180471,1.35964068381652,0.9837487227339851,1.0303008540138412,0.9058654776326399,1.3157749880402756,1.2420123173687239,1.0968775149895948,1.0636363932171784,0.9430368747765947,1.0232874925347792,0.9823540407635177,1.1178014796825628,0.7478834929785894,0.8718076322724883,1.1595188140418615,1.0250673164359763,0.8941174574220825,0.8238937119908584,1.0298742888903947,1.029521469323617,0.7066815275458052,0.707950851782572,0.9934892900489917,1.015422789968001,0.9548092135504866,0.9006868059780314,0.8897876517533315,0.882490227932037,0.8947682090500364,1.1973173138470246,1.0256554680934604,0.9375215601028365,1.0188123628715657,0.8555412315473561,0.9227518283881476,0.9889469690994749,0.9158897396513577,0.970649001294938,0.8252550312475093,0.897622996066815,0.7577911568757631,0.7938009551689973,0.7881889801057622,0.897055092883368,0.9387232216562336,1.041213364395423,0.924554023854446,0.9668093054490686,1.0151306095157189,1.1189510503123812,0.880375838443537,0.8190819893127269,0.9358480003436302,0.9456215242678904,0.8780996054915768,0.9057650815355593,0.9008652136840399,0.7614455173103213,0.7708881163189559,1.1174847655110574,0.8879515105474254,0.9717723256413343,0.8494081793658925,1.1449803246962686,0.834315616112687,1.1128521412821357,0.8731039086363537,1.0017901022655977,0.8120203098212357,1.2901434825858482,0.707678369201022,0.9067446720758123,1.1214456973212448,1.0556780217202986,0.7194558425543311,1.0702090244706814,0.8786126963346494,1.2909618739193547,1.079554685540028,1.211547325559979,1.572176148656778,0.8489590261879288,0.9124031370513205,0.88743155246672,0.9979479796229028,1.1735219949033329,0.8508963227547119,0.9208121369260834,1.1175118357110718,1.2723637648060502,1.2438987075649757,0.8139990428466027,0.8380356204697796,1.1704633350261693,1.0005132365531249,0.7490415964042701,1.038795440352839,1.0161705744562115,0.7962256042602234,0.8673398817875821,1.012002451599576,0.8552968406377737,1.2470555443740896,1.1448136695986966,0.928595230772197,0.8756859919494758,0.8077352411550074,0.9816330752539973,1.0929762939866243,0.871494700337453,0.7946036178542716,1.0753899673931695,1.2696084726491124,1.1700448623073398,1.267296197955745,1.1017844818420797,0.8606609719170375,0.0,1.184288672800693,0.904986866907845,0.9065389982542058,0.8103532703788647,0.9021983164490706,0.9035760744793929,0.8404296351441805,0.8167985648090802,0.9493122463904659,1.2950999071225866,0.8253003796585839,0.9432353124326689,0.9253610283477777,0.8726382350064718,0.967234080693233,1.0531211760885761,0.9363360361841273,0.9959130351957335,0.8542482191571388,0.8158416988006775,1.2378180372306895,1.2150877201627568,1.0140948476785403,0.7722247688151783,1.201447133925125,0.8852460905283699,0.8275578851190303,1.245372339084004,1.0159453585559928,1.0983262720765108,0.7536541576595518,1.1898090529134329,0.8149638087983128,1.1118224106873216,1.0019666547334476,0.7815483755999221,0.8127781793200999,0.971802981754542,1.0952976025446093,0.8375522577166038,0.9457532756630723,0.8602921526661809,0.9745270404200312,0.9587272168207609,0.9268469111021556,0.8788041456753031,0.7982850717979517,0.9419986751390503,0.9718547190582421,0.9889892264796319,1.033444209989395
Roshi,1.016344434761974,0.9994345871007071,1.0816798424613372,0.9947331449636466,1.205631038416871,1.0322694182146464,1.1293064569833378,1.1370586437584336,0.9260335658007729,1.4364058597021774,1.1374137887191582,1.11345948588356,0.9816878041030869,1.1626476413665117,1.3596093922540187,1.2785767013548393,1.2055111678199462,1.0612355543059222,1.0172953779998586,1.137130571228886,1.0716924429930559,1.162316795575245,1.1822594608332695,1.2161644226968211,0.8687140440948052,1.093022729362185,1.2654519477367006,1.0765203405389832,1.3237908202945043,1.4048798559464708,1.104661491442298,1.1082086395077857,1.2386894278903244,0.9843813769619797,0.9733069605244179,1.2291070633627117,1.1173252121028927,1.3119932766361466,1.2427175221124658,1.0253998389554206,1.3071584251737731,1.1603338719746377,1.0849335890665879,1.1755726137997244,1.019647740685782,1.1200876372888144,1.1618212340951226,1.0544203600904234,1.7331943544391124,1.015149740774196,1.1571814340205806,0.9514628536691063,1.3206446156862066,1.1935185179042742,1.0146890686770718,1.4837859942110734,1.037080055485502,1.1286284532391897,1.0791716475224695,1.1361663156719493,1.168163321886535,1.1842451250153296,1.3029034024174593,1.5006002184108334,1.1192402952801037,1.2148264750187194,0.8934151936649339,1.1660675536239926,0.9910942966872582,0.9409625066896158,1.152477677111613,1.119560492096902,1.1480064872478437,0.9826248737690523,1.1788212095883404,1.5084930030148633,1.0026152110429907,1.1607469885612878,1.1165130230167273,1.141421815503803,1.0266719509509539,1.0633831941981737,1.148595551688988,1.3616622376050191,1.1330941466349616,1.2572635966469008,0.8395998427363438,0.9875227735353338,0.9874225690292413,0.9971196130192546,1.052994221977914,1.0825920615616544,1.002768270325728,1.2814098038303992,1.169916476268827,1.0582223191114903,1.2562239142606073,1.0679672423483064,1.354511801774304,1.1178687879997353,0.9571784848753923,1.0948375528729086,1.1613202825174043,1.051613494880282,1.1270343957597613,1.0677695392887105,1.1476025904283675,1.0534687703370027,0.9047859226426174,1.1478114418175065,1.1089221071536217,1.2397080187671505,1.0028730752939097,1.3185603233706182,0.9613049769098784,1.3255785145591292,1.1653433375120068,1.6569967396039347,1.1339343329627185,1.1474125443125678,1.3266684068134713,1.414146089575437,1.0492536212017716,1.2734090104383293,1.0036139419777994,1.2858913695414413,1.250642719137732,1.2142972778465528,1.5507324705453533,1.1691129925677417,1.060790448132682,1.0513332573982697,1.2236755225542517,1.1743900518425667,1.0404922051249699,1.0156830736719,1.2034233191267116,1.1844547954304483,1.335858734210254,1.3352609236172528,0.9210803511213123,1.2372650022434328,1.0630106575771878,1.22017261534499,1.1359805202945736,1.101016582332989,0.8768194419992522,1.0248607238257244,1.211108831650133,1.1785259136948603,1.158221920235173,1.4843612866985518,1.309965483618028,1.2346232523068799,0.9461285670401665,1.1807450980346275,1.2733143169721883,1.1611189132263737,0.9710410266597456,1.3684280103252762,1.477253567867593,1.4046288322871576,1.6808964806428415,1.4024915782318024,1.1973063305788452,1.184288672800693,0.0,1.0945496464572664,1.1309958115833174,0.9813447613036217,0.9396092250869222,0.9916823290866238,1.17565930669606,1.0855164814662988,1.5117172571912976,1.4560787339978425,1.12349918179954,1.3840921129386765,1.199593535779678,1.051650193472942,1.1637199166473744,1.09510609554685,1.0562103095445023,1.4285546502922377,1.2487558001377763,1.251261498260707,1.3440826194518694,1.296159460904092,1.1754653858843778,1.148171248150588,1.4842573992011978,1.004284284114817,1.1179274269697037,1.2614991614309863,1.0946187889659589,1.460614436013162,0.9506278522074254,1.3043582692408406,1.0088944567657243,1.2445137359890983,1.053203233260424,0.9329712991763263,1.0370357553260066,1.2100842967206502,1.0482577512276021,1.2131278946138477,1.0999589526537157,0.9864034371631061,1.1122188679236609,1.0605087111422862,1.0282689490145835,1.0221698187984294,1.05747522167373,1.0506129000415747,0.8784583063139603,1.0902202776244352,1.1211146992136072
Rounhaa,1.0919378209722326,1.0841540018543503,0.9858271457063978,0.9885053865834479,1.0873935266865078,0.9992567487899134,0.8878148141198582,1.1122247441688373,1.0555438585313308,1.1610033815339285,0.9249301520547313,1.0441485997257165,1.0116135871938936,1.0957913044809902,1.0849487089357308,1.3260237862590947,0.9932242435668212,0.8823014353998194,1.1100148870131668,0.9251715941234191,1.0862179427687915,1.2264426364822936,0.9982539723795022,0.998872887392977,0.9396941170866949,1.099008023048616,1.0440419035952475,1.014086338355087,1.1064087916061096,1.117083156115023,0.9707077059856879,0.8364191575158614,0.9304095486172946,0.9635021932304345,0.9576730800316949,0.9230572082314669,0.9667286648301906,0.9225550508390815,1.1390107622116985,1.0377159617953313,1.102680229876511,1.0970956477073142,0.8447346551230329,1.0621919629041228,0.9483922576025705,0.8561022855970493,1.1084234384017408,1.024886345190032,1.1984037796152618,1.0215260448013643,1.095893031620003,1.0273181647534826,1.063045910944142,1.3802253366119943,1.1644192516947316,1.214479607934971,1.0922032981916916,1.1371384335475112,1.0785460217261928,1.2809585230564686,0.9469160951106822,0.8464278589566796,1.4228533456141959,1.3457750377876372,0.9966080428335169,0.8600147564966434,0.9362069191122661,1.0399617871473579,0.8079659328681466,0.9537315851657577,1.3065482483523012,1.1513077577923816,1.0009512532245801,1.0499009755014506,1.1030287533447038,1.3449618413053885,1.073265755697638,1.129860523381411,1.1081637722679898,1.026843571392516,0.849699326289592,1.0442971360609006,0.9573158409042422,1.3396584573293007,1.1063970202179974,1.028154407146024,0.7561763958963426,0.9392671350275458,0.7840289747373069,0.8446948006148621,1.0591167435599298,1.0182182064955847,1.105418111877697,1.2905585231088874,0.9604142562261958,1.152979035111937,0.9578695493231323,1.2370508192865675,1.2627019888275013,1.0140988982389962,0.9655798246102365,0.9242971736604217,0.9381067884212616,1.12045737033296,0.940878440622171,0.7393853998381626,1.039113557090109,1.0918714084813794,1.0227597009829312,0.9567586898209868,0.7998755548141072,1.1854300304725387,0.8629427188066902,1.3520507855290034,0.9969792460979048,1.2067506064797549,0.7815495930474877,1.531356095739348,0.9443931531534056,0.9966156768886393,1.4429992481436102,1.04135377599382,0.711329064127023,1.0300794374196558,1.1784111984399375,0.9995553024978481,1.2941466777980715,0.9431015293913446,1.6333111392717077,1.0353373002025215,1.1450885558666217,0.9413279930423802,1.1385975355239781,1.1411440753552249,0.8765103466880404,1.1605070770497965,0.9931607287637173,1.3177370603541383,1.095500851541538,1.1183174113731726,0.9886115661657553,1.241094345431466,1.0313639431579888,1.0150207590174594,1.037749712206447,1.0860414945626695,0.9298853484536106,1.0464854883059354,1.1789331925753843,0.8899069210981316,1.167151314747999,1.2185044449296438,1.0554127676587475,1.0524175140213452,0.8542845250455223,0.9467698472424108,1.1500488345626738,1.10127404718301,0.9555692076496797,1.1011608188324398,1.1609779976149535,1.3090326401131525,1.2252109869853742,1.1467251852423124,1.105942893744088,0.904986866907845,1.0945496464572664,0.0,1.0668307057498732,0.8970866759091854,1.0887174775215638,1.037719786551358,1.0524836215653754,0.9309186179305899,0.9570569509388286,1.3496057418483758,1.0800747784058613,1.1611382932523364,1.0185864116226966,0.989004406693785,1.1818991261168532,1.1762820587135083,1.0924670159001586,1.0881952448076444,1.3375711644907122,1.0790589290163393,1.2052987160978035,1.0108443692386873,0.9332531102382404,1.0108515929043502,1.0929350968799925,1.1383950662171707,0.7678841327417646,1.0207857369697673,1.0955113215684076,1.381717319419055,0.6852197038868358,1.0933928545516862,0.8789523485234827,1.1481869383711079,1.1623782767978286,0.9582506125777314,0.8682020700846258,0.8946621110089633,1.0433908836200478,1.1148142348133028,0.8764380413362148,0.9712193179475654,1.1177954765476867,1.124357059140135,1.0664563319860882,0.9847562540913838,0.9693167728916819,0.9904295160996242,1.0476263299000252,0.746304592929402,1.1592571308036042
S-Pion,0.7947699691086513,0.8125997045244973,0.951046868037663,0.8658939879858731,1.152604314159696,0.7568043900641611,0.7992952971921934,0.782016085151069,0.7796622393675686,1.23427890003723,1.007676334612027,0.8861954676413508,0.6280284911688747,0.8745410250941568,1.2020539028509551,1.02015258291422,1.0939450654375482,1.0190724104984759,1.026690383251781,0.8948297543241387,0.7425407146873301,0.9142490685828648,0.8201546149932752,0.9306361167629081,0.8136535631782162,0.7518020249440269,1.0204164716757127,0.953678875822254,0.9315338834139409,1.2216107519084014,0.946729625427542,0.7886902499435137,1.0090416588071256,0.7849409173077911,0.7568183292888006,1.0446886413167935,0.8528355633697486,0.9739222031677958,1.0746821782892821,0.8886041176930042,0.8580283473161209,0.9457189583299,0.8772073162324019,1.0503499618476821,0.792599063007906,0.9123179186177173,0.938439223402763,0.7376600695777058,1.5797031203276426,0.922792471088971,0.8140061233767129,0.8358490430083253,1.2743338404447604,1.1337102186663601,1.0135087913595655,1.038664455948153,0.6793567341644174,0.8312285576485595,0.8522995908702966,1.0097347619827568,0.9522586265105081,0.9469546456182436,0.9413027754362553,1.2746650050571846,0.7682617748876542,0.96350312311816,0.9638632405611115,0.9574977596011965,0.7267709545542964,0.6932181682189622,0.8437605082309916,0.9937320560715374,0.8562580626478314,0.736586959725108,1.072046131729396,1.0853355683339034,0.7822699139103289,1.0602322616516293,0.9978481894895623,0.8821928168558748,1.0435707719104577,0.888178508190467,0.9287542973955873,0.966366102959557,0.8716195442477809,1.0236036308697658,0.7128235909549168,0.9037018604304534,0.918842709246178,0.8771171528805735,0.698098835153181,0.8048553747788538,0.7631735445351485,1.0038820498999104,0.9841683747761917,0.9836987727293649,1.0712854195395636,1.0175802507128695,0.9790902987736513,0.7972177478271011,0.8584091349952069,0.8065460201522009,1.1505179929549803,0.7802679679463487,0.8171117060720622,0.8069821951800626,0.7432599597513657,0.9480349739878675,0.7050550752702223,0.8875395587854623,0.8462038941034383,1.0488598154160298,0.8514838777454787,0.9391515879990048,0.7276914907493045,1.1474543953037468,0.9444393906043254,1.5073729244364698,0.7243337168205547,0.9423536789891815,1.0960956754177946,1.1622098991565017,0.8198129693086028,1.2386441669206514,0.8432640528277789,1.375641515900203,0.8213902500757871,0.9930908349819997,1.2519861418707263,0.8344601321744989,0.6926396343580831,0.9611354043811292,1.0819319076063398,1.035195634386364,0.7339367583299711,0.8253271911743479,1.1018101912590827,1.0335424216102558,1.2377800211359697,0.8739783645539517,0.8140319369552131,1.0365737515266449,0.8922307099099656,0.9465898796579547,1.0558585831900265,1.0094807142436895,0.692500528444102,0.8426352643384394,0.8940002472181351,0.9016919056927274,1.1201774001821418,1.2219151836990798,0.9310824227888325,1.001859256156032,0.7613673781124749,0.9352761835576974,1.0977362887887046,0.9347512396921854,0.6091582557108484,1.2127008481215873,1.286942895316424,0.985785684855843,1.3867594251102333,1.1555663360335244,0.8507588005100195,0.9065389982542058,1.1309958115833174,1.0668307057498732,0.0,0.6670657220469164,0.7608321263613876,0.6472468414136361,0.8011787312004948,0.7746427527868346,1.048369370140203,1.284173479215915,0.749683341796401,0.9928495938554162,0.7995976431523899,0.7594711015828527,0.7347629012398342,0.9373632200154987,0.941533607168305,1.0471616001926278,0.8938829566632894,0.8204024606917134,1.4969090929693891,1.1295462818057356,1.1917975536165395,0.7903886675572136,1.2291413565045748,0.6871638743849343,0.9429567673945374,1.1657588331584063,0.8924558303678297,1.077309634532314,0.7692421731842086,1.1046561455754882,0.9337642978458227,1.0831812605498903,0.8724642105451494,0.7732049962894326,0.7113541757152995,1.0872782990919316,0.93445093523628,0.9813839430065495,0.9679477055099682,0.7275485505977876,0.8158113295220215,0.7075359223634318,0.8892890223553994,0.8524210646824938,0.7101713081585846,0.8657097600916305,0.8248709989471673,1.0126822464535652,0.9633070624695386
S.Pri Noir,0.7975911738978596,0.7120844202142713,0.912461739124458,0.7454230178308969,1.0655998857122135,0.7301274148792168,0.6352168880004868,0.8534876516621243,0.6543490084691101,1.1000804564761688,0.7926269457625449,0.7673994315698639,0.6339095581130378,0.8512294680324328,1.0655696552303853,0.9217091424917444,0.987720181647023,0.861604746186974,0.9380339411798458,0.8966416964127943,0.6639140019930666,0.8561428175583766,0.8160743514371217,0.8498405151393169,0.7692735501463052,0.7940716905751389,0.8338313891136189,0.8813097980462131,0.8962997455313843,1.0351354948673226,0.7892874727271313,0.7565856069714705,0.9158040728484927,0.7026058328373067,0.6720367552275457,0.7927420088619163,0.7247949154029615,0.9086865347609361,1.0187290448138404,0.7756562774941117,0.951766043766201,1.0158363637782972,0.7389715442244739,0.9357728703972916,0.746817056978428,0.8381725408988633,0.9439583829690044,0.750716282912239,1.395807687619949,0.8257942272067613,0.749379554796869,0.7030571593987534,1.0862700126252705,1.0407433867752842,0.9820279726822096,1.1304473433887665,0.7295603898867601,0.8154975485810719,0.766823441137729,0.9950389277798396,0.9021895103639946,0.8150101177524482,0.9414417872232871,1.2423384744286856,0.722499541807796,0.8743344633719478,0.7930331289346082,0.7745844015283345,0.6548805515602409,0.5746218154374074,0.9407764037936608,0.9031921546139222,0.7944793789183904,0.7380033025984855,0.9132273409173962,1.0998345782513455,0.7869961692507247,0.8907587780608367,0.7780743475693241,0.7711171715073468,0.8893030691542188,0.8999843028153798,0.895901186964198,0.9854578902145318,0.7680801206955222,0.8674036269544453,0.6402416041019794,0.8469933261902249,0.7906429042902743,0.7390146681785562,0.6276980739409165,0.6864152674075701,0.8306400039399943,0.8936620564294926,0.7973233761344194,0.8948773013648093,0.98185464223149,0.904034594692094,0.9942681480458707,0.7784714919476137,0.7429456327399845,0.693506309713401,0.9832373581160155,0.8259809665019365,0.6935659883997772,0.7545030130341304,0.6782463943631032,0.8044215137876073,0.5822721590711477,0.7656548855640245,0.7615056001241299,1.0028032071270108,0.7296104411762439,0.9794164456284901,0.6973584616890056,1.1022239299248533,0.8051482350384789,1.3990894961828395,0.7429423065279991,0.7419450393614305,0.9774743356351508,1.0079457523864335,0.6763892756706219,1.1551599635482284,0.7539366724940451,1.1600265694644734,0.8649874296393165,1.002658175239541,1.2936988361061195,0.7770283016944006,0.7838212224622623,0.7313429521984207,0.9996620346566435,1.02577261975386,0.6445757516489882,0.8108135892378233,0.9027952559827639,1.0082254371240456,1.143790389650266,0.8689609201319118,0.8149539716232092,1.061483240708154,0.7615747498198384,0.8029089005031758,0.8881775696931581,1.0201873299293787,0.6893038986377863,0.826064590127477,0.7890615789026117,0.9220647185416798,1.0249685690024402,1.2234679703756373,0.8663025129774188,0.9743581102714665,0.6552288139723043,0.902396833608941,1.0736005212173203,0.8417363372336228,0.7256179203260328,1.0734986134191742,1.1378586463899798,0.9179299961206524,1.2769528806433563,1.0126973834820552,0.6633471341848085,0.8103532703788647,0.9813447613036217,0.8970866759091854,0.6670657220469164,0.0,0.800350664447889,0.66906250790771,0.8578599252508483,0.6513498920745616,0.9823423235421022,1.1508402651525906,0.8225983244938054,0.9317400438433878,0.7217407559275443,0.7598536982205982,0.7295087770252192,0.805078742124747,0.8094316538967786,0.9585045716692945,0.8804397171444932,0.8417943266957155,1.3907369493682118,0.9534553020994772,0.9964477377122765,0.7428363176551599,1.1405369633426135,0.6980540726061997,0.7927860908429897,1.0491717549404764,0.9181870624451505,1.0363687108176112,0.6044842126666577,0.9587710007089913,0.8120464078521992,0.8914767214941981,0.7783960481263736,0.5481561746739435,0.5599130140706584,1.0050523189896792,0.7923279025631703,0.91492677108136,0.7514010892480858,0.7634285397264641,0.7364146145863287,0.774669895559287,0.8481613459515461,0.8638092343792464,0.6307702956513258,0.7649513366655363,0.8378293661149621,0.8611498815902162,0.8984568705973426
SCH,0.7479212935983099,0.7275195461287454,1.0497300376275946,0.8576351060601809,1.1590503877075933,0.8621232639852711,0.9630826869055414,0.8111002869540578,0.7153693168038037,1.3391182127387238,1.0701271391208758,0.9359628946592651,0.7915775577538091,0.9363606806269806,1.3245835484116233,1.1103985027584642,1.1376463010010653,1.0329974301546168,0.9479317916870678,0.7453304920534294,0.9696612184988269,0.9773942241701564,0.8186177040842048,1.0894858537172178,0.775451808027551,0.798518621101999,1.1383196390836097,0.9170493926923448,1.0326900194848976,1.2552057603152407,0.9688274931931915,0.8768392209620245,1.0669650123597985,0.8767905490922704,0.7732784015232191,1.0655769349178876,0.9834244846439103,1.1258343670694875,1.059434352028399,0.7553481860466899,0.991326554905135,1.1037135411912993,0.9421113107948852,1.0979494955731992,0.7918436585999081,1.011241275532444,0.9685437149589714,0.7104903676435497,1.484615454186834,0.9437171939272088,0.8014455064394546,0.8781063337384656,1.363905650583723,1.039328460548971,0.9894859245933149,1.1129438760800408,0.7823178511096027,0.8471228804442408,0.9160263908991453,0.9280899136623159,0.781289997802844,0.91681031288199,1.0754217491453462,1.2588937213059055,0.8919548426277051,0.9719884906263335,0.9098773697446064,1.0469677278233969,0.6386967941880851,0.7616894311789388,0.778694805187293,0.9074500878651218,1.0255795198878455,0.7467411107136237,0.9840708365967571,1.0803953793083891,0.7566749139716816,1.1764306942252836,0.8970589552697045,0.8853535509131383,1.0015903651124047,0.7501910436815393,1.0110406683512014,1.0377066586874681,0.9483768225667323,1.0527184883083769,0.7615459522965856,0.8281421342436989,0.8761698767423179,0.8678199176624797,0.7272045203117924,0.8678535643309622,0.8267746778783022,0.9531483427273258,1.1309304732451828,0.8432746796561639,1.0564310214349708,0.8999147852824031,1.0065230898421393,0.6643911734171006,0.960942820911497,0.9563902196698031,1.1869842802153132,0.8485075370190288,0.9459552261492165,0.871898822047979,0.854491587989762,1.0609041047353174,0.6895936028475167,1.1098094597540047,0.8912512864457124,1.103334710885767,0.71468240298163,0.8237641957321891,0.8284861237073855,1.1167601390799051,1.0596294632573118,1.4608166013408117,0.8266926564515856,0.9739750116037403,1.0025056345520689,1.2112813650390852,0.8220277075456391,1.3300916346787557,0.8639838952398174,1.4073454659613278,0.972141766993818,1.1505682305759406,1.351042534856222,1.0400823680357383,0.7290681334485896,0.9978044134699643,1.2238762629987483,1.15149881933847,0.7915265524792218,0.9417485031930446,1.1033016299719216,0.977805697206279,1.2653780268210348,0.8942988372193991,0.7137270452791201,1.0127178291051722,1.044362658371207,0.9091009425578762,1.0479846223596825,0.9853359358897467,0.6452775157500962,0.7660407835677258,1.0722905781440668,0.8738300617649822,1.1472401524054352,1.297333059547369,1.113454170371267,0.8541606556837894,0.620073897500358,0.9272068575796074,1.1172426306415988,0.9165723194612202,0.6906018304182419,1.3002315669270932,1.3742909522353874,1.0751046528943766,1.5253736990308964,1.195893352208503,0.8520896503693977,0.9021983164490706,0.9396092250869222,1.0887174775215638,0.7608321263613876,0.800350664447889,0.0,0.7285899688780376,0.8205373396065929,0.8004019554504643,1.2123712920415246,1.4141631894417097,0.8173494038441244,1.0011037265634413,1.0063850379773895,0.7100591056320055,0.7626267613421424,0.9868726355000432,1.0045943544733198,1.0781434721022143,0.8064575505029332,0.8897643106933896,1.500480528506474,1.2550946312818927,1.2693345865430878,0.9137031745191222,1.3165704601984183,0.7520022222427639,0.9868491113907555,1.1654399754223412,0.8503168403775672,1.0614620732097104,0.7860947648004862,1.2131422473598545,0.8749544767229307,1.2415594176394695,0.7699056086977084,0.8116283896226816,0.8679919096158422,1.1268425051449489,1.0934356993960657,1.0012204944689655,0.9585184066076841,0.7383820203394759,0.980347490269762,0.7670227029753888,0.7463914983986321,0.6720923172898309,0.7503759302943973,0.9607410988057637,0.7230989461379432,1.1477783553150396,0.8273802782428054
SDM,0.837688184222171,0.778679216444377,1.1125895182870038,0.7719079509800789,1.1756935484467959,0.7328228153591908,0.8411489214818698,0.75005768103712,0.642921106743702,1.2498357496097419,0.9993260250764205,0.9818569653179132,0.6764703439361753,0.8512418766271259,1.2038804080938663,0.9406216116019611,1.0141036776238044,0.9264902825060463,0.9146677674580862,0.8482478479666766,0.733038409020402,0.9288100410779934,0.8507465679041689,0.9326456862654702,0.7767806690251985,0.865958933678456,1.1457110437583604,0.8923382386639118,0.978107698301976,1.2621224956847292,1.0057920699900278,0.9031631550522693,1.0937983953036639,0.7370788216181198,0.7787909123030154,1.0320311912300442,0.9330659569278403,1.0641761421269174,1.0765820180725068,0.8510208850867376,0.9689252665986255,1.0077759992495126,0.8002431106163325,0.8895089667140731,0.9012738480458853,1.0294362618293655,0.9019431920011637,0.7746017504403478,1.547149824469952,0.858739110378865,0.8725856175570563,0.8138580219592929,1.2610055438224683,1.0896403174659675,0.9804621419082767,1.2225061697575414,0.7072432646552216,0.8147460333380352,0.7571176083933904,0.9813884739029963,0.9128220542853477,0.9502084021334742,0.9651192102743056,1.3339184270803097,0.8661989538345426,0.9039768880502901,0.8037615039100074,1.058029411763191,0.6568064151394472,0.7555874978157395,0.8546008933703985,1.0490171612339483,0.8323834862844725,0.6426055890533697,1.0092523716086923,1.1999254500366443,0.7673803933611217,1.0440659114442674,0.8452794311594716,0.9179887300880897,0.9092224224967331,0.9555264510042112,1.025015484576664,1.1780887201170522,0.8832959140139426,1.018629110069695,0.7488090613133923,0.8045128478086756,0.9277150556179109,0.8433649221422008,0.7590470999235525,0.8341777496755681,0.8238672465756945,1.0147347802081137,1.0403390036447997,0.9557434510645937,1.159556675698861,0.8375190129066495,0.9886706072141288,0.717853138885501,0.789410508546759,0.8070485461765596,1.2448396322147142,0.8301509082301962,0.8095492028634923,0.9306325594663061,0.714457066150167,0.9092580060305067,0.5413066983165141,0.9238279224644604,0.8100993546639937,1.123648419954967,0.7270507511403372,0.9140881845134909,0.749449838262218,1.0209148560471273,0.9608519326944425,1.517347715013584,0.8628777487269705,0.9432407121933193,1.1437251060529023,1.2425181265229444,0.8442704644775719,1.265338125663977,0.8149558973051169,1.3699218830455715,0.834051084163486,1.0348139138304882,1.2898738397350775,0.8180394424587508,0.672752622388882,0.8864858597403671,1.185448485130902,1.0101321460717159,0.7217218668237292,0.7542963152813967,1.0650893242718504,0.9078795560791374,1.1925848731286344,0.9288341239879465,0.6940440175402894,0.9530701668503355,0.8891741221502517,0.9053396393160899,1.0432739329751903,0.9472092354730024,0.6784485724362095,0.7704653349061192,0.8084320753434344,0.9680155484535775,1.0229504107257072,1.37762079856587,1.0076111508208199,0.9937783528172588,0.6472683997213032,0.9348229638909331,1.13978632483409,0.9628820097862255,0.7490020497069773,1.2401553358866708,1.2955510976635842,1.0143459244180915,1.4288817816504862,1.109057528211141,0.9150182629957875,0.9035760744793929,0.9916823290866238,1.037719786551358,0.6472468414136361,0.66906250790771,0.7285899688780376,0.0,0.7997756794882918,0.7577113080029771,1.1330956550451619,1.30803348724706,0.8266245054408322,1.0464678134077852,0.8619144439013714,0.7028373187663366,0.7210691096985733,0.8780371618907861,0.9980866187355275,1.0406602189108183,0.8164480970268105,0.8336625223563726,1.493951997626509,1.2151861059786606,1.2441143504924126,0.851241880211317,1.3002245794223888,0.725705904161902,0.9786944791511843,1.2369039251527163,0.8193731368198641,1.1693927491608647,0.76525068968816,1.0662072316113258,0.9508774440666962,1.0468241485814163,0.8259814853140629,0.7016438219011055,0.7029670366946518,1.0818850047030806,0.9782945686539418,1.021813146907224,0.885492051799272,0.821150009922031,0.8254160182591451,0.7152133917091862,0.7611543953307323,0.7616526734957155,0.6902289877268131,0.8442310037472474,0.713345903114444,0.9488682969233296,0.8825814544591808
Sadek,0.8163837505215125,0.8359067650735839,0.9816530668263959,0.7631828951703817,1.1304077594895015,0.8287886712938662,0.9062992684217822,0.8583383409424191,0.888269056832745,1.2434096917940503,0.990183830634684,0.911125878259761,0.7998381248748849,0.8352481426909383,1.2654441513288532,1.250165019889293,0.9150719870759125,1.0092188616019089,1.069356790943399,0.7952667080327825,0.7834323710603726,0.9285481218545072,0.7909467301071416,0.9703457252591051,0.8302747677328767,0.775763223767487,1.1502491138417827,0.8811281162765123,0.9982418750555836,1.2444339189847577,1.0262897614295268,0.8162554406457246,0.9205366320935133,0.8983508223807793,0.8308618543022246,0.9721467076625565,0.8866680758749568,1.0492867324563233,1.0569410885159478,0.805796887892535,0.9218694912602975,1.0314891019815329,0.8648667809107959,1.1408943740377204,0.7504988549382738,0.9270119076047082,0.9148404677949746,0.6345396523162218,1.273387082331169,0.9731012697375857,0.9749594425494518,0.8928520924703065,1.3565278916655559,1.0588622578071465,1.0024084267452686,1.0788042507907283,0.7263749625887886,0.9970910658819417,0.9396666612354226,1.0015606520608864,0.731526273047254,0.9188592830477934,1.090551788024166,1.2100142643329332,0.8709220915468993,0.8311138165056774,0.9481997803347905,1.0358228145444788,0.7488869216884578,0.736174223036467,0.9473354508398439,0.961869681789294,1.0406433688238161,0.7250865528176635,1.0988830383493702,1.001642979426331,0.7391819731507532,1.2739077434237192,0.9021687016692304,0.7294497609256958,1.0393126310770853,0.8690328067939965,0.8995444629136241,0.9949070642182808,0.9278886900249274,1.0800872207318009,0.8472921978967382,0.8610445745144116,0.8580925854384166,0.9416580996723735,0.8956760231044882,0.8330340851620076,0.8157293836438668,0.9745308487284461,1.0626597447051416,0.8054373190153573,0.9730353877416656,1.032665214214871,0.9601477648739641,0.7352403547693974,1.0243474419364602,0.8221441669574884,1.144921994085502,0.8052103049472041,1.065903230423741,0.8365916705789801,0.7933119062345381,1.1189258565720133,0.8132368216917049,1.0011423092511798,0.8474889259058199,1.1796454947540658,0.7510396031213293,0.9919853235990075,0.9582898374406777,0.7987061191312509,0.9237451814564206,1.414545293770639,0.7465384815378772,0.9022538918333874,1.0699116080875235,1.0811289888500186,0.8892053804013408,1.3249950587692452,1.0734750402260678,1.3687548093267856,0.9891310983722092,1.257371077425914,1.2927212434615207,0.8633586322191857,0.7587016473681106,0.8348297063634317,1.2096399354620473,1.1027556801913838,0.8323510279567521,0.8578130875584535,1.1123211960258232,1.1613518066421904,1.2877812867230376,0.7816111738462326,0.7107381204810695,1.2148458228417747,1.031237227987879,0.8055395443616052,1.0820441472629811,0.9190895141577264,0.7265746118466407,0.7892775977771742,0.9545634645665998,1.0053819469670608,1.294786488043615,1.2445774171549198,1.0213985799125809,0.8258342210328672,0.7107577493120926,0.8556262090431612,1.1257197043476717,0.808963515947599,0.6679261296961719,1.3393642066218656,1.3634093070911957,1.217767974572258,1.4295482448487096,0.979711905380197,0.7711081857269467,0.8404296351441805,1.17565930669606,1.0524836215653754,0.8011787312004948,0.8578599252508483,0.8205373396065929,0.7997756794882918,0.0,0.8319906994443458,0.9549299811310991,1.551358042490782,0.808402773746564,0.8185062332095655,0.873191980754667,0.733043488694801,0.8234467673710523,1.0051606763406875,1.0461923336907029,1.0482970387321136,0.8707297987968868,0.8000222799614466,1.361674591221882,1.1870803267442316,1.166113112154885,0.8848129648872078,1.337524182885557,0.8473979601319254,0.8922673606135292,1.309553706287784,0.9681952274689223,1.1631455709430663,0.7644315454816919,1.1601359420834922,0.8652116304927059,1.0741614245481754,0.8984945815734572,0.7616758641840814,0.8891340884273184,1.0401521058112695,1.1804363160346307,0.9426607957626714,0.9809341571311017,0.7380896011381531,0.8913516828888397,0.721315685599994,0.7123737627894754,0.7464617217774723,0.7514920686026433,1.0661738359801283,0.7063592147225942,1.0682578628648096,0.8741637659748562
Sam’s,0.7573681388153806,0.7790207975810485,0.9105220644219553,0.7620492939501389,1.140763055512778,0.7525498202361892,0.8143288851588146,0.8420090936090752,0.6946134649812511,1.2045781746710682,0.9618102430336822,0.8513627419901536,0.7807393012288945,0.9001795891790885,1.135618623653687,1.0884647157734728,0.968016471077118,0.8828848646610745,1.0300027078687757,0.9003521802547066,0.7461974831143418,0.8349364005829112,0.7940869728292238,0.821861312864792,0.8058528931780592,0.6597865998621448,1.0593084458350688,0.8563217427979614,0.9325444798519974,1.0431176047519741,0.8096614151557605,0.8117297895211762,0.9302148303615115,0.7393335149163971,0.7180529043103075,0.9356194439926043,0.7854132996455552,0.9035572008163304,1.1272707445913497,0.7473628354764653,0.9007554285820799,1.0654526753009628,0.8671784957470803,0.9209597482053901,0.8049042135035588,0.8619122379336571,0.9797815111503422,0.7726658004675965,1.3936701589803546,0.8986566515676618,0.8496162314735703,0.7942449603703303,1.2181736073201919,1.089734250506613,1.078725101982092,1.1870340175926215,0.7453431694694914,0.9119630289470618,0.8421638705918781,0.8698114091189421,0.8903488206833217,0.893183711304211,1.0847428309789409,1.344605450450048,0.740865488699503,0.878424476489963,0.7577545222275623,0.8895698179882775,0.7350713708678285,0.7316320614880496,1.0031000314876461,0.9688839494072177,0.9029764738099272,0.8023319288284886,0.9773801707950408,1.0986490858613498,0.7985263827671422,1.0019879858593193,0.8796625781906975,0.9666263763913896,0.9252381419508489,0.8936180318212642,0.9166339252718809,0.9418476780854532,0.8835709050656195,0.9374239516164273,0.7032739530848459,0.9056225912110532,0.7956400503192057,0.870946344558953,0.7256050840013162,0.7049566078547336,0.8006993038541441,0.9915412233605985,0.8373384128226103,0.8231946041536279,1.031561762225319,1.0001403209551487,1.0328401541640624,0.7706257334295546,0.8188428998040922,0.8460839292041029,1.0703313318077852,0.7942996582629747,0.807461271486822,0.8525089346559457,0.7714019578688905,0.8278168586845157,0.6778616854707172,0.8419455862840786,0.7970519578429738,0.9640658962800067,0.6751377479964944,1.0428569414070186,0.7757471057515769,1.14600927513709,0.8677098673082054,1.4901131381650814,0.6942757001031605,0.9258616227480903,1.006467614855847,1.0243734177727863,0.7188617432433732,1.2149793979091985,0.8540241578817184,1.1315774824792006,0.9296857805326499,0.9705456939020155,1.2562841069906028,0.8201377021923267,0.7971650340924618,0.8430692292307572,1.0967032400440926,0.9788500557185593,0.7227327338755336,0.8746091512599068,1.0041241736542081,1.0855925993214568,1.1824612517381938,0.888938488179226,0.811309694959914,1.1129110563524671,0.886500306561336,0.865811994646847,0.8647145816061322,1.0811357971823752,0.6992385886717666,0.8198620532299601,0.8634833314300036,0.9664868136812577,0.9693353876844394,1.3088080375655178,1.0128449348647826,0.9692672667500052,0.7830381691444895,0.9121758269528155,1.155930846168393,0.8385445240881573,0.7264342836649669,1.069665919046556,1.1663812202961759,1.0980369937687653,1.3520703208661118,1.0117008318763974,0.7061167878433957,0.8167985648090802,1.0855164814662988,0.9309186179305899,0.7746427527868346,0.6513498920745616,0.8004019554504643,0.7577113080029771,0.8319906994443458,0.0,1.0989857995706387,1.3150797036926587,0.8156298050460059,0.9923138126827395,0.7879612139781343,0.6790304880245424,0.7450794570475341,0.805141924477006,0.8518807948752208,1.0180930318155066,0.9766004673377382,0.8745527513871586,1.3272952568650425,1.0804417841371212,1.1621722745531884,0.8698065078923058,1.1330563898964476,0.7492067084156758,0.824569722499975,1.0568440568398214,0.9105133467971694,1.167061510752455,0.6641307591033176,1.0240713672205715,0.8743729804155437,1.006992860511113,0.8710151694929344,0.6916948588944156,0.6965622511673668,0.9918750296301556,0.9041475822418333,0.9727565480929592,0.7826257010855496,0.7040506164847442,0.8787245623643614,0.7866694496144934,0.8355248081536256,0.8940246289294589,0.6414837451618381,0.8637831069310994,0.8072785322910572,0.945790807868212,0.9203208844523261
Scylla,1.074667867885844,1.1202549759240747,0.9217230898358973,1.0802163209831597,1.2000305952968346,1.0419718675582537,1.0439055008352605,1.0179671635547154,1.1175405262528402,1.1064365553590874,1.06925046882223,0.9880057281211937,1.0700842165472872,1.0918446257599457,1.3168742086693341,1.4765764115137257,1.1248403573379635,1.0856219863661252,1.3014380945385737,1.0421680082410263,1.1613768988547748,1.086736463484671,0.8658911500811073,0.9073779736506163,1.1357619103623564,1.0846474050407708,1.0413638516048631,1.1901815768118316,1.0760813789712265,1.2831391270489951,1.2319791021628672,0.8457832567182906,0.7726509883142302,1.178768383345729,1.110011861959448,0.9751886572043749,1.0423725741798473,0.9141351677777046,1.0169554052146865,1.2425310252391126,0.9068452706284357,1.2660501879292896,0.9173951891441355,1.3904501077294376,0.9728878259568519,0.9207317027684584,1.2914839750630056,0.8871128898279814,1.183247039133226,1.1589249763664204,1.1988550877001107,1.1569533675988728,1.3813423917360108,1.4996639611661835,1.3607066901985727,0.9642859670084776,1.1583743900018744,1.2955288545960941,1.2329255662269027,1.217471998636013,0.8696892364774691,0.869387590145281,1.3800202328985565,1.006219227258965,1.0055606981078589,0.8877389290317008,1.1775539936979766,1.180556574426941,0.9705287655528617,1.0509559920436224,1.3834216568186557,1.1609201222748107,1.163998415730402,1.069953754589635,1.1749310381445686,0.9465947549334728,1.1213669536988966,1.423714487850665,1.2634763081598341,1.0185156091386418,1.185732760391846,1.0282568704737867,0.9471231681743685,1.0737879179274292,0.9912292654914804,1.0400304459249918,1.0854433443046068,1.1121544711096314,0.9608831729406572,1.028367150463795,1.17997501969987,0.9652411820377903,1.2324701587025624,1.3389245159720358,1.0073513291741432,1.1977239382730174,1.0200073061714017,1.3705716419115952,1.1209250959648767,1.0742395501836406,1.1620465558845554,0.8985253431683898,1.0704990384359354,1.1496976821350828,1.1490461556985592,0.7864493886539574,1.0599791760296242,1.2496838609969272,1.1650497497523002,0.9378709609668872,1.013244399375148,1.4120020307020307,1.0509841653262597,1.416787621046751,1.1138009189497886,1.1470534573072546,0.9327560743476085,1.1117089003894447,0.8738747345083805,1.1198713450438609,1.292158316412766,1.0350351724999756,0.931638768508991,1.2961357247679466,1.316105342025683,1.339111094802851,1.301756374193924,1.2796147279633308,1.7450084660023555,1.0269913010442495,1.1334823653154935,0.993921989543167,1.0317503462665925,1.288884358296887,1.0880446747277353,1.1551929892339043,1.1552972990444146,1.3817748749480652,1.3129763372689545,0.9861878901448868,1.0732946574622837,1.4003346702924084,1.159065015648168,0.9985904820889864,1.3431512801718357,1.124247283995713,1.062714209611815,1.1770339689818516,1.2440796120585482,1.0236072821403364,1.4433030989346198,1.3942273360022974,0.9735260689960021,1.121033934242986,0.9973099816426686,1.1621016193033193,1.2288378771231663,0.9834347372632657,0.9603641874495303,1.0931127010046338,1.2013284888905043,1.320544280264859,1.3164512308487835,1.0264106650600582,0.9796022310192259,0.9493122463904659,1.5117172571912976,0.9570569509388286,1.048369370140203,0.9823423235421022,1.2123712920415246,1.1330956550451619,0.9549299811310991,1.0989857995706387,0.0,1.463313457161444,1.0277879972238293,0.9183170368435121,1.0542191890805646,1.049742362725622,1.185611982959703,1.1484536840919495,1.1697238637487686,0.7722755387392084,1.2609656315981663,1.0894117782696748,1.4351123349692239,1.0949799426515163,1.0826038041609527,0.9235152383306356,1.2250945440690215,1.191591865332195,0.8096670850307551,1.3521317479193087,1.2859900137019182,1.212105522124248,0.896918448817913,1.245019439800172,1.049279855210486,1.1590967505879957,1.2780103283852007,1.0224661015859018,1.0822168674644006,1.0904595057049795,1.264879939070486,1.0134778213466793,1.1294122679828271,1.0031054222794513,1.1846612936273428,1.094538329864896,1.105805505753565,1.1042472778848873,0.9855961141662614,1.1867962073921314,1.1653196983825802,1.0396455739112,1.1770227290037092
Serane,1.3483145580851088,1.3609981096487571,1.2830002624460426,1.3951062695142333,1.6731656629416636,1.384851401794971,1.0912886884503747,1.3807565817476855,1.1282333943998044,1.3766535640704005,1.3309823828958445,1.1193188267983458,1.237482668809169,1.1580234762859463,1.4090281199029802,1.1067952599218194,1.4613514307361115,1.3321002742864638,1.419056536647201,1.464574291233066,1.2990165539821066,1.2692069390091854,1.3060199786806406,1.3658822992442128,1.456817501081089,1.4012867626505172,1.389944659197884,1.523280144473989,1.293806004808369,1.4157307441180953,1.4416438514091268,1.2947715271481892,1.4704018126720504,1.3251357572504778,1.2710646031268285,1.3257631322976398,1.3304030868697403,1.4639807242939928,1.4797806396887572,1.4028356898867076,1.5423460204783752,1.3614562878476641,1.2497494711200905,1.483726628998962,1.3918403820600636,1.2768113394448068,1.5775720603908474,1.3924885601819172,1.8839485440475414,1.2563881642175092,1.3463868056319432,1.3418932763502391,1.4405663471612178,1.3369314907289125,1.6404898550150349,1.6023419369495564,1.4069014007759677,1.2689918058450624,1.3929515977592792,1.3943504642546782,1.4456527062316886,1.2452274120288296,1.4125168408713493,1.7151623827106455,1.1870545834786224,1.3822540057111905,1.2887116739311766,0.9899860259927972,1.2424001725844833,1.170606949502129,1.4254003545578635,1.220391065527144,1.2697740220691294,1.4379785213618244,1.4433343386909154,1.5429578677127878,1.4700291766444942,1.1405029828350748,1.5520029577928944,1.3473057878763364,1.3588373739754243,1.3925274560018064,1.3511904215802348,1.4329639215830268,1.2018943846555388,1.1280671681871133,1.2180779124039596,1.3936358284836972,1.3610739274732213,1.2101076732260034,1.187524742967771,1.2338945697012202,1.453463208032242,1.5424571727277823,1.2700446840020092,1.4566636434978735,1.5379126014715305,1.3886118669301593,1.5456658392015967,1.542608442618635,1.2529119492575589,1.348453012144195,1.3683445525798428,1.2886165230595956,1.135043407462886,1.3220091349872307,1.2072226744449182,1.1175328712249537,1.2347060912103667,1.1740281476639174,1.3104711526632584,1.3803596182985638,1.3663016393855743,1.627004825267794,1.3033657815177746,1.5523821312255963,1.2651761695273633,1.6762623696420016,1.3148570235191,1.2956206505045558,1.4395324864997485,1.4258577778163686,1.3620705915775018,1.4115039150193374,1.1447210350009827,1.6333781534977332,1.4519733328547284,1.4754581453962403,1.8247957722096373,1.3921654932418819,1.4302588212140563,1.270502847250483,1.2869992585823278,1.4997749458800207,1.1984945264975193,1.4678615406876772,1.4155662873038504,1.3435214200743884,1.5722158397875299,1.409600409392842,1.5315375693596716,1.4386425286297033,1.2603499482046396,1.2998285405260979,1.3440691855757911,1.5869252011313761,1.4007661541238678,1.4740411273153726,1.3014768686961056,1.3797335567015159,1.321183530639158,1.6675848677046183,1.3354911582127031,1.4601509282248488,1.4073977107015594,1.46403876790399,1.313201682404811,1.4901312959654154,1.3505468312231066,1.111802800418143,1.479905743126792,1.2824290590695726,1.402378020970661,1.6292719513934066,1.3675944521413923,1.2950999071225866,1.4560787339978425,1.3496057418483758,1.284173479215915,1.1508402651525906,1.4141631894417097,1.30803348724706,1.551358042490782,1.3150797036926587,1.463313457161444,0.0,1.316603570507046,1.4871067975008294,1.281854560586648,1.3812033334341252,1.380783365915979,1.1659379423669245,1.4475995384152063,1.464160719415203,1.4073988982766819,1.3381287692785941,1.7919724125203986,1.4263664891769565,1.3015978226276823,1.2139603997576736,1.4493081453243595,1.3066175772725417,1.3123776893012638,1.4941904548464888,1.5377835643971516,1.411077957498344,1.1895048642377326,1.3428719551203758,1.4779424772919023,1.4576142232719278,1.413590885182771,1.1511082022572052,1.2565589571477198,1.5018918566728177,1.1971422669084726,1.4542960838249728,1.360205283276281,1.3824550840055758,1.360223117813048,1.3766285688022788,1.582040107086816,1.4608803204017227,1.1267091962345062,1.1064867314305589,1.5341589506856392,1.3213474366786648,1.4046145202528582
Seth Gueko,0.8340313284543467,0.8358615278652686,0.9995119065370083,0.8256777411304893,1.2755326372014233,0.923409885528235,0.8406604510864404,0.8446413787778859,0.7881804101414093,1.2965309313659963,0.9962338231655576,0.7944543532516203,0.797533387494694,0.7186886099799249,1.3176005313746946,1.0836057291197643,1.2049627857651153,1.0182950044603827,1.0056241981812761,0.8292181786800671,0.9511455735341858,0.8466664006196076,0.7280274546838205,1.0138849334014142,0.8394937689979365,0.822944365523536,1.0955567281885275,1.0343096306351882,0.9518356798451532,1.2543511824796838,1.0315484241840442,0.772214054590767,1.0189956510949232,0.8624611177625398,0.7702685166880795,1.1391337958528607,0.9261385236765449,1.047733740297321,0.9635298833206728,0.8576451991649492,0.8398185644892165,1.009331680145409,0.819969701556382,1.124093938647535,0.7090274776561798,0.9938683567651471,1.1569981346854308,0.7289595002266883,1.5196984428596372,0.8738019547063183,0.7639090179660705,0.9271848916206128,1.3975761608293735,1.1004208945739853,1.15868248937731,1.009412813317448,0.8486366182105897,0.9881077285860641,0.8348099681998651,0.959192452248006,0.8638674573647065,0.881461237369954,1.1528190206662456,1.2273526035366864,0.874694764339598,0.8853826927834096,1.0085115546201555,0.9706161650987801,0.8060492706146369,0.5993061400835701,0.9717283548734496,0.9151175472722927,0.8777012785271345,0.8611073546438497,1.0052381368213539,0.8706516020290576,0.8873538595372523,1.2169195160707509,1.0804788574627957,0.7782333967340836,0.9457412540462983,0.8767541908454106,0.9004391762643288,0.9092418686399539,0.8400733384935609,0.9716984419956783,0.8278635270449338,0.9598389448690198,0.9626633860571879,0.9284152131472596,0.7376325738246717,0.9380439768603136,0.9084161644597949,1.0873538621376306,1.0616039349806021,1.0217146290508514,1.0552609938853488,1.0352756645618906,0.9471771123464037,0.9223025994631565,0.9464600965006373,0.8655504435443753,1.1194417113325523,0.7361161517432984,0.8515458009379689,0.8965459843447708,0.7745401448300054,1.1264666216707402,0.8104937129659184,0.9941987453934942,1.0001715378370228,1.1300945150062098,0.873126442239161,0.9842438854376305,0.8676848021325841,0.9989585534260725,0.9324912632196791,1.3338463917672216,0.7649014882770337,0.9647477377665968,1.0236228428791803,1.1712174636496313,0.9055248981610639,1.2337927966009352,0.8804465497281548,1.4766755150069186,1.03538161949016,1.1848263893429702,1.550764168324968,0.8169294044322573,0.7726309078450384,0.9311135700634683,0.9773081495054835,1.1891517356806405,0.9150122500157781,0.8248650852333065,1.2620771688357069,1.0485512307817837,1.2848216688043428,0.7358228826375204,0.8839246014280717,1.1343119826573123,1.0180851167459126,0.7528760790932033,1.1480590295112487,1.0346525276033782,0.750851175488748,0.8670789720673606,0.9826173705668212,0.9688991067925379,1.2147137627494617,1.1100090735478063,0.9130531975011213,0.9699377532456979,0.6985367622753822,1.0812333558310763,1.0213459726861565,0.883210275031874,0.8069111573083457,1.1400630134823635,1.4603669399761792,0.9381591044742429,1.3492334445879757,1.0976683537988732,0.7091038628966232,0.8253003796585839,1.12349918179954,1.0800747784058613,0.749683341796401,0.8225983244938054,0.8173494038441244,0.8266245054408322,0.808402773746564,0.8156298050460059,1.0277879972238293,1.316603570507046,0.0,0.882124140088138,0.8631239726884027,0.8793271852721094,0.8955628962702243,1.0051000373282013,1.127961004444658,1.035442167971002,0.7642600483180321,0.771066679287323,1.4836517028559137,1.2136896986277308,1.1263693724665504,0.6730715982843023,1.3852576956368956,0.8241120453657351,0.9338584312276926,1.3838830174493375,1.0534762599531713,1.0001156722523208,0.7367882448545388,1.153369133474269,0.9466086848668382,1.1777137112619032,0.9043749919179859,0.7316903726193206,0.8389364834332838,1.012616675094957,1.109050269906726,0.8747063353377946,1.0358886249585628,0.7939374398488694,0.9630492989637727,0.8169581054833244,0.9107006351768615,0.8241911927247801,0.7455342325976614,0.9021363605141072,0.8990028024374653,1.1435273340963705,0.951282148142043
Sinik,0.957679759316268,1.0134392734667346,1.154105709598001,0.9735774680998849,1.3126581095337189,1.019952667854683,1.008862167345666,0.9240519189725854,0.965830471829234,1.297055526156119,1.0409414348590613,0.968970282724247,0.9889112789429769,0.9463382388277892,1.3771958343284822,1.380502058805526,1.2095838578675666,1.1449491199919128,1.2445854875643703,0.9618467437754261,1.1390241893970712,0.9568208741106484,0.7547084727182946,0.9098045538775472,1.0818228814791104,0.9421332854760543,1.1195039333124166,1.17717629979506,1.108056386736698,1.3513086046486757,1.233381882399292,0.9676554409771989,1.012360181556489,1.0781886460490364,1.0202003647729196,1.0552753033525795,1.045202780037885,1.0706622421075758,1.1086013745224539,1.0091332155362402,0.8986788307400727,1.0088617008009724,1.0476140297997458,1.3778194388838703,0.8778781067635442,1.074718982391437,1.2953606860218143,0.8583107280195343,1.286385163007466,1.1537180869225157,1.0603551341783988,1.0557884035378065,1.4662593727880913,1.2447602666401112,1.3158513519354058,1.02526809266771,1.026632926370071,1.1835026918479423,1.176069546599046,1.1003849986363172,0.8840137645169611,0.9565644325266878,1.1978047984796945,1.1547683711108105,0.9292470558784888,0.8992693484517528,1.2701286596958203,1.091158526612326,0.9971263614307341,0.9131728630411431,1.1729704552015368,1.042017699759511,1.2031085180867598,1.025441205822841,1.057173414521657,0.9560613978196165,0.9529733132279662,1.3777869573400094,1.1858244751918128,0.8817196092627116,1.1299748215101177,0.9818020963691994,0.9942586733656252,1.0099855332189431,0.9609406632009346,1.15867751244922,0.9887601912252794,1.09245641735954,1.0108449384216411,1.0835832536533208,0.9805871585000748,0.947650809668846,1.072828570222354,1.053480079920021,1.1381948031022175,1.0617388532594967,1.0538095474959401,1.2798048575440815,1.01545747717485,1.0474991380384036,1.1625317876277186,0.8835402364070236,1.193120797451527,0.9481752864197414,1.0608920074662536,0.9980964701879113,0.895465247198805,1.3417895983067247,1.0373103213222075,1.0623484855512408,1.0712131115986208,1.3335466226731356,1.0735921214427828,1.1569738928046418,1.117894544286322,1.0011878593467147,1.0013098098657687,1.20638577971099,0.8764748635392046,1.012124956711798,1.1036140212799437,1.1481619369141203,1.0244209999076708,1.4115783501979238,1.1424403346932959,1.5932199968041745,1.1341902976851868,1.3590636086461674,1.4504901854367402,0.8942415231621048,1.016661575339679,0.9622625969153475,1.1555909478084567,1.1802312747464385,1.0944439307035294,1.1081541689714702,1.2804354425295357,1.2911470193055818,1.4351244985225835,0.8019700741725799,1.039911743148082,1.3838072271630968,1.1559557441054986,0.9061161585295789,1.31658545462601,1.0507945084071595,0.9848001981614677,1.0024987590057879,1.1778160340238386,1.0582759769521524,1.440605771315396,1.2274594800055025,0.8635761471302427,0.984111264590684,0.9847613914321355,1.1464858341218227,1.1947049282469682,0.896592074072112,0.9437807052169567,1.2175765881410996,1.4430523350075115,1.1765044608635635,1.3463036824785508,1.033197951363334,0.8358806187821686,0.9432353124326689,1.3840921129386765,1.1611382932523364,0.9928495938554162,0.9317400438433878,1.0011037265634413,1.0464678134077852,0.8185062332095655,0.9923138126827395,0.9183170368435121,1.4871067975008294,0.882124140088138,0.0,1.0928896591440895,1.0425134897803097,1.0381284426700825,1.140612680253819,1.2152082536958482,0.9976022906092212,1.055934616263186,0.9445307166112241,1.5387225334966155,1.2875334677561268,1.304440648827932,0.8398650491620793,1.3787519405838955,1.0595243506889693,0.9789794410194517,1.4419804152127282,1.2855027807644288,0.9989690783585362,0.9354902222149377,1.301176104146809,1.069059741481191,1.1004316130546465,1.1470688235303579,0.9507887614539883,1.0416422989992458,1.145703428440666,1.2894301614248584,0.9214790421369166,1.0644509123620898,0.9472945099904151,0.9401324612431897,0.8758174326481648,1.0645170178610768,1.018705326387971,0.9370471142884803,1.1580573595645764,1.0741114704396084,1.2004607664453806,1.0535009911025865
Sneazzy,0.9902960762232127,0.891010163868616,1.0016850395343262,0.7711176155769749,1.1880656749828553,0.9245527683085082,0.9125127709676348,1.0586706065225555,0.8711618600539766,1.2879528135734162,1.0082384086187657,0.9166468775544704,0.8915808326028735,0.9570882496209709,1.261943592660238,1.0418985110024035,1.0951555686066283,1.073601657720407,1.016645870020483,1.0055873206446004,0.8740589095884491,0.9641509732851546,0.9009681741841559,1.0909836532993067,0.942083508499163,0.8681209966352086,1.1030038020063027,0.9627130964638492,1.015074381772867,1.078465059018484,1.011921395295139,0.8979843966476744,1.0159231152101649,0.8677844338094789,0.8714580077404311,0.9711009244643972,0.8254703023314452,0.998212417408043,1.1394474263312786,0.9453272256264934,1.0293514354471802,1.169666045864865,0.876584745876899,1.05016550001397,0.8271024700944242,0.9291042007226076,1.0698189367766668,0.8335426374761726,1.531399509567769,1.0256498242261634,0.8907576061436981,0.927469002613648,1.349319405828819,1.1820835790974058,1.103555240514588,1.3389718791964607,0.8883351015741504,0.9879124386407231,0.9933667165662566,1.0018159994128069,0.9535266251847467,0.9395331901564002,1.1300452779956207,1.2228390020484923,0.9436101859662891,0.9964834627178392,0.8963041069706954,0.899338479114805,0.7648846074131748,0.7511659506315886,1.1349394640214159,1.052600162686804,0.9557796604704293,0.9099986024496526,1.0493149887646125,1.223636497201938,0.905201051848691,1.1105629731435682,0.9831685698519117,0.9303665645413592,0.9895911956204646,0.961569992453787,0.9841526700020057,0.9767783692931237,0.8703551671236692,0.9662043529990778,0.8387972056633789,1.0757353006347143,0.8953055206790047,0.9892138784920012,0.8619538029161636,0.8242090419744547,0.8111990454113827,1.1194594307695327,0.9998304934413114,0.9825823463185303,1.1636339206957218,1.134959362885366,1.1731361019935351,0.9185123056875131,0.9601021515117214,0.9051035845468437,1.058731293830454,0.9141384848368778,0.8565484258981274,0.9613227083231266,0.8228133313144842,1.0582405771533319,0.7617877468294819,0.9542647810410162,0.8054027446612518,1.0483656465852313,0.8726971422820036,1.1737130187348088,0.7406568370613326,1.1085869236232804,0.8924213033431827,1.4599037952264302,0.8310652351995987,0.9492684056557756,1.0593111312825014,1.1057882504022487,0.8972057192697472,1.2086616175583664,0.8664066952630404,1.3304857777525478,1.1410710372188768,1.1356765668878859,1.4958733109786275,0.8691014726254642,0.8591259089043422,0.8374441455761725,1.1206891042643141,1.2264598862918121,0.7716966005199651,1.000372040660718,1.0803878794038846,1.1906734159546284,1.3419826457781754,0.9080023671115044,0.9290305742616567,1.2912404590178994,0.9599029725475009,0.8863699095766772,1.0279332190704875,1.227012305111781,0.7680911357203701,0.8175881159614142,0.8386603107767379,1.1055149187653681,1.2088108310113388,1.3393029906557437,1.0356631541355104,1.0017134066752698,0.7923574563760724,0.9786026325549577,1.1636912613523565,1.0324309434384045,0.8266392992292456,1.159570048785438,1.3425387950769379,1.038408780041821,1.3909442158120433,1.0486775983620888,0.865831791752392,0.9253610283477777,1.199593535779678,1.0185864116226966,0.7995976431523899,0.7217407559275443,1.0063850379773895,0.8619144439013714,0.873191980754667,0.7879612139781343,1.0542191890805646,1.281854560586648,0.8631239726884027,1.0928896591440895,0.0,0.8534271576006204,0.9367456618534596,0.9568433252054457,0.9784321785284237,1.0781711501282387,1.0476632940212947,0.9099460889373987,1.470611943752867,1.085526066410653,0.9848328581716482,0.8618800662152015,1.2796348352450293,0.9185629134070706,0.9783006128153552,1.2668781414336445,1.0658124600388996,1.2743776018287334,0.8041649121483267,0.9859968140635548,0.9510621375133096,0.8709498186073609,0.9778292257323752,0.7388125710818293,0.8779398011616127,1.1123974930485365,0.9510452163154549,0.9497302206569138,1.0051324271589053,0.8368871177112137,1.0582496107025114,0.8707689332326631,1.0187598682288492,0.943805049245121,0.7346354207427552,1.019849427828482,0.9655297111637104,1.0448434959831774,1.024241331401773
So La Lune,0.7397116630101938,0.8358347290007754,0.884533628562906,0.7819564212345327,1.1742015421196,0.805417375969152,0.8615976893093218,0.7729807086903112,0.6725806948789805,1.2583990267238034,1.0374982748747206,0.9666001420908287,0.8040229724559005,0.8964980571268604,1.2357140417215302,1.1238783980711118,1.0054861383655072,0.968623775801019,0.8658597088135022,0.8081964539170325,0.7546537629785534,1.0100483521230599,0.816309675260969,0.9283062207270202,0.8017042996497701,0.8328948267805494,1.0734583405984965,0.9157691229035155,1.1293899825498805,1.1491143106996118,0.9018228514344752,0.8582658781849666,0.965555124051771,0.7352530208745808,0.7103176603505117,0.9349677393213386,0.864363032361721,1.011993335501786,1.2388900983646993,0.6949745083916388,0.953964538950848,1.0538851749774691,0.7850996090913452,0.9802502315689362,0.7539322051728405,1.0137033508176394,0.8813426232464231,0.7094758129514566,1.4368444773394162,0.9829603736127424,0.8994081710828564,0.8823605679437201,1.2935667294377433,1.1209928110342218,1.0155169968626436,1.174342918868421,0.722347105148328,0.7492739655609749,0.8281639118334939,0.9441858259543179,0.7883497780600434,0.9017104087956475,1.0974286533429953,1.342678675815016,0.8144949395432104,0.884753565570957,0.9230308816595264,0.9540897132105712,0.575085017186839,0.7742929541622768,0.8577131778480194,1.0497102192601155,1.0673523358095987,0.7017827919584326,0.9029707497902583,1.2586536828097907,0.7533817624330736,1.0894728447541437,0.8538813004991525,0.8903382007452397,0.9613231654626321,0.9296249524175232,0.8817511093181963,1.0163224164738904,0.9766298951219945,0.9507179138817841,0.7302339261396992,0.7457851469613435,0.9000499106011209,0.8252931365956577,0.749177367829034,0.7487979471475945,0.7977654791588106,0.9766812057836568,0.9618809529165488,0.8007443252794036,0.9646805280662772,0.8784268014405527,0.9795336486303211,0.6573669042053711,0.8748886656966668,0.8651072022754124,1.0862725678579326,0.8472522237257927,0.8411310978666976,0.8546831057105571,0.8233473914099871,0.8380555058235303,0.7116247542233256,0.9686253385071716,0.7831032915164456,1.10432305994309,0.6554724724626239,0.8892743814583142,0.7790184582308064,0.9837252204434731,0.844874436003206,1.476015817985123,0.8194416911708795,0.8354341172704046,1.1453800657611435,1.1983436826577387,0.6923835490475134,1.1961880419014435,0.9231641786448838,1.223047004950368,0.8759020450579644,1.010274705076462,1.396710624386534,0.9015762791850352,0.6974434790791336,0.8508684812100008,1.1672308763383097,1.05887645030404,0.6831983451544604,0.9446187681831039,1.0785042465463996,1.0562554535176047,1.202231127239555,0.8667561412267385,0.7319125796473717,1.0386403994404159,0.9425777608497199,0.8947096367535893,0.9764586341831425,1.0202480942890217,0.6003624855495329,0.7569779649216212,0.9112735562231872,0.8391624132434917,1.0026225738119872,1.3171623205255363,1.1069900599620146,0.8408423492653779,0.6275168321392347,0.8540209886595769,1.0885557633261937,1.0067864433729647,0.623393585626231,1.2330722207139677,1.1371282912645873,1.050150541113611,1.4505031576925376,1.0986044062738995,0.8726397727541066,0.8726382350064718,1.051650193472942,0.989004406693785,0.7594711015828527,0.7598536982205982,0.7100591056320055,0.7028373187663366,0.733043488694801,0.6790304880245424,1.049742362725622,1.3812033334341252,0.8793271852721094,1.0425134897803097,0.8534271576006204,0.0,0.8207294573941938,0.8910267265462875,0.8600758527553104,1.0620385813385402,0.9279564750837795,0.8399086881599067,1.2595852727642596,1.1533763621182935,1.1661819171162362,0.9568236620953527,1.2910465133448743,0.7262219873760739,0.9182564888040637,1.0851709787820545,0.8362076148985099,1.2268743578751524,0.7459823699083682,1.0497384423115796,0.9069314633441113,1.1522420650178509,0.738959771413489,0.7646949110482251,0.7981098073413513,0.9943548901774591,0.9178844883997453,0.9925317360593368,0.8560818366554769,0.6886012694401585,0.9447318167250558,0.737014157917735,0.91290068835652,0.6718517115284005,0.5947347210920556,0.9840079969903079,0.7034654389555276,0.88447590101859,0.8579198056364739
Sofiane,0.8535458513694768,0.8702044204693454,1.1140904525203381,0.88361981206934,1.2161115055409197,0.9102442589088843,0.9505222128690994,0.7975377978876175,0.7837962808381856,1.2647450216686031,1.066570711365176,0.9803090724094822,0.8106243248426214,0.8990646020602052,1.116505228950047,1.011490972865959,1.1013167752046444,1.0682053442727009,1.0079951805820218,0.9478956523830274,0.8366988967612002,0.9140402110490939,0.9167002538832293,0.9542216325001928,0.8508990194314631,0.823256451086721,1.133446364842908,1.0082025928888492,1.0596236469745801,1.0402789970642716,0.8973084878603682,0.8583061966550244,1.0238302192974447,0.8977966841504429,0.8539813827474706,1.0947805545946168,0.8620856874848486,1.145747082529644,1.0827428689059284,0.8226134107303349,1.0840689442491511,1.0781007367330575,0.9382081914378091,0.9807621220252891,0.8734175683384003,1.000392090871798,1.0338087747547462,0.7737035017246566,1.489395468653266,0.9503734347411843,0.8368139893464307,0.8015392634861193,1.266457354754074,1.0162436100118641,1.094561795980001,1.2228920168829356,0.759331182392335,0.846171140360607,0.8759924953599135,0.9080145402162063,0.9183044195753916,0.991654128115669,0.951519036873722,1.4386529901301264,0.8756208264064734,0.9966238717205584,0.8646639926531372,1.0091363070357338,0.7646019901023791,0.7187779754423822,0.9198029970722533,1.1241167074060006,0.9259522970503966,0.8591424691994495,0.9961728931027284,1.169563988046378,0.8564499722437776,1.1587285029548564,0.8119126574921199,0.8505772465201177,1.0044024467803458,0.9707146417941653,1.0299379804598876,1.101500384939336,0.9391038686088925,1.020566587923593,0.8767844371416608,0.9222464469589172,0.856568870208882,0.9396350093884179,0.8172852656067662,0.7795336178609553,0.772197520852109,0.9887245815023394,1.0448161579230475,0.9149983924626127,1.0820201241383238,0.944504221319415,1.0042212446960965,0.7668361109688168,0.8869046768229775,0.8885647342507564,1.200049041515367,0.7692609278908517,0.931010240967949,0.9258027598083491,0.7695543737969682,1.023650248983265,0.6967319081042687,0.9753524994731813,0.86997386438607,1.002631552780705,0.7944279530726465,1.0001896684397253,0.872565019320987,1.117529114341214,0.9955218074921507,1.5006467363038631,0.760393671400119,0.9308576457837797,0.9876911271153609,1.0949040795412393,0.8843207642180233,1.3215126294495227,0.8395278838290576,1.3051243311740655,0.8930575865924065,1.0426995183464052,1.281504562816639,0.8828979887904744,0.7690189083925937,0.9488817680645636,1.176751401951005,0.9868442663482572,0.7402402960060279,0.8809243745405827,1.066918499508244,0.9868050295085116,1.2554534051938455,0.850147085829396,0.8435301778407429,1.1873092007758155,0.8992006322557186,0.8810651790845818,1.0276090611719204,1.0413028045999682,0.8228992707980619,0.8609429325016316,0.8810942952512164,1.0833052494544295,1.0228483642995818,1.2533767657656456,1.030004679870027,0.970604965955274,0.8285455618073815,0.9379600684937842,1.0526621411685715,0.9339055692387344,0.7433011975629142,1.2262322034690636,1.261322993990413,1.0334251260235439,1.4362921009511778,1.130149662092808,0.780418500592276,0.967234080693233,1.1637199166473744,1.1818991261168532,0.7347629012398342,0.7295087770252192,0.7626267613421424,0.7210691096985733,0.8234467673710523,0.7450794570475341,1.185611982959703,1.380783365915979,0.8955628962702243,1.0381284426700825,0.9367456618534596,0.8207294573941938,0.0,0.9556422402709454,1.0626068792718135,1.1323972319500064,0.8565830277301475,0.9054196268953657,1.4479342921063105,1.2495670387467903,1.2784991313780645,0.860648435254668,1.1664780969280009,0.8324780842369619,0.9955956787403806,1.1577796863860006,0.9668048287068988,1.0806480874824866,0.8178099972619006,1.0721426874358686,0.9737243207776678,1.105272223684229,0.9813627870355184,0.7923560866813191,0.8234961083062593,1.1223883312716807,0.9872275305997819,1.0428161026513876,0.9738337689948984,0.8082574503135579,0.9122454754641741,0.8633584280579611,0.8743790436151706,0.9005172787464051,0.7859112296096936,0.9619421857985593,0.8167589476768753,1.1322615405211527,1.0007033680225217
Soolking,0.8974172679082613,0.8504455526075703,1.053014622643692,0.9547867444957336,1.236376044235058,0.8252022664444383,0.8897181535973053,0.8669016209052625,0.8120224101643276,1.074278423265853,1.0677620248515114,0.9608979444423839,0.7919529686670298,1.0192196065897585,1.1674903295062316,1.166748115468412,0.9863194366457776,1.0199272566117243,1.0884964062261284,1.0774380906610908,0.8123945401627389,1.0402393759827657,1.0069244867607452,0.9302530018050527,1.0222431660429967,0.9021576460611187,1.2077652378585193,0.9710282480031611,1.156164767802567,1.2942949291859334,1.086690268380548,1.0306777114794252,1.1057022686553872,0.9227342601427876,0.9056530278739197,0.9867794919412067,1.045417770132117,1.0863179779551113,1.3180301798870167,0.9753702891646717,1.1192879265997915,1.1514646101961505,1.0001881727332511,1.0679798426243716,1.0543372419090085,1.027605902462315,1.0549027730076084,0.9407323221900236,1.6403448033757575,0.8943725010470387,1.0261788734009285,0.8688054138838116,1.0840054677437905,1.1581777871235077,1.2644300352903945,1.2701721888218342,0.8340790888104159,0.9851220418125096,1.0693817180666223,0.9750105053296193,1.0777570592345034,0.9709899926964204,0.9581119292122673,1.4591169960415409,0.8414190931805418,0.9713983722600701,0.9650906963374818,0.9980144529072722,0.89168808952479,0.9057781540842623,1.1075676975268616,1.163428332778829,1.1209758142027284,0.8590770155103727,1.2103347467475503,1.30456126821363,0.9980366352851323,1.105915263839595,1.0919243311500149,1.0836340320852869,1.0036270968665393,1.0782855238739741,1.1056525619881563,1.1272042317505326,0.9322072577304507,1.0603396355735077,0.9657683561035522,1.0159142734862245,1.0631780064101042,0.9687257470581233,0.8706463218153835,0.7455659528226252,0.9272015651183071,1.093917154526948,0.9263101215346494,0.9766352546316032,1.2758755379899183,0.9964428828785458,1.1393233088802701,1.0089597540054813,0.8589602178380901,0.9299572251860568,1.270907264168429,0.9571667700433689,0.9474893082042987,1.0464507493688286,0.9098678221107875,0.88269220208089,0.8570226548557116,0.878690961057843,0.9629044340636891,1.1477711845560665,0.9549396791317265,1.2072294596255675,0.8465077123397134,1.102509444809609,1.1267355255980922,1.56568657944067,1.008049900678241,0.971100155824304,1.1722272573562071,1.3399482693862372,1.0042616664199924,1.3218788053248554,0.8987056699945684,1.3512246900204112,0.8698610740866862,1.0206619562686978,1.2394498781604637,0.9872277005483787,0.92314197825109,0.9104917112453024,1.2399435711684943,1.1057668409315953,0.9354997669928118,0.9877910778259636,1.0734228467093117,1.1083399838981065,1.2271241484473807,1.0856010267888552,0.9712587207413186,1.1559456321816208,0.8615550805995423,1.0671943620710593,1.037544880319141,1.0426356173913953,0.9417455867789787,0.8948453377146302,0.7827181582247641,1.0477026273285437,1.0732186681921478,1.4501497376889645,1.0856621091611762,1.1199174158966392,0.8653181179127523,1.1732893704869125,1.1935315988379527,1.0534576935454956,0.8938989638548979,1.2425646168741185,1.2609020118084484,1.2300574887168894,1.4948785335628016,1.1701717867530055,0.9631212626140393,1.0531211760885761,1.09510609554685,1.1762820587135083,0.9373632200154987,0.805078742124747,0.9868726355000432,0.8780371618907861,1.0051606763406875,0.805141924477006,1.1484536840919495,1.1659379423669245,1.0051000373282013,1.140612680253819,0.9568433252054457,0.8910267265462875,0.9556422402709454,0.0,1.003006584233262,1.107150095627485,1.1209164739379853,1.0487212720735515,1.5160004477796856,1.085446083548736,1.263692089835425,1.0094547905403863,1.3688483658083188,0.8005616330155799,1.0788464681529744,1.3224614080714532,1.124386381319641,1.3244273649224951,0.9064318949007493,1.0816888962421471,1.0643228453722493,1.158775226173205,0.8582628502201505,0.8123791133939332,0.821433390346511,1.2508558618859433,0.9718041436608768,1.0915876252501973,1.0198007273540575,0.9200415016954854,0.9858251611855716,0.8862219619713616,1.0980858744225979,0.9991447993808056,0.813512779083636,0.9580902677590227,0.9019668178012097,1.1139095401366514,1.0731123056724845
Sopico,0.9146048357688705,0.940977278032443,1.0136905926991389,1.0112076924799818,1.1170807221319345,0.9553442345663385,0.8976702102711728,1.0143688962936872,0.9532084381299274,1.2748868872919683,1.012767571012391,1.095131185932489,0.96828398667013,1.0183603942214623,1.394278714145987,1.1948331237622922,1.1998710390727971,1.1383698167156926,1.1000759774952666,1.1377044237723468,0.9718569270694456,1.1602222415439656,1.0456760306575872,1.0708291420938716,0.9203469346218459,0.9556768097084057,0.936310325996034,1.0362010098788312,1.1551616611424926,1.2792636295133613,1.0263505065235734,0.9711522788571254,1.0187204490537747,0.9329572720846904,0.8830523463843416,0.942560799954282,0.9608271298465261,0.9965647120044007,1.398362008742848,0.9000806074797318,1.1699384949418383,1.337120996912504,1.0853903727130982,1.1323493631397414,0.9323822222829328,1.0164565132303562,1.0110115826869503,0.8968457369712229,1.3440387727881526,1.198497302235109,1.178599459666112,0.9485173178310301,1.2470232737636708,1.2227772649832849,1.040446414572446,1.2595592949857621,0.9000195173137119,0.9889263986853145,1.0933666063155796,1.176564644696584,0.9743439486817387,0.9347076529053161,1.242644253281083,1.3413531914778771,0.8523298564990912,1.1474734127503963,1.0505790142086724,0.9312301440244664,0.8121571043060826,0.9727692073600522,1.1792434823003213,1.147237880108733,1.2078946124488146,0.8381097729928103,1.1416268102854277,1.2863580166758184,1.0909892410842827,1.115302576427132,1.071885411831091,1.0225436226611544,1.1550435792410605,1.0208575128535669,1.0040255875500745,1.0783724718553278,1.072018533168867,0.9861659914641482,0.7965775070849819,0.9990587760796543,1.016050401417234,1.077605682933854,0.8724314470053052,0.9356389628672275,1.0665878395092134,1.1688521280316175,1.0532339586113535,1.0353597473551701,1.1129548728972454,1.0720761635618876,1.1920356482256438,0.9548053058109157,1.0598743753982596,0.9594311231203279,1.0788541495467647,1.0957381644830426,0.9981556805487677,1.0196811816529132,0.9648663852233018,1.0249053327883049,0.8887827572246927,1.1151554677119966,0.9516167226497788,1.3737890841770124,0.8312751160968213,1.2088917047603096,0.8098510948293032,1.1531514704200048,0.9332257290925395,1.4345378202691692,0.9872546087006655,1.0383962218117295,1.2667780824236048,1.2657023487081969,0.8063221382865471,1.2348887437434963,0.9799056645104699,1.164575516658562,1.0478817749190412,1.13181538275148,1.5963725887844866,1.0691941907176505,0.9391236284586675,0.891336643010926,1.3080221281680766,1.1502873934545754,0.8628510325916813,1.1370978413420523,1.1526341264196078,1.3346570889325227,1.216632408283167,1.1679425610862972,0.9903587615259053,1.2712512196916188,1.0856047853746877,1.058930788501081,0.9411338279169638,1.268544573412045,1.0065817086043725,0.9094026896366824,1.1130988304419256,1.0053751355451217,1.299334346343417,1.4336639177356778,1.1894330664429982,0.9644744708597325,0.8678169192098671,1.0276803473746674,1.3892326398971813,1.0527624765072652,0.7560564700498463,1.3845771532455282,1.1756735628149964,1.1968932530968481,1.4921619329383662,1.3070394108020233,1.0273952990942108,0.9363360361841273,1.0562103095445023,1.0924670159001586,0.941533607168305,0.8094316538967786,1.0045943544733198,0.9980866187355275,1.0461923336907029,0.8518807948752208,1.1697238637487686,1.4475995384152063,1.127961004444658,1.2152082536958482,0.9784321785284237,0.8600758527553104,1.0626068792718135,1.003006584233262,0.0,1.2695225977641564,1.1780742630479346,1.1032806312967602,1.1717822364151536,1.0499752123944353,1.1423556646022823,1.141599164792142,1.3765765052225085,0.9300166953716356,1.0159382864278514,1.136645245034502,1.1343923548670543,1.3578139704267331,0.8156439473139856,1.1748282948308089,0.980996948718616,1.0271872525532877,1.0488319142545395,0.8944020393820892,0.8971465178755961,1.0500142395285357,1.0294052934340263,1.1591612258549964,1.0548467858828339,0.8844761491265362,1.0313514973565736,0.9904314447383723,1.150405540638426,0.9038017714129477,0.7833010588812809,1.0073429319304816,1.0069017503797335,0.9314702128997233,1.0476503913291166
Soprano,1.087630343191463,1.1257781387455745,1.1353067648006367,0.9430589880173266,1.2557650697989404,0.950458294866499,0.9986467358406547,1.0621568349429202,1.0190593943089243,1.1877891017249447,1.0671269271162316,0.944290115320912,1.0216999305070151,1.1105059668181958,1.3923869014458634,1.3811761445911033,1.1134827643013117,1.1762632706687979,1.2710438818765766,1.0963078651437015,1.1483290561400827,1.0573343769608845,0.9421972326165521,1.0085806703739097,1.0977121715621871,0.999610660500259,1.240670569456627,1.1308708894815773,1.0234158307111345,1.357379738425527,1.1348109985723687,0.9991011600201521,0.9938120696221131,1.133424170106563,1.0007250562830905,1.0523117179641759,0.9771079788826232,1.0861774864622653,0.9940122132372018,1.134199802993951,1.0022327885692375,1.2886193519264557,0.9955175655591515,1.3204353870480523,0.9464536294365549,0.9604593550553318,1.2545689783185967,0.8929021409683702,1.3266533225993473,1.1130339646088088,1.0682915828649868,1.1452926345000947,1.43850181465236,1.3794053483517084,1.3530802985827877,1.0817874795227225,1.0763377735533863,1.1196059383028762,1.1245828826985578,1.2227957989592029,0.9737143383714703,0.8931501128801429,1.247668395808792,1.119903929668906,1.073438784005939,1.0285078902187352,1.101334865790157,1.0547168759843226,0.9535726024478838,0.9922642645296119,1.2537431207698022,1.1267158352238338,1.0977937060178518,1.0472123095605577,1.169026612158796,1.0374634975846664,1.0762270577321582,1.3985769281131182,1.151383566875641,1.0327867580525663,1.2003283886200307,1.0032988298231487,1.0332340755762155,1.1960153394871205,0.9285161176537464,1.0821079238682145,1.0412391645633614,1.104280886446861,1.1056887322356357,1.0823326236478577,1.0930561843876452,1.0015377961557503,1.1797719913386144,1.2783295543565905,1.0392542081839171,1.1292345219615092,1.188163670652488,1.2236589288492032,1.0884090152159325,1.091863001654878,1.1599649471124207,1.028110601315377,1.1669368763034718,1.0773193485095567,1.0659814533966798,0.9236189046206017,1.035384879246349,1.312833622485931,1.0665231281240957,1.096082388725481,1.0178136324983,1.3441114524837463,1.0236113786938625,1.4098029321803678,1.0593521306935576,1.1951158410673137,1.0507965653814857,1.3075290608615728,0.9248201853287935,1.1151270599227276,1.2019809348017092,1.1371766902089104,0.9796342066417781,1.450550529741182,1.130406539243005,1.5309017799832996,1.225377321042724,1.347600649883005,1.628837929900623,0.9826995215512404,1.1170199309634212,0.9854473404155645,1.1758901396147245,1.2044463398347072,0.9961584483033362,1.1291520728591786,1.2641066882023282,1.2195559552782351,1.3529502338504378,1.0186750162310607,1.1038653668258578,1.3249711448374333,1.1443206646328008,1.049735309905418,1.330159965123794,1.1582464132232226,1.026120088500714,1.0732523563397323,1.2022575443748345,1.0573935519907636,1.43789310980537,1.4798246255811223,0.9973033875725722,1.0720813982189306,0.9873002215074677,1.2511728593879867,1.2525212126507232,1.0012243491635757,1.0838842374276196,1.1598186947060651,1.4046078579071404,1.2891617906567716,1.3576140335542533,1.004647297836108,0.9759293820934173,0.9959130351957335,1.4285546502922377,1.0881952448076444,1.0471616001926278,0.9585045716692945,1.0781434721022143,1.0406602189108183,1.0482970387321136,1.0180930318155066,0.7722755387392084,1.464160719415203,1.035442167971002,0.9976022906092212,1.0781711501282387,1.0620385813385402,1.1323972319500064,1.107150095627485,1.2695225977641564,0.0,1.155647528488153,1.107127373891037,1.6181032051117406,1.224820864651293,1.242662604487874,0.9209777917972622,1.335861265502077,1.078028935610542,0.9964285532154865,1.4502796065867398,1.2875812096217103,1.1543627111526418,0.9694008594075075,1.1450216929170356,1.103094253611525,1.0919533480807717,1.1959992350154278,0.9257696983669312,1.0298552987572263,1.1936854503203982,1.2532551912594914,1.1271251641960074,1.1965249629572787,0.9737494010974937,1.159154592400422,1.0537525327845296,1.0905207666162566,1.0980775630711743,0.9767650501871354,1.0897593376993662,1.0802935919315038,1.2054086719158625,1.2044855168859043
Soso Maness,0.8569221189273548,0.9209215453752235,1.1842578410339288,1.0368760603843554,1.322764121272584,0.8563369917895662,1.0350196368831583,0.834660847999313,0.7164360217861517,1.3573525221015854,1.167517917127035,0.9740922967487667,0.7791112284672352,0.8211850726551617,1.4132436409277123,1.0588266876512353,1.3298999010599966,1.1169197520093788,0.9733694101170236,0.9023072496343642,0.9346994689327562,0.8673637021588938,0.8886676883294065,1.1839430837092928,0.9387973485566609,0.9250061187448883,1.22848250314738,1.1055937307886097,1.0224272980789433,1.3781405649149636,1.20503921551909,0.8881089468573292,1.2279438599348493,0.8759668426421127,0.8363001931120099,1.3138317064257643,1.1206290987870533,1.2425171773289543,1.1187283531580188,0.949882120402307,1.0401428196064166,1.1121245429602657,0.9344852139744955,1.2230918984704724,0.9764783858556427,1.2275974180007128,1.0575585621680552,0.8945225713770765,1.64354665155021,0.9265994703724817,0.937716136095694,1.0300561896384466,1.5051118714027474,1.058515734771742,1.0386369797093753,1.0279691406251297,0.8311731629965231,0.8657007238820156,0.9018357301183645,1.0064337890423392,0.9783762690975972,1.1618539983506282,1.0721161262820014,1.2747628747107365,0.9828753028839462,0.9142539437926192,1.0530494163079474,1.1335267197244816,0.9075718594336327,0.6987366894761627,0.8628613421849972,0.9175647774726656,0.914494200651757,0.8326310785348242,1.0498878633237803,1.0173254298728458,0.9074778976310327,1.2668700443829604,0.9973272733880356,0.8691690310867108,1.1382663146929646,1.0059572731161004,1.1123709083142324,1.142466368107038,1.0210711625906825,1.1328003826191353,1.0087593489109339,0.8962708930105058,1.0812300830301114,0.9299069430077244,0.8307926940847402,1.061642747323195,0.8958231841889723,0.9566555021346457,1.220458180724547,0.9783002405752499,1.2147992290731457,0.9470388466918213,1.0264574416782553,0.8733203563171327,0.9765468919576396,0.9294099313227697,1.221697742337515,0.8529164402915774,0.909142852109514,1.0345992993286457,0.7535244952427459,1.2689520121675046,0.789573121834827,1.0789081404011298,1.0242687271553224,1.1605758876104622,0.9356102689596071,0.9073215223957797,0.8954817509535258,1.1132973017497554,1.1988987747326625,1.5069222008942718,0.8996495164255575,1.0296307237675189,1.0988810409568663,1.3294876517795515,1.0422677292752205,1.3245444698530962,0.8965836392086914,1.5555427197799367,0.9161643984116273,1.3338913390045042,1.4451569228111298,0.8988740749281852,0.8176164500223057,1.1678989514013454,1.1611929460499044,1.3388919493385456,0.9893314517170027,0.8463172994969842,1.269305968640411,1.1050208822480576,1.2332831920144778,0.894887107265694,0.8633493580138548,0.969793895478899,1.0655727975179377,0.8744520512896198,1.2294074120787235,1.0489491475438373,0.8445573312102954,0.9254556829360939,0.9782341742227293,1.0348579289220199,1.2450936729089925,1.2241873200802496,1.0324747117024016,1.062585310349507,0.8273503489285989,1.0739476198845717,1.1019953825238777,1.0238415514948036,0.8760563901577437,1.2111148866189778,1.531580136673792,0.9962139800320013,1.4291901289618436,1.2966390915081916,0.9254227279691579,0.8542482191571388,1.2487558001377763,1.3375711644907122,0.8938829566632894,0.8804397171444932,0.8064575505029332,0.8164480970268105,0.8707297987968868,0.9766004673377382,1.2609656315981663,1.4073988982766819,0.7642600483180321,1.055934616263186,1.0476632940212947,0.9279564750837795,0.8565830277301475,1.1209164739379853,1.1780742630479346,1.155647528488153,0.0,0.8204360491998738,1.6873101391413508,1.419333624567216,1.3294447683262778,0.8414159027308834,1.3478814216768824,0.7781069987477242,1.1604501136715286,1.45199099080699,0.9452326814899915,1.0636552727462063,0.9531745602041497,1.226915588238578,0.9845547766531934,1.2313185926535746,0.9549663342299404,0.7987239455089911,0.9188897307591819,1.312966937242332,1.259519484660035,0.9817613176727953,1.0350033650939507,1.0210917890626652,0.9387395634604879,0.8215509760010391,0.8611350120767924,0.8853966831883902,0.7969811638866369,1.01032531032559,0.928330753540526,1.2776026109626633,1.0212663927270282
Souffrance,0.8910827158788307,0.8325024736682942,1.0055698674689524,0.817886963529472,1.3593115631535169,0.9248376061317539,0.8701575465243553,0.8987047191839062,0.7589094713101708,1.3777859910472778,1.2289179334384348,0.8814940118817822,0.8889650047574559,0.636305463707723,1.422369114085212,0.9316627953264432,1.2566561653455643,1.0772575716634518,0.9646485456363769,0.8223586523551354,0.9674746428152902,0.911987266768697,0.8483215534454587,1.1112189462869477,0.9400965334224437,0.893117019043126,1.1917297917738636,1.1425775116067252,1.0417447687532257,1.2257494391014199,1.067297683598429,0.856800897784156,0.9868235212911045,0.8539968055676408,0.9095461900998155,1.2907631433284523,0.9516721358192016,1.1424943046677554,1.0271086384909933,0.8193542109430539,0.9224955756693002,1.0351251561908983,0.9021781556775078,1.1192162953159785,0.8555994291258412,1.137966442622679,1.05641692292805,0.7706292538315147,1.5486245815501527,0.9495711074717543,0.9783001117716946,0.9267401063225623,1.5613155438089523,0.9971929007112905,0.9949147766088366,1.1651441892549934,0.8376336038195281,0.9875297545006259,0.9505090840447256,1.0305933960056963,0.875015849633219,1.0728635403224063,1.1043104809083033,1.2289962284623657,0.8845632802041976,0.8883709831311559,1.0357703001935064,1.051047191339851,0.8373189939775562,0.6955498524998529,1.004931022256689,0.9223023515763221,0.9232798624017711,0.8587290570369954,0.8710979052001423,0.9294065464298291,0.7956412442588209,1.191454519654224,1.0845466499509646,0.9118507647367387,1.0103772160013798,0.852119014894338,0.9947996272723674,1.0345155296895152,0.8980597851147436,1.0123358487659277,0.8195886163718118,0.9129402659193275,1.049531105343227,0.8763578046835946,0.6925908007612931,0.9276442709321547,0.9581790468960573,0.9393351853258504,1.1419760809418578,0.979885409908902,1.1451841274534151,1.0058283454805166,0.9225928757287618,0.8291209623976006,1.0080946135346747,0.8636253295883712,1.1886162151871238,0.8039726944338283,0.796489862558009,0.8940588993765194,0.6423187671270638,1.1353030460077216,0.8643752792203728,1.0876975795535186,0.9556590637598273,1.1194939682860237,0.8379140918072662,0.8101915457416969,0.9149284085818382,0.9501121000996302,0.95153476658013,1.3379103908865284,0.8103957049824317,0.84751601034382,0.9245367591555648,1.1918910867779182,0.9264058801653691,1.32476197209299,0.8134811828275513,1.468583957613664,1.057530350490211,1.2880977862811576,1.553229741012878,0.8584750312901522,0.7734577510068366,0.993200250916934,1.1397497029618222,1.1633340752285053,0.8923807850559978,0.8244842175340394,1.3976339562761615,1.222243105354632,1.3188889984418148,0.7911476578867241,0.9050613697472378,1.128578027923927,1.0344577526551206,0.7270606551503392,1.1364564498121923,0.9698999743988654,0.772147405655888,0.8274495607621748,0.9906681902170199,1.0043611297980566,1.179508682769449,1.1632789838690463,0.9024634972726527,0.930890267799578,0.7148546191864588,0.9997464805244857,0.9175031887881502,0.9538928736893261,0.9105732744041091,1.1645683162691418,1.5105080592306133,1.030779535491663,1.5002250775214803,1.0997326953852913,0.8113289619970058,0.8158416988006775,1.251261498260707,1.0790589290163393,0.8204024606917134,0.8417943266957155,0.8897643106933896,0.8336625223563726,0.8000222799614466,0.8745527513871586,1.0894117782696748,1.3381287692785941,0.771066679287323,0.9445307166112241,0.9099460889373987,0.8399086881599067,0.9054196268953657,1.0487212720735515,1.1032806312967602,1.107127373891037,0.8204360491998738,0.0,1.5695566556412788,1.3715310055744907,1.10892650135157,0.7208881982259162,1.3745368958129909,0.7919202402420434,0.9755377117373016,1.3915055878201164,0.9857804131734362,0.9721253703312921,0.7913479715119588,1.2237571084568173,0.8996198176903586,1.2293947247876327,0.8252082249955925,0.7830160252693319,0.878404391497535,1.1518652051621638,1.046552636247968,0.9427317785865106,1.0714976708477693,0.7736670163922309,0.9995012805639792,0.7837877803203394,0.8884241862552291,0.737055937809837,0.741834721725115,0.9828666464268001,0.8343149789725902,1.1952975118146354,0.8601320301551422
Spider ZED,1.4717767681129197,1.4424063531552564,1.3766197128222446,1.4512674706767774,1.390014312585876,1.5300188362725593,1.348610445495783,1.44674807704653,1.5404859289564248,1.6847380332798656,1.4028559296613958,1.4568026921503268,1.4952447385021075,1.5071079348930858,1.6948050770199707,1.7173594881440237,1.4741160939701587,1.4605822713017944,1.4450400956576095,1.4527159297357954,1.5108900991350402,1.5867819541389425,1.3334338416054488,1.442297688373533,1.3007356642442298,1.4296618558316658,1.5001561707524358,1.3484476038124997,1.5974815292952267,1.3922046579635934,1.4459880131759857,1.301921673973719,1.257433433536592,1.4579197998962927,1.4602609561657507,1.2996540922479574,1.3367799219160423,1.279608669578434,1.7256638171761067,1.3820393916493514,1.5197649499056263,1.7647074501138063,1.4136275046215616,1.5034558845233186,1.244596626943251,1.286370586338001,1.43508979028532,1.3844322594197414,1.3994931684782876,1.652708099370895,1.5741982043021,1.4198691130393521,1.5457739259843317,1.7900632894679007,1.517598555017031,1.7520945664312781,1.4845073720337318,1.536113705144759,1.5682630399922706,1.570258181598765,1.2657997132303427,1.2426120513175394,1.8024152034356395,1.7659014800343973,1.3776459157660765,1.4199743894157402,1.3762386652038485,1.4014228478821176,1.2122076272599147,1.4332685004671704,1.535166972317507,1.5551448340531762,1.6345317483734514,1.3344907283895586,1.496450053546922,1.709184821244113,1.5039007647992826,1.6395642714234187,1.4029291702729074,1.3841366851924355,1.4762188100226459,1.3740149992188946,1.2172602888306594,1.5051038789947555,1.5753518499517474,1.4344266266016974,1.267869037333921,1.3707220906236728,1.128914925022923,1.4619300765494296,1.5228297648057065,1.3863468373651573,1.4449602858649564,1.6404644928262933,1.4407019487003452,1.4203005936355941,1.146773256136791,1.562138703206086,1.5412686769839377,1.3928541946800588,1.5019186284651391,1.4168603421403143,1.3368098947945517,1.5609569284341305,1.5188286829645754,1.3004121947220129,1.40256765710473,1.3775499898176358,1.426621440414276,1.527874886057689,1.2726833232303638,1.746813728092461,1.171109250596716,1.6391917065774206,1.4954829633713322,1.4620589851389325,1.108949850531348,1.7916262710016588,1.3166795368263735,1.3315137979735776,1.8058068114102617,1.512017046624004,1.0723748657180538,1.5166918190105527,1.6376548427971813,1.3616222383232195,1.6494428824589547,1.584429103340711,1.943849412957654,1.4861212839632443,1.4852161624497944,1.3598735873197487,1.6075778463069164,1.3582504410269403,1.3438812678661223,1.6786407336846965,1.3854366098196942,1.7490034352242587,1.7128795253529376,1.5105230058243044,1.2825162700616746,1.7503913928524897,1.5388468473635881,1.448145450459663,1.3498129857295,1.6324030081941054,1.4329529382440624,1.3952275427986807,1.580479722244553,1.2684789373830372,1.6847355296227213,1.8379069177671121,1.5367476580937842,1.2878690141394038,1.358520080849661,1.316477080327942,1.7118379687266292,1.5437537592363233,1.2730873208036417,1.636020806969573,1.5332196969784617,1.6940012789932681,1.7919900583213404,1.6731764771776838,1.5295167850616394,1.2378180372306895,1.3440826194518694,1.2052987160978035,1.4969090929693891,1.3907369493682118,1.500480528506474,1.493951997626509,1.361674591221882,1.3272952568650425,1.4351123349692239,1.7919724125203986,1.4836517028559137,1.5387225334966155,1.470611943752867,1.2595852727642596,1.4479342921063105,1.5160004477796856,1.1717822364151536,1.6181032051117406,1.6873101391413508,1.5695566556412788,0.0,1.5744139686783036,1.3336400117300888,1.5393476853977,1.6175668280626732,1.5576169603090442,1.3030614576692692,1.5319403659534174,1.567657466770772,1.8050795684197212,1.1471851942430873,1.610244818339523,1.3810043968850467,1.4778812904627656,1.597307655245705,1.507577817748038,1.4149672943384177,1.34763701607141,1.365545827311569,1.4800023067370185,1.3951198914547243,1.2779337257408334,1.5138716823088816,1.4880709569395056,1.61145934963021,1.2830536205843386,1.3912296834663733,1.437096576467304,1.4739476582145195,1.1408981640935851,1.5300455286974335
Still Fresh,1.2039004142935292,1.2662890258852968,1.0128664480736642,1.1456278322469295,1.138441024258903,1.0733358640183028,1.051289465218474,1.136130581654722,1.124019727925167,1.1317890163225757,1.0536084884669805,1.2906298376259724,0.9859768881979195,1.3511365783406406,0.9903567896432435,1.5672213371486983,0.9741018321128372,1.02828295654586,1.236519866709341,1.1913771542695588,0.9816328510710567,1.3260541920685427,1.1881705696092657,1.0062764928665944,1.059970647738706,1.1134057230049679,0.9076717780039104,1.221120252488654,1.1981761888380802,1.3361045732614971,1.1877852664238893,0.9288295082008179,1.1341968215441158,1.1332255274606629,0.9886378020709611,0.7951535479010126,1.0309400796217423,1.084855964696218,1.231840077380149,1.2372227370762594,1.1632422517203502,1.2076467056285418,0.9468726406956448,1.2822613153058429,1.067303815801428,1.0899309441305431,1.2064096534277595,1.1318136243130377,1.443270706067417,0.9961862005478178,1.2138769068176678,1.1166872000996084,0.998255799715336,1.5419749892489774,1.2905660894852575,1.2036341237819508,1.1001295941128637,1.2830438548296035,1.1173287300692103,1.2939376436982142,1.1724524571217332,0.9426494092237845,1.4085716052187953,1.4958264691148075,1.1938597492934002,1.1943421744071534,1.167268669618965,1.0852103358637721,1.1128383259555212,1.1448777930694243,1.4887909156781,1.3948312648289516,1.1260904164332877,1.1107761765401973,1.4115679400792216,1.3949377373128584,1.2306981838702333,1.2030871819292466,1.1928328909981702,1.1417535175593765,1.1675307410315292,1.206986025859356,1.259615141715964,1.404342342804322,1.2734609851856205,1.1053491881889284,1.121934834366349,1.0688641006969286,0.9758590898480336,1.0451337554014197,1.133421147927342,0.9941625103646512,1.2520740453380752,1.2692898660448804,0.9981073921127405,1.3915322418034655,1.0875096543708638,1.304053262404183,1.2987553301972936,1.228740344806389,1.1152526396890008,0.9003083275463507,0.9488493317941123,1.196014212630272,1.1561581532516414,0.9214514336673904,1.1745982396213945,1.1530113692318187,1.084853286894547,0.8413129700456943,0.9993462519301425,1.2300925308938175,1.1299538133870977,1.4551629556284766,1.0307378319179596,1.371238890238201,1.0709102809806743,1.688658572136618,1.0648703958931334,1.1856519953168638,1.5512108284177515,1.2690887378135596,0.9710159591341639,1.1684825068948528,1.3358820160343177,0.9957940594014251,1.2008323486942047,1.1189915125056558,1.6502780060950313,1.123722617968614,1.2119460300686187,1.0019835912954285,1.2570588566990906,1.2797665594027803,1.0283565219155506,1.2544966497092895,0.9881567979128046,1.3853082376528336,1.1011946067835345,1.2062617354653442,1.0995348440747508,1.3259439680252663,0.9580276418408759,1.2020953985861227,1.2083925661181716,1.2063792265778928,1.140823996031594,1.206026232727918,1.2352190823025493,1.254579138383229,1.2249146822275625,1.4631470061099243,1.3560780773520096,1.325018782309887,1.108422923718807,1.1719329352627141,1.249675060679773,1.1794153976502415,0.9985382012201026,1.2985178780940656,1.0981593602297794,1.3594942600539026,1.3585424891417148,1.3757004827189905,1.1098124763346815,1.2150877201627568,1.296159460904092,1.0108443692386873,1.1295462818057356,0.9534553020994772,1.2550946312818927,1.2151861059786606,1.1870803267442316,1.0804417841371212,1.0949799426515163,1.4263664891769565,1.2136896986277308,1.2875334677561268,1.085526066410653,1.1533763621182935,1.2495670387467903,1.085446083548736,1.0499752123944353,1.224820864651293,1.419333624567216,1.3715310055744907,1.5744139686783036,0.0,1.073872573148578,1.1770537581300717,1.299449853766089,1.1521146066932553,0.8891301503098586,1.0173960754488518,1.3252458380490333,1.5028623341387117,1.0052778330344487,0.9595645083619473,0.9576332320024631,1.224622707988388,1.2001818269328803,1.008761652938909,0.9271137242819786,0.980604436348928,1.1714147156155796,1.2218603364169107,1.0038581477871966,1.0804102084918799,1.2643684988826165,1.2404116517969688,1.3210508896751003,1.1746531344492297,1.0733407470122716,1.083174493871995,1.2261414314879515,0.934924936111696,1.3456497254048498
Suzuya,1.187508359916098,1.2541314113658037,1.0505544279495085,1.0342529662886895,1.281442915931043,1.2185087911595387,0.9339600258254195,1.2397321426768284,1.1073690238985057,1.385846183389513,1.1366711389243138,0.9874368720120653,1.1775058462510266,1.1238772089730675,1.3803413003912128,1.2846467987922616,1.1609424172155953,1.1168775392210266,1.1874823049775691,1.0867279401797725,1.1856786840039093,1.226639948365837,1.0611019059785385,1.2766141297762525,1.0426195168521781,1.236569344590455,1.0759332145143783,1.3314871938450927,1.1892785956894203,1.3978604243967778,1.0910321673595555,0.8622066028384308,0.9968596298217304,1.1076255777499577,1.0821212367930035,0.918768219659442,1.014458539773811,1.1105486504165683,1.0937156073299448,1.316667294145846,1.2030093572026597,1.3938979954789021,0.9980551859160071,1.4632652058507511,0.9132645832558914,1.0577714297007852,1.40788637800617,1.0443423136701142,1.3850354124711381,1.2575102450802265,1.2951959216146216,1.2481868538132785,1.3804233985405177,1.3713186675227738,1.3430021715156402,1.4205106678491923,1.2079866102618118,1.2977333132743725,1.3220208086956824,1.3129640735940789,1.0414311582048905,0.9717836750694624,1.55121325340009,1.2344960978130224,1.1507054659285414,1.1631737486426117,1.258885042392986,1.0092789658075572,0.9805609952338474,0.9798880194941035,1.4306264685964523,1.1367787664348024,1.1826998430207396,1.2256726245612308,1.1484293798138525,1.27717178390731,1.2545423492995706,1.2966533468882304,1.27612959248319,1.110064141600902,1.1546183933621235,1.0144879734226155,1.0817154249905725,1.2461672198429226,0.9920939328086267,0.9221907380640046,1.0110597142788118,1.1363134398389259,0.9411743976235343,1.078100994345391,1.1541408367771242,1.061729577033803,1.239776636133205,1.4861513756908389,1.036162458708832,1.2817709956905423,0.9606517292977922,1.3718744221440575,1.264729123118456,1.1708650642891525,1.2168905075138818,1.0083492704566455,0.8705856378559585,1.1048958284681876,1.1926395276105546,0.9411730066239687,1.1704449959305945,1.2435905017929074,1.23665607513897,1.0764330889317835,1.0846232039119696,1.322113759302063,1.0589748004193682,1.5603280272524835,1.1482496773338162,1.2415013520891636,0.9503541077129789,1.3373376702533306,0.9909880183838709,1.193934099167573,1.2849829992977968,1.1216566622731925,0.9846269098869989,1.247020308575535,1.1998440523137324,1.2543227191818618,1.447996112275707,1.400444577360424,1.8085399475764496,1.1874106605437225,1.2901839062739486,0.8844973303158241,1.094365671396502,1.3342045565093985,0.9682401678584266,1.3018034097410156,1.2198820667458472,1.445073011689921,1.46699043660018,1.1657248572498629,1.1590082953571934,1.535277365389594,1.1391497350410822,0.918889212757816,1.2601133361370236,1.3486229373571172,1.1799284558768246,1.1572755181214769,1.3976050629202794,1.1529466452269839,1.3600062780968813,1.4952476947042834,1.1222184566522797,1.200487083909559,1.1170011821325845,1.1795997615900788,1.1873696423189335,1.1284665219923193,1.0543658134796785,1.2006345542666272,1.3741828158961267,1.4077932874852443,1.3863613170329123,1.3059762545873277,1.1589887077137957,1.0140948476785403,1.1754653858843778,0.9332531102382404,1.1917975536165395,0.9964477377122765,1.2693345865430878,1.2441143504924126,1.166113112154885,1.1621722745531884,1.0826038041609527,1.3015978226276823,1.1263693724665504,1.304440648827932,0.9848328581716482,1.1661819171162362,1.2784991313780645,1.263692089835425,1.1423556646022823,1.242662604487874,1.3294447683262778,1.10892650135157,1.3336400117300888,1.073872573148578,0.0,0.9091543685934443,1.2372297446193465,1.3253969401168846,0.8140711978187075,1.2089184960679231,1.4354484054580752,1.3211790710511877,0.8959964364846098,1.1869908668557343,0.9541081372297658,1.1548340634322143,1.312077711627846,1.0133006864147347,1.1510111808728531,1.1893282848068538,1.0648378271063255,1.045810676092413,1.20930403519484,0.9937721153993047,1.3689564499996894,1.2626758591510046,1.3055868357595204,1.143933634459878,1.017386205453361,0.9551585233380545,1.333085761627135,0.8901303410559962,1.1855177207376975
Swift Guad,0.8888047992028305,0.878065214514049,0.9301596336852614,0.7970364213095148,1.2464487126998536,0.8433354942601722,0.7847238198089226,0.8256115409403247,0.7328123685187028,1.1968416128782118,1.0257877349662257,0.7180753625360835,0.7899663529585563,0.752733019433645,1.2071263556651026,1.068199472219834,1.1234083600875606,0.9562494627567756,1.0381070974899982,0.8730328704537268,0.9511607655972562,0.8612353959655601,0.6976173086352987,0.8844080943985084,0.8347028624001454,0.9368954986656082,1.0723455322523465,1.0635238253284716,0.971589838664562,1.168623528789551,0.9482305489247745,0.711044008364355,0.8851257405553504,0.8546725907546656,0.8188879426208436,1.0760085599664224,0.9151420608476207,1.0478253636391226,0.7881984573546688,0.9141278853970934,0.8299529675097197,0.9612909676484788,0.7895561126704185,1.1586550769822437,0.7828456638755573,0.9411157648701582,1.1241927016634619,0.7023874255367123,1.454817635239383,0.8700602492182831,0.9424098409581231,0.9069387041911661,1.3808281243641396,1.0815773248676288,1.096049458378795,1.0081514465679584,0.9052657224927924,1.0398491622563724,1.0050323646827315,1.0073607194825067,0.8030282785309211,0.8870523723005724,1.1340569134488454,1.0367753101909742,0.8595996732062002,0.7314929243344708,0.9726012006652898,0.9481633148649948,0.7828306528173737,0.694514011213956,1.0484385220231733,0.9420165430609554,0.8232583475294724,0.9206989811752763,0.8962391616953339,0.9470195405379079,0.8630119650184895,1.148445391312806,1.077571767464175,0.7832695988767536,0.9370699316497046,0.8657331765038004,0.9331822459446087,0.9720143062967449,0.8204739828265168,0.8623643802544472,0.8418976616751608,0.8647794818870068,0.8614692908318852,0.8424238501250745,0.7654387889942814,0.8634597180902077,0.9319734579099588,1.0332335423524739,0.9742507730370401,1.0236162399540356,1.0595425442679436,1.1180418349729886,0.9596473376759349,0.8757147603860173,0.9239881967945082,0.7879267848056578,0.938329178585599,0.7866686704271725,0.8011625988270157,0.7553045496163548,0.70422940483104,1.1359344629358261,0.8238009400980844,0.9113538393171022,0.9136858941238473,1.0270941356287027,0.918971913336026,1.0757913729523323,0.8144540310309929,1.0478141505837433,0.9112235963765815,1.269585932255914,0.7272420791346722,0.9002870729598705,0.9368129354689174,1.1790678588729715,0.8830953233820735,1.1980423698462912,0.8412842471413174,1.4057796198660242,1.0910054380330294,1.1847687399837996,1.5227027808142288,0.7465764986125433,0.8634242300333557,0.890190713288866,0.847040977468878,1.1668225916514183,0.8180083687127871,0.8611182727071487,1.2061301639171707,1.1636624857246092,1.2399245927985623,0.8232345692532689,0.9149239159683418,1.157129244715026,0.9144484127170617,0.7304088590938504,1.194418760520019,0.9523369269664724,0.8520647576308346,0.9523399618234824,1.0193662847749052,0.9640817316828243,1.1879355372971392,1.154084324024827,0.7726310820180683,0.9785130068794333,0.8029120299896788,1.0813700482121362,1.0272614901658839,0.7589615239345039,0.8435191666611837,0.8935982968693346,1.3956719037567296,0.9951300872910355,1.3015112868792604,1.0782567292188328,0.7894742258305972,0.7722247688151783,1.148171248150588,1.0108515929043502,0.7903886675572136,0.7428363176551599,0.9137031745191222,0.851241880211317,0.8848129648872078,0.8698065078923058,0.9235152383306356,1.2139603997576736,0.6730715982843023,0.8398650491620793,0.8618800662152015,0.9568236620953527,0.860648435254668,1.0094547905403863,1.141599164792142,0.9209777917972622,0.8414159027308834,0.7208881982259162,1.5393476853977,1.1770537581300717,0.9091543685934443,0.0,1.1241763598087926,0.8667738865104617,0.8286045334678274,1.272031093717578,1.0946252386576454,0.9694314196773752,0.7075550074403238,1.150388417654925,0.8066962064961501,1.033982154719145,1.0169920752271695,0.6970881852920526,0.8208741677273285,0.9491261566027543,1.0680059197141845,0.8463440356576283,0.9237582568970062,0.7968500769549455,0.9064557149835692,0.8983896868480605,0.9296607368946962,0.858212769048567,0.7713227595595108,0.8352492977729965,0.9134491834823977,1.0573158764157042,1.0058066561556573
Therapie TAXI,1.389829608160718,1.4055840732512879,1.2828853348142906,1.305398808906468,1.4410169253053906,1.3433666480274382,1.2699056155787583,1.3243638484379132,1.2918934870608931,1.457705085023521,1.3132261312281577,1.1976166598798044,1.2382168716369406,1.4176173510463628,1.2720178765730272,1.4450594136708643,1.244527323741783,1.2500799777054283,1.531332407534788,1.2935652359616971,1.3515398807246493,1.388870719178613,1.244628973547596,1.3377801553045845,1.4094176469547477,1.3846189499906798,1.3262516558019397,1.3779445031293258,1.3431655609523894,1.3001418163690721,1.3377798758140322,1.1542711859543615,1.3375918651780074,1.2000708405226117,1.2265522069835717,1.1683913374022852,1.197024804131007,1.326950377480702,1.3069890263912127,1.3695697404388472,1.3153585976289692,1.4494762254493132,0.996548667344305,1.4454298441448459,1.3303741019105901,1.0970983780558916,1.4107673975073811,1.3000170808094962,1.4667088431652544,1.3464752663425457,1.4509384352979866,1.3869564763731506,1.3789756192590183,1.526557200521713,1.6024740263738138,1.34638422320955,1.435232418968325,1.2973020431539595,1.3477041690391964,1.4960241973432,1.2235124885274813,1.0913554136682222,1.6019281460239716,1.3628395571936511,1.256442944156772,1.179398743596235,1.2988398186151529,1.3329386611848701,1.0941673542296513,1.2061540037310705,1.5078604604387942,1.3524246857705622,1.1793848313087159,1.3428427226145991,1.2112934939238067,1.446746972760029,1.427027757115859,1.2337432586431825,1.3693582274062448,1.2957340459775808,1.3246371472988085,1.3470041998519287,1.3570535167581852,1.37177415844613,1.2767221198538456,1.1191983136698451,1.153237539883296,1.288379092487505,1.1118304343741956,1.1220489637549524,1.3592970948946705,1.2560776716150297,1.383925053972504,1.5920145289728467,1.2635555347125105,1.4530267011230455,1.2750593544440623,1.6870985374780085,1.5083183851929656,1.2176775072104606,1.2219129796344246,1.2491409809849758,1.182554445784495,1.3308157370403366,1.2910665467428073,1.071696642100897,1.2456790998123828,1.3446693622676469,1.2635216292246965,1.2259800944658512,1.0974606825262108,1.3861157939013657,1.2720313329841517,1.647010038302332,1.2691762404435716,1.6456132842043836,1.1021410248389552,1.7074998143004607,1.1508847870284304,1.2553845859908397,1.3215028661796475,1.3859448436473607,1.1438354115703993,1.3813862698893296,1.3084168891535553,1.2080265955030771,1.498170003616053,1.3091970880046508,1.7046339449986605,1.291514551410202,1.4410359678395677,1.2204402268010723,1.2664907207480924,1.3857087903035912,1.0744598510911265,1.4631766083802722,1.2097415940133358,1.4247169914587507,1.4554977107248996,1.331385667852859,1.4049590992291494,1.5627867154023127,1.212614340372974,1.3091403859646233,1.3842414302264126,1.5307386950886974,1.276272306975605,1.539466102363441,1.5196630911547002,1.281600553385082,1.3832165700444556,1.4363455403914118,1.2057762771349134,1.4278935261884247,1.344016219585621,1.2872667280866663,1.3915976133489507,1.3814720821725153,1.2368388880744476,1.1683920148998757,1.297699016262563,1.3473925954856711,1.4370021761984035,1.3328922910121,1.2932961369310698,1.201447133925125,1.4842573992011978,1.0929350968799925,1.2291413565045748,1.1405369633426135,1.3165704601984183,1.3002245794223888,1.337524182885557,1.1330563898964476,1.2250945440690215,1.4493081453243595,1.3852576956368956,1.3787519405838955,1.2796348352450293,1.2910465133448743,1.1664780969280009,1.3688483658083188,1.3765765052225085,1.335861265502077,1.3478814216768824,1.3745368958129909,1.6175668280626732,1.299449853766089,1.2372297446193465,1.1241763598087926,0.0,1.4103955699302413,1.0632800854498476,1.1208032973664679,1.4314202216911693,1.2997394872177253,1.0870570762206695,1.3108780273199008,1.1998429790035479,1.3742617082823507,1.5488178517183722,1.2790422741393774,1.1847965624416157,1.3605767081140505,1.2998937516175884,1.4222360827677591,1.258747559833296,1.3906810286711317,1.3374796588676674,1.4963377770258661,1.3467746223908286,1.4717785122552576,1.2127477432132598,1.3187752774023975,1.41390838629384,1.123818308481628,1.5078660145665033
Timal,0.656310040214794,0.7027344363895853,0.9626911351283174,0.8529635820929392,1.2175541431224721,0.6295026961851005,0.8590536479271474,0.7613891040560806,0.6143641570475645,1.2091248564273636,1.0148821503415775,0.9503930796526473,0.6280341078079921,0.758152121055288,1.1549732936229582,0.9991215249682674,1.0121766378450876,0.9361827208134179,0.932409537964456,0.8897414403699159,0.6890450494907722,0.9589496945742492,0.9061063838721786,0.9805142750989685,0.8489156932829709,0.8030805025308413,1.106405421694773,0.907383466525745,0.9582186919279507,1.2432682254541947,0.9224591825445849,0.8435856967550841,1.075219573385509,0.6735880130895068,0.7164455990694946,1.1208312193276797,0.9328309576481683,1.0104650169733727,1.1957699749392827,0.807469167379841,0.9464620291637302,0.9565225585017957,0.9248307206443449,0.8697697943274227,0.9249961783261923,1.0339785864223472,0.741374340005082,0.8018687922779567,1.6382735010363503,0.7417383583045392,0.875876550218761,0.7236620307747779,1.2854158172751753,1.0513116239117117,0.9121842024047097,1.0401706463282665,0.615066342746694,0.7948802353735377,0.7786419027012659,0.9094010732577257,0.9462727392553275,1.0075744999774774,0.8719731187613061,1.4211073789357798,0.8219275321876864,0.9369162988598599,0.7825336036671299,1.0346195570297598,0.7596411488819652,0.7231104417903421,0.8608103725136022,1.0458339674983996,0.8379097733531957,0.595172403047735,1.1091809615115729,1.1437282289199642,0.682887552604782,0.9890585373080515,0.912122177279836,0.9288931569756848,0.9837869232671033,0.964616945823878,0.9657538450473421,1.0649341454349062,0.9483882934906608,1.0379491948997641,0.7654874902564164,0.7519813285684152,1.032550140570506,0.8976069125309402,0.6585758817424723,0.8475673894878717,0.7841263642796416,0.8202929420875229,0.9753073059667302,0.8126280396951262,1.147355205590376,0.8946135620750685,1.0050986919244318,0.7039390226591137,0.7968746811015268,0.8858165537844584,1.167160230454605,0.843824565551834,0.739275715670011,0.968849624645728,0.7747395258126584,0.9012265775471959,0.5870999447423451,0.9408529873643192,0.8303345941166104,1.0423826179766222,0.8097169176269621,0.8353835245222324,0.6391448533827302,1.0907912653053546,1.1058604342544838,1.5982562473846962,0.8826178247544991,0.8967254139102475,1.1490242771314432,1.2825486793625063,0.8350845964545491,1.3192648043201878,0.718855519526593,1.349645208806326,0.6246325732289134,1.084149007620451,1.275681123817333,0.8508871039552666,0.6124857598470719,0.9186510884331117,1.1627438407527444,1.0598044446626247,0.7284726986465699,0.8292068066593355,1.1500758853693969,1.0301837813846662,1.0612826312792054,0.9422132548671042,0.7859472999180646,0.7979535159365786,0.7686116766630406,0.9167729220461566,0.9863532734469428,0.9310702553422662,0.6418743544705107,0.8078309138997389,0.7473854347643413,0.9449730668930918,0.9782464444114288,1.2769051520359358,0.9646613511940807,0.9838515728198076,0.6826872532340384,1.0019160728428604,1.1563343000992499,0.8853610366319603,0.7049875872372805,1.2107302034832954,1.2497446229200273,1.1048002027040986,1.459784740013452,1.268294516921051,0.8428550087536935,0.8852460905283699,1.004284284114817,1.1383950662171707,0.6871638743849343,0.6980540726061997,0.7520022222427639,0.725705904161902,0.8473979601319254,0.7492067084156758,1.191591865332195,1.3066175772725417,0.8241120453657351,1.0595243506889693,0.9185629134070706,0.7262219873760739,0.8324780842369619,0.8005616330155799,0.9300166953716356,1.078028935610542,0.7781069987477242,0.7919202402420434,1.5576169603090442,1.1521146066932553,1.3253969401168846,0.8667738865104617,1.4103955699302413,0.0,0.9836644029449952,1.2782290320305074,0.787931573088409,1.2015831377649788,0.8425332461768722,1.1417100683780674,0.9434428981134655,1.1015503339967732,0.6952999721679386,0.6651791904942294,0.6550723816125474,1.1117964351177647,0.9934598648616751,0.996409931807418,0.9264931768710862,0.8784232645085528,0.8004913513465023,0.7143832617167102,0.7974972116653043,0.7618079213935978,0.7109755607011057,0.9028724408357637,0.655892928969645,1.1200116019966158,0.860553218014315
Tsew The Kid,0.9347922352068893,1.0411466791019726,0.819191397681794,0.8980148084434212,1.0279038365387871,0.9062287990868879,0.7647284201427255,0.9833722123523579,0.9632632506301672,1.1776099743287676,0.9228564487747398,1.0108702283821565,0.8920613897072922,1.0391029861536671,1.064890448980339,1.382503514499284,0.8950432097941653,0.8766383410592327,1.0739079176205926,0.8835201494793208,0.9579618978218023,1.0273872598068712,0.812263062336466,0.8542482578654617,0.8637253422803035,0.9533099012080715,0.787412894585643,1.006491451881333,1.005774055405858,1.1603555392785727,0.9657518483865264,0.630630068022029,0.7649627840509905,0.9233576488997137,0.8460487538548233,0.7846799034353562,0.8210041567552825,0.9024365341358142,0.9601848524972681,0.9747936301070755,0.9321636483074225,1.0638375673386824,0.821494421903127,1.1435977600743075,0.7437979578768602,0.8740325336110477,1.0800668264037212,0.8544154803322983,1.1454537154165259,0.9541876615116363,1.0003062320090548,0.9680292183639413,1.1680857108452465,1.3168498473860692,1.1080293059366821,1.1283411281103672,1.0072550753662615,1.1294690857385263,1.0247930448895863,1.1109378173226012,0.8489153715905702,0.7910085725588004,1.2282255934920157,1.0953936392819028,0.9487142466137034,0.8968895975479442,0.9743216038914091,0.9887922786572099,0.7912898873550579,0.8675747237809174,1.2400388898528207,1.076386239235359,0.9724016593939571,0.9751972164050133,1.000147189014151,1.0590026589987447,0.999189551928577,1.0999141206494847,1.0502876728096588,0.8938240861483057,1.0136118929288023,0.847940318993158,0.9191319255591666,1.076900806163127,1.0199037967276088,0.9262334532864009,0.8043690541477453,0.8667677993440331,0.7380906543638613,0.8695513644174301,0.9200983117459135,0.818905972825318,0.9473908758776275,1.0971021713205305,0.8575373851555917,1.1339442079288562,0.7478546059053535,1.2015340905451397,1.072492996685629,0.8664250191460353,0.9815477339139285,0.7507425642979002,0.8296998288091124,0.9118925469298613,1.0487147895525102,0.730974455496357,0.913083106041049,1.0789603811992465,0.9067155556720266,0.8423691589935298,0.8339707095541097,1.119759232580453,0.8867120137728317,1.1550629755090915,0.9379697806969045,1.036430794834195,0.7314359019748676,1.316664770889122,0.7698689163645074,0.9904647434131806,1.2114002077876762,0.9876304620824743,0.729697410777502,1.1359411672954882,1.125367962169478,1.0520965346207027,1.1628551238027465,1.0559485502437738,1.556463853109978,0.9611254568341153,1.067774872653725,0.8050836064382476,0.9652970016142723,1.1806853916236302,0.8278252790957754,1.0224806131814779,1.005596778968391,1.2405615569854487,1.2026072076101257,0.897079756298259,0.9876829505845195,1.2318834805996097,0.8718627157492325,0.7772740600121453,0.9643438709638743,1.1025696208024078,0.875822315947696,1.0367410727101998,1.1470128071246177,0.9072291251064774,1.1344543441570056,1.249599377382274,0.9689484325726699,1.084686025020096,0.9365580058175786,0.8998883711207281,1.0853801460803163,0.9561277283154666,0.8383510501031857,1.0881306098044854,0.9135028744984328,1.2593370853799433,1.36611981222024,1.111859207473991,0.8671606307494774,0.8275578851190303,1.1179274269697037,0.7678841327417646,0.9429567673945374,0.7927860908429897,0.9868491113907555,0.9786944791511843,0.8922673606135292,0.824569722499975,0.8096670850307551,1.3123776893012638,0.9338584312276926,0.9789794410194517,0.9783006128153552,0.9182564888040637,0.9955956787403806,1.0788464681529744,1.0159382864278514,0.9964285532154865,1.1604501136715286,0.9755377117373016,1.3030614576692692,0.8891301503098586,0.8140711978187075,0.8286045334678274,1.0632800854498476,0.9836644029449952,0.0,0.9292641807584733,1.1001726131416556,1.1843159987262246,0.7272755836977859,1.0842743212802672,0.7836528612006574,1.029938863490353,1.1215461213642082,0.7952047633303466,0.8506660631462988,0.8493405041998304,1.0647272684389497,0.9374847943361592,0.8994490972179416,0.8131608430102979,0.9796724736332877,1.0577152800793952,1.0210635446494605,0.969821701386266,0.8774771772258118,0.8997054004054796,1.0434003890384886,0.808023560495312,1.1253292030437925
USKY,1.1948695760923174,1.316323284273848,1.187367173076756,1.2174997153715414,1.3668195546734099,1.2331229620048303,1.156472163405798,1.2088066268334317,1.164740394768719,1.3333215549511706,1.346882016284641,1.310617861840405,1.1223381343141652,1.3107365588299746,1.0826065349856984,1.46985338320233,1.0655125752728372,1.0503750138072183,1.2957126303373203,1.052682253370481,1.2214992408208643,1.4579430823064892,1.2977949763034071,1.215721575283887,1.1249405982849827,1.2572935403872885,1.0549949044902656,1.2579669007746748,1.3190818834189342,1.3397232956045066,1.126039601741204,1.0807823804726606,1.275365909916139,1.1208996445109678,1.0863378514944062,0.9973908757899378,1.0655834716767543,1.2923902896318318,1.3596918999606242,1.1891553001839712,1.4393707592260916,1.2308181661954187,0.9439503311859199,1.358216075220655,1.1710274975578776,1.1540514083506703,1.344718326352295,1.2297027369264213,1.5160028875459786,1.177632204322168,1.246072845520255,1.2110447426929993,1.1343438989034085,1.4682732241756042,1.365757309426143,1.3255264293004714,1.2744138593774699,1.2612401850896011,1.2026296689541385,1.475481926704755,1.1378264951123251,1.145181251609683,1.507776457100581,1.5596112826575028,1.196543421361499,1.2978022896960772,1.2087306800006494,1.159069339669919,1.0514018923273027,1.1440225410498628,1.497430581582949,1.340320268426794,1.0931010702688868,1.17212795450895,1.277705115526973,1.5755228199283644,1.3353607397310334,1.2648156637865748,1.2496064297075342,1.3118100750198152,1.1323774448081343,1.2855437240490841,1.317376863506009,1.402415186494821,1.314409007113293,1.204765939237811,1.0545296318552912,1.1256103845174115,1.021249878544672,1.057770938934125,1.1705850948944323,0.9907331129680572,1.2528656307040178,1.3574706206905331,1.193643951492321,1.2811525468806289,1.1207949334009504,1.461781439378485,1.4920248863223369,1.1849069837319244,1.149097944467872,1.228431558502679,1.0744289425528637,1.2016128515179367,1.2291495893107771,0.9542755592210878,1.2592256959769996,1.1780751388484385,1.0953668522565505,1.1068508114924065,1.0369095086792477,1.2016118271015417,1.1731312811223575,1.4938537303794244,1.152986113826895,1.4456091529387824,1.0548950780615385,1.798423319157729,1.0832378700787397,1.2507291934541835,1.4851730076734138,1.4042276768753184,1.0561188651641222,1.319677901982967,1.3102490010739807,0.9303426260822705,1.2797696281824409,1.0924310421204717,1.6838918523559692,1.2752558246763257,1.305064692490138,1.0790187284777197,1.3870177082323172,1.3117109982544022,0.9957950964036535,1.4760051773587266,1.2214861182703922,1.390748728632471,1.2015128185096253,1.2811605724128614,1.2778695573712824,1.353711548563535,1.1742051929033424,1.2453350076560943,1.2905682257482654,1.3868353833288263,1.1915185418622973,1.3675627823623024,1.435742686067326,1.273184068853081,1.1821727025854794,1.3835556179789243,1.3572770050238474,1.2968037780988446,1.244163286666057,1.1528429509251623,1.2956996009946509,1.401286371815405,1.0927063914479007,1.2948863805618425,1.2024384535799488,1.3400504326306766,1.3756728182820934,1.479052416138068,1.2590128255391912,1.245372339084004,1.2614991614309863,1.0207857369697673,1.1657588331584063,1.0491717549404764,1.1654399754223412,1.2369039251527163,1.309553706287784,1.0568440568398214,1.3521317479193087,1.4941904548464888,1.3838830174493375,1.4419804152127282,1.2668781414336445,1.0851709787820545,1.1577796863860006,1.3224614080714532,1.136645245034502,1.4502796065867398,1.45199099080699,1.3915055878201164,1.5319403659534174,1.0173960754488518,1.2089184960679231,1.272031093717578,1.1208032973664679,1.2782290320305074,0.9292641807584733,0.0,1.3942712197757638,1.5458717939101212,1.1003889425885178,1.134341854945478,1.1356802139825368,1.435388462806025,1.3758207865590306,1.213908469423481,1.0914345963972347,1.0145439773952913,1.1627300590304943,1.4126316355162407,1.104371262374636,1.1108616765341752,1.3239530532156634,1.437556432212881,1.2601831690164278,1.3020068360137436,1.1363630213235993,1.1108688815760417,1.283727683220515,0.9703874442650893,1.3653216823256111
UZI (FRA),0.8375583502998597,0.933646067461729,1.1204355340653473,0.9655096144246151,1.188809463992454,0.8629109667569377,1.1183320958669116,0.8963242614392215,0.7926788713761727,1.36448050854814,1.1523853906274952,1.1680248069444332,0.8100849312485706,1.0178961289426218,1.2954438853910835,1.2024316932275927,1.1038558272507601,1.1369687002655802,0.9208241361240913,0.9661826733668119,0.9213126131336182,1.1077486121137314,1.0125788808558882,1.1034375286673808,0.8671418572136832,1.0148326481176806,1.2518724013232676,0.9930134529685006,1.161658395033288,1.3173017145244783,0.9851736180409656,0.9952192267802192,1.1479489553851947,0.9046896349183423,0.8149482790904965,1.2406729221699755,1.046808729093848,1.117652728934704,1.2839409717699755,0.8491849831753467,1.1605134676811317,1.0272973358074808,1.0088113861686256,0.9842585456452452,1.0710127799895575,1.1104833866251786,0.7433855244726467,1.000106036145408,1.6498794560744618,0.8696869117139208,0.9929333814243528,0.9699290397193152,1.3830671512777746,1.2228173835664295,0.9160222786176795,1.298296075702335,0.7231025325983308,0.9734169693886294,0.8284675610773123,0.9925071883109408,1.0510450957343123,1.1520362208593793,1.043264748324816,1.4794629320909032,1.014850622024683,0.9626252137448984,0.8841726381368243,1.285372666493326,0.804477347585019,0.8926855402081912,0.921086221982834,1.1655789637260539,0.9959183516925159,0.8091772167043854,1.1766981842496937,1.3796109967405827,0.7839713553581162,1.228151035126853,0.9658243213691861,1.0370232163205626,0.9532253548230097,1.1290984964292465,1.1766044372356774,1.317055964593804,1.239312430591862,1.2262634207406682,0.9223214470624012,0.7678102879223906,0.9801198755063273,0.9555292236505146,0.972623786712056,1.0309753785753941,0.853915818445849,1.055073105081391,1.228344838952104,1.0077757115669168,1.2570402191862058,0.9066065570383841,1.1751809534336095,0.8201430354776181,0.8506278955864578,0.9126315300722543,1.3211267174380719,1.0009155245273653,0.9645847370144867,0.9548371829005446,0.8590041912759545,1.086814933405497,0.7473197440253639,0.9314332398475659,0.8709632199276057,1.1312456322484883,0.8768002068102919,1.003574953783584,0.9568270856796609,1.2675802091147659,1.1701547463004527,1.7410705581769073,1.0312197115279895,1.0160505380689513,1.3603227173163168,1.4211464862916972,0.933497967963709,1.2532475345819547,1.020763410471467,1.3330643986958517,0.9566603895741891,1.044657679971334,1.2562739165261738,1.1070908725990372,0.8333370856872319,1.1482432902546906,1.3073368616932355,1.1273698205369889,0.9087138609078615,0.9118703847977851,1.0552001876434103,1.1852870417154335,1.1495692038900927,1.1287156900256736,0.7839629292855953,0.9574836624482995,0.958137709265148,1.057448849292143,1.070572872925711,0.9200983916862294,0.761445697720402,0.8430681861189965,0.8943748129689464,1.0408780879451334,1.0962379497072792,1.3930817095002963,1.328889558929784,1.133642794792038,0.7949884393417616,1.031032422551242,1.1224227356523264,1.0833942921530628,0.8249449505903675,1.3073126970964781,1.34676126267411,1.2443161271653047,1.5666292455810755,1.278838378505981,1.039502710324961,1.0159453585559928,1.0946187889659589,1.0955113215684076,0.8924558303678297,0.9181870624451505,0.8503168403775672,0.8193731368198641,0.9681952274689223,0.9105133467971694,1.2859900137019182,1.5377835643971516,1.0534762599531713,1.2855027807644288,1.0658124600388996,0.8362076148985099,0.9668048287068988,1.124386381319641,1.1343923548670543,1.2875812096217103,0.9452326814899915,0.9857804131734362,1.567657466770772,1.3252458380490333,1.4354484054580752,1.0946252386576454,1.4314202216911693,0.787931573088409,1.1001726131416556,1.3942712197757638,0.0,1.4763215778233296,0.9563884155866258,1.1146678264736531,0.978564391397029,1.2281390882029555,0.9016284601668328,0.8341618170348297,0.8351381324936046,1.2054095434666048,1.0888433460963989,1.0865970051943186,0.987365037129938,0.9894368439362448,1.045299815416542,0.9153089207764971,0.9037981531479822,0.8963308482318824,0.9912690959410775,1.1056621409058514,0.754186116445145,1.130206946188646,1.104334747292313
VII,1.185460056433355,1.2202217151644208,1.3412142476156261,1.1228693951617972,1.5844944728103243,1.3072007639353196,1.0998423239990145,1.1441279218084193,1.1531744333348688,1.5439420106570438,1.2721344375047472,0.9666269902916492,1.149456041053544,0.998986536359705,1.6419253740872874,1.1429367307539033,1.5271045303739224,1.3896373320787374,1.5149440366909668,1.2463419051824303,1.229302768102266,1.1344648004916298,1.0426435795054794,1.3049121867254199,1.3208339427623892,1.1558284768721498,1.228109115335368,1.4678628298487844,1.1677080459590579,1.3861580116867174,1.2056968810187614,1.097249191293509,1.2733612209271377,1.1863528579209246,1.1402940004527842,1.3692676834829522,1.2042975625301333,1.3245036493565316,1.13784942807926,1.154174042120092,1.095453011902858,1.4129240160131251,1.1655864652483403,1.5123941668864693,1.082045161470492,1.1698668734824338,1.5795125591326078,0.9658032994292056,1.637157180209513,1.2718736299740934,1.1274846817364719,1.1718976796531348,1.7422848617560935,1.0822561934828068,1.5640133853892975,1.2084036687738062,1.203299328626745,1.3299568353746414,1.2686286141153287,1.3683043591493131,1.0570453421412236,1.1089848966554832,1.3290335372036521,1.3116155661095004,0.9924629434992482,1.1233969952297396,1.2975369230367932,1.1147336547858446,1.105054745345672,0.86653866372786,1.3111670833077844,1.0606619622975686,1.1738858207733225,1.2385794391841,1.0362498935266389,1.0410662175495204,1.2939577569097407,1.4816324880599863,1.4005978673288169,1.1665723826639753,1.472107726954016,1.0156608105920708,1.2804911076831018,0.9905903556909628,0.9911649562304377,1.1965829730191289,1.0354536055642585,1.2666418468308303,1.291933531418766,1.1601302324190477,1.0455764318354115,1.0918538580391128,1.3270751575189814,1.2886383495782197,1.3615391546309856,1.1021101838953624,1.3474391504262002,1.4814846030361217,1.1775576781476778,1.1775401781860506,1.2879260072352055,1.1661424019996252,1.3641790251651575,1.098620931349457,1.20958357478368,1.172165327464258,1.1046040643598867,1.4120200270918224,1.139707902805103,1.3927425494558234,1.3594261070452263,1.370133467191001,1.1543927109846832,1.3300910603644012,1.1857364773870709,1.323307730048245,1.150048095569767,1.337788132979248,0.938897194604079,1.1659799638255903,0.814796077898309,1.2512799044466725,1.2347290760331235,1.5600417460534795,1.1279251993807977,1.740020425306163,1.3899835712035837,1.5579232066242428,1.831513419602132,1.1814874965512183,1.2013477111253923,1.206039154073776,1.2376787712981998,1.500569546564452,1.2225653689346878,1.2072988026507119,1.5076732029634088,1.394939256970072,1.58769845331743,0.8924979753400563,1.3287493121599612,1.502772664237672,1.2877737076983382,1.0213710027532945,1.4616445299555691,1.3640271411686051,1.1320198222937796,1.3035465349427056,1.3661549673068092,1.2814016052109074,1.46815768420793,1.371779143679619,0.8832466498561163,1.2815298944307394,1.0682906426529344,1.3364250672354347,1.2394724988523116,1.0620308522868946,1.1997481084572708,1.2849678497012784,1.6260937040930263,1.069869858949312,1.5448149310825654,1.2023555019103418,0.8504011203513397,1.0983262720765108,1.460614436013162,1.381717319419055,1.077309634532314,1.0363687108176112,1.0614620732097104,1.1693927491608647,1.1631455709430663,1.167061510752455,1.212105522124248,1.411077957498344,1.0001156722523208,0.9989690783585362,1.2743776018287334,1.2268743578751524,1.0806480874824866,1.3244273649224951,1.3578139704267331,1.1543627111526418,1.0636552727462063,0.9721253703312921,1.8050795684197212,1.5028623341387117,1.3211790710511877,0.9694314196773752,1.2997394872177253,1.2015831377649788,1.1843159987262246,1.5458717939101212,1.4763215778233296,0.0,1.012034414862821,1.4987011933690975,1.2914342641967838,1.4659352605160978,1.2265379308935829,1.0902348026198345,1.1304408766446499,1.438147374664478,1.2736537442808091,1.1500568399529814,1.346021861930884,1.1678755628073587,1.1353262184086452,1.2322470531909209,1.1739383959657317,1.2540928728838892,1.0161046538250273,1.1831662575711883,1.3121788013500804,1.364060950757455,1.1446520246152228
Vald,0.8016726096298806,0.7502872103302529,0.801812769497671,0.7161318559967487,1.120525916511101,0.8299734716901402,0.6617643403397341,0.8383508696351328,0.7606192464360426,1.169469319769519,0.822030030095106,0.6750697066099287,0.712371296067928,0.7260510271216318,1.1286434718126679,1.0218843791574228,0.9765140233596935,0.8740637276962598,0.9896802575755033,0.8256326949502456,0.810207529330831,0.9206680596049899,0.7999877930642182,0.8694709927310924,0.7233359647656978,0.7818629928768481,0.9578334882051484,0.9071514714031987,0.8552410958808369,0.9798474714070248,0.8196514799379357,0.7537761727666592,0.7660180937134733,0.7612435735612041,0.703184114828502,0.8049130456315495,0.7172554383981185,0.818471754438193,0.9147151275125182,0.7795336448291391,0.9115889203474659,1.1025252998877666,0.7236769150803308,0.9334317178542868,0.6912703447425823,0.7208082640006602,1.0179680390972747,0.6607010081515009,1.2614655271835333,0.9115825093521477,0.8599885764868866,0.7246200656381468,1.1479894491223916,1.0526029559541834,0.9798478574901488,1.076960531632771,0.8474877145760192,0.897646724103258,0.8848560269084732,0.9922876410641357,0.7892903496620246,0.7079174111501456,1.1480162803535627,1.123860611387091,0.6981733989686126,0.7502977057576419,0.7792786687440935,0.7532966208552789,0.6356718269580409,0.6324723837206114,0.9803679921095548,0.8733110482966999,0.8652441370647378,0.7657591826849895,0.8518363170911999,1.034250550664936,0.8640454431934355,1.002064432103616,0.9122571530588268,0.7451962384174323,0.8923165258387691,0.7605268040194685,0.7797314765995302,0.9253747431466831,0.7813390653240844,0.7868943976969969,0.6376573640720189,0.7999374326291537,0.6792639875861624,0.7667007638738038,0.7331703147300918,0.7370849221295178,0.8385777797614696,1.0369455517378854,0.8446033891560691,0.8030793289618777,0.8506670995412555,1.0151384692991512,1.029743971476005,0.8134849553424176,0.8132152069735525,0.7759425462331571,0.8497180044615482,0.8318719312220746,0.7771935886322399,0.6389877248469629,0.6968941429485351,0.8356118606212477,0.6901875815308571,0.8432153053757538,0.7173445731738577,1.0525749221684988,0.5386499840104644,1.040058099770689,0.7446154282787751,1.0831090157742194,0.7007760968471974,1.2924986279340962,0.6398817027010917,0.8299403667575597,0.9549486726701049,0.9592808235091422,0.6167518444362662,0.9703407665134965,0.8539403336938598,1.0962631827881142,1.0870115579743727,1.0622330560232616,1.4806018328477295,0.78773290434224,0.7759888676199913,0.7511157676052285,1.0104145650434042,0.9902567185219202,0.7075902725060097,0.8245213702230862,0.9064905748192629,1.0726289559046758,1.146227518752471,0.8296558501918628,0.7896076291292602,1.1782695929589928,0.8952256473355885,0.7996400148592383,0.8455638794187027,1.0323672804852,0.7031493292131207,0.8002618384778565,0.944395832755918,0.8290874691215877,1.0840747025211002,1.1216179882860677,0.8633438629959777,0.8796619421006764,0.6679198517796472,0.8103428567104874,1.0647168477055406,0.7779188639830127,0.6735361286514366,1.0006513027180874,1.1700095706830143,1.0106933520728079,1.2976985272852914,1.0663533684039523,0.7005939151265687,0.7536541576595518,0.9506278522074254,0.6852197038868358,0.7692421731842086,0.6044842126666577,0.7860947648004862,0.76525068968816,0.7644315454816919,0.6641307591033176,0.896918448817913,1.1895048642377326,0.7367882448545388,0.9354902222149377,0.8041649121483267,0.7459823699083682,0.8178099972619006,0.9064318949007493,0.8156439473139856,0.9694008594075075,0.9531745602041497,0.7913479715119588,1.1471851942430873,1.0052778330344487,0.8959964364846098,0.7075550074403238,1.0870570762206695,0.8425332461768722,0.7272755836977859,1.1003889425885178,0.9563884155866258,1.012034414862821,0.0,1.0304680800999984,0.751404944566169,0.8676529284088631,0.8961352262267592,0.6777612944649939,0.6640365626909426,0.8604659831929531,0.8899275373684626,0.8644794141944684,0.7887809066123275,0.6380989865301898,0.8642650571189189,0.8024481620389551,0.8422340252157361,0.779968559446777,0.6305600085898727,0.8195649998205748,0.8069938240159007,0.7889948699982106,0.8415375792400781
Vegedream,1.105103742972379,1.1997106947463427,1.178307071517436,1.116547049313902,1.1780330287388698,1.0487586163058507,1.1307307473266228,1.039511438598452,0.9659434743211499,1.0549212654457023,1.078240328124719,1.2091347608589487,0.9782743624315551,1.1964883827473722,1.0971299895174713,1.4537702954066842,0.880634881852364,1.1383646226015829,1.1393971579210755,1.1403869382720822,0.9778448101956059,1.2501452196791465,1.1820581581773986,0.9966725250769951,1.017520280325165,1.0930052086545248,1.1077381328853522,1.1515732064104895,1.1928718973729757,1.4282361939038644,1.201304113837982,1.0472318570598802,1.2378448494806296,1.0900232561520666,0.9068265125864147,0.8712170774804345,1.0955154027565965,1.2475643683622295,1.3502569088620966,1.0817139346541664,1.3840339571675835,1.1531374067904876,0.989183191020119,1.2208510923689753,1.122988922433411,1.1506374791717282,1.0875584861156176,1.1114347658687658,1.6079277125475189,0.8958487862574745,1.137212149318903,1.1092507201137727,1.0365566484972077,1.4221197254205404,1.1803649624351016,1.3372604045226428,1.002754157073634,1.0950510673907485,0.9939667953064018,1.228149490114535,1.156907351547654,1.00452509552327,1.2810301402887196,1.490872193659748,1.165288148917005,1.0538695795587578,1.0419191727037087,1.099379370923764,0.9617791223946288,1.0393033742625788,1.2871750562140012,1.356258669646265,1.1100540483972188,1.0829430139552094,1.384069172657834,1.3891414682959242,1.1346305212119556,1.276270132159363,1.0773961629662383,1.1935699102217752,0.9879633086909599,1.2902744653616325,1.2328017634019568,1.4580894193361027,1.1456103983247405,1.2225274053245814,1.1296222457722793,0.9796085295987441,1.0244990074288154,1.043844329244719,1.0911087854527355,1.019323580533012,1.0975737201565121,1.1896031499445,1.0831618071073692,1.1703633337385686,1.2294582437657473,1.1969224503017877,1.32220556818236,1.121534973586851,1.0723107259278937,0.9001950066856785,1.1657930669520729,1.0954848155481307,1.0552761935739672,1.021555258231501,1.0321546084730178,1.1726074572656844,1.048916630370317,0.8342161904140326,0.9208029705017483,1.1196794249309898,1.1307303208744697,1.3808820765090555,1.0295892550643737,1.3704892414019365,1.0988621996865158,1.77108370904648,1.1023034958546711,1.2774291943479243,1.4977810029730885,1.2812667633759558,1.0664417605628527,1.345462513023721,1.218726597100338,1.2301989756053562,1.1460614264729232,1.0820806567675925,1.4514695275889442,1.088972843333979,1.0716661718887075,1.0159308052102933,1.2562645609454761,1.0773154444213717,0.9588054634314449,1.140195057136358,1.1419425902547664,1.2318463020640555,1.1017378737596535,1.1141387504259384,1.120357131702799,1.2720970469748882,0.9605087489978412,1.2172209841423252,1.234222262318028,1.1298652973611922,1.098709233227584,1.1005595745625418,1.056751167791277,1.2216818539037493,1.2261471368008559,1.4839866329375568,1.3126544532213806,1.2253673322928957,1.100133738540238,1.1696955674270915,1.2047351069004135,1.2817312412011719,1.0597731362202445,1.3100239754721583,1.1544193196274555,1.3597207084008351,1.2874109878747095,1.298344145868702,1.1152001111437018,1.1898090529134329,1.3043582692408406,1.0933928545516862,1.1046561455754882,0.9587710007089913,1.2131422473598545,1.0662072316113258,1.1601359420834922,1.0240713672205715,1.245019439800172,1.3428719551203758,1.153369133474269,1.301176104146809,0.9859968140635548,1.0497384423115796,1.0721426874358686,1.0816888962421471,1.1748282948308089,1.1450216929170356,1.226915588238578,1.2237571084568173,1.610244818339523,0.9595645083619473,1.1869908668557343,1.150388417654925,1.3108780273199008,1.1417100683780674,1.0842743212802672,1.134341854945478,1.1146678264736531,1.4987011933690975,1.0304680800999984,0.0,1.060790753486643,1.1216394873420283,1.2756317258929677,0.952467135971624,0.9004840784181357,1.1651725348229933,1.1688433273133174,1.2980773941651036,1.1353483484466864,1.1138140262833338,1.2282277809535018,1.1396929538280665,1.2449589824522391,1.2108003946413175,1.0462639585415798,1.1014041351730763,1.0997765733268638,1.1039398502616238,1.3204517479282003
Vin’s,0.868272260161131,0.9346470427687676,0.8397430697754913,0.7995280865081341,1.0179621263613408,0.864528187025292,0.8966611388825982,0.9184311838768838,0.8362323445804823,1.181585545308035,1.0328773280829793,1.0154417372253968,0.7771337157911318,1.0317460616685539,1.1316038647358135,1.36796039874639,0.9363011956938059,0.7474741298779356,1.0182093841851012,0.855320513176899,0.9054580298753727,1.0147730259896603,0.8411538556299079,1.0544734248870569,0.7060989155463839,0.9722288671909509,1.0014773871644638,1.0148376722651256,1.0785879408970893,1.238458407276022,0.9612264867560111,0.654083362135862,0.8805794074591747,0.8796344988756172,0.84972280758541,1.0174839079329718,0.8812915002128208,0.9380599241307191,0.8599182223623565,0.9135663479328241,0.8912259794150009,0.9996622067745804,0.7534858143138017,1.1116301939513193,0.7419539189611282,0.9420410085879347,0.9431518183084581,0.7864628002921271,1.4515884520123448,0.9059644582828913,1.0510439100497047,0.9467298647347513,1.2585241643144804,1.2634855594090355,0.8766220051778358,1.1321037046135767,0.8911242943752022,1.0038088898031783,0.9022384200345654,0.9960581896865172,0.8565282433898481,0.9894000395111678,1.1981474948498467,1.215490097606571,1.02949128764684,0.9065475664748676,0.9207307507869444,1.084865156555116,0.8260108000726576,0.8544878031148138,1.1305371910238096,1.0138215304731977,1.001063108223187,0.8540766723357568,1.0417733182065712,1.1001952623993339,0.8499063318358957,1.125017836423445,1.0205443418667512,0.8521021411682228,0.9705975972459749,0.8345337635532611,1.0243870250418823,1.1239719382938478,1.0533241067725918,1.0219735973997075,0.7780768089410891,0.7966723869631117,0.7757825273846883,0.8540614542887823,0.9265835817641782,0.8966591832066968,0.8337906897068694,1.0335357523020265,1.0505833484914864,0.9860484922112687,0.9157296079267113,1.0708269843844702,1.1133935944202535,0.8335652139749066,0.9546025780499563,0.8810892061384945,0.85399408282343,0.8714982084837782,0.9016903707120718,0.6899376060879552,0.8735069671496075,1.178024338343594,0.8540923505699868,0.8424901565221145,0.8952213441570376,1.0380525231583064,0.8524057766210877,1.0091049309661744,0.8685446863342513,0.998589599303017,0.9790385180874417,1.4295817922029748,0.7971092490217604,0.8970630508174554,1.1707724070856906,1.25298516475518,0.7398701339107757,1.1662435397001,1.067308684298811,1.083722168007374,1.1239902142721943,1.0567355125237747,1.4807199674525442,0.9398436229257657,0.9209413771987598,0.9508253426578596,1.12211672782682,1.2955671539843256,0.8266706279762602,0.8575330715728164,0.9554843503219559,1.2223002519905306,1.1530261619315245,0.949003814094146,0.6833167799743027,1.1804666666996908,0.8705819714538733,0.8415396513063655,1.0589031029007536,0.890427808595458,0.8130763508283873,0.8837388909768804,1.0342284759891447,1.0673262866742614,1.1218864762666694,1.269586692077538,1.1014247549854352,1.0105926726570442,0.7918115526996885,1.05035173022799,1.0766415356250865,0.9212111057928882,0.787397979924719,1.211717461289055,1.3278050753215902,1.3509637291693586,1.4738746451417897,1.0748535960246512,0.9135576989816667,0.8149638087983128,1.0088944567657243,0.8789523485234827,0.9337642978458227,0.8120464078521992,0.8749544767229307,0.9508774440666962,0.8652116304927059,0.8743729804155437,1.049279855210486,1.4779424772919023,0.9466086848668382,1.069059741481191,0.9510621375133096,0.9069314633441113,0.9737243207776678,1.0643228453722493,0.980996948718616,1.103094253611525,0.9845547766531934,0.8996198176903586,1.3810043968850467,0.9576332320024631,0.9541081372297658,0.8066962064961501,1.1998429790035479,0.9434428981134655,0.7836528612006574,1.1356802139825368,0.978564391397029,1.2914342641967838,0.751404944566169,1.060790753486643,0.0,1.1120892991028002,0.9772259572487869,0.7945542298731966,0.8571670407192215,0.8333349268225401,1.0008719580262373,0.864098515908644,0.8737180122763081,0.7643511058784718,1.0228109502129124,0.9519491616271267,0.9097786406530417,0.760717410004668,0.8233828313319816,1.0138632609481968,0.8839525140391231,0.8798618931472998,1.0478581236968239
Volts Face,1.1353996723493396,1.1309417734854352,1.2387218810388045,0.9659479191512513,1.2613204873100647,0.9607243141036466,1.0390249102876248,1.241811844132217,1.0024876996717582,1.3407324765582016,1.0102382034554087,1.0655875853228307,1.0096295991147728,1.1966248345387809,1.3052612301508801,1.3636946203248197,1.090003097803663,1.2182541099239232,1.1764760235855627,1.2081124234513465,1.0703907521106244,1.1033906723925384,1.036862601751022,1.0546110342409212,1.0574630266235971,1.0256863541574708,1.21951065724308,1.0979479401108678,1.1485121229456192,1.2534080561525849,1.1684644489162888,1.05519911372671,1.0269373805799062,1.069281484441163,1.0143353795078467,1.0363436506132648,1.0259640601268787,1.108388496444696,1.300802598789855,1.1419628308120606,1.265122964998094,1.300821871942267,1.1021957146442505,1.1935215484325274,1.0364704891623282,1.0319715213630298,1.142683884965788,0.9533488474206769,1.4666621756664844,1.2063022608425562,1.195388869075794,1.000660306197425,1.3755200023240801,1.3301309280372189,1.1274343376370637,1.4295060882147987,1.077494437614176,1.2061393136459857,1.1368726442318395,1.1115511279180172,1.1839937095156456,1.015426613245476,1.1826110210303844,1.3555582089280933,1.0622449313860642,1.1562270346642924,1.0346201446864318,1.1140172600088427,0.9933719641582076,0.9678919021557184,1.3556650776082817,1.2089838569790332,1.169964470274696,1.0063612543434497,1.2681914042038758,1.3789109111512963,1.1051220478477461,1.2550958592609538,1.0772784750500517,0.9925901814869058,1.1273085553549018,1.086491679975373,1.0651624363007217,1.2334344110414273,1.0839767051576392,1.1191560652342274,1.0345395422537214,1.1582895851475947,0.9761264080247746,1.1537311981065372,1.1002811450888859,1.0135559301265362,1.100351984594045,1.276248573864635,1.1363029619335379,1.1761266142600784,1.240309530537778,1.2322977686893437,1.2806863655785572,1.157462953240579,1.1098991485687277,0.9277368916040274,1.1425227326439051,1.111094223519212,1.114421448825154,1.0661496983753869,0.9712851794971521,1.2329304946795134,0.9916355497196899,1.0114963133526005,0.8959781673715631,1.3082125736290577,1.016486360412631,1.3565990010858697,1.0615203656409598,1.2549607708705262,1.0997721678604522,1.5446557679227837,1.0465217036152668,1.1308776064465358,1.309183350335256,1.3196508731354653,0.9962157561193883,1.3615281278049642,1.098547339412339,1.3448098563699025,1.28194766349891,1.369238612006285,1.493086286065534,0.9784783242787033,1.1080002627181222,0.9126164762864416,1.228924816169386,1.171828936379092,1.0048364316635379,1.143975220310474,1.1359794042222073,1.315341608861722,1.4182522446557184,1.2100625557809177,1.1033636323214042,1.4602441205691732,1.043055025192961,1.098539675467755,1.184672405848636,1.2453240917944597,1.1608570044997422,1.0193709995742062,1.0285423407129521,1.1553036113214454,1.3880912497808657,1.5709307985552667,1.180436590228852,1.1952708115622015,1.0640146323022206,1.0274373444664382,1.4588222273115996,1.0055907609647237,0.9247680765736742,1.3540805080857192,1.3085454307411515,1.3139119166090347,1.6139399012486997,1.2349125410750683,1.0077759056170656,1.1118224106873216,1.2445137359890983,1.1481869383711079,1.0831812605498903,0.8914767214941981,1.2415594176394695,1.0468241485814163,1.0741614245481754,1.006992860511113,1.1590967505879957,1.4576142232719278,1.1777137112619032,1.1004316130546465,0.8709498186073609,1.1522420650178509,1.105272223684229,1.158775226173205,1.0271872525532877,1.0919533480807717,1.2313185926535746,1.2293947247876327,1.4778812904627656,1.224622707988388,1.1548340634322143,1.033982154719145,1.3742617082823507,1.1015503339967732,1.029938863490353,1.435388462806025,1.2281390882029555,1.4659352605160978,0.8676529284088631,1.1216394873420283,1.1120892991028002,0.0,1.2677413604615042,0.9194889937434833,1.0290064830594852,1.1868228637711846,1.1510804428640158,1.1724842669286537,1.0582912495096586,1.044608846507957,1.1532598888091008,1.0808960410043333,1.1126482216774543,1.103070076451177,0.9791079287938451,1.0969602181857558,1.1705897800857095,1.1378821888733768,1.260394895789768
Werenoi,0.914390984868459,0.8456065489077232,1.0060033981906793,0.9112305777913899,1.386590250441816,0.8260913302250994,0.887656436418692,0.9404256163740379,0.7664424405512507,1.256434345132817,1.134464746552221,1.071168900097517,0.8337518519786316,0.9353036586680759,1.4094497743805896,1.1939427566382221,1.1291578046188684,1.0044808071947886,0.9655630032806233,0.9328470303886127,0.8180362600189113,1.0449665572313445,0.9858847452386047,1.1503551834201358,0.9002285657254842,0.866524341841583,1.1594502635727186,1.0840241979180838,1.1541343818174885,1.2191951371537164,1.083371710979076,0.9899715218659331,1.1271310762351305,0.8606724517140727,0.830027915805059,1.159970689545466,0.9988101433127994,1.2007961694282627,1.2764692166233103,0.8034842424983744,1.0346788680684176,1.0781784283295943,0.8962178515175686,1.0968997535676392,0.8951286995728186,1.060312799981006,0.9753951500078372,0.8725722428419519,1.7097065852052977,0.9279001492812597,0.9005861913514658,0.9515458170005308,1.4467955956624925,1.174188273194728,1.0403130387246884,1.322816111615189,0.7932014487175035,0.9734919540981166,0.9471641975257867,1.0665495341850346,0.9775735061354833,1.120322116097232,1.0873802916791424,1.387617135757961,0.970880284386315,1.0028331215152617,0.9472862895360639,1.138015408120521,0.8207894099772914,0.7697616216337289,0.938028109209289,1.128816971451611,1.0052105537866967,0.7124078069434061,1.0039814836182828,1.2524641638912046,0.7781895599530909,1.1779143142357442,0.9417976974373539,1.025343360561069,1.0392376469065825,0.9932831463673405,1.0922817676787304,1.1282509810436117,1.1165603133425046,1.110178938333506,0.8303682008097808,0.891396820385348,1.0110483022484302,0.8831752684060649,0.7824641884057062,0.8942371615319952,0.8615064758163373,0.9808239197800325,1.1529597024979772,0.9465582532463294,1.255302885954061,0.9026937403761515,1.0633956399459201,0.8486073596520669,0.9998562298967147,0.9246643843144835,1.2785464338339343,0.9361652009495839,0.9354690802959641,1.0509552478526218,0.8947653897241384,1.1065248773874028,0.7350948195424223,1.0572098516022364,0.9945104522721523,1.2218726704351939,0.8671041653680764,0.9336494314011504,0.8552812038628956,1.1056283915422898,1.1162616474499247,1.6340317263414483,0.9987532009795008,0.8588389461825404,1.1281620626737205,1.3239810716743687,0.9017690567219131,1.278211495690189,0.9238898632692494,1.4324186157768104,0.9357202586655096,1.263883248837751,1.4017571701363971,0.9905885515445395,0.8436001534067503,0.953308456679288,1.3000081050222165,1.2482291951857152,0.9144135931170648,0.8936497969034473,1.232739077834199,1.149356405440975,1.2252048933940403,0.9919936561522005,0.8089046529996211,1.0249451599978858,0.8863152520285268,0.9385070604781163,1.199153932492355,0.9814538886760954,0.7300277196720383,0.7449959389090446,0.9054770010520925,1.106099515027858,1.1327168393427174,1.4039294368182,1.1736226285154137,0.9803775304778647,0.6276634425589751,1.064632397893599,1.091621398156561,1.0540218119446079,0.9030638703877522,1.396682844613703,1.4478620591291127,1.1352303928034835,1.6397872483394145,1.2619998627656925,0.8722871519284096,1.0019666547334476,1.053203233260424,1.1623782767978286,0.8724642105451494,0.7783960481263736,0.7699056086977084,0.8259814853140629,0.8984945815734572,0.8710151694929344,1.2780103283852007,1.413590885182771,0.9043749919179859,1.1470688235303579,0.9778292257323752,0.738959771413489,0.9813627870355184,0.8582628502201505,1.0488319142545395,1.1959992350154278,0.9549663342299404,0.8252082249955925,1.597307655245705,1.2001818269328803,1.312077711627846,1.0169920752271695,1.5488178517183722,0.6952999721679386,1.1215461213642082,1.3758207865590306,0.9016284601668328,1.2265379308935829,0.8961352262267592,1.2756317258929677,0.9772259572487869,1.2677413604615042,0.0,0.8234796756002709,0.8761140218509863,1.1960727538390794,1.1148491377186582,1.0286121056558637,0.9651448423324465,0.8872497102151194,1.0353287104875042,0.7862893904123471,0.8947273366277048,0.7860257902148196,0.8255132189036235,1.080270748456648,0.8632605773323945,1.2261604851930055,0.9226454055823445
YL,0.7130949869782963,0.7565513781109026,0.8683731592377284,0.6181232004808361,1.047511827167565,0.6393570320023657,0.7473614495637982,0.8106609980755308,0.6206102066726248,1.2001252107447673,0.8328522126638767,0.7932422909397545,0.58219196689697,0.7261121359608137,1.0192850395972586,1.027469024000078,0.8560867871419288,0.8588544520781166,0.8965876810383981,0.8839263344850273,0.6461757038452178,0.7903396857332574,0.8185216244587966,0.8514543957453362,0.7737758917431314,0.6846657244794474,0.9422983725430195,0.8264458560141275,0.883650447008809,1.1797879078156548,0.8194893160337293,0.7522934669124379,0.8494753536551335,0.69735325127415,0.5783165651332536,0.9645192886119968,0.7414228234439698,0.9498597579424424,1.0053974873557363,0.7477403343753992,0.9302380657777902,0.9005069210769912,0.7365592155410301,0.9061748579873761,0.7266494992845299,0.9466262906437606,0.8150846350118962,0.7241135974860083,1.4556894971362824,0.6942049739291165,0.7531155874473812,0.7153783591186913,1.1952467964167022,0.9758975418968535,0.8727309849394235,1.0878312989344827,0.598708589024623,0.862034035363306,0.7094641200071229,0.8597542819630167,0.8280796753589325,0.8980445812954244,0.9000085218834506,1.239326617998975,0.7415352958719207,0.8178237892803882,0.7212132989584713,0.8478445160008777,0.613466615693289,0.5450054423728338,0.9775168794973852,0.8588461351896072,0.8130778618921121,0.7216759285279422,0.9985532397745029,1.017497841620984,0.7067207717682801,1.019192966369522,0.7578262343618248,0.7572239096122112,0.8189888450009039,0.8594288744709954,0.9574697514013703,0.9630311901039857,0.7966356417123539,0.917766369711017,0.730709261345157,0.7367373582987556,0.8373518820969091,0.7540928593741687,0.6934057353959359,0.7414405661532267,0.7825606190877482,0.84895112412572,0.951121921302574,0.7805087271861574,1.0546181518458304,0.8178207247820982,0.9711698138743855,0.7683772909668825,0.7707437704762629,0.6601955869506834,0.9854762738477908,0.6761826058883037,0.8085693025548395,0.7386406176885226,0.6577049522643531,0.9725109076207592,0.5712302065740569,0.7206187309819403,0.8279332457294228,0.9508738019579794,0.7378251589012366,0.9803765373271347,0.6984021172972746,1.0447174659414395,0.8812612809180468,1.3903588176295687,0.7978602749028777,0.8675680755836,1.0001243301092613,1.07272979112019,0.7681983545576876,1.0819451496056498,0.716412810539953,1.1879634423072534,0.8046557060021247,0.9752630935063705,1.2455283634738352,0.7444453295797632,0.6942685868833443,0.7139825524601722,1.0041647946262016,0.9583424154636376,0.7040933263983926,0.6624693375190589,0.9209828672257185,0.9358658304856303,1.0663165881572219,0.8127542779124994,0.7603839476530267,1.0191917771643362,0.6844509039875462,0.7604245897190506,0.9305862655731709,0.9107428972562566,0.594860443271629,0.669707092478361,0.6896437366799874,0.9366578823993983,1.0277303843030772,1.1491519141815425,0.8746887963261155,0.918687742132768,0.6600324019418369,0.8650628406393264,1.0562427095682156,0.7105692769913616,0.6597853783044537,1.063390778429486,1.1896151838965479,0.9737329933459505,1.317155989489268,1.0454626897921542,0.6795032716873777,0.7815483755999221,0.9329712991763263,0.9582506125777314,0.7732049962894326,0.5481561746739435,0.8116283896226816,0.7016438219011055,0.7616758641840814,0.6916948588944156,1.0224661015859018,1.1511082022572052,0.7316903726193206,0.9507887614539883,0.7388125710818293,0.7646949110482251,0.7923560866813191,0.8123791133939332,0.8944020393820892,0.9257696983669312,0.7987239455089911,0.7830160252693319,1.507577817748038,1.008761652938909,1.0133006864147347,0.6970881852920526,1.2790422741393774,0.6651791904942294,0.7952047633303466,1.213908469423481,0.8341618170348297,1.0902348026198345,0.6777612944649939,0.952467135971624,0.7945542298731966,0.9194889937434833,0.8234796756002709,0.0,0.6048974173820487,0.9274222722476598,0.9277381715728001,0.8790740537082455,0.7875517500292516,0.7570722060525484,0.7748792739470102,0.7426903776488364,0.7901130316041027,0.6984497944638595,0.6388857579317623,0.8348876749544726,0.7061391204941653,1.0139231112595875,0.8469860182339016
Yaro,0.7605216481388503,0.8435879736056617,0.9166447533108824,0.76818472441851,1.136868342628503,0.6825962863458513,0.7412484726693478,0.7520094764742947,0.669474947340061,1.145143861796547,0.9161786506104306,0.8802443397314186,0.5783621849031055,0.8770545052835207,0.9676466660955715,1.0337661845753834,0.8791849794458906,0.9206292539482693,0.9597028226293687,0.8680190206184789,0.6047917417212451,1.02520506908589,0.8958933159104749,0.8136634102975335,0.71084356318566,0.7903133422950553,0.9589048591598283,0.8829598518285344,0.9132432305632837,1.0706006013795504,0.8360211788162321,0.8088951293063463,0.9879747098921515,0.6332215723241312,0.5760695168957166,0.9605404895297333,0.8033879239850369,0.9553836386533887,1.046105284823616,0.7557108352221849,1.0083288360209637,0.8574469036124627,0.7809262466343825,0.8319415528281255,0.877664052203329,0.8894040056703303,0.7755443926602303,0.822614457433565,1.556904381293934,0.7074553379363379,0.7674071041356747,0.7055970213146329,1.0984382063780733,1.0705210528561269,0.9293509649654227,1.0577239913937126,0.6972188931565754,0.8682789912443866,0.618699554669011,1.079136445276821,0.9702255506348763,0.9035665256679483,0.9504140652211539,1.3763145787354558,0.7714863252872083,0.796187513508037,0.7143604020524486,0.9534269944203909,0.7313343364957727,0.6582448955522987,0.9971816790955631,1.016701225299488,0.7727830142873615,0.6920948092123111,1.0709397881753984,1.1804674959141546,0.8004735005278708,0.8723180082781912,0.8441214204787211,0.8861907240090278,0.8765683818470719,1.0015851901694959,0.9834313137295007,1.1283514525720666,0.9386972680157822,0.9574322128055329,0.6985224177418076,0.6801390161559633,0.8167160679568898,0.7308555030279621,0.6377996677934294,0.7846045817385042,0.9014900660547306,0.8938336689216602,0.9109628812243226,0.859968122603657,1.0447790434170283,0.9593992979305039,1.1070404674216041,0.7938149433163662,0.6363792877544642,0.7728434586516638,1.0518540094594542,0.8325259352314137,0.628371281887408,0.7409720926346973,0.7256892518714629,0.8581060827282218,0.5887063944544555,0.7288000078824347,0.6798620286538214,0.9011336475142072,0.8004745069430499,1.0224492560506235,0.7342525454555808,1.0885917849889886,0.9148625709196051,1.6418375633403244,0.8067022316773715,0.8510538449660875,1.129514455979991,1.146846206815676,0.7270860102549291,1.165020695851758,0.7840384524152332,1.121351108095154,0.7850137463210239,0.9016442634841546,1.2221040980763078,0.6982483602514947,0.7622498766471881,0.9120644287900894,1.064506590590202,0.9015447248986012,0.6344728788554832,0.7574514989404574,0.9654576279660838,0.9784105083133845,0.9483207539553472,0.9227681766269519,0.8458502467745738,0.8641750194725077,0.6681578829670703,0.932770919478619,0.932960702281142,0.9651737267799926,0.6729846574458733,0.8604469492880853,0.8157622273926333,0.9628388306124247,0.9416494202217578,1.2119971675886025,0.9769849628926078,1.0423956948831128,0.6927855020028414,0.8894295502663769,1.061661316862471,0.8502287368041004,0.6765553134137066,0.9918604776642429,1.1535096996884648,1.0458425304173544,1.306610196438941,1.1421286903497347,0.7883702718877696,0.8127781793200999,1.0370357553260066,0.8682020700846258,0.7113541757152995,0.5599130140706584,0.8679919096158422,0.7029670366946518,0.8891340884273184,0.6965622511673668,1.0822168674644006,1.2565589571477198,0.8389364834332838,1.0416422989992458,0.8779398011616127,0.7981098073413513,0.8234961083062593,0.821433390346511,0.8971465178755961,1.0298552987572263,0.9188897307591819,0.878404391497535,1.4149672943384177,0.9271137242819786,1.1510111808728531,0.8208741677273285,1.1847965624416157,0.6550723816125474,0.8506660631462988,1.0914345963972347,0.8351381324936046,1.1304408766446499,0.6640365626909426,0.9004840784181357,0.8571670407192215,1.0290064830594852,0.8761140218509863,0.6048974173820487,0.0,1.0028334362897264,0.8076259140372194,1.0930317778232903,0.7101929307861276,0.8385064497663308,0.7863897567569716,0.8658432563900191,0.8353949203150909,0.879489157966298,0.6891328568155578,0.7720190840914021,0.764498350345547,0.8928094264888063,0.9298776947038783
Younès,1.0794152059687572,1.1112053273754172,0.935660705459863,1.0183977142227774,1.09730469767964,1.0162539315681434,1.0415541192834914,1.0596271022461432,1.0639547777953995,1.2204759449896279,1.0652445200813503,1.247786084797221,0.9535408141067608,1.1140006402226792,1.020197988346499,1.440253816970348,1.0334642678278811,0.8636703846268555,1.1773993030527672,0.991761101008328,1.0801592887188534,1.1633986197982351,1.0136820696564908,1.0742660434412235,0.9660880737515156,1.0772540957366183,1.011550758804212,0.9925922541527211,1.1895122603727741,1.308006887791233,1.1321641360496424,0.860595194803378,0.97444436022151,1.0876961844130413,0.9907960385197001,1.1102027776945165,1.017047814211635,1.0043695587783823,1.0950619060042583,0.913180313288196,1.0283461873094872,1.0603082376621777,0.8133435079452085,1.1571935682447945,0.8773940739040902,1.075695608111985,1.1516504000074177,0.9463772596939726,1.483036715489591,0.9942152346062894,1.1230006827714247,1.0549689913125528,1.214608650958221,1.444382115243387,1.1349263028332588,1.1218830630925274,1.052700867065853,1.149179255193051,1.0313384488284911,1.1987538763877188,0.9505215719945871,0.9777511884475726,1.2931553360584778,1.3450777565629637,1.129469842141583,1.0407948515297027,1.067312593542172,1.160416557276642,0.9037231561576029,1.0457555781831511,1.3447033230666652,1.272687187978503,0.9652524984613483,1.0305004916194223,1.2349378619299316,1.189907554620808,1.0389961616893997,1.311663938493602,1.1415780244532838,0.9810299000518509,0.9128488856064177,1.0883779677129255,1.0765230107485786,1.179519683273602,1.2035299898663736,1.0656870379428633,0.9414834631052759,1.0272716941091298,0.9349464627745142,0.9669878968893731,1.0671392343478505,0.9735787814416625,1.0395096172612754,1.2735828105016722,1.0697316961536327,1.151312988392445,0.9858145019113038,1.2220708722835738,1.2634516065051118,1.0904053544704575,1.1483156394456941,0.9575419742529604,0.9788168016626085,0.9631138067552197,1.1117991853019353,0.7999076572236468,1.004140569497435,1.264434253043889,0.983514432160418,0.9526954709264757,1.0321332132199759,1.1735492237828813,1.018231509326405,1.2627253098974398,1.0002841198729675,1.12811290864624,0.9142296200542358,1.5139245055308514,0.974279102703301,1.1385613424429732,1.4120346424472603,1.2689774751900422,0.8864529607546833,1.1159474850315634,1.2023262243306414,1.0979693624059756,1.2752813873816848,1.0513872610959942,1.5923230038147629,1.0384446333505153,1.076467744431615,1.006130783277724,1.1418447867728732,1.2374570756737298,1.007051737090413,1.0694438737422767,1.1503480908150885,1.3221272707968124,1.2024825760540472,1.0796699721654843,0.958455227801388,1.3354816666060794,1.01329812624235,0.9850952570350465,1.168039131502754,1.1115958043804768,0.9733212113128922,1.0366909053710944,1.2633935752405174,1.1716744072263863,1.2655503591069381,1.1393673851657817,1.2120224158293644,1.0479286899025693,0.9704538265907879,1.0420020879651368,1.1567223040353098,1.1026083490299494,0.927192241746786,1.194285800994823,1.243394929072882,1.2799730705763983,1.302981869721287,1.292844398148579,1.033535996415094,0.971802981754542,1.2100842967206502,0.8946621110089633,1.0872782990919316,1.0050523189896792,1.1268425051449489,1.0818850047030806,1.0401521058112695,0.9918750296301556,1.0904595057049795,1.5018918566728177,1.012616675094957,1.145703428440666,1.1123974930485365,0.9943548901774591,1.1223883312716807,1.2508558618859433,1.0500142395285357,1.1936854503203982,1.312966937242332,1.1518652051621638,1.34763701607141,0.980604436348928,1.1893282848068538,0.9491261566027543,1.3605767081140505,1.1117964351177647,0.8493405041998304,1.0145439773952913,1.2054095434666048,1.438147374664478,0.8604659831929531,1.1651725348229933,0.8333349268225401,1.1868228637711846,1.1960727538390794,0.9274222722476598,1.0028334362897264,0.0,1.2191796069188474,1.0544195572611772,0.936931964630256,0.856876273725751,1.198504385550587,1.1155668650286865,1.1729528530440565,0.9696856221806688,0.9746691253939186,1.01453992642324,1.0966955017987903,0.9917556185457449,1.240955768887455
Youri,1.0338872659909795,1.1109308980505055,1.0389341841913244,0.914430396827809,1.3828020555083373,1.0678216802391907,0.9358958146370061,1.0375368976294488,0.8829287026887208,1.3291397936903064,1.1705943790858802,0.9113101640232433,0.9552553295258028,1.048715688767572,1.1934244069256323,0.9892541567616817,1.1993350855523055,1.0088220019718728,1.0520042756467392,1.0560353746462814,0.98150072037806,1.153710938410143,1.1050388491519334,1.1484889194556869,1.0619229862065886,0.9550930465492126,1.1313468864139635,1.1770789291832926,1.1498766902496915,1.196476117620977,0.970412667865923,0.9507621876150647,1.1295884422087246,0.8814644725748327,0.9745040457536743,1.104613026602763,0.9387896581239242,1.0831728623088326,1.2049469168496842,1.073264931267852,1.2095415700004812,1.2633541724434731,1.0115322931726918,1.1270509529868493,1.0511885372880003,0.9339192947328369,1.1552125893730933,1.018584584721131,1.752862296730291,1.157744796666156,1.0178313390872538,0.9329505659534253,1.2637435744291805,1.0375617759276026,1.1757629101731981,1.3353731503421444,1.008807698810289,1.0131991792545383,0.9735126150361217,1.1168870047993251,1.170578429438602,1.0730292809478994,1.1528500611537356,1.4902875022271422,0.8806697644500739,1.1346069187850594,1.0052908981565936,0.9019138288498418,0.9396239474800445,0.8633183276637478,1.1666114654401303,1.0314434277328155,1.0913446378252283,0.9811929404442492,1.1198742920937788,1.4270641431774669,1.0716345831080176,0.952737010765028,1.1891186199517285,1.1196213866305227,1.0941083802023597,1.070472785380997,1.01371469642905,1.172703286378943,1.053887629732486,0.9372042673050323,0.8253641321610036,1.0301906450464882,1.0816944950449385,0.9349064880084669,0.973901347654569,0.8353453043048996,1.07880154876225,1.3580274346632502,1.0391116497878412,1.0520039712394402,1.1884818616331325,1.115157725967701,1.3124298058128625,1.1023547061532444,0.9259864979258229,1.0265864269069835,1.1711292882182633,0.9700173288253532,0.8702081464212561,1.0123007059658842,0.9888713046583741,0.8121708139353097,0.910759477415903,0.9781532511769622,0.8788496327181292,1.1858847350759314,0.9939091718157033,1.2282329964452106,0.9745645161530312,1.1257136729386596,1.0115389635876135,1.6797826891015903,0.9868158944887397,0.9120185806284389,1.190344090600674,1.300821095286774,0.9692726274217144,1.296548863383917,0.8292499848054238,1.1802341360758823,1.1133505527279655,1.1159141523511489,1.5212678761264475,1.0924063577706185,1.0832321448850764,0.9396888720069321,1.2154819920315147,1.1504392938504393,0.7449924379054109,1.1522377369801724,1.075070871718668,1.100143576626718,1.3210770997328272,1.1965906172730827,1.0814052837421357,1.245063525420946,0.9142198528863261,1.0270844630227713,1.0547977745749029,1.2763234698587527,1.001410929569947,1.0692048587606413,1.0716212510437637,1.0571260708284906,1.0794450371399742,1.450488455786106,1.138269018353328,1.2331408186619235,0.9864655390058613,1.128173602768279,1.2274262344076303,1.132443983681007,0.8956257950287155,1.1243611506031892,1.308309702080013,1.263536006155412,1.5706923467210423,1.247599163950934,1.0599009945339384,1.0952976025446093,1.0482577512276021,1.0433908836200478,0.93445093523628,0.7923279025631703,1.0934356993960657,0.9782945686539418,1.1804363160346307,0.9041475822418333,1.264879939070486,1.1971422669084726,1.109050269906726,1.2894301614248584,0.9510452163154549,0.9178844883997453,0.9872275305997819,0.9718041436608768,1.0294052934340263,1.2532551912594914,1.259519484660035,1.046552636247968,1.365545827311569,1.1714147156155796,1.0648378271063255,1.0680059197141845,1.2998937516175884,0.9934598648616751,1.0647272684389497,1.1627300590304943,1.0888433460963989,1.2736537442808091,0.8899275373684626,1.1688433273133174,1.0008719580262373,1.1510804428640158,1.1148491377186582,0.9277381715728001,0.8076259140372194,1.2191796069188474,0.0,1.2617845270149994,1.0340663198996507,0.9047241491010422,1.0852967952952837,1.0777934368870206,1.144335573241673,1.042738874365406,0.8542818043362252,0.8909931403643273,1.082156839023766,0.8962100239941365,0.9687326197458593
Youssoupha,0.9054258540395993,0.9025696977882341,1.0838261286547308,0.8837910727329611,1.1860473064613468,0.9961823102932507,0.9478264025573946,1.0098356954299137,0.9998212959158889,1.3679755582172208,1.1400637503028763,0.964328276761366,0.9592090305905216,0.924856360766582,1.3907479242281353,1.3029451886128245,1.1877963237302287,0.995323858003458,1.162524639546629,1.0349460688207122,1.0966162835885145,0.9507249496471725,0.7873781725193457,1.1673696262592193,0.8786746633917649,1.01464013059287,1.0490711232992445,1.1797052009998745,1.0826149189033798,1.1849378735878564,0.9830266949279335,0.8261273399394766,0.9117705979371178,0.9871658121352613,1.0200505269738904,1.0409183759016722,0.9858874596297205,0.9481291319868784,1.1738858648680213,1.003467615375371,0.893911596766386,1.1660196733741388,1.014112586762832,1.210716937086232,0.755110873588643,1.105913369442287,1.2323153881158753,0.8153690233465247,1.2983987417672385,1.099050565707971,1.04033617007219,1.0284644304167203,1.4396210296741694,1.241061568746571,1.1797779632013048,1.2799789706533218,0.9693646943495318,1.1843112503323305,1.1240317894642038,0.9374659237516286,0.8228226014674143,1.0129252460076825,1.2364753285355266,1.1836570751081297,0.9610514451104244,0.948342085273911,1.1266464226671187,1.0948926260008867,0.9139654312525942,0.8898335662348494,1.1486210409981483,0.9932819128583913,1.2063492361315684,1.0538519156764161,1.0639208550933041,1.1002471284934097,1.0056606574313312,1.4151878240224496,1.0515186837530874,0.8730955011398042,1.0911282533556594,0.854561410362076,1.0056386437199143,0.9299144104011692,0.9929683226289079,1.1002803552680358,0.9380831597912281,1.1051232584400221,0.8808125533132055,0.9607975642373923,1.0420080761343742,0.8803522159337476,0.9124496917925164,1.1679624893214753,1.1644566521840503,1.0655093101772157,0.9570069631694703,1.1965232027655068,0.9605324220668081,0.9313753658194366,1.1454590922293961,0.9705783591695739,1.0239505053814304,0.8975223009659746,1.0993271594565428,0.9230810942719287,1.0111221592145858,1.221551481680972,0.9673918085100927,1.0627000145369043,1.0358094362953372,1.284414056078451,0.9444933663815004,1.1850806272920416,0.8912938083440238,1.0347241140269732,0.972680052226746,1.2101664475617573,0.8343192063658894,0.9990439514922014,1.0905609518258885,1.117198530476746,0.8738850700908675,1.2293094596247742,1.1190053741013215,1.4316286013471107,1.18073600031516,1.205768330995017,1.6283238429624112,0.9515077501564271,0.9853775741286199,0.9086687047206939,1.1028307121699183,1.324877610432479,1.0200930114572022,1.021081725562909,1.1821236578366614,1.4187732300544469,1.491719947707223,0.7978937586538696,0.8115679672387447,1.410741153450236,1.0362183726265835,0.7747327492314124,1.0642114458546308,1.074479272348749,0.8918145632380834,0.879355793913756,1.0917737281052424,1.0521799777909648,1.3664347124301288,1.4335578336791086,0.9764758822067883,0.9685248800975393,0.9043773040005676,1.1916975243042338,1.1194808171891457,0.9179552013579351,0.8884357692715052,1.2892648656021672,1.3267339144214776,1.1389096590184364,1.4701664282340239,1.06733113236958,0.8996655761706791,0.8375522577166038,1.2131278946138477,1.1148142348133028,0.9813839430065495,0.91492677108136,1.0012204944689655,1.021813146907224,0.9426607957626714,0.9727565480929592,1.0134778213466793,1.4542960838249728,0.8747063353377946,0.9214790421369166,0.9497302206569138,0.9925317360593368,1.0428161026513876,1.0915876252501973,1.1591612258549964,1.1271251641960074,0.9817613176727953,0.9427317785865106,1.4800023067370185,1.2218603364169107,1.045810676092413,0.8463440356576283,1.4222360827677591,0.996409931807418,0.9374847943361592,1.4126316355162407,1.0865970051943186,1.1500568399529814,0.8644794141944684,1.2980773941651036,0.864098515908644,1.1724842669286537,1.0286121056558637,0.8790740537082455,1.0930317778232903,1.0544195572611772,1.2617845270149994,0.0,1.1664533287607666,0.8458319351154358,1.055930228424097,0.9438098211381042,1.047464840012717,0.8922103821854392,0.9068609978286268,1.0729985871047782,1.007755776563706,1.1042878675693786,1.1028513645185856
Youv Dee,0.9094632681080719,0.9044297454292853,1.0035952839043245,0.9493801958028424,1.2121397049445422,0.8414850182542775,0.9108452548446365,0.9624264565277258,0.8174368144623497,1.186724455770098,1.0406924382091005,1.0334759996138572,0.8285923794153972,1.0528675617068741,1.1067731373814558,1.3025510436437868,1.0873865743573388,0.9110065001640031,0.991143395200876,0.9967421626540723,0.8464816153503811,1.0240715648191099,0.9116905207017086,0.9188379299141022,0.8782163755226985,1.0086494513420072,1.129411026598177,1.0262534447745688,1.1841293214070314,1.1982359865694265,0.9697610328408675,0.8712787170105077,0.9530943871861987,0.838861458052124,0.8118474978623599,1.004461526409794,0.9774424244747678,1.0711981350085829,1.1101925360710245,0.934863311316192,1.1222706888905618,1.0184484733980321,0.8253462585491825,1.0342904438762628,0.9876275335720499,0.9862413298224915,0.9649078410286496,0.9166548544986465,1.5422362781059002,0.9275905054489745,1.0032062719770336,0.84783275220848,1.2584281933543429,1.256050769625522,0.960228365362904,1.2112185817779695,0.8992239638443009,1.009333750305892,0.8115484651535126,1.0545431386162567,1.0622090944499567,0.9993770465208772,0.9992654987727736,1.4161576908948719,0.9499037404361593,0.8239721896046167,0.8687634385394517,1.063156652858408,0.8299787266455944,0.8460863759165946,1.1350459832234825,1.1021364605519308,0.9071311466491505,0.8138955041906502,1.1176649102956375,1.331878307098204,0.9434334110301118,1.0264784099757678,0.9176634246829513,0.9122824081932016,0.9095077058224068,1.055369870013468,1.0100008804294751,1.196276734196205,1.072163133587665,0.9885142655562608,0.7837775039064128,0.8001499637879601,0.8492582611947753,0.8362895965837983,0.871270422999785,0.8798769010323526,1.0012909274791078,0.9380776990316083,0.9972633723638857,1.0466797140463322,1.0493712673949955,0.9631397181129465,1.2219844922255128,0.9319906687332365,0.8025158240207055,0.8246404650885392,0.9878954497951355,1.066227492742822,0.8227817426139993,0.8015011481318554,0.8063188016344799,0.9790609527659221,0.7242096528716649,0.8288629595924167,0.8924834977227348,1.0619589370036857,0.8997719442737036,1.135460005426255,0.8383674423459365,1.2281291552928555,0.9785037837718646,1.6234262741184777,0.9193423620746644,0.9767603022592195,1.2090862857889861,1.2016043425035265,0.88366446476277,1.0784333924147456,1.030035275485286,1.190612582105752,1.069429478313224,1.059523518348153,1.3619666657292,0.9864787581964378,1.032780829150544,1.0421846708271738,1.1359884240915499,1.1911694602472815,0.830250757700313,0.9571990119598244,0.9263695535272582,1.142217214201689,1.1013251761495253,1.0440153393678937,0.9160657544862459,1.1395580982408176,0.9169482053678951,0.9751462553093614,1.1469223912001327,0.9489105568284569,0.8011002573898238,0.942438999967327,0.9613428708809804,1.043450773360305,1.0530982974292744,1.3451380761720182,1.1384826037825666,1.1513531031508435,0.8524679375795517,0.9334286555010856,1.1883449545023714,0.9950322612607624,0.8512468632758268,1.0504965446479455,1.2658769941160657,1.1973563679607955,1.4256336748953151,1.1471232009260504,1.0051302331875662,0.9457532756630723,1.0999589526537157,0.8764380413362148,0.9679477055099682,0.7514010892480858,0.9585184066076841,0.885492051799272,0.9809341571311017,0.7826257010855496,1.1294122679828271,1.360205283276281,1.0358886249585628,1.0644509123620898,1.0051324271589053,0.8560818366554769,0.9738337689948984,1.0198007273540575,1.0548467858828339,1.1965249629572787,1.0350033650939507,1.0714976708477693,1.3951198914547243,1.0038581477871966,1.20930403519484,0.9237582568970062,1.258747559833296,0.9264931768710862,0.8994490972179416,1.104371262374636,0.987365037129938,1.346021861930884,0.7887809066123275,1.1353483484466864,0.8737180122763081,1.0582912495096586,0.9651448423324465,0.7875517500292516,0.7101929307861276,0.936931964630256,1.0340663198996507,1.1664533287607666,0.0,0.9415133513170152,0.9876544164611453,0.9500640631353107,0.9482951563369116,0.9425099701439117,0.822842203648241,1.0050498198630866,0.9443523236968108,0.8296083706412068,1.0866073795983149
Zamdane,0.7145886363178234,0.8368772573773083,0.7921727092968996,0.7273351330333199,1.1535159807530382,0.7843519072460865,0.8801352290007484,0.8254217254624742,0.7178611472236317,1.216035216788929,0.994865017508818,0.8849308845724486,0.7522158792118158,0.8168138348362817,1.203605132175547,1.1566989483285608,0.9939170956803557,0.9598154239552464,0.9200604733065082,0.8287192481814678,0.9136909344855165,0.85344578294232,0.8235269156368876,0.8888611674060837,0.7197749238376674,0.7482765770427643,0.992312542298911,0.8870260255738279,1.07891773761368,1.2018990554528626,0.8642415457073337,0.7876896612740354,0.7918302600986942,0.8340577751605093,0.8160112791301951,0.9364859976308305,0.8201656327906673,0.9016755887654984,1.0225923751547332,0.75322045217188,0.8407099680847133,1.0264857825171505,0.9008521695056347,1.0146836233463856,0.5949633935271368,0.9046194803624762,0.9895979744404503,0.612196763608384,1.3843836839598074,1.0008616012789382,0.8764883650045405,0.8263004171510175,1.2612491467231726,1.1101352772073294,0.960683275009789,1.187809772800271,0.7886174250082113,0.9182547194695321,0.9110175574558839,0.8438026708368068,0.7999838981277958,0.8297417766613752,1.0339300787371828,1.2319465093161694,0.8450484339801861,0.859195273264238,0.8546624089898605,0.8452888653305632,0.6503489171128932,0.8404281633835446,0.9957109599196973,0.9205935372102961,1.0282149955436928,0.8501868178223351,0.9007114657388726,1.067395209129492,0.7375559645395936,1.1050806715983992,0.896855212389272,0.8227472607031214,0.9716634334900417,0.7665315543513198,0.775667168701904,0.9034807877324341,0.8695439987878505,0.9058606913633608,0.7395635007555872,0.9144357715577811,0.7975391173118325,0.8954720007796517,0.7494962419859416,0.6908990283376478,0.7880896324097338,0.9840978249342885,0.9097438373468889,0.8365384361720474,0.9148583509284904,0.9099086623052027,0.9870628331128315,0.7883121661408389,0.9250260277695865,0.8254989418751137,0.9840212718132855,0.7573058627910794,0.8446946426824661,0.7610774172019333,0.7346738273535731,0.9370334260222056,0.806798907936091,0.9058849122615965,0.7702218811674818,1.0619310750441786,0.7247103280208832,1.0037954679172976,0.7929340268872075,0.9418973340016857,0.8503376966834267,1.336830749650339,0.7118703658320565,0.9027445894037972,1.0630837264065534,1.144458394294086,0.7774954253118984,1.1654735370655886,0.9089554826015569,1.2232194357960362,0.9887946179681584,1.0884456448861182,1.3129441154423134,0.8370938216901358,0.8009509277605873,0.7724039852041306,1.1295301012597212,1.0017370724961787,0.7443652844260508,0.8853487308048393,1.0745037418950487,1.1045682142155615,1.2782138208454839,0.8835612658305959,0.7032927389725774,1.2532313779648991,0.9663544040763564,0.7676490829367263,0.9854733473552307,0.9652600106306175,0.6791299614366096,0.7526053210189939,1.001182689196746,0.8573481317731968,1.0571988855189778,1.2892794421093863,1.0021682339008062,0.8423122433568349,0.680027494811166,0.890044320017044,1.0671748802413994,0.8187207827544346,0.6331766682959713,1.159920323211451,1.2770310660555133,1.1895425966463953,1.4880234424250731,0.9886276227830663,0.8427346151961657,0.8602921526661809,0.9864034371631061,0.9712193179475654,0.7275485505977876,0.7634285397264641,0.7383820203394759,0.821150009922031,0.7380896011381531,0.7040506164847442,1.0031054222794513,1.3824550840055758,0.7939374398488694,0.9472945099904151,0.8368871177112137,0.6886012694401585,0.8082574503135579,0.9200415016954854,0.8844761491265362,0.9737494010974937,1.0210917890626652,0.7736670163922309,1.2779337257408334,1.0804102084918799,0.9937721153993047,0.7968500769549455,1.3906810286711317,0.8784232645085528,0.8131608430102979,1.1108616765341752,0.9894368439362448,1.1678755628073587,0.6380989865301898,1.1138140262833338,0.7643511058784718,1.044608846507957,0.8872497102151194,0.7570722060525484,0.8385064497663308,0.856876273725751,0.9047241491010422,0.8458319351154358,0.9415133513170152,0.0,0.9403344976017187,0.6772770120923339,0.9140644905294217,0.7051732251205763,0.6891517806717371,0.8718011498394737,0.7517779344285849,0.9400811183261307,0.8326642953079241
Zbig,0.9087714671194594,0.9202775145057672,1.1167306458752557,0.9594044492063255,1.1944357372605212,0.8117748120900856,0.9613874706026606,0.889002062417671,0.8468839857783941,1.1858667733356099,0.9748489244632214,0.949708004033437,0.7319159435442466,0.9466391726795593,1.1441457873945176,1.1983944955249286,1.162969496821214,0.9717781819529251,1.1477124123653575,1.0979870851990625,0.8925267565574031,1.0104520322873674,0.9975226585604523,0.9374578835514469,0.9989614757973665,0.9726929263307343,1.1496091185977144,1.0538361885767473,1.0954193248340764,1.3127875684951251,1.0206352312338394,0.965841165155944,1.1015301969387155,0.9230484648366286,0.8965052660142961,1.0765358535671206,1.0449532827806876,0.9835561136936515,1.0712453946664169,0.9762246483957838,1.142068624155083,1.012376680037674,0.9577683635807162,1.026673897829789,1.0458408662993284,1.1222560929845826,1.0037158596309346,0.9236158980336249,1.4789331224793367,0.9044650207620379,1.022287529151511,0.8987401745277968,1.2968041512632569,1.1612106163314777,1.0762549477527439,1.200713452168116,0.8247352177673057,0.9658565120002419,0.9415717591732861,1.191439732140537,1.0325916640043513,1.036189943244424,1.026615138527034,1.4024778758055634,0.787754140014976,0.9520163052807477,0.9323219939348064,1.1078421318543235,0.8813221307280205,0.8232297981154832,1.0582989388651107,0.9432884213476161,1.0633211844735007,0.9081731590027402,1.136696894353017,1.2036735476201448,0.9277208016620423,1.143598756510042,0.941167421737703,0.9705754567931305,1.0826665570437266,1.1438763539007182,1.0487792855235916,1.2576429206040134,1.07192353419565,1.1613094924562941,0.9176667269011556,0.8527613896213869,0.9759020441300007,0.9257654282528585,0.8765126088129223,1.0290449171120561,0.8968533577475821,0.8373507745469222,1.057330135452229,0.9859347269002954,1.1762684479852885,1.0576857893084772,1.2220712877914397,0.9363162786234169,0.9051630112068118,0.8219993716789603,1.2621848721667865,0.9523068029118985,0.8756737262642255,0.9645729349237219,0.8543254163494663,1.0833929731959324,0.8582884094485298,1.0097244476038951,0.9891484709769043,1.1654249180103007,0.9604194428914785,1.0806797040071567,0.7947693229047359,1.200918808698308,1.0119912853110682,1.5295284549113453,1.0057567313919848,1.0465240771446547,1.2275446430398915,1.2228810958334952,1.0114706603346109,1.2822832002210336,0.9469811012462673,1.3969916699649707,0.9462371832716489,1.1300954796588762,1.4069633321297639,0.8740837078334132,0.9176605059647728,0.9700422105270667,1.1699010063842967,1.223300282999132,0.9865325320889231,0.8784739145938505,1.238254157028911,1.194802232703658,1.115954572687838,0.9984984175363507,0.9425918769688612,1.0856739033699632,0.9236123347668209,1.0416403889824237,1.0962040585512787,1.0966066644468528,0.8698314352038928,0.9780088547466952,0.9356328235189231,1.0172505627807888,1.2608228461580038,1.4916625161741057,0.948997526836629,1.1797339215575782,0.8501066894303677,1.127004014619699,1.3043169386364324,0.9147522474581099,0.8246971894511504,1.2563219616355914,1.3028247832667006,1.150502657030404,1.5333272865010235,1.3215856081274655,0.9435507873101908,0.9745270404200312,1.1122188679236609,1.1177954765476867,0.8158113295220215,0.7364146145863287,0.980347490269762,0.8254160182591451,0.8913516828888397,0.8787245623643614,1.1846612936273428,1.360223117813048,0.9630492989637727,0.9401324612431897,1.0582496107025114,0.9447318167250558,0.9122454754641741,0.9858251611855716,1.0313514973565736,1.159154592400422,0.9387395634604879,0.9995012805639792,1.5138716823088816,1.2643684988826165,1.3689564499996894,0.9064557149835692,1.3374796588676674,0.8004913513465023,0.9796724736332877,1.3239530532156634,1.045299815416542,1.1353262184086452,0.8642650571189189,1.2282277809535018,1.0228109502129124,1.1532598888091008,1.0353287104875042,0.7748792739470102,0.7863897567569716,1.198504385550587,1.0852967952952837,1.055930228424097,0.9876544164611453,0.9403344976017187,0.0,0.7967687228245505,0.8791862335856923,0.9866745650415204,0.8775881782703423,1.0624788196673796,0.8765224170515128,1.136114481967663,1.1314302865308732
Ziak,0.7355028356896589,0.8715882858692418,0.968548632990283,0.9002132356008407,1.2159132731371505,0.7708523328502305,0.9569714959979982,0.7835995543888991,0.6333361919215174,1.208606807565553,1.0292702301529135,0.9381084792923553,0.706075569293327,0.8602878950686617,1.2928850859702175,1.119063890212233,1.0696763306562476,1.0541496797242298,0.8810668361821027,0.9053767949029066,0.8193734574609484,0.8434388573765671,0.8411155883515203,0.9963961883097535,0.8921054780272449,0.7586616064760215,1.2019635523619192,0.8641417730635332,1.1242609700358137,1.361914985585473,1.1142474898566233,0.9303063692286877,1.0300166545928404,0.8853191547330678,0.8161381115698682,1.088052288994633,1.0480802948280739,1.060056129439745,1.169981946704543,0.7614990107733294,0.9254243677425442,0.9907312758830887,1.0038526418513152,1.092817844446145,0.8780914672514212,1.0528502266109347,0.8990272375298787,0.7615626791896678,1.5851417396681684,0.8841581056694746,0.8600420836454364,0.8899296017780901,1.361921202800695,1.1190270446675823,0.9842908633722878,1.2195178400078333,0.6334296991434084,0.8900887462577881,0.9522261567664576,0.9076925332558418,0.9613689750344669,1.0452886844502283,1.0098658559573221,1.2808769046971213,0.8462495337049485,0.8468758320559377,0.9615482581858029,0.965174775051349,0.8325985584972867,0.8358720493953652,0.8417018960772495,0.982475743641312,0.9783833269993131,0.7300140507287147,1.0687616067755152,1.1320673966662265,0.6763378491297758,1.1901481048223164,0.931512484918304,0.8281860894367633,0.9248218798255491,1.0076144535252114,0.831348009268206,1.058951299154141,0.9728125094445969,1.0643071644468785,0.8634548713872717,0.8398542809702602,0.9720718856092545,0.9287181959241095,0.7020933964708551,0.8819245262108887,0.7884809643259967,0.9552342294917111,1.0543842291036318,0.9851569650269334,1.109127705692005,0.8020674834205234,0.9812656987426962,0.8797479212025924,0.9475767352563692,0.746131915555027,1.2742213716961108,0.8178102562807726,0.8258415452819702,0.9590853987855831,0.7075516016146436,0.9964425280969539,0.7887350892904251,0.8986458100937523,0.8420695265385567,1.1952640820473739,0.8334068873980193,0.8645129386515557,0.7636889052159983,1.0228088485673785,1.0328343464760068,1.4993347851578824,0.9689697619923033,0.9323928939493389,1.146349643555751,1.2772149218238507,0.9578748894914226,1.260679773018987,0.8937100745489892,1.469857423439722,0.8390301358320457,1.186437110939901,1.2286156863044186,0.8126704318008975,0.7325528624527955,0.9807297767892944,1.176183395681088,1.07083207908725,0.88905789217553,0.7619654479231314,1.2030671926877403,1.064910976691265,1.2675296430072762,0.9539208938612653,0.7235243617887394,1.0757005436158389,0.9809301667602217,0.9395666940803703,1.0745248149140594,0.8967586825045676,0.7037583854706141,0.6704968362844824,0.8805553797885891,0.914260567387254,1.2158074666092267,1.3646073123172804,1.071765227490381,0.9225164911323686,0.689855761507616,0.9472996537981131,1.1409625035400048,0.8843268913808661,0.6816571969110453,1.181309982099448,1.3729457057932302,1.2074356001146762,1.4947509052132737,1.1491803267292982,0.8782965864946423,0.9587272168207609,1.0605087111422862,1.124357059140135,0.7075359223634318,0.774669895559287,0.7670227029753888,0.7152133917091862,0.721315685599994,0.7866694496144934,1.094538329864896,1.3766285688022788,0.8169581054833244,0.8758174326481648,0.8707689332326631,0.737014157917735,0.8633584280579611,0.8862219619713616,0.9904314447383723,1.0537525327845296,0.8215509760010391,0.7837877803203394,1.4880709569395056,1.2404116517969688,1.2626758591510046,0.8983896868480605,1.4963377770258661,0.7143832617167102,1.0577152800793952,1.437556432212881,0.9153089207764971,1.2322470531909209,0.8024481620389551,1.1396929538280665,0.9519491616271267,1.0808960410043333,0.7862893904123471,0.7426903776488364,0.8658432563900191,1.1155668650286865,1.0777934368870206,0.9438098211381042,0.9500640631353107,0.6772770120923339,0.7967687228245505,0.0,0.9066974734597874,0.7317220928179787,0.6867149618381805,0.9671210162772794,0.7101272566165183,1.1532565352002158,0.9029319533311349
Zikxo,0.865688727445967,0.7795517850090916,1.0319109082227274,0.7946920415841364,1.2035393923363547,0.7292326158130474,1.0310291109694836,0.9800456770993567,0.7965211130654367,1.283828937126679,1.1576451404840156,0.9586804154726338,0.7675249314631497,0.8965123423426278,1.3073816381542616,1.2113925357390167,1.0965503195891253,0.9701353459891199,1.059551862619103,0.8809113672984882,0.8680907436754524,1.0364078625087478,0.969929068990232,1.066568820820394,0.7687574255647267,0.7772611853484798,1.278960430339664,0.9314722791211291,0.9971266829857821,1.2629212877011247,0.9737072827894733,0.9258528030891824,1.0812205265411807,0.8910808307476049,0.8862448855878239,1.1948169200087302,0.9614104837077586,1.1437994813654142,1.022715559709759,0.856681100000026,1.0108500548910841,1.071051091166798,0.9486281808247399,0.9797630069910084,0.9403127547399948,0.9580933202783345,0.9173245367493618,0.7650791098027674,1.4894450578671716,0.9115051361427039,0.8873869178589828,0.8251348676808855,1.3645834416602722,1.1054238629314157,0.9363365314162576,1.091011117956645,0.7723770211361266,0.933492085794207,0.7933905670382106,1.086114422235978,0.8332790512656552,1.0933262377378277,1.0293360742936188,1.2377119272652857,0.9623790519681074,0.9266234085064596,0.7928648423642735,1.2460543591409505,0.8400298470858215,0.7549826476762834,1.0322059901237408,1.049689878198665,0.9385551265594304,0.7305716189554853,1.0602351055801031,1.0905114888349414,0.7442066443684442,1.1731273479978583,0.9903398051210133,0.9176482138014653,1.0191698622760794,0.9290025460431813,1.052248321699186,1.1358740912762835,0.9610264409038898,1.1994407010946937,0.8490912732495466,0.830829688628345,0.9138119928125505,0.9703799825888324,0.9100118457856934,0.954073391240599,0.8246641549981326,0.9461357000281635,1.141191231014568,0.8480302983491362,1.1530677178928046,1.0564015042345667,1.1461335034370506,0.7254749697154547,0.8286011168352571,0.9571172931974459,1.198267402526377,0.8931069060119401,1.0289540736472351,0.870896505552609,0.8077933005448127,1.110091977858501,0.718196165027551,1.0883401789702434,0.9470277402671091,1.146096933011866,0.8494587510851261,0.9962237154926155,0.8768289830618177,1.0986272689005898,1.113901752067531,1.5469258713857625,0.8214328790770373,0.9991032010042026,1.115169979028742,1.196011804999124,0.8890291952656771,1.3818343483448652,0.9520595873293857,1.3411399555297383,0.9915871281208101,1.1611379917332711,1.3574785438713242,0.859578229164353,0.8524948232275918,1.0148903854060491,1.2038599767798177,1.245790448349474,0.8377523362738295,0.7286524992252804,1.1616783164282287,1.099676115858134,1.1888228455310574,0.9395565368731821,0.7946447573514955,0.9717205705168758,0.9712732324064883,0.926755829358958,1.0862930242712083,0.9097387147465349,0.735504057662423,0.8485467497338799,0.946947521180579,1.0309063436860813,1.1470855188110212,1.3317968475994517,1.0806701912705605,0.9947156063509898,0.7615377492737502,1.0325491555078967,1.231198273628977,0.808567142212382,0.8076295316887621,1.2755681207754055,1.3933028697666416,1.1583545813420535,1.5749883218971694,1.1014469614518558,0.8587889439854515,0.9268469111021556,1.0282689490145835,1.0664563319860882,0.8892890223553994,0.8481613459515461,0.7463914983986321,0.7611543953307323,0.7123737627894754,0.8355248081536256,1.105805505753565,1.582040107086816,0.9107006351768615,1.0645170178610768,1.0187598682288492,0.91290068835652,0.8743790436151706,1.0980858744225979,1.150405540638426,1.0905207666162566,0.8611350120767924,0.8884241862552291,1.61145934963021,1.3210508896751003,1.3055868357595204,0.9296607368946962,1.3467746223908286,0.7974972116653043,1.0210635446494605,1.2601831690164278,0.9037981531479822,1.1739383959657317,0.8422340252157361,1.2449589824522391,0.9097786406530417,1.1126482216774543,0.8947273366277048,0.7901130316041027,0.8353949203150909,1.1729528530440565,1.144335573241673,1.047464840012717,0.9482951563369116,0.9140644905294217,0.8791862335856923,0.9066974734597874,0.0,0.820456664577735,0.905977513214107,1.0949249015678506,0.7146105281350643,1.153812064905775,0.9437390797905798
Zkr,0.8648411880338766,0.7873018380768145,0.9200943161980362,0.7917689273767166,1.1373991395796608,0.7904125445315787,0.8532774290873285,0.8580223274115304,0.7913441043099252,1.2911868766945291,1.0506807516060965,1.056801016770267,0.8288832421618124,0.824948815705277,1.3829266165930836,1.1845032759853256,1.0692743829594098,0.9341390444921545,0.691626077400971,0.7916916039512227,0.8659757212285228,1.0139850010916347,0.781348433260061,1.1288193939537818,0.6610175028380891,0.8344978336232454,1.1051424751695167,1.0190278599346279,1.0649454804712342,1.2783319470740357,0.9421287041837516,0.8288988719854132,0.8295750466741381,0.8248916263403824,0.7594896999479919,1.0620332882977055,0.9507197437677809,1.0216102205542335,1.115947778546586,0.7435255549067211,0.8830194814898906,1.0608523166694959,0.9328932462835308,0.9739120945187111,0.7423812362495474,1.0647788507184206,0.8337321653607646,0.6656318393214707,1.3669261658944583,0.9992476233045481,0.9321436934299673,0.8493941155480917,1.3475935129419077,1.1527340459712727,0.7456415034159364,1.1604204275777568,0.7385196503121737,0.9490379921051022,0.8455123521761517,0.881057517479655,0.7568475071474399,0.9355750372561935,1.1262168733198605,1.2581374186379624,1.0001172666075784,0.9293045148430775,0.9328407693524141,1.0966912077020632,0.6289686810917108,0.8209550757808519,0.9299229077841683,1.0094353335704644,1.0713882497212195,0.6609711593769118,1.0050564871893328,1.1536833062577594,0.6407747100443353,1.103999194032278,0.9505891837461018,0.8401336878630257,0.9290981441516567,0.8166868032949902,0.9060096202528475,1.0447316643543147,1.0103967029713046,0.9745401284750479,0.7360076117735622,0.8155270496819937,0.8575284451315177,0.8141300773677375,0.8059406755910594,0.9099453745898345,0.8314235634214591,0.9905319422126141,1.0560994334575884,0.9465963316280681,0.9661510166329704,0.8764748492875835,0.9665612723101756,0.6655495638554542,0.9825267916241773,0.8047213981057862,1.0353836481193917,0.8449348373826837,0.8533027208338955,0.8062162560003638,0.7542015719946193,1.1248522633796931,0.7043557455192453,1.0488610663418882,0.938509049600577,1.2097054755710703,0.6250283323311027,0.8362918499129443,0.7888416897800549,0.9312634954871674,0.9802318909313176,1.3783199784545046,0.895460273101643,0.9049576070647499,1.234153868253765,1.183823553954185,0.7815381713446746,1.2478089174860407,0.9986615462818936,1.292492251284425,0.9739722774204949,1.1471480694830936,1.4587728753119782,0.8415989111985649,0.7016888950095571,0.8636198761984478,1.1535993509156108,1.141991203508595,0.7821483455835101,0.8291826508238581,1.0644625043196023,1.0296928168605186,1.2689424324767036,0.8256901282058134,0.5585753798617019,1.1348213135895422,1.0106673803911692,0.8464856118769706,1.045245192903439,0.8978863485693297,0.6854726466173261,0.6054880593884024,0.9545570428179285,0.8279815862009322,1.1911782656025138,1.310880330689515,1.0933460645416366,0.7691301213510576,0.5867365111978082,0.8475017764296265,1.1429307330294207,0.9033321516107854,0.6921805645361325,1.3484251239272267,1.2806025638362424,1.0770517916833702,1.5651271533276854,1.1166116374884991,0.8718704598390218,0.8788041456753031,1.0221698187984294,0.9847562540913838,0.8524210646824938,0.8638092343792464,0.6720923172898309,0.7616526734957155,0.7464617217774723,0.8940246289294589,1.1042472778848873,1.4608803204017227,0.8241911927247801,1.018705326387971,0.943805049245121,0.6718517115284005,0.9005172787464051,0.9991447993808056,0.9038017714129477,1.0980775630711743,0.8853966831883902,0.737055937809837,1.2830536205843386,1.1746531344492297,1.143933634459878,0.858212769048567,1.4717785122552576,0.7618079213935978,0.969821701386266,1.3020068360137436,0.8963308482318824,1.2540928728838892,0.779968559446777,1.2108003946413175,0.760717410004668,1.103070076451177,0.7860257902148196,0.6984497944638595,0.879489157966298,0.9696856221806688,1.042738874365406,0.8922103821854392,0.9425099701439117,0.7051732251205763,0.9866745650415204,0.7317220928179787,0.820456664577735,0.0,0.7562925998250997,1.0043138757824086,0.7049944817006424,1.0261109582686643,0.8522892175973747
Zola,0.761278741161657,0.7152798495440543,0.826165457591292,0.7191167126122042,1.155815243468412,0.721402000105547,0.7374214141609335,0.8609399289674603,0.6220800059005989,1.1667726344679763,0.941761057968198,0.7807780461007792,0.7099801935905404,0.7536907892033646,1.1809519679941225,0.883506557089796,1.046152665624927,0.9269833320291793,0.9016081689138707,0.8389731439210966,0.7162766107635421,0.854963457383592,0.7765689407973007,0.9936203335246533,0.8203356215290666,0.767268606987016,1.0543465200323394,0.9180321241654884,0.94451535148864,1.0724956090390454,0.8046822317531365,0.7430912623105743,0.9441903505733861,0.678112105784507,0.6791194109729678,0.9598566571623692,0.817965708624357,0.960581036730759,1.0333442172146325,0.749819475192773,0.911162324698531,1.0055142057271353,0.7217809196926328,1.0477667480689632,0.7632717765517291,0.8136404361704366,1.0355353172459658,0.6368400641271651,1.4656797204666427,0.9023786290407247,0.9037883963768585,0.7902711440609874,1.2806157022499152,0.9520914617981764,0.9820476533783499,1.0912746666584192,0.7482480455722981,0.7854277122140559,0.7534170010999652,0.8374780757145385,0.8639492878630477,0.839052830966579,1.0003380110701117,1.2702770753617292,0.7222984884349084,0.882124003549383,0.8281924738242512,0.7039622846008208,0.6445256251555189,0.5861980999094958,0.9433298951273899,0.8833896080501191,0.9119931125671699,0.7288985354763414,0.9076128491952402,1.0526917893468066,0.8301172687538919,0.9871069793404952,0.8538833005011125,0.7011439838921558,0.9717109228211896,0.7916964541902201,0.8215050501380337,0.9146030894058281,0.7221067059754817,0.7228031798570874,0.6574395289537387,0.8329972803544945,0.9074893971401334,0.7544021544370196,0.6324947726854864,0.685416506623845,0.8824529738411997,1.0316958236211524,0.911831564557607,0.805761061127286,1.0119008397754548,0.8198511960879848,0.9625133297041082,0.8160352919519578,0.8547202122512562,0.8062327079701709,0.9653469556856248,0.6999909224759766,0.6828927674772561,0.8097417709665222,0.7189670520719624,0.845974921854756,0.6439473854278815,0.8997629946628277,0.7563124668251924,1.024072645605125,0.6966133842834089,0.9534064922584565,0.6252641585859412,0.9805488090641703,0.8137238317499486,1.330857304769748,0.7063805909623585,0.8330865334197527,0.9159070400815793,1.1032486813390134,0.7295328802712485,1.1454016987060651,0.721601016983301,1.311272266210015,0.8739832148537552,1.118974167619079,1.3663205299027645,0.804375103303554,0.7248872360194317,0.7955173123741249,1.0889092277581596,1.0859572066695817,0.6006131615657612,0.8657578428379981,1.074325864812762,0.9720552981479901,1.1437670332610979,0.8231347805657598,0.7532343001469499,1.0616663274521931,0.8484059256491424,0.781736838514361,0.9432588000222011,0.9892666478891712,0.708216058024082,0.7925187582594717,0.8997569119549091,0.9419438710088047,0.9903244365668417,1.2417249467405578,0.9400347227576217,0.8593116076172087,0.6563249238988352,0.8447171378807335,1.010972317806267,0.8605416609302058,0.623536908425065,1.0313140733129305,1.280921670654045,1.001988194634921,1.3071610673247414,1.0471747842975576,0.7677052989110794,0.7982850717979517,1.05747522167373,0.9693167728916819,0.7101713081585846,0.6307702956513258,0.7503759302943973,0.6902289877268131,0.7514920686026433,0.6414837451618381,0.9855961141662614,1.1267091962345062,0.7455342325976614,0.9370471142884803,0.7346354207427552,0.5947347210920556,0.7859112296096936,0.813512779083636,0.7833010588812809,0.9767650501871354,0.7969811638866369,0.741834721725115,1.3912296834663733,1.0733407470122716,1.017386205453361,0.7713227595595108,1.2127477432132598,0.7109755607011057,0.8774771772258118,1.1363630213235993,0.9912690959410775,1.0161046538250273,0.6305600085898727,1.0462639585415798,0.8233828313319816,0.9791079287938451,0.8255132189036235,0.6388857579317623,0.6891328568155578,0.9746691253939186,0.8542818043362252,0.9068609978286268,0.822842203648241,0.6891517806717371,0.8775881782703423,0.6867149618381805,0.905977513214107,0.7562925998250997,0.0,0.7922421385929755,0.8202979940652189,0.8880160170436249,0.8452170572175237
Zuukou Mayzie,0.915296630940372,0.9506941549903556,1.0764298929749685,0.98237487988509,1.2731302647032163,0.9119581710407172,0.7588039324891143,0.9182530006606914,0.8022853930978429,1.154846989463226,1.0422344195436823,0.8835051002247383,0.8425202848014401,0.8714427058192759,1.2289108310575223,0.8990399106500072,1.0506976504043126,0.9531101369509384,0.9967207182734721,0.8783292653123925,0.9129338789987755,1.0511884812865249,0.9574257085812928,1.016358707618155,0.8217277650787373,0.9619000975308538,1.0538468007064972,1.0023545872810222,0.9414203742845256,1.2127608144922213,1.1175677750747413,0.8173968598897111,1.0923856150818425,0.9589732571768582,0.8141164536990704,0.9815265803084624,0.9421726766603797,1.0502018156662514,1.0481623382846446,0.9280607253030133,1.1013944553388924,1.1237201848479867,0.9159945831716257,1.2110671833603872,0.9563908848930783,0.9339336545994166,1.1583371467901589,0.8929361928785705,1.5028412890721348,0.9504819761766229,1.0063772091789196,0.9748937620331174,1.2378328589383578,0.9174011168654044,1.1191054724390002,1.179224396343303,0.9409807084852395,0.9987842145017144,0.8739203878383628,1.0390332671079814,1.0811053955621994,0.9278726000200802,1.2565305928066646,1.4278471937061825,0.8944507962678212,1.0171137513880042,0.9951382310288488,0.9055826452401451,0.8334553916605093,0.7605028056813662,0.986469066338683,0.9633425330590629,0.8335212845664242,0.9060362715627727,1.109324091154235,1.2807581380775013,0.9647826662385603,1.0786921236297802,1.0491764354656345,0.9222497701098369,0.9992686113146803,0.964648662040728,1.0001238421336227,1.1093265960196685,0.8955185813366107,0.9164893309058253,0.8019701818356161,0.944976099497077,0.9320361282532272,0.9278307746506691,0.7868728297044263,0.9093090664066323,1.0190968916518999,1.1703586492783897,0.967882334327221,1.0200232655878876,0.9861115753433591,1.0228595312078494,1.1118688418309677,1.0230888259004076,0.973355107005074,0.8923997685499454,1.0169853530993747,0.8572690534283164,0.8275958800434281,0.885566337790957,0.9009131952280172,0.969902706674259,0.8206250886972324,0.9383215590404052,0.8972647234686852,1.130075753367359,0.9061848913945062,1.1929413462860445,0.9248005040881886,1.0624396461131604,0.9583645593359859,1.5203956473419995,0.8670681776565039,0.9024060637301972,1.1875855217830016,1.242782837980066,0.8084170999967725,1.2172675455923978,0.8659512872416212,1.3460040055247353,1.0537922920309464,1.1904808322174802,1.524950766319968,0.9342499342053165,0.9435104085350116,0.9448370613576557,1.0265736152388718,0.9936344018269456,0.7761201760944915,1.030934252523491,1.1105072632382809,1.0634608524896207,1.1910993654390378,0.97932584278493,0.9923433793555244,1.0646261138283521,0.9945315744811848,0.956309148332015,1.0933390494260882,1.0823723471794378,0.9654728738203423,0.9952417022836443,1.1364481540089715,1.0447555600886198,1.1630333907080512,1.3481723788270834,1.0249857156295687,1.1485754264323658,0.8841109044117846,1.0401324422379015,0.9933749854606624,1.1332954955127283,0.8710688466932122,1.0787629120613942,1.3352870633184415,1.0608101991007008,1.2853194632144815,1.242460382667985,0.9764253678753988,0.9419986751390503,1.0506129000415747,0.9904295160996242,0.8657097600916305,0.7649513366655363,0.9607410988057637,0.8442310037472474,1.0661738359801283,0.8637831069310994,1.1867962073921314,1.1064867314305589,0.9021363605141072,1.1580573595645764,1.019849427828482,0.9840079969903079,0.9619421857985593,0.9580902677590227,1.0073429319304816,1.0897593376993662,1.01032531032559,0.9828666464268001,1.437096576467304,1.083174493871995,0.9551585233380545,0.8352492977729965,1.3187752774023975,0.9028724408357637,0.8997054004054796,1.1108688815760417,1.1056621409058514,1.1831662575711883,0.8195649998205748,1.1014041351730763,1.0138632609481968,1.0969602181857558,1.080270748456648,0.8348876749544726,0.7720190840914021,1.01453992642324,0.8909931403643273,1.0729985871047782,1.0050498198630866,0.8718011498394737,1.0624788196673796,0.9671210162772794,1.0949249015678506,1.0043138757824086,0.7922421385929755,0.0,1.0172531354535026,0.8704383687766224,0.9201557799383483
​DA Uzi,0.729319622494593,0.7357217417541381,0.9782484577183671,0.7877633312002804,1.1489705847472786,0.7252968112884683,0.9683736570212337,0.7695332632584424,0.727847116431574,1.254134193897724,1.1256961095859699,1.041034519606118,0.7541391359563786,0.8610349373274722,1.2401243139743456,1.1519270503613015,0.9723724012896134,0.9415301945317711,0.8301176302812547,0.8249270809940011,0.8203803770833065,0.9480384831059507,0.9024651879170442,0.9059717432611701,0.7307034602842457,0.8108532330139738,1.238739606159083,0.8500123852386633,1.0956020332007308,1.3066936703748553,0.9528559173418434,0.9689150985712082,0.9883220594514952,0.8368699653105945,0.7627274290502245,1.0580511021423433,1.0114003143899801,1.1205822990230236,1.1681675925225148,0.7560866282889322,1.0697257804456208,0.9582978837656776,0.9408080328879715,0.858781843474281,0.8690018967851909,0.9731943988205749,0.7521817792097234,0.7736997450960593,1.4883326125635647,0.7953776567999788,0.9559591215549289,0.7404402000160459,1.2505394813983282,1.1580171517358477,0.781550680730707,1.2136296768291375,0.6742926469228643,0.8856083570993873,0.8222793877372094,0.9015249512455754,0.8690241448244888,1.0252153196482283,1.053825710619141,1.3478323544429716,0.9172925240420358,0.8471192870238908,0.8035615152459066,1.1355687999863648,0.7448491787506719,0.8040779219267024,0.9021900689042723,1.0236705543242017,1.0340504186774035,0.6944303957033156,1.0908051931025924,1.205181337828794,0.5768503935769345,1.1216251083567144,0.8781109648905437,0.9151116367148707,0.8711992609224452,0.9491331205010279,0.9896580721569772,1.1933583025179806,0.9700497865052579,1.2066559028928303,0.77545339782167,0.6701929232043234,0.9587470265241923,0.8939414790426163,0.8958334541064151,0.8626398644434112,0.789742383270141,0.9204685058572344,0.9802081282038451,0.843304651401623,1.0643449145924964,0.8021040919837547,1.0723620351596401,0.6876579949922783,0.8452221451019508,0.859805245373649,1.209923329390891,0.8309622748928004,0.8377741627721946,0.8624780124793194,0.8157940319246649,1.0261064910101583,0.6675750417569989,0.9755954635380145,0.8226471218525734,1.098000193394969,0.722020359279049,0.8831273418061795,0.7916341921259676,1.0757201273255375,1.09351344787182,1.5739930774605595,0.8865892484242973,0.9646591613942739,1.2083299693353593,1.1978175285677586,0.8702899378921967,1.3578913628199978,0.9282751819561419,1.296156250861671,0.9586406409410574,1.0404190066855776,1.253946226283003,0.8359846538386922,0.6247458512157721,0.9389954045285294,1.1816805154621564,1.042772797842539,0.8048760739617161,0.706474833624156,1.1489786109072926,1.073456875272683,1.0917458611066482,0.9730206075519601,0.6865182800142935,0.9889365897702632,0.9687715588166882,0.9538332708071539,1.0428358640795408,0.8436078577749601,0.6018291141965859,0.7104281898108826,0.9272007444018581,0.9890119816337735,1.1192913136518996,1.3295860827067967,1.0946757504161724,0.8762442839929747,0.6511711269222555,1.002613368313629,1.1836139684090419,0.8670114477557298,0.7231176320428317,1.3100538467961422,1.3747193119593755,1.2173853173935318,1.5161815894230428,1.0850562002540682,0.8747022104363132,0.9718547190582421,0.8784583063139603,1.0476263299000252,0.8248709989471673,0.8378293661149621,0.7230989461379432,0.713345903114444,0.7063592147225942,0.8072785322910572,1.1653196983825802,1.5341589506856392,0.8990028024374653,1.0741114704396084,0.9655297111637104,0.7034654389555276,0.8167589476768753,0.9019668178012097,1.0069017503797335,1.0802935919315038,0.928330753540526,0.8343149789725902,1.4739476582145195,1.2261414314879515,1.333085761627135,0.9134491834823977,1.41390838629384,0.655892928969645,1.0434003890384886,1.283727683220515,0.754186116445145,1.3121788013500804,0.8069938240159007,1.0997765733268638,0.8839525140391231,1.1705897800857095,0.8632605773323945,0.7061391204941653,0.764498350345547,1.0966955017987903,1.082156839023766,1.007755776563706,0.9443523236968108,0.7517779344285849,0.8765224170515128,0.7101272566165183,0.7146105281350643,0.7049944817006424,0.8202979940652189,1.0172531354535026,0.0,1.118362693837687,0.9207290840671148
​nelick,1.0207935112866016,1.0425843187156163,0.9611093899850022,0.973342654483605,1.166710819109917,1.0266741902387422,0.8566272206443998,1.0123684954175791,1.0328607509890615,1.2496259222409551,1.0612440774239598,1.069943834076856,0.9913311039002007,1.107081650273489,1.217098741995398,1.253524787809118,1.0192499245452113,0.8942985966695804,1.0988887392209485,0.9894189330885896,0.9623208073620929,1.286506945144093,0.9204764343917922,1.0037828167838745,0.8951902526385012,1.1256605243406639,1.0120620255070136,1.1331229967972343,1.0849552710855221,1.117845163596532,0.9845216202772444,0.8380257210755143,0.9343990644946246,0.9836139407236721,0.9499585099464223,0.7744067025196671,0.9164939663983463,0.8915830894730586,1.1796440030649424,1.1161032891199694,1.1117778174899369,1.208765873112858,0.8316884947882047,1.1752139474958567,0.9235595230068688,0.9404373359728934,1.1930218792400906,0.936352810475385,1.2204276148289461,1.094872557415396,1.1228697364985967,1.0131078287789956,1.1996868031377068,1.3081139367218078,1.1253059094732316,1.3436889323080605,1.0478949930077028,1.0847860479141807,0.9742945955286533,1.1751219505845933,0.922432820158614,0.9194692969815449,1.3602492153030785,1.360039346745305,1.0250385528013486,0.99185424530779,1.0783497326497373,0.9498080616450669,0.9026497614126909,0.9547456131100408,1.2723504619278585,1.1467911625434004,1.0538450499625414,0.978630931037759,1.0154101393179713,1.361106885469667,1.1285644710591278,1.02495432358921,1.1413294211105478,1.0231623352696746,1.0017104667073375,1.026554073665909,0.9793977618164331,1.2379581782909332,0.9884115584561036,0.9521751562128358,0.7443859650045593,0.9550570160162486,0.8822407700564934,0.8852612019603593,1.0512231792906632,0.8779819493585518,1.1635344328065322,1.2428573863024375,0.9902831593526016,1.1320781164187586,0.8695533977905684,1.213584266524178,1.2120938792151916,0.9901653377655832,0.9646676371190691,0.9328359750333451,0.9388471687054392,1.0777983598392038,0.9696246563848131,0.854496378771924,1.0463225959346694,0.9244463516419533,0.9057908117179507,0.9643690695122143,0.8886868529183396,1.2759331870521096,0.8673709579810349,1.3478034501917298,1.012672660288378,1.0896008885684438,0.7369454536477288,1.4509011112060344,0.8402320927488026,0.9354996005322278,1.3593330812037776,1.1364443941257603,0.7543718813254585,1.1426335010589541,1.1449684663214195,1.1233671833377092,1.2239492123293467,1.1120961285604454,1.6463205789265187,1.0800277657851318,1.065964090239409,0.8910607272645659,1.1443812862211198,1.1499470775752259,0.7875006293920875,1.1643173154577757,0.9319091858636461,1.2229398783026,1.2631035992264061,1.0302412194154331,0.9629016641488235,1.2188520736139703,1.0743958040258412,1.0107343171943588,1.067485761414217,1.1978027471383663,1.0028929192826401,1.1237815903055726,1.1482110261606229,0.9673557382314922,1.2219420661365084,1.4133622833832475,1.104500078898699,1.1950212793112391,1.0147310089550998,1.0522186884396838,1.2107208856663925,1.1064498004532657,0.9381080222966318,1.203014157991304,1.1772847349723405,1.2091006578407535,1.3382166130948874,1.1860581347927341,1.1337284006739028,0.9889892264796319,1.0902202776244352,0.746304592929402,1.0126822464535652,0.8611498815902162,1.1477783553150396,0.9488682969233296,1.0682578628648096,0.945790807868212,1.0396455739112,1.3213474366786648,1.1435273340963705,1.2004607664453806,1.0448434959831774,0.88447590101859,1.1322615405211527,1.1139095401366514,0.9314702128997233,1.2054086719158625,1.2776026109626633,1.1952975118146354,1.1408981640935851,0.934924936111696,0.8901303410559962,1.0573158764157042,1.123818308481628,1.1200116019966158,0.808023560495312,0.9703874442650893,1.130206946188646,1.364060950757455,0.7889948699982106,1.1039398502616238,0.8798618931472998,1.1378821888733768,1.2261604851930055,1.0139231112595875,0.8928094264888063,0.9917556185457449,0.8962100239941365,1.1042878675693786,0.8296083706412068,0.9400811183261307,1.136114481967663,1.1532565352002158,1.153812064905775,1.0261109582686643,0.8880160170436249,0.8704383687766224,1.118362693837687,0.0,1.103112228375229
​​okis,0.9213719805284977,0.855333482156184,1.0565098600009017,0.8921334219346382,1.3703732862068116,1.0725324186694907,1.0040319806007103,0.9602699306619649,0.8846239297715748,1.3899166856171572,1.1194677877440995,0.9492070375458109,0.9942782672374354,0.8581442729746523,1.4539205867522857,1.0856420014083452,1.227397729204171,1.1139906105495256,1.0706275092511388,0.8503918843582089,1.0041361312488168,1.0888344385400517,0.9804017147807632,1.1663443734235122,1.0135751973523868,0.9113420889013614,1.217376737401784,1.17639295118982,1.0828331384607188,1.2878068399811675,1.0565620370527062,0.9558517267243372,1.0982987187297388,0.9069111953042452,0.9365200861567243,1.167797846610255,0.9947436829848872,1.0922556338720482,1.0988480204664648,0.9573967742860738,1.0570465349421903,1.2668241155573996,1.0883070338703187,1.2688610833900866,0.9160879150170086,1.0293306756331153,1.1330695060017897,0.847120119857215,1.5815841639312112,1.1835232905323592,0.9862168705999178,0.9413680681310965,1.5165451103133056,0.9265838153510209,1.2091458006856137,1.2034478638453825,0.9527021723388251,1.1019477853391004,1.0655390391562447,0.9592196614117455,0.9991038773719704,1.071415414308663,1.1919290936101243,1.3406240755386238,0.9149182480242621,1.0791416568090113,1.052044176429335,0.9685654858997471,0.7681282163614853,0.8684731087497656,1.0196886620188987,0.8359580971655146,1.136895692330293,0.8794691823696251,1.088366569762815,1.2684106625731075,0.8981624435783311,1.2077188617341077,1.1266412142173623,1.0302745944624132,1.195291592370796,0.8911516907257542,1.0146101643045704,1.0763979831783,1.041946308244505,1.079405530000152,0.8478953482767974,1.0467889033857878,1.087953470318678,0.9570759390009936,0.8808335105680432,0.9372081891361952,1.0933616093929477,1.2366414642136798,1.1154465980291306,0.9273932625571377,1.1550021257449365,1.0787669126829758,1.1763179447675531,0.8386394653168145,1.1120289224447228,0.9860855383609735,1.1726140940706473,0.9710769464167618,0.9606664280013691,1.018482312098876,0.94249497142229,1.0694838903721557,0.9083116897819307,1.1100804236688082,1.0905992017085844,1.3864617804372337,0.8740743832181205,0.9878905297575398,0.9993861570128794,0.9616214331836044,1.1075693033917309,1.479574943946462,0.9777887181335436,0.9143399253557253,1.0341090247559739,1.199654999983765,0.9668544569697097,1.4540880230558526,0.9296110690446479,1.5112843597114436,1.1240310689373845,1.2966692897748855,1.6183070973645188,1.1036949360604602,0.8348354247575274,0.9062397026956218,1.2503836515023052,1.069238228432377,0.9020191576363529,0.9240772261614203,1.3038814036513793,1.1115280795030331,1.3604853362461475,1.0006032514729086,0.9633060821043206,1.1554696220030658,1.2074691810386111,0.8733893040158491,1.1526538643998192,1.1406744364398393,0.8157845655967357,0.964384936831065,1.1424615411706696,0.9604947305984272,1.3645087492107897,1.2747051088622765,1.1499853507538769,1.0610835743673739,0.8008038340616341,0.9790194859952905,1.2566368194403887,1.0302726705920178,0.878451554037825,1.3216079622204524,1.445398837435701,1.1958817367963261,1.6226892978208063,1.1812453731366694,0.9712023618613205,1.033444209989395,1.1211146992136072,1.1592571308036042,0.9633070624695386,0.8984568705973426,0.8273802782428054,0.8825814544591808,0.8741637659748562,0.9203208844523261,1.1770227290037092,1.4046145202528582,0.951282148142043,1.0535009911025865,1.024241331401773,0.8579198056364739,1.0007033680225217,1.0731123056724845,1.0476503913291166,1.2044855168859043,1.0212663927270282,0.8601320301551422,1.5300455286974335,1.3456497254048498,1.1855177207376975,1.0058066561556573,1.5078660145665033,0.860553218014315,1.1253292030437925,1.3653216823256111,1.104334747292313,1.1446520246152228,0.8415375792400781,1.3204517479282003,1.0478581236968239,1.260394895789768,0.9226454055823445,0.8469860182339016,0.9298776947038783,1.240955768887455,0.9687326197458593,1.1028513645185856,1.0866073795983149,0.8326642953079241,1.1314302865308732,0.9029319533311349,0.9437390797905798,0.8522892175973747,0.8452170572175237,0.9201557799383483,0.9207290840671148,1.103112228375229,0.0
