variante,distance_hasard
sans featurings ni ad-libs,0.9320508515919949
sans featurings ni ad-libs,0.9494065704469021
sans featurings ni ad-libs,0.9447694919848492
sans featurings ni ad-libs,0.9424136057807845
sans featurings ni ad-libs,0.9401951923205368
sans featurings ni ad-libs,0.9047562157250353
sans featurings ni ad-libs,0.9513966751179459
sans featurings ni ad-libs,0.9276604980427317
sans featurings ni ad-libs,0.8939343255562219
sans featurings ni ad-libs,0.9516401977562362
sans featurings ni ad-libs,0.9430905076196483
sans featurings ni ad-libs,0.9637840228316528
sans featurings ni ad-libs,0.8807360821006059
sans featurings ni ad-libs,0.8857269696625877
sans featurings ni ad-libs,0.9478514661683419
sans featurings ni ad-libs,0.9324746854083379
sans featurings ni ad-libs,0.9319646541922102
sans featurings ni ad-libs,0.9221891834815088
sans featurings ni ad-libs,0.917759879939832
sans featurings ni ad-libs,0.9780181115563806
sans featurings ni ad-libs,0.9214683548197793
sans featurings ni ad-libs,0.9729896328483598
sans featurings ni ad-libs,0.8849081133666769
sans featurings ni ad-libs,0.9210331356527125
sans featurings ni ad-libs,0.9460115884243705
sans featurings ni ad-libs,0.9408710348522473
sans featurings ni ad-libs,0.9236205863430906
sans featurings ni ad-libs,0.9584102864826295
sans featurings ni ad-libs,0.9242267769058292
sans featurings ni ad-libs,0.9954261570683053
sans featurings ni ad-libs,0.9334285337794118
sans featurings ni ad-libs,0.9421345179582267
sans featurings ni ad-libs,0.9006254730680743
sans featurings ni ad-libs,0.9254307193350905
sans featurings ni ad-libs,0.9381405921850208
sans featurings ni ad-libs,0.9035559342974604
sans featurings ni ad-libs,0.8786601369943948
sans featurings ni ad-libs,0.9547246422739011
sans featurings ni ad-libs,0.8935067524308781
sans featurings ni ad-libs,0.9334375501516331
sans featurings ni ad-libs,0.9987098183823756
sans featurings ni ad-libs,0.9409306702963541
sans featurings ni ad-libs,0.9447402158794429
sans featurings ni ad-libs,0.9304826105814897
sans featurings ni ad-libs,0.9466858335952574
sans featurings ni ad-libs,0.9002259153022224
sans featurings ni ad-libs,0.9910158370846693
sans featurings ni ad-libs,0.9341783939850339
sans featurings ni ad-libs,0.9247901960501718
sans featurings ni ad-libs,0.9277961975305338
sans featurings ni ad-libs,0.8945209661884528
sans featurings ni ad-libs,0.9469765602283327
sans featurings ni ad-libs,0.942584491611324
sans featurings ni ad-libs,0.9128262552414107
sans featurings ni ad-libs,0.9386313637882803
sans featurings ni ad-libs,0.9148393489903032
sans featurings ni ad-libs,0.9538751701632794
sans featurings ni ad-libs,0.9337692878902867
sans featurings ni ad-libs,0.9546421349658325
sans featurings ni ad-libs,0.9633422667818712
sans featurings ni ad-libs,0.929024608621325
sans featurings ni ad-libs,0.9457802060960088
sans featurings ni ad-libs,0.9444947284318632
sans featurings ni ad-libs,0.9626736827868841
sans featurings ni ad-libs,0.9800200035366503
sans featurings ni ad-libs,0.9055093448051953
sans featurings ni ad-libs,0.9326403798800245
sans featurings ni ad-libs,0.9300779041130527
sans featurings ni ad-libs,0.9403251404242071
sans featurings ni ad-libs,0.9895872090775163
sans featurings ni ad-libs,0.9703844051733794
sans featurings ni ad-libs,0.9384115127006909
sans featurings ni ad-libs,0.9714930231351677
sans featurings ni ad-libs,0.9163978278379139
sans featurings ni ad-libs,0.962631172339472
sans featurings ni ad-libs,0.9069059508009353
sans featurings ni ad-libs,0.9485714175307915
sans featurings ni ad-libs,0.9495897318124558
sans featurings ni ad-libs,0.9369541341301552
sans featurings ni ad-libs,0.9002931849275575
sans featurings ni ad-libs,0.969722010810486
sans featurings ni ad-libs,0.9224514730402874
sans featurings ni ad-libs,0.9521205641515031
sans featurings ni ad-libs,0.93927885945266
sans featurings ni ad-libs,0.9035279901962328
sans featurings ni ad-libs,0.87548044522287
sans featurings ni ad-libs,0.9236782367914407
sans featurings ni ad-libs,0.933293448233771
sans featurings ni ad-libs,0.9498179576103583
sans featurings ni ad-libs,0.9235099291137993
sans featurings ni ad-libs,0.9232596764873815
sans featurings ni ad-libs,0.8880079059064273
sans featurings ni ad-libs,0.9907959190127188
sans featurings ni ad-libs,0.9252674368889383
sans featurings ni ad-libs,0.9661355257568186
sans featurings ni ad-libs,0.9421266870584384
sans featurings ni ad-libs,0.9153935334766908
sans featurings ni ad-libs,0.9382290113011338
sans featurings ni ad-libs,0.9118669335994692
sans featurings ni ad-libs,0.9478644072883338
sans featurings ni ad-libs,0.9566401064234507
sans featurings ni ad-libs,0.960252768781677
sans featurings ni ad-libs,0.9572706809917706
sans featurings ni ad-libs,0.9508238184514183
sans featurings ni ad-libs,0.9304425985222895
sans featurings ni ad-libs,0.977633455049858
sans featurings ni ad-libs,0.9305122597904605
sans featurings ni ad-libs,0.8641516530719127
sans featurings ni ad-libs,0.913808141161857
sans featurings ni ad-libs,0.9425846228356397
sans featurings ni ad-libs,0.9426829581003915
sans featurings ni ad-libs,0.9397332587180691
sans featurings ni ad-libs,0.9127904240947209
sans featurings ni ad-libs,0.9412553332809548
sans featurings ni ad-libs,0.9760846194802733
sans featurings ni ad-libs,0.9491205087236585
sans featurings ni ad-libs,0.8995585055382251
sans featurings ni ad-libs,0.9680145611175236
sans featurings ni ad-libs,0.933611948844749
sans featurings ni ad-libs,0.9024680431124543
sans featurings ni ad-libs,0.90704500862672
sans featurings ni ad-libs,0.9636335677418586
sans featurings ni ad-libs,0.9751415797149344
sans featurings ni ad-libs,0.888235107763113
sans featurings ni ad-libs,0.9148369282926738
sans featurings ni ad-libs,0.887464314904046
sans featurings ni ad-libs,0.9334663129373234
sans featurings ni ad-libs,0.9267081628950393
sans featurings ni ad-libs,0.9110947711077533
sans featurings ni ad-libs,0.9325656246641847
sans featurings ni ad-libs,0.9033664516588755
sans featurings ni ad-libs,0.9355206809250225
sans featurings ni ad-libs,0.8935797976376711
sans featurings ni ad-libs,0.9076988998480054
sans featurings ni ad-libs,0.9607769166947306
sans featurings ni ad-libs,0.9531179237797273
sans featurings ni ad-libs,0.929957701655913
sans featurings ni ad-libs,0.9597375402437983
sans featurings ni ad-libs,1.0003468204043033
sans featurings ni ad-libs,0.9923458691189906
sans featurings ni ad-libs,0.9267552984924663
sans featurings ni ad-libs,0.9050844234404232
sans featurings ni ad-libs,0.9425756728831204
sans featurings ni ad-libs,0.966527842389165
sans featurings ni ad-libs,0.9638474682169815
sans featurings ni ad-libs,0.9806511815575919
sans featurings ni ad-libs,0.9760611205146765
sans featurings ni ad-libs,0.9254347132909303
sans featurings ni ad-libs,0.9270338641124924
sans featurings ni ad-libs,0.9114457222094351
sans featurings ni ad-libs,0.9295969635004127
sans featurings ni ad-libs,0.8922613559237825
sans featurings ni ad-libs,0.9353413405823224
sans featurings ni ad-libs,0.9281940768737414
sans featurings ni ad-libs,0.942906092951699
sans featurings ni ad-libs,0.9294922925035001
sans featurings ni ad-libs,0.9302858663737675
sans featurings ni ad-libs,0.8783163715953904
sans featurings ni ad-libs,0.9434001071225102
sans featurings ni ad-libs,0.9488936169552309
sans featurings ni ad-libs,0.9462491426285627
sans featurings ni ad-libs,0.9364509271306819
sans featurings ni ad-libs,0.9274894767051587
sans featurings ni ad-libs,0.9440840765210584
sans featurings ni ad-libs,0.9580078340442731
sans featurings ni ad-libs,0.9030061189521386
sans featurings ni ad-libs,0.9822878444093385
sans featurings ni ad-libs,0.8991350073818859
sans featurings ni ad-libs,0.988412282411467
sans featurings ni ad-libs,0.9475746029499293
sans featurings ni ad-libs,0.8939681609288159
sans featurings ni ad-libs,0.9464858620312105
sans featurings ni ad-libs,0.933106009858198
sans featurings ni ad-libs,0.9977781465115764
sans featurings ni ad-libs,0.9246913254958246
sans featurings ni ad-libs,0.968967805810284
sans featurings ni ad-libs,0.9338235977926159
sans featurings ni ad-libs,0.9201380630404983
sans featurings ni ad-libs,0.9327277427866831
sans featurings ni ad-libs,0.9207024638178701
sans featurings ni ad-libs,0.9571632688027563
sans featurings ni ad-libs,0.9415285992972786
sans featurings ni ad-libs,0.9317271639921506
sans featurings ni ad-libs,0.9626535451513517
sans featurings ni ad-libs,0.9753822080985738
sans featurings ni ad-libs,0.9318941330707486
sans featurings ni ad-libs,0.90242658508427
sans featurings ni ad-libs,0.9635664614370463
sans featurings ni ad-libs,0.9030936915814524
sans featurings ni ad-libs,0.9550848014830822
sans featurings ni ad-libs,0.8979908108282862
sans featurings ni ad-libs,0.9698685543801229
sans featurings ni ad-libs,0.9345259823813095
sans featurings ni ad-libs,0.9479244076780101
sans featurings ni ad-libs,0.8934446732094864
sans featurings ni ad-libs,0.9584988005973625
sans featurings ni ad-libs,0.9483946650441641
sans featurings ni ad-libs,0.8919288252693238
sans featurings ni ad-libs,0.9203635207285813
sans featurings ni ad-libs,0.9394438387160092
sans featurings ni ad-libs,0.9597098089298335
sans featurings ni ad-libs,0.9706467639535601
sans featurings ni ad-libs,0.969438621845145
sans featurings ni ad-libs,0.9338088221927934
sans featurings ni ad-libs,0.9533537620305947
sans featurings ni ad-libs,0.9330179903177126
sans featurings ni ad-libs,0.8630199838656161
sans featurings ni ad-libs,0.9489428887660375
sans featurings ni ad-libs,0.8930112139901858
sans featurings ni ad-libs,0.933786578796087
sans featurings ni ad-libs,0.9241930984316495
sans featurings ni ad-libs,0.9020998558725647
sans featurings ni ad-libs,0.9498328967732879
sans featurings ni ad-libs,0.9332886386737134
sans featurings ni ad-libs,0.9197769386218566
sans featurings ni ad-libs,0.893477763456495
sans featurings ni ad-libs,0.932684802695358
sans featurings ni ad-libs,0.8861843506270857
sans featurings ni ad-libs,0.963531701984205
sans featurings ni ad-libs,0.9362504588989133
sans featurings ni ad-libs,0.9602954051804319
sans featurings ni ad-libs,0.9431596808372272
sans featurings ni ad-libs,0.9186742524904963
sans featurings ni ad-libs,0.9102427088486407
sans featurings ni ad-libs,0.8878610983264732
sans featurings ni ad-libs,0.8963546674092743
sans featurings ni ad-libs,0.8706989327879445
sans featurings ni ad-libs,0.9052700083193658
sans featurings ni ad-libs,0.9491791292628754
sans featurings ni ad-libs,0.9238624408376678
sans featurings ni ad-libs,0.9299653561631697
sans featurings ni ad-libs,0.9378401910150126
sans featurings ni ad-libs,0.9234125302816591
sans featurings ni ad-libs,0.9385125966320981
sans featurings ni ad-libs,0.9325865783968592
sans featurings ni ad-libs,0.9746984656687151
sans featurings ni ad-libs,0.933798220009352
sans featurings ni ad-libs,0.9229078250394603
sans featurings ni ad-libs,0.9551149791646297
sans featurings ni ad-libs,0.923070379106196
sans featurings ni ad-libs,0.9137416684454416
sans featurings ni ad-libs,0.9333994970699865
sans featurings ni ad-libs,0.9069988551182084
sans featurings ni ad-libs,0.9232841769883491
sans featurings ni ad-libs,0.9647223869614961
sans featurings ni ad-libs,0.9609559985140741
sans featurings ni ad-libs,0.9666470900866345
sans featurings ni ad-libs,0.9261573780073723
sans featurings ni ad-libs,0.9699090399339735
sans featurings ni ad-libs,0.9208509536384679
sans featurings ni ad-libs,0.9324642083843824
sans featurings ni ad-libs,0.9118047069884361
sans featurings ni ad-libs,0.9425838793768228
sans featurings ni ad-libs,0.9463365368853932
sans featurings ni ad-libs,0.9097203527384211
sans featurings ni ad-libs,0.9741762390816295
sans featurings ni ad-libs,0.9583967787270159
sans featurings ni ad-libs,0.9343963396200891
sans featurings ni ad-libs,0.8870477571839106
sans featurings ni ad-libs,0.9469496186297554
sans featurings ni ad-libs,0.9557951923427387
sans featurings ni ad-libs,0.9921292323424125
sans featurings ni ad-libs,0.9250316422699745
sans featurings ni ad-libs,0.9519470594154198
sans featurings ni ad-libs,0.9682016214149901
sans featurings ni ad-libs,0.9195949421652942
sans featurings ni ad-libs,0.9652682403175326
sans featurings ni ad-libs,0.9435885437502708
sans featurings ni ad-libs,0.9253500076094654
sans featurings ni ad-libs,0.9566835148252859
sans featurings ni ad-libs,0.948805086842717
sans featurings ni ad-libs,0.9249093252245488
sans featurings ni ad-libs,0.946760437659669
sans featurings ni ad-libs,0.9381617768496131
sans featurings ni ad-libs,0.9456416623744069
sans featurings ni ad-libs,0.9516760051669381
sans featurings ni ad-libs,0.877943789886464
sans featurings ni ad-libs,0.9612872209706662
sans featurings ni ad-libs,0.948395602655753
sans featurings ni ad-libs,0.9413878666718583
sans featurings ni ad-libs,0.8881956715991824
sans featurings ni ad-libs,0.9770184409640518
sans featurings ni ad-libs,0.9221441362807794
sans featurings ni ad-libs,0.9167335972152637
sans featurings ni ad-libs,0.9400442063335698
sans featurings ni ad-libs,0.8929835938675013
sans featurings ni ad-libs,0.9772697839739826
sans featurings ni ad-libs,0.9284098250132634
sans featurings ni ad-libs,0.8636274849102055
sans featurings ni ad-libs,0.9216489717745048
sans featurings ni ad-libs,0.8864204416163545
sans featurings ni ad-libs,0.8942816454533399
sans featurings ni ad-libs,0.9601823393485034
sans featurings ni ad-libs,0.9534641827240676
sans featurings ni ad-libs,0.9488639304561848
sans featurings ni ad-libs,0.9532712864606443
sans featurings ni ad-libs,0.9092500576065116
sans featurings ni ad-libs,0.9290741832157263
sans featurings ni ad-libs,0.9319719261108689
sans featurings ni ad-libs,1.0118671995945818
sans featurings ni ad-libs,0.9058099322832361
sans featurings ni ad-libs,0.8878958882265081
sans featurings ni ad-libs,0.9238551541049259
sans featurings ni ad-libs,0.9275553182957561
sans featurings ni ad-libs,0.9287086068936625
sans featurings ni ad-libs,0.9209735397975432
sans featurings ni ad-libs,0.9523608131830523
sans featurings ni ad-libs,0.8803516310925086
sans featurings ni ad-libs,0.9122634336328223
sans featurings ni ad-libs,0.9125994380788655
sans featurings ni ad-libs,0.9319305522125245
sans featurings ni ad-libs,0.8768215700924122
sans featurings ni ad-libs,0.9123893495236107
sans featurings ni ad-libs,0.8818770587001523
sans featurings ni ad-libs,0.9183181293033511
sans featurings ni ad-libs,0.9338595776173501
sans featurings ni ad-libs,0.9419871046171963
sans featurings ni ad-libs,0.9202363480306416
sans featurings ni ad-libs,0.9501494799423815
sans featurings ni ad-libs,0.9264501217962575
sans featurings ni ad-libs,0.9400534741348985
sans featurings ni ad-libs,0.9038735867120776
sans featurings ni ad-libs,0.9398379397642262
sans featurings ni ad-libs,0.9304452464040538
sans featurings ni ad-libs,0.9470387482565735
sans featurings ni ad-libs,0.9450622880039453
sans featurings ni ad-libs,0.9082330594957095
sans featurings ni ad-libs,0.9712628341599596
sans featurings ni ad-libs,0.9092107662771781
sans featurings ni ad-libs,0.9782556318341152
sans featurings ni ad-libs,0.9392103901250277
sans featurings ni ad-libs,0.9905107507846775
sans featurings ni ad-libs,0.9204742871675399
sans featurings ni ad-libs,0.9057010926178066
sans featurings ni ad-libs,0.913407778987243
sans featurings ni ad-libs,0.9271318413862908
sans featurings ni ad-libs,0.9210699219585206
sans featurings ni ad-libs,0.9254706320734715
sans featurings ni ad-libs,0.9228748429245922
sans featurings ni ad-libs,0.9311911702443104
sans featurings ni ad-libs,0.9462916179518422
sans featurings ni ad-libs,0.9026378471427626
sans featurings ni ad-libs,0.9698679591164427
sans featurings ni ad-libs,0.9110787205000956
sans featurings ni ad-libs,0.9725895590301508
sans featurings ni ad-libs,0.9679398145972069
sans featurings ni ad-libs,0.9585411136951796
sans featurings ni ad-libs,0.8821786384601045
sans featurings ni ad-libs,0.9090693448775276
sans featurings ni ad-libs,0.9470869056352146
sans featurings ni ad-libs,0.9655462574146149
sans featurings ni ad-libs,0.9501651235049635
sans featurings ni ad-libs,0.9289015006524327
sans featurings ni ad-libs,0.9396247887371222
sans featurings ni ad-libs,0.9230322308769789
sans featurings ni ad-libs,0.9675954652407375
sans featurings ni ad-libs,0.9318726811993412
sans featurings ni ad-libs,0.9616585661262061
sans featurings ni ad-libs,0.9210857538175901
sans featurings ni ad-libs,0.9424663042894545
sans featurings ni ad-libs,0.9510207995421994
sans featurings ni ad-libs,0.9788984840654003
sans featurings ni ad-libs,0.939339751407136
sans featurings ni ad-libs,0.9422613929371848
sans featurings ni ad-libs,0.9258108286861941
sans featurings ni ad-libs,0.9658644438253244
sans featurings ni ad-libs,0.938273909070469
sans featurings ni ad-libs,0.9144441210848273
sans featurings ni ad-libs,0.9497364020006309
sans featurings ni ad-libs,0.9240046930926218
sans featurings ni ad-libs,0.9200431482270117
sans featurings ni ad-libs,0.9232114391313807
sans featurings ni ad-libs,0.9847425728681345
sans featurings ni ad-libs,0.938353096085474
sans featurings ni ad-libs,0.9377220902999409
sans featurings ni ad-libs,0.9191400438363213
sans featurings ni ad-libs,0.920024219404161
sans featurings ni ad-libs,0.895393511911406
sans featurings ni ad-libs,0.9003019587437694
sans featurings ni ad-libs,0.9459690577447514
sans featurings ni ad-libs,0.8637512643463311
sans featurings ni ad-libs,0.8928848886329308
sans featurings ni ad-libs,0.9374087353681945
sans featurings ni ad-libs,0.9634216119510434
sans featurings ni ad-libs,0.9446774377381104
sans featurings ni ad-libs,1.0093401135631888
sans featurings ni ad-libs,0.9072703346941269
sans featurings ni ad-libs,0.9357795917455977
sans featurings ni ad-libs,0.9383483874707781
sans featurings ni ad-libs,0.9729678446857577
sans featurings ni ad-libs,0.9379575387026978
sans featurings ni ad-libs,0.9419129971738813
sans featurings ni ad-libs,0.904963489945998
sans featurings ni ad-libs,0.9331039646166641
sans featurings ni ad-libs,0.9816197259733392
sans featurings ni ad-libs,0.9278609767116456
sans featurings ni ad-libs,0.8882462482065172
sans featurings ni ad-libs,0.8818130240443066
sans featurings ni ad-libs,0.95813755603646
sans featurings ni ad-libs,0.958140628268942
sans featurings ni ad-libs,0.9082612417807568
sans featurings ni ad-libs,0.9043324532902421
sans featurings ni ad-libs,0.9541297519648817
sans featurings ni ad-libs,0.9583689633720546
sans featurings ni ad-libs,0.8933696654337389
sans featurings ni ad-libs,0.9576091133959873
sans featurings ni ad-libs,0.9055101522008214
sans featurings ni ad-libs,0.9618966007269372
sans featurings ni ad-libs,0.964592247403522
sans featurings ni ad-libs,0.9380522753835482
sans featurings ni ad-libs,0.9237864546473192
sans featurings ni ad-libs,0.9574147152393636
sans featurings ni ad-libs,0.9132397050033247
sans featurings ni ad-libs,0.9512992049695782
sans featurings ni ad-libs,0.9532826586234757
sans featurings ni ad-libs,0.9411344516767427
sans featurings ni ad-libs,0.9038775693985761
sans featurings ni ad-libs,0.9371381776321207
sans featurings ni ad-libs,0.9500862163644114
sans featurings ni ad-libs,0.9448034977712293
sans featurings ni ad-libs,0.9622025841897688
sans featurings ni ad-libs,0.9298740623276086
sans featurings ni ad-libs,0.9370744804226975
sans featurings ni ad-libs,0.9957513240031949
sans featurings ni ad-libs,0.9334600718746626
sans featurings ni ad-libs,0.9286516917715709
sans featurings ni ad-libs,0.91095277707556
sans featurings ni ad-libs,0.9401072448851029
sans featurings ni ad-libs,0.9254284982320632
sans featurings ni ad-libs,0.8745995941126573
sans featurings ni ad-libs,0.9254047117287583
sans featurings ni ad-libs,0.8851775715325729
sans featurings ni ad-libs,0.9521247607066818
sans featurings ni ad-libs,0.9060324583809347
sans featurings ni ad-libs,0.9371539705908573
sans featurings ni ad-libs,0.919194131325849
sans featurings ni ad-libs,1.0030898647810826
sans featurings ni ad-libs,0.9763026054522317
sans featurings ni ad-libs,0.9944684571754876
sans featurings ni ad-libs,0.960470591900734
sans featurings ni ad-libs,0.906490602619029
sans featurings ni ad-libs,0.9211566953811579
sans featurings ni ad-libs,0.9768858109689498
sans featurings ni ad-libs,0.9248024094278259
sans featurings ni ad-libs,0.9610911712113895
sans featurings ni ad-libs,0.9235431319463643
sans featurings ni ad-libs,0.9448016266258746
sans featurings ni ad-libs,0.9409190771381782
sans featurings ni ad-libs,0.9165788168030866
sans featurings ni ad-libs,0.9234493700611177
sans featurings ni ad-libs,0.9289512614544319
sans featurings ni ad-libs,0.9135199332172204
sans featurings ni ad-libs,0.944202493377408
sans featurings ni ad-libs,0.928216186396858
sans featurings ni ad-libs,0.900696196604884
sans featurings ni ad-libs,0.9422922174880646
sans featurings ni ad-libs,0.9510491221043612
sans featurings ni ad-libs,0.9467443374505916
sans featurings ni ad-libs,0.9352990228090204
sans featurings ni ad-libs,0.9603930285209443
sans featurings ni ad-libs,0.9060883095520519
sans featurings ni ad-libs,0.9083901951722941
sans featurings ni ad-libs,0.9546373518566742
sans featurings ni ad-libs,0.9531969365644954
sans featurings ni ad-libs,0.9446780183084171
sans featurings ni ad-libs,0.9032883010707384
sans featurings ni ad-libs,0.874141177909267
sans featurings ni ad-libs,0.9602530858750643
sans featurings ni ad-libs,0.9237381910544022
sans featurings ni ad-libs,0.9535318386877137
sans featurings ni ad-libs,0.9339934362179904
sans featurings ni ad-libs,0.9547065943442196
sans featurings ni ad-libs,0.9425661917966579
sans featurings ni ad-libs,0.9544910498507791
sans featurings ni ad-libs,0.9359877535309312
sans featurings ni ad-libs,0.9406014979871615
sans featurings ni ad-libs,0.8897997136321668
sans featurings ni ad-libs,0.959591685606122
sans featurings ni ad-libs,0.9578490213734777
sans featurings ni ad-libs,0.918722599529539
sans featurings ni ad-libs,0.9618124928157182
sans featurings ni ad-libs,0.9496903195759029
sans featurings ni ad-libs,0.9154914790751059
sans featurings ni ad-libs,0.9386959562589035
sans featurings ni ad-libs,0.9015755834215284
sans featurings ni ad-libs,0.8700101677203906
sans featurings ni ad-libs,0.864846958368194
sans featurings ni ad-libs,0.9373474013253004
sans featurings ni ad-libs,0.9880217627799904
sans featurings ni ad-libs,0.9342890103434907
sans featurings ni ad-libs,0.9194170779024502
sans featurings ni ad-libs,0.9251091179001879
sans featurings ni ad-libs,0.9177523273912267
sans featurings ni ad-libs,0.9298814628438961
sans featurings ni ad-libs,0.9336293050165416
sans featurings ni ad-libs,0.9830483800061276
sans featurings ni ad-libs,0.9659200093233838
sans featurings ni ad-libs,0.8992537246460115
sans featurings ni ad-libs,0.9368224690818369
sans featurings ni ad-libs,0.9208028807120863
sans featurings ni ad-libs,0.9030378544647775
sans featurings ni ad-libs,0.9694535933000344
sans featurings ni ad-libs,0.9284703538146455
sans featurings ni ad-libs,0.9312428630691569
sans featurings ni ad-libs,0.909838137046077
sans featurings ni ad-libs,0.893074604108684
sans featurings ni ad-libs,0.9498540244101235
sans featurings ni ad-libs,0.9655378933732737
sans featurings ni ad-libs,0.9192356866871805
sans featurings ni ad-libs,0.917508450614969
sans featurings ni ad-libs,0.9338562465291053
sans featurings ni ad-libs,0.9781605027955408
sans featurings ni ad-libs,0.9322644761588704
sans featurings ni ad-libs,0.9766448534615428
sans featurings ni ad-libs,0.9826981647655257
sans featurings ni ad-libs,0.9188114781127191
sans featurings ni ad-libs,0.9597685366028357
sans featurings ni ad-libs,0.9569517166102401
sans featurings ni ad-libs,0.9405189113366901
sans featurings ni ad-libs,0.9165993776016719
sans featurings ni ad-libs,0.9101796364825224
sans featurings ni ad-libs,0.9201811449056012
sans featurings ni ad-libs,0.9875627293746173
sans featurings ni ad-libs,0.9465941552136053
sans featurings ni ad-libs,0.9144730890230778
sans featurings ni ad-libs,0.9326954369574576
sans featurings ni ad-libs,0.9114074046382256
sans featurings ni ad-libs,0.8916563317746227
sans featurings ni ad-libs,0.952650198869257
sans featurings ni ad-libs,0.944338287951733
sans featurings ni ad-libs,0.9494659707433916
sans featurings ni ad-libs,0.9141626401485357
sans featurings ni ad-libs,0.9071661821068845
sans featurings ni ad-libs,0.9523082921750938
sans featurings ni ad-libs,0.9379816031357803
sans featurings ni ad-libs,0.8579299504997266
sans featurings ni ad-libs,0.9354337037688445
sans featurings ni ad-libs,0.9594570573264839
sans featurings ni ad-libs,0.9586532925944422
sans featurings ni ad-libs,0.9264319610738629
sans featurings ni ad-libs,0.9246995791283257
sans featurings ni ad-libs,0.9697106862980917
sans featurings ni ad-libs,0.9587103286300777
sans featurings ni ad-libs,1.000318647747054
sans featurings ni ad-libs,0.864990947597825
sans featurings ni ad-libs,0.8798002525353243
sans featurings ni ad-libs,0.927772553921341
sans featurings ni ad-libs,0.9288173877208001
sans featurings ni ad-libs,0.8715558117215778
sans featurings ni ad-libs,0.9325304082363353
sans featurings ni ad-libs,0.9242638026750863
sans featurings ni ad-libs,0.9461673765808292
sans featurings ni ad-libs,0.9183394057923918
sans featurings ni ad-libs,0.8933551642938203
sans featurings ni ad-libs,0.9500999275464133
sans featurings ni ad-libs,0.9519258773698689
sans featurings ni ad-libs,0.9308369639371963
sans featurings ni ad-libs,0.9197817595402111
sans featurings ni ad-libs,0.9537224229081667
sans featurings ni ad-libs,0.9303503072562399
sans featurings ni ad-libs,0.9483976239475087
sans featurings ni ad-libs,0.9497872445656116
sans featurings ni ad-libs,0.9420537752168802
sans featurings ni ad-libs,0.9593383148549145
sans featurings ni ad-libs,0.9488804896207906
sans featurings ni ad-libs,0.9298873536023902
sans featurings ni ad-libs,0.9177639459287503
sans featurings ni ad-libs,0.939304888896356
sans featurings ni ad-libs,0.9275841283494393
sans featurings ni ad-libs,0.9309634033833101
sans featurings ni ad-libs,0.9353926545921116
sans featurings ni ad-libs,0.9446476855734095
sans featurings ni ad-libs,0.9234764796359023
sans featurings ni ad-libs,0.9848722631000889
sans featurings ni ad-libs,1.0192964064209
sans featurings ni ad-libs,0.9489552143960823
sans featurings ni ad-libs,0.9571524462845796
sans featurings ni ad-libs,0.936960896072055
sans featurings ni ad-libs,0.9520006347147334
sans featurings ni ad-libs,0.9154267318227061
sans featurings ni ad-libs,0.9404501888386397
sans featurings ni ad-libs,0.9245471952391634
sans featurings ni ad-libs,0.8759866789627012
sans featurings ni ad-libs,0.930479109518817
sans featurings ni ad-libs,0.9246514470678944
sans featurings ni ad-libs,0.9464556949807393
sans featurings ni ad-libs,0.9050545530954005
sans featurings ni ad-libs,0.9367392157391955
sans featurings ni ad-libs,0.938776964235662
sans featurings ni ad-libs,0.9571233695209329
sans featurings ni ad-libs,0.9868996628683813
sans featurings ni ad-libs,0.9459055583343624
sans featurings ni ad-libs,0.9111110577958383
sans featurings ni ad-libs,0.8988671113021778
sans featurings ni ad-libs,0.8956018027284997
sans featurings ni ad-libs,0.9389098996626293
sans featurings ni ad-libs,0.9593451388703421
sans featurings ni ad-libs,0.9121278492664718
sans featurings ni ad-libs,0.9283764088808495
sans featurings ni ad-libs,0.9562643813293573
sans featurings ni ad-libs,0.9036221911872525
sans featurings ni ad-libs,0.9222855710264004
sans featurings ni ad-libs,0.9507981802698279
sans featurings ni ad-libs,0.956009929327702
sans featurings ni ad-libs,0.8700525572416441
sans featurings ni ad-libs,0.918851779870366
sans featurings ni ad-libs,0.8953259505429146
sans featurings ni ad-libs,0.9052292639156999
sans featurings ni ad-libs,1.0064930544790833
sans featurings ni ad-libs,0.9113228341282121
sans featurings ni ad-libs,0.9440293077960422
sans featurings ni ad-libs,0.9427283482061877
sans featurings ni ad-libs,0.9025009900225703
sans featurings ni ad-libs,0.9513938631692087
sans featurings ni ad-libs,0.9621776959382181
sans featurings ni ad-libs,0.9437700700378121
sans featurings ni ad-libs,0.91645564587041
sans featurings ni ad-libs,0.9484627585788741
sans featurings ni ad-libs,0.9195128728703352
sans featurings ni ad-libs,0.9036864215841509
sans featurings ni ad-libs,0.9504939114086557
sans featurings ni ad-libs,0.8991465212811753
sans featurings ni ad-libs,0.9177503132765903
sans featurings ni ad-libs,0.933291700962769
sans featurings ni ad-libs,0.930987360356869
sans featurings ni ad-libs,0.9046102293923435
sans featurings ni ad-libs,0.929969488456927
sans featurings ni ad-libs,0.8945681877897088
sans featurings ni ad-libs,0.9160245017688798
sans featurings ni ad-libs,0.8931508052935646
sans featurings ni ad-libs,0.9403538552212116
sans featurings ni ad-libs,0.885854933015242
sans featurings ni ad-libs,0.9224408294698633
sans featurings ni ad-libs,0.9680680091852982
sans featurings ni ad-libs,0.952641260269997
sans featurings ni ad-libs,1.0183598477665592
sans featurings ni ad-libs,0.9549384310553516
sans featurings ni ad-libs,0.9519096176334111
sans featurings ni ad-libs,0.9142125541013412
sans featurings ni ad-libs,0.9694265799181564
sans featurings ni ad-libs,0.962210475970869
sans featurings ni ad-libs,0.964790885963193
sans featurings ni ad-libs,0.9790172500079578
sans featurings ni ad-libs,0.9332887972949139
sans featurings ni ad-libs,0.9058376801847698
sans featurings ni ad-libs,0.9380544815761378
sans featurings ni ad-libs,0.911246682610813
sans featurings ni ad-libs,0.927759328128672
sans featurings ni ad-libs,0.9490318011909296
sans featurings ni ad-libs,0.893464676684271
sans featurings ni ad-libs,0.8920617487002516
sans featurings ni ad-libs,0.8770241433880859
sans featurings ni ad-libs,0.9319851742614278
sans featurings ni ad-libs,0.9883300682320247
sans featurings ni ad-libs,0.9607540285066976
sans featurings ni ad-libs,0.9398714298211628
sans featurings ni ad-libs,0.9341371648561415
sans featurings ni ad-libs,0.9165944815896393
sans featurings ni ad-libs,0.9227710249828776
sans featurings ni ad-libs,0.9258021126890849
sans featurings ni ad-libs,0.9822283256227832
sans featurings ni ad-libs,0.8838212590757142
sans featurings ni ad-libs,0.918294916680825
sans featurings ni ad-libs,0.9228318991828208
sans featurings ni ad-libs,0.957627641408259
sans featurings ni ad-libs,0.9417683829444925
sans featurings ni ad-libs,0.8995913441979566
sans featurings ni ad-libs,0.918655263632969
sans featurings ni ad-libs,0.9092829955884573
sans featurings ni ad-libs,0.9335406593455268
sans featurings ni ad-libs,0.9101126549735624
sans featurings ni ad-libs,0.9276176342716976
sans featurings ni ad-libs,0.9708509037248454
sans featurings ni ad-libs,0.9190887876672416
sans featurings ni ad-libs,0.9502503800730305
sans featurings ni ad-libs,0.8986457506984573
sans featurings ni ad-libs,0.9611062986048531
sans featurings ni ad-libs,0.9555876796743199
sans featurings ni ad-libs,0.9467060608941288
sans featurings ni ad-libs,0.9578368260325517
sans featurings ni ad-libs,0.9386592937956921
sans featurings ni ad-libs,0.9291094840023734
sans featurings ni ad-libs,0.9473450159553078
sans featurings ni ad-libs,0.9662093303631054
sans featurings ni ad-libs,0.9494417378062964
sans featurings ni ad-libs,0.9127707640943363
sans featurings ni ad-libs,0.912596634926536
sans featurings ni ad-libs,0.9379747797918796
sans featurings ni ad-libs,0.9115204509395328
sans featurings ni ad-libs,0.962067918544093
sans featurings ni ad-libs,0.9141561307831263
sans featurings ni ad-libs,0.9277729491384883
sans featurings ni ad-libs,0.9376209877463907
sans featurings ni ad-libs,0.9330479424414502
sans featurings ni ad-libs,0.937813513749194
sans featurings ni ad-libs,0.9339000580080501
sans featurings ni ad-libs,0.9535238409683516
sans featurings ni ad-libs,0.8839478713872366
sans featurings ni ad-libs,0.9440552053547802
sans featurings ni ad-libs,0.9396932835912354
sans featurings ni ad-libs,0.9526122200323773
sans featurings ni ad-libs,0.919510310000947
sans featurings ni ad-libs,0.9272772893422503
sans featurings ni ad-libs,0.9975800253750846
sans featurings ni ad-libs,0.9743366646970663
sans featurings ni ad-libs,0.9302524756815376
sans featurings ni ad-libs,0.9941704993631574
sans featurings ni ad-libs,0.9352258225697725
sans featurings ni ad-libs,0.9332722684812184
sans featurings ni ad-libs,0.9683563744843784
sans featurings ni ad-libs,0.9628287167380164
sans featurings ni ad-libs,0.9112121615165923
sans featurings ni ad-libs,0.9002618376993531
sans featurings ni ad-libs,0.9457837741621637
sans featurings ni ad-libs,0.918981828776747
sans featurings ni ad-libs,0.9519708662125963
sans featurings ni ad-libs,0.9152387107124831
sans featurings ni ad-libs,0.9370196162391524
sans featurings ni ad-libs,0.9365767347363635
sans featurings ni ad-libs,0.9148283312155338
sans featurings ni ad-libs,0.9723538866741943
sans featurings ni ad-libs,0.9228683919670426
sans featurings ni ad-libs,0.9451576778108176
sans featurings ni ad-libs,0.9249662084148311
sans featurings ni ad-libs,0.9604610805851963
sans featurings ni ad-libs,0.9336494993323019
sans featurings ni ad-libs,0.9559378031632529
sans featurings ni ad-libs,0.9606057416768087
sans featurings ni ad-libs,0.9057384741987418
sans featurings ni ad-libs,0.9367957252234762
sans featurings ni ad-libs,0.9403366743999341
sans featurings ni ad-libs,0.9338980497736658
sans featurings ni ad-libs,0.9011815675647709
sans featurings ni ad-libs,0.9453994598693243
sans featurings ni ad-libs,0.9111464274200193
sans featurings ni ad-libs,0.9314057688890384
sans featurings ni ad-libs,0.9200937567743601
sans featurings ni ad-libs,0.9591566055814713
sans featurings ni ad-libs,0.919342628098397
sans featurings ni ad-libs,0.9172028330140263
sans featurings ni ad-libs,0.9774104306522969
sans featurings ni ad-libs,0.924876770590105
sans featurings ni ad-libs,0.90547283537328
sans featurings ni ad-libs,0.9061727899013061
sans featurings ni ad-libs,0.923325875870768
sans featurings ni ad-libs,0.9198147884310381
sans featurings ni ad-libs,0.8967656047832432
sans featurings ni ad-libs,0.9522363461404958
sans featurings ni ad-libs,0.9334273403127441
sans featurings ni ad-libs,0.9234009848291882
sans featurings ni ad-libs,0.9185291335523236
sans featurings ni ad-libs,0.9581963188653437
sans featurings ni ad-libs,0.9354643231618768
sans featurings ni ad-libs,0.9439781699422154
sans featurings ni ad-libs,0.9416248484647445
sans featurings ni ad-libs,0.9469066645357367
sans featurings ni ad-libs,0.9957142235262579
sans featurings ni ad-libs,0.9150234142537652
sans featurings ni ad-libs,0.9565695251653438
sans featurings ni ad-libs,0.9453326552488408
sans featurings ni ad-libs,0.9676220549354738
sans featurings ni ad-libs,0.9380661169290117
sans featurings ni ad-libs,0.913655519014146
sans featurings ni ad-libs,0.8986620525886471
sans featurings ni ad-libs,0.9142204581937076
sans featurings ni ad-libs,0.9049166933122773
sans featurings ni ad-libs,0.8829192681774849
sans featurings ni ad-libs,0.8558208650131255
sans featurings ni ad-libs,0.8778593732364559
sans featurings ni ad-libs,0.9525388092166033
sans featurings ni ad-libs,0.9436447838920656
sans featurings ni ad-libs,0.9555017175741649
sans featurings ni ad-libs,0.8934848410724645
sans featurings ni ad-libs,0.8961175129070893
sans featurings ni ad-libs,0.8957367457605321
sans featurings ni ad-libs,0.9018708820788713
sans featurings ni ad-libs,0.9486739381369254
sans featurings ni ad-libs,0.9211802124229936
sans featurings ni ad-libs,0.9489902290734445
sans featurings ni ad-libs,0.9144921661543861
sans featurings ni ad-libs,0.9558149510809815
sans featurings ni ad-libs,0.9702305427325485
sans featurings ni ad-libs,0.9053662785542317
sans featurings ni ad-libs,0.9190453934126326
sans featurings ni ad-libs,0.9270063378278727
sans featurings ni ad-libs,0.9173770901465549
sans featurings ni ad-libs,0.9290262498629435
sans featurings ni ad-libs,0.9052244283806904
sans featurings ni ad-libs,0.9282245644583296
sans featurings ni ad-libs,0.9427398303894148
sans featurings ni ad-libs,0.901461502343628
sans featurings ni ad-libs,0.9515192505304921
sans featurings ni ad-libs,0.9403238892256492
sans featurings ni ad-libs,0.914199522124442
sans featurings ni ad-libs,0.9169503333835541
sans featurings ni ad-libs,0.9177411638565379
sans featurings ni ad-libs,0.9213696615332313
sans featurings ni ad-libs,0.8773081709589138
sans featurings ni ad-libs,0.8815750646923667
sans featurings ni ad-libs,0.8955286415806778
sans featurings ni ad-libs,0.9354800009266682
sans featurings ni ad-libs,0.9866502360370598
sans featurings ni ad-libs,0.9369282404420068
sans featurings ni ad-libs,0.8980110486452801
sans featurings ni ad-libs,0.9310138507266517
sans featurings ni ad-libs,0.9070289397523388
sans featurings ni ad-libs,0.9437051393353773
sans featurings ni ad-libs,0.9347527690378961
sans featurings ni ad-libs,0.9386229300177497
sans featurings ni ad-libs,0.9438884204646885
sans featurings ni ad-libs,0.9885516477653584
sans featurings ni ad-libs,0.9572038538295418
sans featurings ni ad-libs,0.9083339138255471
sans featurings ni ad-libs,0.9337306565785862
sans featurings ni ad-libs,0.9536664497383731
sans featurings ni ad-libs,0.9780497393870738
sans featurings ni ad-libs,0.9501900615910343
sans featurings ni ad-libs,0.9740265558836203
sans featurings ni ad-libs,0.9305063436454536
sans featurings ni ad-libs,0.9702379615533038
sans featurings ni ad-libs,0.9549215694425064
sans featurings ni ad-libs,0.9382073002458696
sans featurings ni ad-libs,0.9295182413379337
sans featurings ni ad-libs,0.9347055644317919
sans featurings ni ad-libs,0.9066721074243155
sans featurings ni ad-libs,0.8916462103438595
sans featurings ni ad-libs,0.9189559521040088
sans featurings ni ad-libs,0.959323130009582
sans featurings ni ad-libs,0.943126222475695
sans featurings ni ad-libs,0.95597142974052
sans featurings ni ad-libs,0.939653002392788
sans featurings ni ad-libs,0.8903245814768593
sans featurings ni ad-libs,0.8812392288675025
sans featurings ni ad-libs,0.9443036585231293
sans featurings ni ad-libs,0.9906803717309565
sans featurings ni ad-libs,0.967939717615132
sans featurings ni ad-libs,0.895564305764518
sans featurings ni ad-libs,0.9245586849663421
sans featurings ni ad-libs,0.947731939453108
sans featurings ni ad-libs,0.9571564780762118
sans featurings ni ad-libs,0.9804514080780837
sans featurings ni ad-libs,0.9448626807763989
sans featurings ni ad-libs,0.9279071930782072
sans featurings ni ad-libs,0.9549493009159006
sans featurings ni ad-libs,0.8811787783581364
sans featurings ni ad-libs,0.963955427557342
sans featurings ni ad-libs,0.9224322406373215
sans featurings ni ad-libs,0.9810588559871833
sans featurings ni ad-libs,0.940162664720303
sans featurings ni ad-libs,0.9672557199610771
sans featurings ni ad-libs,0.9565377967844392
sans featurings ni ad-libs,0.9745489977473163
sans featurings ni ad-libs,0.9482775698317435
sans featurings ni ad-libs,0.9107948791956706
sans featurings ni ad-libs,0.923323444232842
sans featurings ni ad-libs,0.964921702014228
sans featurings ni ad-libs,0.9968100485298272
sans featurings ni ad-libs,0.9405056729209572
sans featurings ni ad-libs,0.9444506255422424
sans featurings ni ad-libs,0.9473090345554624
sans featurings ni ad-libs,0.9386171225065622
sans featurings ni ad-libs,0.91444489293069
sans featurings ni ad-libs,0.9796209109679995
sans featurings ni ad-libs,0.9718619477146816
sans featurings ni ad-libs,0.9564638540305863
sans featurings ni ad-libs,0.9760123732495825
sans featurings ni ad-libs,0.8971008799562727
sans featurings ni ad-libs,0.9717179038280349
sans featurings ni ad-libs,0.9305148153386009
sans featurings ni ad-libs,0.9491665967770386
sans featurings ni ad-libs,0.911375199781109
sans featurings ni ad-libs,0.9107947195596187
sans featurings ni ad-libs,0.8949969240213501
sans featurings ni ad-libs,0.893457876620753
sans featurings ni ad-libs,0.9324419922600811
sans featurings ni ad-libs,0.949009120230384
sans featurings ni ad-libs,0.9168108332861766
sans featurings ni ad-libs,0.9202067915462375
sans featurings ni ad-libs,0.9209166835510216
sans featurings ni ad-libs,0.9378347651562678
sans featurings ni ad-libs,0.9518747892333669
sans featurings ni ad-libs,0.8933064125165506
sans featurings ni ad-libs,0.9447174261801954
sans featurings ni ad-libs,0.9053082271566886
sans featurings ni ad-libs,0.9474436031474474
sans featurings ni ad-libs,0.9151512086048802
sans featurings ni ad-libs,0.9105425995480638
sans featurings ni ad-libs,0.9111693183007761
sans featurings ni ad-libs,0.9485546802054592
sans featurings ni ad-libs,0.8944222510188587
sans featurings ni ad-libs,0.9898149081522023
sans featurings ni ad-libs,0.94278297523844
sans featurings ni ad-libs,0.9402727355223999
sans featurings ni ad-libs,0.9625630342969039
sans featurings ni ad-libs,0.9207585232453922
sans featurings ni ad-libs,0.8811159050550075
sans featurings ni ad-libs,0.8839327294224121
sans featurings ni ad-libs,0.9193893410326045
sans featurings ni ad-libs,0.9326062671436017
sans featurings ni ad-libs,0.949063970789452
sans featurings ni ad-libs,0.9449377369074763
sans featurings ni ad-libs,0.9546254793586784
sans featurings ni ad-libs,0.9015486357115354
sans featurings ni ad-libs,0.9492839467521973
sans featurings ni ad-libs,0.9551552578196739
sans featurings ni ad-libs,0.9582833353104822
sans featurings ni ad-libs,0.9066600497675503
sans featurings ni ad-libs,0.9135888911673543
sans featurings ni ad-libs,0.9396161268353951
sans featurings ni ad-libs,0.9745866614906612
sans featurings ni ad-libs,0.9327533432454104
sans featurings ni ad-libs,0.9213604208027886
sans featurings ni ad-libs,0.9296550719023389
sans featurings ni ad-libs,0.8901381945641047
sans featurings ni ad-libs,0.9313481631569803
sans featurings ni ad-libs,0.9493028170298831
sans featurings ni ad-libs,0.9103791305654806
sans featurings ni ad-libs,0.916525044764592
sans featurings ni ad-libs,0.9509187069500483
sans featurings ni ad-libs,0.9175381643425201
sans featurings ni ad-libs,0.959482836587953
sans featurings ni ad-libs,0.9408841304532047
sans featurings ni ad-libs,0.9450446949509056
sans featurings ni ad-libs,0.9346738100959654
sans featurings ni ad-libs,0.9804782052525887
sans featurings ni ad-libs,0.9375515474684007
sans featurings ni ad-libs,0.9496874929304251
sans featurings ni ad-libs,0.9360623492226617
sans featurings ni ad-libs,0.9094376508641917
sans featurings ni ad-libs,0.9719890117436834
sans featurings ni ad-libs,0.9621908804406799
sans featurings ni ad-libs,0.8919318193881518
sans featurings ni ad-libs,0.9042282029399253
sans featurings ni ad-libs,0.9356693839143417
sans featurings ni ad-libs,0.931777082101429
sans featurings ni ad-libs,0.906851514157291
sans featurings ni ad-libs,0.9145582134991325
sans featurings ni ad-libs,0.9187693487562916
sans featurings ni ad-libs,0.9155508190778237
sans featurings ni ad-libs,0.9225490658876021
sans featurings ni ad-libs,0.9654519494255995
sans featurings ni ad-libs,0.9944662392942164
sans featurings ni ad-libs,0.9853641250755022
sans featurings ni ad-libs,0.9357915616220448
sans featurings ni ad-libs,0.9442719854070143
sans featurings ni ad-libs,0.9141860305574361
sans featurings ni ad-libs,0.950583870904635
sans featurings ni ad-libs,0.9725529817655663
sans featurings ni ad-libs,0.9320195757992561
sans featurings ni ad-libs,0.9162715439884843
sans featurings ni ad-libs,0.9440507514728921
sans featurings ni ad-libs,0.9366992567411692
sans featurings ni ad-libs,0.9122282363023854
sans featurings ni ad-libs,0.9458372273482721
sans featurings ni ad-libs,0.9275992143726689
sans featurings ni ad-libs,0.9628287865058011
sans featurings ni ad-libs,0.9335686493340705
sans featurings ni ad-libs,0.9699131553366754
sans featurings ni ad-libs,0.9142684236175205
sans featurings ni ad-libs,0.9176591184868226
sans featurings ni ad-libs,0.9445291258213641
sans featurings ni ad-libs,0.9218126683078419
sans featurings ni ad-libs,0.9821296338049523
sans featurings ni ad-libs,0.9080732049646845
sans featurings ni ad-libs,0.952648392779891
sans featurings ni ad-libs,0.9096034506907451
sans featurings ni ad-libs,0.9405149221273921
sans featurings ni ad-libs,0.9431289884049604
sans featurings ni ad-libs,0.9197176526625486
sans featurings ni ad-libs,0.930227451095768
sans featurings ni ad-libs,0.9414520836952474
sans featurings ni ad-libs,0.8954770189176017
sans featurings ni ad-libs,0.948678598706333
sans featurings ni ad-libs,0.9234539114784864
sans featurings ni ad-libs,0.8815277497249399
sans featurings ni ad-libs,0.9714683937602535
sans featurings ni ad-libs,0.9537641666108234
sans featurings ni ad-libs,0.9574454757380626
sans featurings ni ad-libs,0.9184774231619298
sans featurings ni ad-libs,0.9614666436810116
sans featurings ni ad-libs,0.911821849826591
sans featurings ni ad-libs,0.8914224267651549
sans featurings ni ad-libs,0.9995741338219533
sans featurings ni ad-libs,0.9252768678289263
sans featurings ni ad-libs,0.9431924196877506
sans featurings ni ad-libs,0.9222839595425669
sans featurings ni ad-libs,0.9372017656313958
sans featurings ni ad-libs,0.9383503253281595
sans featurings ni ad-libs,0.9627490434589998
sans featurings ni ad-libs,0.9213381198589725
sans featurings ni ad-libs,0.9440421581250791
sans featurings ni ad-libs,0.8574477752495361
sans featurings ni ad-libs,0.9360870816824709
sans featurings ni ad-libs,0.9406816322922885
sans featurings ni ad-libs,0.9260801063744359
sans featurings ni ad-libs,0.9002138387530872
sans featurings ni ad-libs,0.9203433737928105
sans featurings ni ad-libs,0.9027372389413983
sans featurings ni ad-libs,0.9330533495829381
sans featurings ni ad-libs,0.9297409272671755
sans featurings ni ad-libs,0.9429881786930995
sans featurings ni ad-libs,0.9641251202222484
sans featurings ni ad-libs,0.9532880765802616
sans featurings ni ad-libs,0.8965317280866971
sans featurings ni ad-libs,0.9731796633656592
sans featurings ni ad-libs,0.9260218556714529
sans featurings ni ad-libs,0.8833481005297018
sans featurings ni ad-libs,0.9472771425589726
sans featurings ni ad-libs,0.9507914767352666
sans featurings ni ad-libs,0.9487663396860461
sans featurings ni ad-libs,0.9601180116812797
sans featurings ni ad-libs,0.865926465207331
sans featurings ni ad-libs,0.9179610153527491
sans featurings ni ad-libs,0.9107517106005715
sans featurings ni ad-libs,0.9318285473869403
sans featurings ni ad-libs,0.9659497801798949
sans featurings ni ad-libs,0.921308899661581
sans featurings ni ad-libs,0.9603560320031855
sans featurings ni ad-libs,0.937461978150807
sans featurings ni ad-libs,0.9659417760376517
sans featurings ni ad-libs,0.9123731007693379
sans featurings ni ad-libs,0.951281192681301
sans featurings ni ad-libs,0.9518344275364579
sans featurings ni ad-libs,0.9977083216548945
sans featurings ni ad-libs,0.9392979454900211
sans featurings ni ad-libs,0.964999463672692
sans featurings ni ad-libs,0.9281908932939075
sans featurings ni ad-libs,0.905454082256943
sans featurings ni ad-libs,0.9768552611144552
sans featurings ni ad-libs,0.9146090244514016
sans featurings ni ad-libs,0.9094461348872143
sans featurings ni ad-libs,0.9776544668804631
sans featurings ni ad-libs,0.9449694885645883
sans featurings ni ad-libs,0.9309135364933998
sans featurings ni ad-libs,0.9572521636964902
sans featurings ni ad-libs,0.9347017963244882
sans featurings ni ad-libs,0.9153907457718551
sans featurings ni ad-libs,0.8845677949119753
sans featurings ni ad-libs,0.9441391402681051
sans featurings ni ad-libs,0.9289766643638957
sans featurings ni ad-libs,0.9061916605941701
sans featurings ni ad-libs,0.9658580332597532
sans featurings ni ad-libs,0.980522348127757
sans featurings ni ad-libs,0.9420509511746137
sans featurings ni ad-libs,0.9713452933498782
sans featurings ni ad-libs,1.0055464915751504
sans featurings ni ad-libs,0.9717606482699174
sans featurings ni ad-libs,0.9592266933572294
sans featurings ni ad-libs,0.9095022500574601
sans featurings ni ad-libs,0.9392264583109557
sans featurings ni ad-libs,0.9461743793922074
sans featurings ni ad-libs,1.0088077066385004
sans featurings ni ad-libs,0.9027133048574576
sans featurings ni ad-libs,0.9539215850371423
sans featurings ni ad-libs,0.9836759553255949
sans featurings ni ad-libs,0.9361337927304418
sans featurings ni ad-libs,0.9448969967138299
sans featurings ni ad-libs,0.9269773785935135
sans featurings ni ad-libs,0.9847927832338872
sans featurings ni ad-libs,0.9718365436560684
sans featurings ni ad-libs,0.8871743412157439
sans featurings ni ad-libs,0.910219328727334
sans featurings ni ad-libs,0.9388623219425893
sans featurings ni ad-libs,0.9174374481360509
sans featurings ni ad-libs,0.9247403899325052
sans featurings ni ad-libs,0.8966636223979987
sans featurings ni ad-libs,0.9372642174586631
sans featurings ni ad-libs,0.9462590016387988
sans featurings ni ad-libs,0.9285257318321307
sans featurings ni ad-libs,0.9185259114509892
sans featurings ni ad-libs,0.8964835709648327
sans featurings ni ad-libs,0.8987665657591413
sans featurings ni ad-libs,0.9433045026873211
sans featurings ni ad-libs,0.9921396660649502
sans featurings ni ad-libs,0.8780150910623731
sans featurings ni ad-libs,0.8975710057595959
sans featurings ni ad-libs,0.9222550629879827
sans featurings ni ad-libs,0.9361995354820957
sans featurings ni ad-libs,0.965771718961126
sans featurings ni ad-libs,0.8874428235480457
sans featurings ni ad-libs,0.9047449359435206
sans featurings ni ad-libs,0.9602213796899656
sans featurings ni ad-libs,0.9618125952390059
sans featurings ni ad-libs,0.9617832845152348
sans featurings ni ad-libs,0.974877120184262
sans featurings ni ad-libs,0.9090594019338324
sans featurings ni ad-libs,0.9428777169240985
sans featurings ni ad-libs,0.9245086513993778
sans featurings ni ad-libs,0.872529544952207
sans featurings ni ad-libs,0.9151407956969023
sans featurings ni ad-libs,0.9414481338907308
sans featurings ni ad-libs,0.9593991182284314
sans featurings ni ad-libs,0.9209536125545924
sans featurings ni ad-libs,0.9524231203163861
sans featurings ni ad-libs,0.9513050276163993
sans featurings ni ad-libs,0.9234712844772794
sans featurings ni ad-libs,0.9657934502932565
sans featurings ni ad-libs,0.9229198305155638
sans featurings ni ad-libs,0.9122578511443671
sans featurings ni ad-libs,0.944490839702232
sans featurings ni ad-libs,0.9090946408164332
sans featurings ni ad-libs,0.9209651566905322
sans featurings ni ad-libs,0.9436876288037376
sans featurings ni ad-libs,0.9513779480831198
sans featurings ni ad-libs,0.9489810618415985
sans featurings ni ad-libs,0.9315653657661744
sans featurings ni ad-libs,0.8766436170008444
sans featurings ni ad-libs,0.9424749986296529
sans featurings ni ad-libs,0.8961994690169321
sans featurings ni ad-libs,0.9473404290258423
sans featurings ni ad-libs,0.909645315941277
sans featurings ni ad-libs,0.8880855720062765
sans featurings ni ad-libs,0.9332855644316698
sans featurings ni ad-libs,0.9791057242144817
sans featurings ni ad-libs,0.948557215099767
sans featurings ni ad-libs,0.9722969145114501
sans featurings ni ad-libs,0.9371950510799971
sans featurings ni ad-libs,0.9820989710951745
sans featurings ni ad-libs,0.9004746562243943
sans featurings ni ad-libs,0.9493430455777252
sans featurings ni ad-libs,0.8958525890499709
sans featurings ni ad-libs,0.9347679018121977
sans featurings ni ad-libs,0.963727150531284
sans featurings ni ad-libs,0.928797347988453
sans featurings ni ad-libs,0.8894327672045811
sans featurings ni ad-libs,0.9195139623081364
sans featurings ni ad-libs,0.8987872612272658
sans featurings ni ad-libs,0.9406510398343544
sans featurings ni ad-libs,0.9466528195178273
sans featurings ni ad-libs,0.940096728409081
sans featurings ni ad-libs,0.9117962471739498
sans featurings ni ad-libs,0.9400004450517481
sans featurings ni ad-libs,0.917242205677929
sans featurings ni ad-libs,0.9809186754209074
sans featurings ni ad-libs,0.9076825716140928
sans featurings ni ad-libs,0.9639023714190342
sans featurings ni ad-libs,0.9561954744067749
sans featurings ni ad-libs,0.919736843746482
sans featurings ni ad-libs,0.9307964619459024
sans featurings ni ad-libs,0.9570845635633859
sans featurings ni ad-libs,0.9432672475341778
sans featurings ni ad-libs,0.9604058648327631
sans featurings ni ad-libs,0.972494654777501
sans featurings ni ad-libs,0.980619390416999
sans featurings ni ad-libs,0.9490847641148356
sans featurings ni ad-libs,0.9364279580871975
sans featurings ni ad-libs,0.9655054127947322
sans featurings ni ad-libs,0.8912686241879885
sans featurings ni ad-libs,0.9115441519684078
sans featurings ni ad-libs,0.93258039702379
sans featurings ni ad-libs,0.9388066578861438
sans featurings ni ad-libs,0.9194912307387246
sans featurings ni ad-libs,0.940075155447376
sans featurings ni ad-libs,0.9673638147504594
sans featurings ni ad-libs,0.898161443664131
sans featurings ni ad-libs,0.918288655260231
sans featurings ni ad-libs,0.9308621128821962
sans featurings ni ad-libs,0.944935438917026
sans featurings ni ad-libs,0.9362002890199046
sans featurings ni ad-libs,0.9637753240371558
sans featurings ni ad-libs,0.9321036950405724
sans featurings ni ad-libs,0.9301831835015422
sans featurings ni ad-libs,0.9262330011589448
sans featurings ni ad-libs,0.9541488849462885
sans featurings ni ad-libs,0.9202658797557496
sans featurings ni ad-libs,0.9322734703891014
sans featurings ni ad-libs,0.8999510415311497
sans featurings ni ad-libs,0.9306907270534492
sans featurings ni ad-libs,0.891771341249198
sans featurings ni ad-libs,0.9229273754589685
sans featurings ni ad-libs,0.901608066027633
sans featurings ni ad-libs,0.888008395476861
sans featurings ni ad-libs,0.9420043849366659
sans featurings ni ad-libs,0.8919785301322112
sans featurings ni ad-libs,0.9319654647689668
sans featurings ni ad-libs,0.9773481025164696
sans featurings ni ad-libs,0.9628296177954268
sans featurings ni ad-libs,0.8980831852172386
sans featurings ni ad-libs,0.9553648411447434
sans featurings ni ad-libs,0.9313473082071806
sans featurings ni ad-libs,0.9205168216677082
sans featurings ni ad-libs,0.9774911633617829
sans featurings ni ad-libs,0.9725736187767359
sans featurings ni ad-libs,0.9722266863337664
sans featurings ni ad-libs,0.9537444273856847
sans featurings ni ad-libs,0.9103833283173826
sans featurings ni ad-libs,0.9592526072851117
sans featurings ni ad-libs,0.9128277107729734
sans featurings ni ad-libs,0.9241894586886792
sans featurings ni ad-libs,0.9511763407302198
sans featurings ni ad-libs,0.997718601195507
sans featurings ni ad-libs,0.9746368346056137
sans featurings ni ad-libs,0.9550992734558326
sans featurings ni ad-libs,0.8797555493972999
sans featurings ni ad-libs,0.950831954660401
sans featurings ni ad-libs,0.8990674098335583
sans featurings ni ad-libs,0.9545692135655243
sans featurings ni ad-libs,0.9197473930620247
sans featurings ni ad-libs,0.9108583990323399
sans featurings ni ad-libs,0.9397399576860824
sans featurings ni ad-libs,0.9371735845790711
sans featurings ni ad-libs,0.9015176595817989
sans featurings ni ad-libs,0.974124356216062
sans featurings ni ad-libs,0.9339496388326727
sans featurings ni ad-libs,0.9569384384665218
sans featurings ni ad-libs,0.8821034250959889
sans featurings ni ad-libs,0.929538766056089
sans featurings ni ad-libs,0.9325345179320279
sans featurings ni ad-libs,0.9238836167019997
sans featurings ni ad-libs,0.9202855420705391
sans featurings ni ad-libs,0.8989939870600658
sans featurings ni ad-libs,0.952468737858535
sans featurings ni ad-libs,0.9552203643969492
sans featurings ni ad-libs,0.9025263264191605
sans featurings ni ad-libs,0.9827315544672732
sans featurings ni ad-libs,0.8605176023380752
sans featurings ni ad-libs,0.93410485009529
sans featurings ni ad-libs,0.9231440755566779
sans featurings ni ad-libs,0.9011251112924276
sans featurings ni ad-libs,0.9159075135177027
sans featurings ni ad-libs,0.9035344431648012
sans featurings ni ad-libs,0.9201192426696836
sans featurings ni ad-libs,0.9477337367327745
sans featurings ni ad-libs,0.9064608414337794
sans featurings ni ad-libs,0.9933458471360471
sans featurings ni ad-libs,0.9510111366045771
sans featurings ni ad-libs,0.9004304034270162
sans featurings ni ad-libs,0.9442124430116929
sans featurings ni ad-libs,0.9139647577846234
sans featurings ni ad-libs,0.9170116958239807
sans featurings ni ad-libs,0.9249210757201116
sans featurings ni ad-libs,0.960135611830624
sans featurings ni ad-libs,0.9633032040440548
sans featurings ni ad-libs,0.9153589703003772
sans featurings ni ad-libs,0.9092220482416544
sans featurings ni ad-libs,0.9178086428718794
sans featurings ni ad-libs,0.8944776058967626
sans featurings ni ad-libs,0.965375416224512
sans featurings ni ad-libs,0.9013117846347442
sans featurings ni ad-libs,0.9331078319166118
sans featurings ni ad-libs,0.9399237547525229
sans featurings ni ad-libs,0.929287109407964
sans featurings ni ad-libs,0.9645329696504311
sans featurings ni ad-libs,0.9217590486762901
sans featurings ni ad-libs,0.9824027859672039
sans featurings ni ad-libs,0.9796506155140189
sans featurings ni ad-libs,0.9451054008017936
sans featurings ni ad-libs,0.8770310464062218
sans featurings ni ad-libs,0.9564470248749644
sans featurings ni ad-libs,0.9522741580380927
sans featurings ni ad-libs,0.941693775666788
sans featurings ni ad-libs,0.9079741479128205
sans featurings ni ad-libs,0.9306393805147966
sans featurings ni ad-libs,0.9408127774823319
sans featurings ni ad-libs,0.9980488134863669
sans featurings ni ad-libs,0.9734138749806021
sans featurings ni ad-libs,0.9270896500882144
sans featurings ni ad-libs,0.9471878765558501
sans featurings ni ad-libs,0.9455510056184993
sans featurings ni ad-libs,0.9030158969250983
sans featurings ni ad-libs,0.9443977070550855
sans featurings ni ad-libs,0.8810338208153862
sans featurings ni ad-libs,0.9128750244145546
sans featurings ni ad-libs,0.8952611976273099
sans featurings ni ad-libs,0.9310937652387524
sans featurings ni ad-libs,0.9214167338100965
sans featurings ni ad-libs,0.9394184716091925
sans featurings ni ad-libs,0.9153603547119258
sans featurings ni ad-libs,0.9157095297680868
sans featurings ni ad-libs,0.9059913965232098
sans featurings ni ad-libs,0.8955127528018756
sans featurings ni ad-libs,0.9226986667602146
sans featurings ni ad-libs,0.9584400787157213
sans featurings ni ad-libs,0.8962610498309013
sans featurings ni ad-libs,0.9459117891738472
sans featurings ni ad-libs,0.9669194906562462
sans featurings ni ad-libs,0.9224971294298894
sans featurings ni ad-libs,0.9519116208524004
sans featurings ni ad-libs,0.9110176670129649
sans featurings ni ad-libs,0.9436716564271971
sans featurings ni ad-libs,0.9253889580533754
sans featurings ni ad-libs,0.9325969801503164
sans featurings ni ad-libs,0.9324088017988549
sans featurings ni ad-libs,0.9590422645817015
sans featurings ni ad-libs,0.9025245544231637
sans featurings ni ad-libs,0.9084295346755001
sans featurings ni ad-libs,0.9534590209503451
sans featurings ni ad-libs,0.927306686983845
sans featurings ni ad-libs,0.963563352585011
sans featurings ni ad-libs,0.8921621477665975
sans featurings ni ad-libs,0.9187098686876585
sans featurings ni ad-libs,0.9217841868493182
sans featurings ni ad-libs,0.9186734504539218
sans featurings ni ad-libs,0.9453514489508699
sans featurings ni ad-libs,0.9014449828954566
sans featurings ni ad-libs,0.920051856460543
sans featurings ni ad-libs,0.9248389424682651
sans featurings ni ad-libs,0.9221879639909891
sans featurings ni ad-libs,0.9099374986261906
sans featurings ni ad-libs,0.902315289403126
sans featurings ni ad-libs,0.9270718702171279
sans featurings ni ad-libs,0.9487827108529332
sans featurings ni ad-libs,0.9430059064457441
sans featurings ni ad-libs,0.9237818393326973
sans featurings ni ad-libs,0.8981065554742915
sans featurings ni ad-libs,0.9089521948665883
sans featurings ni ad-libs,0.9458854822190069
sans featurings ni ad-libs,0.9210422680868856
sans featurings ni ad-libs,0.924328325617146
sans featurings ni ad-libs,1.0102641991325578
sans featurings ni ad-libs,0.9219241088517776
sans featurings ni ad-libs,0.9425239188729069
sans featurings ni ad-libs,0.9762079862538039
sans featurings ni ad-libs,0.9176258596567861
sans featurings ni ad-libs,0.9170948599136717
sans featurings ni ad-libs,0.9805894684882069
sans featurings ni ad-libs,0.9482412909340243
sans featurings ni ad-libs,0.9455341640320872
sans featurings ni ad-libs,0.9233408482404855
sans featurings ni ad-libs,0.9488694815511148
sans featurings ni ad-libs,0.9323898382254677
sans featurings ni ad-libs,0.9432844531385868
sans featurings ni ad-libs,0.9750270944089617
sans featurings ni ad-libs,0.8980941679988181
sans featurings ni ad-libs,0.9268029722791197
sans featurings ni ad-libs,0.9770978177354609
sans featurings ni ad-libs,0.9196322405474177
sans featurings ni ad-libs,0.9327819976782137
sans featurings ni ad-libs,0.9004216260820859
sans featurings ni ad-libs,0.904756087742238
sans featurings ni ad-libs,0.9345146377418501
sans featurings ni ad-libs,0.9174517974721306
sans featurings ni ad-libs,0.9410361996614036
sans featurings ni ad-libs,0.9351841202126387
sans featurings ni ad-libs,0.9076196512866732
sans featurings ni ad-libs,0.9117838918209775
sans featurings ni ad-libs,0.9255641776563741
sans featurings ni ad-libs,0.9661399324113377
sans featurings ni ad-libs,0.9179688439409021
sans featurings ni ad-libs,0.9557353298845347
sans featurings ni ad-libs,0.9425258841389326
sans featurings ni ad-libs,0.9680311676451727
sans featurings ni ad-libs,0.9283903497096119
sans featurings ni ad-libs,0.9753708241874341
sans featurings ni ad-libs,0.9271132006910339
sans featurings ni ad-libs,0.9088719107752791
sans featurings ni ad-libs,0.9589645281711573
sans featurings ni ad-libs,0.9082459708067648
sans featurings ni ad-libs,0.9540199709124833
sans featurings ni ad-libs,0.9384497386661173
sans featurings ni ad-libs,0.9493212133478404
sans featurings ni ad-libs,0.9047597083035612
sans featurings ni ad-libs,0.8944809505617638
sans featurings ni ad-libs,0.9508388679420049
sans featurings ni ad-libs,0.8745776475884891
sans featurings ni ad-libs,0.9635732310969074
sans featurings ni ad-libs,0.9644963359104023
sans featurings ni ad-libs,0.9434608035027899
sans featurings ni ad-libs,0.9243434098438429
sans featurings ni ad-libs,0.9426857281835755
sans featurings ni ad-libs,0.9758662779361391
sans featurings ni ad-libs,0.9901533990027532
sans featurings ni ad-libs,0.9736241993940993
sans featurings ni ad-libs,0.9093607414803925
sans featurings ni ad-libs,0.9789327486802784
sans featurings ni ad-libs,0.8595274828320383
sans featurings ni ad-libs,0.9004774683425119
sans featurings ni ad-libs,0.9099459095789788
sans featurings ni ad-libs,0.9404700772578136
sans featurings ni ad-libs,0.921277974743026
sans featurings ni ad-libs,0.9671068563545484
sans featurings ni ad-libs,0.9363748306428008
sans featurings ni ad-libs,0.8960644055456242
sans featurings ni ad-libs,0.9639865290415699
sans featurings ni ad-libs,0.9108592619222945
sans featurings ni ad-libs,0.9032347526234109
sans featurings ni ad-libs,0.9496050638146585
sans featurings ni ad-libs,0.924180732857893
sans featurings ni ad-libs,0.9012158734526762
sans featurings ni ad-libs,0.9002032308549666
sans featurings ni ad-libs,0.9393527337768823
sans featurings ni ad-libs,0.9969287498697732
sans featurings ni ad-libs,0.9186734504539218
sans featurings ni ad-libs,0.9582669398032937
sans featurings ni ad-libs,0.9075772646316591
sans featurings ni ad-libs,0.9318762190553997
sans featurings ni ad-libs,0.9347141070670884
sans featurings ni ad-libs,0.8945800399735934
sans featurings ni ad-libs,0.9276031785282537
sans featurings ni ad-libs,0.9506077751110317
sans featurings ni ad-libs,0.9354658319136239
sans featurings ni ad-libs,0.9360375744340426
sans featurings ni ad-libs,0.9022380540269399
sans featurings ni ad-libs,0.9221916121191952
sans featurings ni ad-libs,0.9561966587795985
sans featurings ni ad-libs,0.984089824233888
sans featurings ni ad-libs,0.9508867245576799
sans featurings ni ad-libs,0.9440782523156621
sans featurings ni ad-libs,0.9117482646145453
sans featurings ni ad-libs,0.8862948899891248
sans featurings ni ad-libs,0.9546168245967701
sans featurings ni ad-libs,0.9102850369157889
sans featurings ni ad-libs,0.9280778022196688
sans featurings ni ad-libs,0.9368516068089151
sans featurings ni ad-libs,0.9217352310173104
sans featurings ni ad-libs,0.9195662256768604
sans featurings ni ad-libs,0.872400883635937
sans featurings ni ad-libs,0.9545259701736095
sans featurings ni ad-libs,0.9015075459945938
sans featurings ni ad-libs,0.899073647717716
sans featurings ni ad-libs,0.920860087840645
sans featurings ni ad-libs,0.9088034146042983
sans featurings ni ad-libs,0.9305970213793615
sans featurings ni ad-libs,0.9508309297618247
sans featurings ni ad-libs,0.9369472895736916
sans featurings ni ad-libs,0.9050737643771232
sans featurings ni ad-libs,0.9060500529296737
sans featurings ni ad-libs,0.9084031472158085
sans featurings ni ad-libs,0.9295481290679168
sans featurings ni ad-libs,0.9129629131431847
sans featurings ni ad-libs,0.9397357536515245
sans featurings ni ad-libs,1.004823724236256
sans featurings ni ad-libs,0.9685065912578441
sans featurings ni ad-libs,0.9426439336642202
sans featurings ni ad-libs,0.8875010884886967
sans featurings ni ad-libs,0.9210704552786151
sans featurings ni ad-libs,0.9830246362509222
sans featurings ni ad-libs,0.9598168410423408
sans featurings ni ad-libs,0.9189978038591933
sans featurings ni ad-libs,0.9384321055240801
sans featurings ni ad-libs,0.9225310917418064
sans featurings ni ad-libs,0.9526089818315608
sans featurings ni ad-libs,0.9480723072964431
sans featurings ni ad-libs,0.9481452107236283
sans featurings ni ad-libs,0.9301597847368784
sans featurings ni ad-libs,0.9545482460443222
sans featurings ni ad-libs,0.9218852054736963
sans featurings ni ad-libs,0.9126934986963845
sans featurings ni ad-libs,0.9352070198528357
sans featurings ni ad-libs,0.9373632711087623
sans featurings ni ad-libs,0.8776978988346258
sans featurings ni ad-libs,0.9573634722561868
sans featurings ni ad-libs,0.8761690779701706
sans featurings ni ad-libs,0.9605304553716526
sans featurings ni ad-libs,0.9305513969943409
sans featurings ni ad-libs,0.9429722743881181
sans featurings ni ad-libs,0.9614370752295306
sans featurings ni ad-libs,0.9144988054975502
sans featurings ni ad-libs,0.9884372448601219
sans featurings ni ad-libs,0.9170154600541582
sans featurings ni ad-libs,0.9488326081314514
sans featurings ni ad-libs,0.9645370140840374
sans featurings ni ad-libs,0.9328331964353556
sans featurings ni ad-libs,0.9368675377541613
sans featurings ni ad-libs,0.8842296431664718
sans featurings ni ad-libs,0.9294108599057579
sans featurings ni ad-libs,0.9158553517622867
sans featurings ni ad-libs,0.975696775345195
sans featurings ni ad-libs,0.9230806588798267
sans featurings ni ad-libs,0.9679277513542319
sans featurings ni ad-libs,0.9513251674718362
sans featurings ni ad-libs,0.9814496958596048
sans featurings ni ad-libs,0.9270921920943769
sans featurings ni ad-libs,0.9482340665986138
sans featurings ni ad-libs,0.9351136445427967
sans featurings ni ad-libs,0.9019146594569676
sans featurings ni ad-libs,0.892571437211785
sans featurings ni ad-libs,0.9441177212554578
sans featurings ni ad-libs,0.919217500096009
sans featurings ni ad-libs,0.9572195114555042
sans featurings ni ad-libs,0.9330350950073573
sans featurings ni ad-libs,0.9275881090469907
sans featurings ni ad-libs,0.9187464046118151
sans featurings ni ad-libs,0.925470224353616
sans featurings ni ad-libs,0.893114734799816
sans featurings ni ad-libs,0.9177525812505587
sans featurings ni ad-libs,0.9095312438920622
sans featurings ni ad-libs,0.8859347527583689
sans featurings ni ad-libs,0.957283036378076
sans featurings ni ad-libs,0.905947332848216
sans featurings ni ad-libs,0.9148574906873834
sans featurings ni ad-libs,0.9697217407503432
sans featurings ni ad-libs,0.9472054006636942
sans featurings ni ad-libs,0.9361404760744885
sans featurings ni ad-libs,0.9304299367076618
sans featurings ni ad-libs,0.9169263341906057
sans featurings ni ad-libs,0.8979794495851525
sans featurings ni ad-libs,0.9276218551992719
sans featurings ni ad-libs,0.9655028552745674
sans featurings ni ad-libs,0.9511717154369947
sans featurings ni ad-libs,0.9500365676004269
sans featurings ni ad-libs,0.9040894407019778
sans featurings ni ad-libs,0.9330796987627565
sans featurings ni ad-libs,0.9124542782049074
sans featurings ni ad-libs,0.9475288650984067
sans featurings ni ad-libs,0.9402095878575032
sans featurings ni ad-libs,0.9297658684568594
sans featurings ni ad-libs,0.9277050521651483
sans featurings ni ad-libs,0.9504533102516841
sans featurings ni ad-libs,0.92631841077334
sans featurings ni ad-libs,0.8936203429719537
sans featurings ni ad-libs,0.9307303257678082
sans featurings ni ad-libs,0.9239367813815788
sans featurings ni ad-libs,0.9104999763397829
sans featurings ni ad-libs,0.8769011144155076
sans featurings ni ad-libs,0.9399119586256444
sans featurings ni ad-libs,0.930456268577986
sans featurings ni ad-libs,1.0189827937767808
sans featurings ni ad-libs,0.9098130595382841
sans featurings ni ad-libs,0.9418453923891503
sans featurings ni ad-libs,0.9603100241679992
sans featurings ni ad-libs,0.9528746452926533
sans featurings ni ad-libs,0.9717747218737286
sans featurings ni ad-libs,0.9484521837782269
sans featurings ni ad-libs,0.9540863371096545
sans featurings ni ad-libs,0.985101456042106
sans featurings ni ad-libs,0.9190269198402972
sans featurings ni ad-libs,0.943695990348636
sans featurings ni ad-libs,0.9204287157101768
sans featurings ni ad-libs,0.9290076895242355
sans featurings ni ad-libs,0.9280689166515766
sans featurings ni ad-libs,0.9214859218735088
sans featurings ni ad-libs,0.9455395065918565
sans featurings ni ad-libs,0.9425223181470805
sans featurings ni ad-libs,0.9293295635823763
sans featurings ni ad-libs,0.9198901859032127
sans featurings ni ad-libs,0.9736159062494804
sans featurings ni ad-libs,0.968617497697645
sans featurings ni ad-libs,0.9348148871244882
sans featurings ni ad-libs,0.9502067010938057
sans featurings ni ad-libs,0.8917755329751731
sans featurings ni ad-libs,0.9765521520074613
sans featurings ni ad-libs,0.9575839010894754
sans featurings ni ad-libs,0.9656925620356714
sans featurings ni ad-libs,0.9343342630162941
sans featurings ni ad-libs,0.9565882554285854
sans featurings ni ad-libs,0.9634730586129666
sans featurings ni ad-libs,0.9159810601636418
sans featurings ni ad-libs,0.8775190293969157
sans featurings ni ad-libs,0.9752017422184048
sans featurings ni ad-libs,0.9114114287861728
sans featurings ni ad-libs,0.9137502356655758
sans featurings ni ad-libs,0.9723769295845878
sans featurings ni ad-libs,0.9840656047094549
sans featurings ni ad-libs,0.9255243386741253
sans featurings ni ad-libs,0.8891979860512707
sans featurings ni ad-libs,0.9502399203251943
sans featurings ni ad-libs,0.9815735317358383
sans featurings ni ad-libs,0.9504401939119974
sans featurings ni ad-libs,0.930132822973523
sans featurings ni ad-libs,0.9240901255533752
sans featurings ni ad-libs,0.9672801492223005
sans featurings ni ad-libs,0.8800637977628984
sans featurings ni ad-libs,0.8906078399165995
sans featurings ni ad-libs,0.8973553829327874
sans featurings ni ad-libs,0.9768980626231679
sans featurings ni ad-libs,0.9505373873480665
sans featurings ni ad-libs,0.9936652345520011
sans featurings ni ad-libs,0.9334633973556968
sans featurings ni ad-libs,0.9419094856907329
sans featurings ni ad-libs,0.9252676554797052
sans featurings ni ad-libs,0.8840881793479758
sans featurings ni ad-libs,0.885624842242881
sans featurings ni ad-libs,0.9333772851460936
sans featurings ni ad-libs,0.9482268424698226
sans featurings ni ad-libs,0.9494759832014413
sans featurings ni ad-libs,0.895848502645298
sans featurings ni ad-libs,0.9342021436216872
sans featurings ni ad-libs,0.9278016375906835
sans featurings ni ad-libs,0.9341111427886519
sans featurings ni ad-libs,0.9397193916196542
sans featurings ni ad-libs,0.9137387944349009
sans featurings ni ad-libs,0.9305368719935354
sans featurings ni ad-libs,0.9501764582448117
sans featurings ni ad-libs,0.935227491759732
sans featurings ni ad-libs,0.9709010763418373
sans featurings ni ad-libs,0.894131371185856
sans featurings ni ad-libs,0.9298073821746193
sans featurings ni ad-libs,0.9128099660780922
sans featurings ni ad-libs,0.9283521961731473
sans featurings ni ad-libs,0.9132847702617419
sans featurings ni ad-libs,0.8456780915779262
sans featurings ni ad-libs,0.9100454154491338
sans featurings ni ad-libs,0.943902271452068
sans featurings ni ad-libs,0.9248309253710509
sans featurings ni ad-libs,0.9552834115899138
sans featurings ni ad-libs,0.9264631231505132
sans featurings ni ad-libs,0.8986465374182401
sans featurings ni ad-libs,0.8920994834277495
sans featurings ni ad-libs,0.9760947664006473
sans featurings ni ad-libs,0.9426284800307153
sans featurings ni ad-libs,0.9195545133733165
sans featurings ni ad-libs,0.975446605097519
sans featurings ni ad-libs,0.9457020737549683
sans featurings ni ad-libs,0.9412461780699702
sans featurings ni ad-libs,0.9900161278715874
sans featurings ni ad-libs,0.9114151296021583
sans featurings ni ad-libs,0.9086940497140744
sans featurings ni ad-libs,0.9025464949379564
sans featurings ni ad-libs,0.8995590527401323
sans featurings ni ad-libs,0.9034341142815909
sans featurings ni ad-libs,0.9424363422923976
sans featurings ni ad-libs,0.8971709335007823
sans featurings ni ad-libs,0.9799197626647619
sans featurings ni ad-libs,0.8998786162107327
sans featurings ni ad-libs,0.9514563474170558
sans featurings ni ad-libs,0.8991896390992568
sans featurings ni ad-libs,0.9414729751079539
sans featurings ni ad-libs,0.8863191325689618
sans featurings ni ad-libs,0.9152625790629034
sans featurings ni ad-libs,0.9328959892756731
sans featurings ni ad-libs,0.9302087980535638
sans featurings ni ad-libs,0.9316043571664471
sans featurings ni ad-libs,0.9208452943687625
sans featurings ni ad-libs,0.8814005838829297
sans featurings ni ad-libs,0.9470550106926546
sans featurings ni ad-libs,0.9447956610757742
sans featurings ni ad-libs,0.8890368730962273
sans featurings ni ad-libs,0.9264377950248055
sans featurings ni ad-libs,0.9463912437342653
sans featurings ni ad-libs,0.901156777309991
sans featurings ni ad-libs,0.9480241157672623
sans featurings ni ad-libs,1.0004407237780355
sans featurings ni ad-libs,0.9220435900056912
sans featurings ni ad-libs,0.9621083263831907
sans featurings ni ad-libs,0.8856777125099354
sans featurings ni ad-libs,0.9325590925531585
sans featurings ni ad-libs,0.9249103938756983
sans featurings ni ad-libs,0.9567346951440945
sans featurings ni ad-libs,0.8812762180207141
sans featurings ni ad-libs,0.9814966764670747
sans featurings ni ad-libs,0.9522354376046702
sans featurings ni ad-libs,0.9301817563364015
sans featurings ni ad-libs,0.9563070710126742
sans featurings ni ad-libs,0.9351081447121671
sans featurings ni ad-libs,0.9960108276668016
sans featurings ni ad-libs,0.9226560753465083
sans featurings ni ad-libs,0.9469559535053846
sans featurings ni ad-libs,0.945233591705995
sans featurings ni ad-libs,0.8736886224133337
sans featurings ni ad-libs,0.9687908287736003
sans featurings ni ad-libs,0.9137846727866608
sans featurings ni ad-libs,0.8994737020422597
sans featurings ni ad-libs,0.9505372038903669
sans featurings ni ad-libs,0.9686274269112313
sans featurings ni ad-libs,0.9688891722695963
sans featurings ni ad-libs,0.9443067318974727
sans featurings ni ad-libs,0.9157949715017802
sans featurings ni ad-libs,0.9037085653655326
sans featurings ni ad-libs,0.9147196539289006
sans featurings ni ad-libs,0.9486506968083914
sans featurings ni ad-libs,0.9215798932537977
sans featurings ni ad-libs,0.8955443844334086
sans featurings ni ad-libs,0.9384486294239077
sans featurings ni ad-libs,0.9971347901703062
sans featurings ni ad-libs,0.938108130524128
sans featurings ni ad-libs,1.019761621702708
sans featurings ni ad-libs,0.9291931036320191
sans featurings ni ad-libs,0.9585182855689859
sans featurings ni ad-libs,0.9648342102414245
sans featurings ni ad-libs,0.9022627214484138
sans featurings ni ad-libs,0.9577597926690489
sans featurings ni ad-libs,0.8581680699940057
sans featurings ni ad-libs,0.9429047532645184
sans featurings ni ad-libs,0.9164194067351193
sans featurings ni ad-libs,0.8781803522406703
sans featurings ni ad-libs,0.878091273086421
sans featurings ni ad-libs,0.9066436100664483
sans featurings ni ad-libs,0.9005211227575539
sans featurings ni ad-libs,0.9273972171934806
sans featurings ni ad-libs,0.9198010152240726
sans featurings ni ad-libs,0.9726327626457104
sans featurings ni ad-libs,0.9716318878733997
sans featurings ni ad-libs,0.8910217827366893
sans featurings ni ad-libs,0.868248491390422
sans featurings ni ad-libs,0.9524179813401998
sans featurings ni ad-libs,0.8803421309169525
sans featurings ni ad-libs,0.9530305136339785
sans featurings ni ad-libs,0.944858566801599
sans featurings ni ad-libs,0.9205568173511081
sans featurings ni ad-libs,0.9171547389648238
sans featurings ni ad-libs,0.8824271641252167
sans featurings ni ad-libs,0.8989800998417059
sans featurings ni ad-libs,0.9570517696934735
sans featurings ni ad-libs,0.9267879371971105
sans featurings ni ad-libs,0.94205486681543
sans featurings ni ad-libs,0.9522463103375653
sans featurings ni ad-libs,0.9803898879158022
sans featurings ni ad-libs,0.9086747747313529
sans featurings ni ad-libs,0.9328317704357019
sans featurings ni ad-libs,0.9283704115025369
sans featurings ni ad-libs,0.9195135041783248
sans featurings ni ad-libs,0.9198269844163279
sans featurings ni ad-libs,0.9359811270682104
sans featurings ni ad-libs,0.9249177250368513
sans featurings ni ad-libs,0.9286194023246589
sans featurings ni ad-libs,0.9443306053335725
sans featurings ni ad-libs,1.0034295490121647
sans featurings ni ad-libs,0.9418260860520004
sans featurings ni ad-libs,0.920587898750624
sans featurings ni ad-libs,0.9235190989196466
sans featurings ni ad-libs,0.9657315350738311
sans featurings ni ad-libs,0.9094974477472844
sans featurings ni ad-libs,0.9639358731350414
sans featurings ni ad-libs,0.9106907226088762
sans featurings ni ad-libs,0.9108587646034828
sans featurings ni ad-libs,0.9608025281057949
sans featurings ni ad-libs,0.931946286215468
sans featurings ni ad-libs,0.9607966764807552
sans featurings ni ad-libs,0.9324866178802398
sans featurings ni ad-libs,0.9288450963211174
sans featurings ni ad-libs,0.9392485412136053
sans featurings ni ad-libs,0.8948444122210282
sans featurings ni ad-libs,0.8767347710479011
sans featurings ni ad-libs,0.9448403076824625
sans featurings ni ad-libs,0.90474416431077
sans featurings ni ad-libs,0.9624132704921061
sans featurings ni ad-libs,0.9484902292593935
sans featurings ni ad-libs,0.9379343358499898
sans featurings ni ad-libs,0.9299506328765318
sans featurings ni ad-libs,0.9530633042465005
sans featurings ni ad-libs,0.9015475866709838
sans featurings ni ad-libs,0.9232263220306985
sans featurings ni ad-libs,0.9504097914959855
sans featurings ni ad-libs,0.9867065736208002
sans featurings ni ad-libs,0.9212745738821351
sans featurings ni ad-libs,0.9242799206094566
sans featurings ni ad-libs,0.9007674905012386
sans featurings ni ad-libs,0.911182909481056
sans featurings ni ad-libs,0.9477475334586616
sans featurings ni ad-libs,0.9927533810740988
sans featurings ni ad-libs,0.8938976315334725
sans featurings ni ad-libs,0.8886166786231305
sans featurings ni ad-libs,0.940999890424813
sans featurings ni ad-libs,0.9741982211634398
sans featurings ni ad-libs,0.9171964199750731
sans featurings ni ad-libs,0.9365281272495657
sans featurings ni ad-libs,0.9404623746267559
sans featurings ni ad-libs,0.8698628935587727
sans featurings ni ad-libs,0.9147112046737783
sans featurings ni ad-libs,0.8932727157676573
sans featurings ni ad-libs,0.8933741776920081
sans featurings ni ad-libs,0.9376108149278138
sans featurings ni ad-libs,0.9030999908796861
sans featurings ni ad-libs,0.8693709295811792
sans featurings ni ad-libs,0.8951477017229412
sans featurings ni ad-libs,0.9135363235017189
sans featurings ni ad-libs,0.9872337467082686
sans featurings ni ad-libs,0.9521901228620655
sans featurings ni ad-libs,0.8932572843933595
sans featurings ni ad-libs,0.9041545943003091
sans featurings ni ad-libs,0.9042078895030237
sans featurings ni ad-libs,0.9628628941052746
sans featurings ni ad-libs,0.9487276275971773
sans featurings ni ad-libs,0.9370769790553998
sans featurings ni ad-libs,0.9275593882436258
sans featurings ni ad-libs,0.8845860762549926
sans featurings ni ad-libs,0.8731878980225521
sans featurings ni ad-libs,0.9253341136788805
sans featurings ni ad-libs,0.9150541751445554
sans featurings ni ad-libs,0.9846716453166383
sans featurings ni ad-libs,0.9418233233011492
sans featurings ni ad-libs,0.95909510722909
sans featurings ni ad-libs,0.9534761713948077
sans featurings ni ad-libs,0.9635895179587517
sans featurings ni ad-libs,0.9604300469968663
sans featurings ni ad-libs,0.9354023078208531
sans featurings ni ad-libs,0.9239448673574056
sans featurings ni ad-libs,0.9192743760695954
sans featurings ni ad-libs,0.9812376709912554
sans featurings ni ad-libs,0.935696525549564
sans featurings ni ad-libs,0.9429760247057312
sans featurings ni ad-libs,0.9439557826088286
sans featurings ni ad-libs,0.9343410043655983
sans featurings ni ad-libs,0.9468633891663548
sans featurings ni ad-libs,0.9085351821679712
sans featurings ni ad-libs,0.9074320125282747
sans featurings ni ad-libs,0.980885791574489
sans featurings ni ad-libs,0.9036964480484578
sans featurings ni ad-libs,0.9606834384588243
sans featurings ni ad-libs,0.9452797877435126
sans featurings ni ad-libs,0.9595051685261827
sans featurings ni ad-libs,0.9250919358733407
sans featurings ni ad-libs,0.9187544845068575
sans featurings ni ad-libs,0.9787634448178434
sans featurings ni ad-libs,0.9590408016899774
sans featurings ni ad-libs,0.9251767521848656
sans featurings ni ad-libs,0.9102063680639837
sans featurings ni ad-libs,0.9246362368359553
sans featurings ni ad-libs,0.9143771814668114
sans featurings ni ad-libs,0.9130935480280344
sans featurings ni ad-libs,0.9672459752992347
sans featurings ni ad-libs,0.9659392061068248
sans featurings ni ad-libs,0.9250491941482573
sans featurings ni ad-libs,0.9418301623810444
sans featurings ni ad-libs,0.9175528643052088
sans featurings ni ad-libs,0.9602316509567926
sans featurings ni ad-libs,0.9191524410028418
sans featurings ni ad-libs,0.9765648537378729
sans featurings ni ad-libs,0.9119437487277827
sans featurings ni ad-libs,0.9706693239996957
sans featurings ni ad-libs,0.9250434964304768
sans featurings ni ad-libs,0.9430487483018324
sans featurings ni ad-libs,0.918663438986955
sans featurings ni ad-libs,0.9280456966958449
sans featurings ni ad-libs,0.9345387531368743
sans featurings ni ad-libs,0.9247101974657523
sans featurings ni ad-libs,0.9633212808762004
sans featurings ni ad-libs,0.9313791215713618
sans featurings ni ad-libs,0.9336835236835449
sans featurings ni ad-libs,0.9105147953784579
sans featurings ni ad-libs,0.9169867631669631
sans featurings ni ad-libs,0.9996853482415674
sans featurings ni ad-libs,0.9342060041448648
sans featurings ni ad-libs,0.924275184838181
sans featurings ni ad-libs,1.0078287867822358
sans featurings ni ad-libs,0.9001429429774109
sans featurings ni ad-libs,0.9097159960495906
sans featurings ni ad-libs,0.8777861089875177
sans featurings ni ad-libs,0.8985692136741887
sans featurings ni ad-libs,0.925645882874723
sans featurings ni ad-libs,0.9491095714435982
sans featurings ni ad-libs,0.9279368026103407
sans featurings ni ad-libs,0.9231264481076089
sans featurings ni ad-libs,0.9076200690516276
sans featurings ni ad-libs,0.9736144173010202
sans featurings ni ad-libs,0.9508112039188439
sans featurings ni ad-libs,0.9561173068486205
sans featurings ni ad-libs,0.9085682243987403
sans featurings ni ad-libs,0.9374407874638673
sans featurings ni ad-libs,0.9721894620081538
sans featurings ni ad-libs,0.9227230292737868
sans featurings ni ad-libs,0.9490292689157367
sans featurings ni ad-libs,0.9522964293363965
sans featurings ni ad-libs,0.944311662100271
sans featurings ni ad-libs,0.8857319937670844
sans featurings ni ad-libs,0.9287695065784922
sans featurings ni ad-libs,0.9387107240929681
sans featurings ni ad-libs,0.9540239713394356
sans featurings ni ad-libs,0.9467875070388643
sans featurings ni ad-libs,0.9639270607419116
sans featurings ni ad-libs,0.9214095081473538
sans featurings ni ad-libs,0.9728682125447335
sans featurings ni ad-libs,0.9647407007709456
sans featurings ni ad-libs,0.9535231111891578
sans featurings ni ad-libs,0.9204094708733459
sans featurings ni ad-libs,0.9537760481452084
sans featurings ni ad-libs,0.9291882526839328
sans featurings ni ad-libs,0.9113310969301229
sans featurings ni ad-libs,0.8666593786632014
sans featurings ni ad-libs,0.9775187627095558
sans featurings ni ad-libs,0.9266370190250498
sans featurings ni ad-libs,0.9171382232859061
sans featurings ni ad-libs,0.9374508532967333
sans featurings ni ad-libs,0.925659042796918
sans featurings ni ad-libs,0.8793287341957802
sans featurings ni ad-libs,0.9518607407990718
sans featurings ni ad-libs,0.9388933323808251
sans featurings ni ad-libs,0.928008958344035
sans featurings ni ad-libs,0.936934523460793
sans featurings ni ad-libs,0.9446088123057641
sans featurings ni ad-libs,0.8833780530350219
sans featurings ni ad-libs,0.9016490039910119
sans featurings ni ad-libs,0.9316502205871398
sans featurings ni ad-libs,0.9416247671781949
sans featurings ni ad-libs,0.9287665174422188
sans featurings ni ad-libs,0.9149870005597569
sans featurings ni ad-libs,0.9213214804784741
sans featurings ni ad-libs,0.9616898541563085
sans featurings ni ad-libs,0.9446033591966454
sans featurings ni ad-libs,0.9540419050809603
sans featurings ni ad-libs,0.8974246345227951
sans featurings ni ad-libs,0.9240880525044196
sans featurings ni ad-libs,0.9621408684487335
sans featurings ni ad-libs,0.965131474400032
sans featurings ni ad-libs,0.9087963983409539
sans featurings ni ad-libs,0.9013301321563495
sans featurings ni ad-libs,0.9376020466314448
sans featurings ni ad-libs,0.9258427443568915
sans featurings ni ad-libs,0.9211264124786651
sans featurings ni ad-libs,1.0051421348461076
sans featurings ni ad-libs,0.8663470025163449
sans featurings ni ad-libs,0.9975815509082712
sans featurings ni ad-libs,0.9281683724357889
sans featurings ni ad-libs,0.9668908741780652
sans featurings ni ad-libs,0.9719003475446705
sans featurings ni ad-libs,0.9043490963871511
sans featurings ni ad-libs,0.9669832012927023
sans featurings ni ad-libs,0.9758982353522863
sans featurings ni ad-libs,0.9419452154406238
sans featurings ni ad-libs,0.9142844204095861
sans featurings ni ad-libs,0.9249284198660528
sans featurings ni ad-libs,0.9490094132351407
sans featurings ni ad-libs,0.9081411572343674
sans featurings ni ad-libs,0.9070967832786576
sans featurings ni ad-libs,0.9779304007206269
sans featurings ni ad-libs,0.9455248735252355
sans featurings ni ad-libs,0.9217251065248757
sans featurings ni ad-libs,0.9828756778166609
sans featurings ni ad-libs,0.9441794166455757
sans featurings ni ad-libs,0.9223829635555534
sans featurings ni ad-libs,0.8966175940711656
sans featurings ni ad-libs,0.936547161038489
sans featurings ni ad-libs,0.9371077198892759
sans featurings ni ad-libs,0.9533985391580636
sans featurings ni ad-libs,0.9007839836787923
sans featurings ni ad-libs,0.914942475094711
sans featurings ni ad-libs,0.9386159680896053
sans featurings ni ad-libs,1.0056233001932084
sans featurings ni ad-libs,0.9394886801212217
sans featurings ni ad-libs,0.9251033214261821
sans featurings ni ad-libs,0.9026254424185726
sans featurings ni ad-libs,0.9541585634305456
sans featurings ni ad-libs,0.9103275782507533
sans featurings ni ad-libs,0.9835421173607259
sans featurings ni ad-libs,0.9460852657357383
sans featurings ni ad-libs,0.9359513988825654
sans featurings ni ad-libs,0.9262836363542566
sans featurings ni ad-libs,0.9245793636653523
sans featurings ni ad-libs,0.9295954611052972
sans featurings ni ad-libs,0.9235715154321398
sans featurings ni ad-libs,0.9316134245144327
sans featurings ni ad-libs,0.9373595240254187
sans featurings ni ad-libs,0.9562055180868643
sans featurings ni ad-libs,0.9154390904143511
sans featurings ni ad-libs,0.945608430413848
sans featurings ni ad-libs,0.9490575792020783
sans featurings ni ad-libs,0.9406808309126017
sans featurings ni ad-libs,0.9356568224970357
sans featurings ni ad-libs,0.9025231664725062
sans featurings ni ad-libs,0.9379680804925905
sans featurings ni ad-libs,0.9231890166901898
sans featurings ni ad-libs,0.9226299496400989
sans featurings ni ad-libs,0.8947847054571153
sans featurings ni ad-libs,0.9320330413322636
sans featurings ni ad-libs,0.9751604009464411
sans featurings ni ad-libs,0.971119526561717
sans featurings ni ad-libs,0.9707458231775098
sans featurings ni ad-libs,0.9672749890269802
sans featurings ni ad-libs,0.9547059359426036
sans featurings ni ad-libs,0.9303249693220702
sans featurings ni ad-libs,0.9155656741841298
sans featurings ni ad-libs,0.9472747914693507
sans featurings ni ad-libs,0.9684006054886183
sans featurings ni ad-libs,0.9473760902574443
sans featurings ni ad-libs,0.9932690136496187
sans featurings ni ad-libs,0.9083762881020951
sans featurings ni ad-libs,0.9398529261345147
sans featurings ni ad-libs,0.8964077198778455
sans featurings ni ad-libs,0.9188306648585058
sans featurings ni ad-libs,0.9383970094430893
sans featurings ni ad-libs,0.9375803782873832
sans featurings ni ad-libs,0.9589225150912386
sans featurings ni ad-libs,0.9449641578107707
sans featurings ni ad-libs,0.9087026714402797
sans featurings ni ad-libs,0.9497886087269262
sans featurings ni ad-libs,0.9310754032983222
sans featurings ni ad-libs,0.9503569737390242
sans featurings ni ad-libs,0.8999918748956525
sans featurings ni ad-libs,0.9121262124035476
sans featurings ni ad-libs,0.93031056202298
sans featurings ni ad-libs,0.9946481117945553
sans featurings ni ad-libs,0.8486180499252662
sans featurings ni ad-libs,0.9324064778425378
sans featurings ni ad-libs,0.9954737760781063
sans featurings ni ad-libs,0.8932037552862124
sans featurings ni ad-libs,0.9484828054602203
sans featurings ni ad-libs,0.969436262299376
sans featurings ni ad-libs,0.9185527826933033
sans featurings ni ad-libs,0.9219208519888717
sans featurings ni ad-libs,0.9317067806478249
sans featurings ni ad-libs,0.8944048601694694
sans featurings ni ad-libs,0.8988482254499199
sans featurings ni ad-libs,0.8708904405590666
sans featurings ni ad-libs,0.9324594297792919
sans featurings ni ad-libs,0.9438281965725056
sans featurings ni ad-libs,0.9372608101302411
sans featurings ni ad-libs,0.9541224779343384
sans featurings ni ad-libs,0.8980542580873921
sans featurings ni ad-libs,0.8908791345758013
sans featurings ni ad-libs,0.981673430741997
sans featurings ni ad-libs,0.9510969687167674
sans featurings ni ad-libs,0.9361818727100193
sans featurings ni ad-libs,0.9076605433674615
sans featurings ni ad-libs,0.9113264407839937
sans featurings ni ad-libs,0.952458501396506
sans featurings ni ad-libs,0.9662651577545124
sans featurings ni ad-libs,0.9513967276171683
sans featurings ni ad-libs,0.9936515145474533
sans featurings ni ad-libs,0.8959287446700116
sans featurings ni ad-libs,0.9545775998062943
sans featurings ni ad-libs,0.9308164324100178
sans featurings ni ad-libs,0.904659394747957
sans featurings ni ad-libs,0.8878493713754629
sans featurings ni ad-libs,0.9157945213323463
sans featurings ni ad-libs,0.9215187044212853
sans featurings ni ad-libs,0.8840348151820419
sans featurings ni ad-libs,0.9557875281810111
sans featurings ni ad-libs,0.8890410244698728
sans featurings ni ad-libs,0.967269133993358
sans featurings ni ad-libs,0.893877882226452
sans featurings ni ad-libs,0.9489223358221388
sans featurings ni ad-libs,0.9158826650084586
sans featurings ni ad-libs,0.919411540530853
sans featurings ni ad-libs,0.9929849828143954
sans featurings ni ad-libs,0.9423257202382889
sans featurings ni ad-libs,0.8990947722375899
sans featurings ni ad-libs,0.949518015544217
sans featurings ni ad-libs,0.9368304375083853
sans featurings ni ad-libs,0.9917438073819034
sans featurings ni ad-libs,0.9104966676265895
sans featurings ni ad-libs,0.8576884603714586
sans featurings ni ad-libs,0.9864220108955231
sans featurings ni ad-libs,0.9451053191811745
sans featurings ni ad-libs,0.9171000471984355
sans featurings ni ad-libs,0.9268786164688151
sans featurings ni ad-libs,0.9217904449951707
sans featurings ni ad-libs,0.9780982093542769
sans featurings ni ad-libs,0.8846926944998733
sans featurings ni ad-libs,0.9463760187915542
sans featurings ni ad-libs,0.9180828632716399
sans featurings ni ad-libs,0.9188349521512079
sans featurings ni ad-libs,0.8838414571831016
sans featurings ni ad-libs,0.9334475625039731
sans featurings ni ad-libs,0.9366972295186051
sans featurings ni ad-libs,0.9097732920736425
sans featurings ni ad-libs,0.9150511452537007
sans featurings ni ad-libs,0.8964044109828699
sans featurings ni ad-libs,0.9247148187764826
sans featurings ni ad-libs,0.957141832764959
sans featurings ni ad-libs,0.9253369730792362
sans featurings ni ad-libs,0.9555133481797297
sans featurings ni ad-libs,0.9003757402795499
sans featurings ni ad-libs,0.9678774354480992
sans featurings ni ad-libs,0.9321820048681492
sans featurings ni ad-libs,0.9159016217912858
sans featurings ni ad-libs,0.9658255353804162
sans featurings ni ad-libs,0.9290180188417108
sans featurings ni ad-libs,0.9329141694112605
sans featurings ni ad-libs,0.948958347565219
sans featurings ni ad-libs,0.9280850742449182
sans featurings ni ad-libs,0.9826560822609417
sans featurings ni ad-libs,0.9518377722632664
sans featurings ni ad-libs,0.9781948804118779
sans featurings ni ad-libs,0.9358133588422067
sans featurings ni ad-libs,0.9195549519312379
sans featurings ni ad-libs,0.9986845059359687
sans featurings ni ad-libs,0.9425975575839651
sans featurings ni ad-libs,0.9248012749583219
sans featurings ni ad-libs,0.9510374038138438
sans featurings ni ad-libs,0.9490003293157027
sans featurings ni ad-libs,0.9151883133038424
sans featurings ni ad-libs,0.9534740619965132
sans featurings ni ad-libs,0.924794031002478
sans featurings ni ad-libs,0.9792250399378555
sans featurings ni ad-libs,0.9231236216505131
sans featurings ni ad-libs,0.9123451560105007
sans featurings ni ad-libs,0.9309332855281315
sans featurings ni ad-libs,0.9099004209374094
sans featurings ni ad-libs,0.9044839365026013
sans featurings ni ad-libs,0.900029053563713
sans featurings ni ad-libs,0.9827855045156232
sans featurings ni ad-libs,0.8800061113392779
sans featurings ni ad-libs,0.9348853059566539
sans featurings ni ad-libs,0.9672742259585834
sans featurings ni ad-libs,0.9301819217785058
sans featurings ni ad-libs,0.9237629512423976
sans featurings ni ad-libs,0.8935613976708908
sans featurings ni ad-libs,0.9605705648955118
sans featurings ni ad-libs,0.9988858971955661
sans featurings ni ad-libs,0.9070118238780719
sans featurings ni ad-libs,0.9371398532951682
sans featurings ni ad-libs,0.9938627140610995
sans featurings ni ad-libs,0.9238534269261546
sans featurings ni ad-libs,0.957898752033108
sans featurings ni ad-libs,0.9508878296678887
sans featurings ni ad-libs,0.9129200855759303
sans featurings ni ad-libs,0.915968751256409
sans featurings ni ad-libs,0.9718351739817949
sans featurings ni ad-libs,0.9276519798863392
sans featurings ni ad-libs,0.9610098288113812
sans featurings ni ad-libs,0.8868185358823936
sans featurings ni ad-libs,0.8786326600237082
sans featurings ni ad-libs,0.9519441622325207
sans featurings ni ad-libs,0.937659247350518
sans featurings ni ad-libs,0.9230693449880558
sans featurings ni ad-libs,0.9594429071194107
sans featurings ni ad-libs,0.9668981408485057
sans featurings ni ad-libs,0.9407979916064522
sans featurings ni ad-libs,1.0104591581450255
sans featurings ni ad-libs,0.9099374986261906
sans featurings ni ad-libs,0.9581161206527329
sans featurings ni ad-libs,0.9304380070706545
sans featurings ni ad-libs,0.9621798482745951
sans featurings ni ad-libs,0.9204395105255974
sans featurings ni ad-libs,0.8775821699174492
sans featurings ni ad-libs,0.9627758518590271
sans featurings ni ad-libs,0.9191948705877772
sans featurings ni ad-libs,0.9324484239985115
sans featurings ni ad-libs,0.9039733168735089
sans featurings ni ad-libs,0.9576981493673803
sans featurings ni ad-libs,0.9723176763624288
sans featurings ni ad-libs,0.934156395005743
sans featurings ni ad-libs,0.9827185375609421
sans featurings ni ad-libs,0.9292358347141743
sans featurings ni ad-libs,0.904176195573953
sans featurings ni ad-libs,0.933473396866411
sans featurings ni ad-libs,0.9459114269543771
sans featurings ni ad-libs,0.954930804274641
sans featurings ni ad-libs,0.922004430256897
sans featurings ni ad-libs,0.8750898023548832
sans featurings ni ad-libs,0.908315326352944
sans featurings ni ad-libs,0.8774535915561188
sans featurings ni ad-libs,0.9456215622982262
sans featurings ni ad-libs,0.9569846941599658
sans featurings ni ad-libs,0.8907749944937905
sans featurings ni ad-libs,0.9421039062303829
sans featurings ni ad-libs,0.8925855394748536
sans featurings ni ad-libs,0.8949360365602795
sans featurings ni ad-libs,0.9243323208984089
sans featurings ni ad-libs,0.9284189615794531
sans featurings ni ad-libs,0.9195202301840301
sans featurings ni ad-libs,0.9341564808397016
sans featurings ni ad-libs,0.9149972298291055
sans featurings ni ad-libs,0.9885051011111153
sans featurings ni ad-libs,0.9626797313373862
sans featurings ni ad-libs,0.9558171150355038
sans featurings ni ad-libs,0.9347958612804135
sans featurings ni ad-libs,0.9532650026153746
sans featurings ni ad-libs,0.95952131189224
sans featurings ni ad-libs,0.9553139790059756
sans featurings ni ad-libs,0.9374291431708768
sans featurings ni ad-libs,0.9447044355822461
sans featurings ni ad-libs,0.938346386645084
sans featurings ni ad-libs,0.9255775332978268
sans featurings ni ad-libs,0.9589815341087706
sans featurings ni ad-libs,0.9400198773153483
sans featurings ni ad-libs,0.9322974736224621
sans featurings ni ad-libs,0.899653276428432
sans featurings ni ad-libs,0.9295814250942519
sans featurings ni ad-libs,0.8971797084479011
sans featurings ni ad-libs,0.9573580165844606
sans featurings ni ad-libs,0.8865637659326769
sans featurings ni ad-libs,0.9659646151245664
sans featurings ni ad-libs,0.937223116393651
sans featurings ni ad-libs,0.9129629131431847
sans featurings ni ad-libs,0.9517900707124087
sans featurings ni ad-libs,0.9199581550473501
sans featurings ni ad-libs,0.8670053351531726
sans featurings ni ad-libs,0.9624568128351836
sans featurings ni ad-libs,0.9480157891210884
sans featurings ni ad-libs,0.9269082637066323
sans featurings ni ad-libs,0.8944036063638909
sans featurings ni ad-libs,0.9117762049139999
sans featurings ni ad-libs,0.9373786505032268
sans featurings ni ad-libs,0.9676605777567194
sans featurings ni ad-libs,0.9514941696927902
sans featurings ni ad-libs,0.9456799389586213
sans featurings ni ad-libs,0.9951614706775515
sans featurings ni ad-libs,0.9335953041156679
sans featurings ni ad-libs,0.96611145030231
sans featurings ni ad-libs,0.8983302985503849
sans featurings ni ad-libs,0.942399053352413
sans featurings ni ad-libs,0.9028212912595425
sans featurings ni ad-libs,0.96247794004083
sans featurings ni ad-libs,0.9131447709303331
sans featurings ni ad-libs,0.9020840855889622
sans featurings ni ad-libs,0.9139832016047285
sans featurings ni ad-libs,0.9460445636690726
sans featurings ni ad-libs,0.9196635595839917
sans featurings ni ad-libs,0.9201070283750532
sans featurings ni ad-libs,0.9155103608234784
sans featurings ni ad-libs,0.8986779684834855
sans featurings ni ad-libs,0.9357756044638106
sans featurings ni ad-libs,0.909732038771879
sans featurings ni ad-libs,0.9550027042849678
sans featurings ni ad-libs,0.8995952186535596
sans featurings ni ad-libs,0.9093054061711652
sans featurings ni ad-libs,0.9290038850724762
sans featurings ni ad-libs,0.9393182512128587
sans featurings ni ad-libs,0.9533645969246363
sans featurings ni ad-libs,0.955517216267848
sans featurings ni ad-libs,0.8798458021824596
sans featurings ni ad-libs,0.9744509857548574
sans featurings ni ad-libs,0.9191205005306231
sans featurings ni ad-libs,0.9116016367398121
sans featurings ni ad-libs,0.935097612033671
sans featurings ni ad-libs,0.9554467893465766
sans featurings ni ad-libs,0.9570026057914021
sans featurings ni ad-libs,0.9240098802453681
sans featurings ni ad-libs,0.9444842354333198
sans featurings ni ad-libs,0.933687404316019
sans featurings ni ad-libs,0.9625266029455675
sans featurings ni ad-libs,0.9359195457999056
sans featurings ni ad-libs,0.9665673883110685
sans featurings ni ad-libs,0.9099713518480768
sans featurings ni ad-libs,0.9456098624044508
sans featurings ni ad-libs,0.9562360273760855
sans featurings ni ad-libs,0.9195450067856024
sans featurings ni ad-libs,0.9443036585231293
sans featurings ni ad-libs,0.896006549981935
sans featurings ni ad-libs,0.9629780020105999
sans featurings ni ad-libs,0.953433073414433
sans featurings ni ad-libs,0.9252977405787568
sans featurings ni ad-libs,0.9567990094213102
sans featurings ni ad-libs,0.9053792966189822
sans featurings ni ad-libs,0.8989946009076988
sans featurings ni ad-libs,0.9663895886034566
sans featurings ni ad-libs,0.9447366310420826
sans featurings ni ad-libs,0.9238951186745441
sans featurings ni ad-libs,0.9379022638897662
sans featurings ni ad-libs,0.9609446803407952
sans featurings ni ad-libs,0.9126928233443173
sans featurings ni ad-libs,0.9207394756116588
sans featurings ni ad-libs,0.957715657279807
sans featurings ni ad-libs,0.9576661621120981
sans featurings ni ad-libs,0.9090442465713976
sans featurings ni ad-libs,0.9767683191286375
sans featurings ni ad-libs,0.9550075943699537
sans featurings ni ad-libs,0.927888547060986
sans featurings ni ad-libs,0.9245903334487445
sans featurings ni ad-libs,0.9375073965502164
sans featurings ni ad-libs,0.9222503776179714
sans featurings ni ad-libs,0.9563833510003784
sans featurings ni ad-libs,0.9267966477403129
sans featurings ni ad-libs,0.945444818297773
sans featurings ni ad-libs,0.9000522233935419
sans featurings ni ad-libs,0.933338035939041
sans featurings ni ad-libs,0.9173280816627032
sans featurings ni ad-libs,0.9304002949205055
sans featurings ni ad-libs,0.9062506828384004
sans featurings ni ad-libs,0.9321133648196871
sans featurings ni ad-libs,0.9067640878596326
sans featurings ni ad-libs,0.9528569372159074
sans featurings ni ad-libs,0.9527521974603992
sans featurings ni ad-libs,0.9503989485932764
sans featurings ni ad-libs,0.9374916560387268
sans featurings ni ad-libs,0.9369400624822807
sans featurings ni ad-libs,0.94179124410351
sans featurings ni ad-libs,0.9430498510259845
sans featurings ni ad-libs,0.9556081166837748
sans featurings ni ad-libs,0.9151704820982018
sans featurings ni ad-libs,0.9500297808800506
sans featurings ni ad-libs,0.9937653674509056
sans featurings ni ad-libs,0.9324735663313036
sans featurings ni ad-libs,0.9238242086960364
sans featurings ni ad-libs,0.9602728656359437
sans featurings ni ad-libs,0.9107949712126845
sans featurings ni ad-libs,0.9484348650932064
sans featurings ni ad-libs,0.9636769151433514
sans featurings ni ad-libs,0.9452534725105225
sans featurings ni ad-libs,0.9570249832171185
sans featurings ni ad-libs,0.9338127131934901
sans featurings ni ad-libs,0.9034634053270421
sans featurings ni ad-libs,0.9666193122056225
sans featurings ni ad-libs,0.926217740548356
sans featurings ni ad-libs,0.9285386624718087
sans featurings ni ad-libs,0.9057284666257138
sans featurings ni ad-libs,0.9614378091486672
sans featurings ni ad-libs,0.9364307778807788
sans featurings ni ad-libs,1.0007918317908728
sans featurings ni ad-libs,0.9364481723189041
sans featurings ni ad-libs,0.906939676669935
sans featurings ni ad-libs,0.9700749520402079
sans featurings ni ad-libs,0.9385368221385378
sans featurings ni ad-libs,0.9110212060257146
sans featurings ni ad-libs,0.934521799915435
sans featurings ni ad-libs,0.9251773314928049
sans featurings ni ad-libs,0.9405512398195166
sans featurings ni ad-libs,0.9389718076080702
sans featurings ni ad-libs,0.9499461300216541
sans featurings ni ad-libs,0.982834063492446
sans featurings ni ad-libs,0.9196042572722899
sans featurings ni ad-libs,0.8922964855834274
sans featurings ni ad-libs,0.9667855906415873
sans featurings ni ad-libs,0.9244037270050754
sans featurings ni ad-libs,0.8799228034949739
sans featurings ni ad-libs,0.9154992377645716
sans featurings ni ad-libs,0.9789715357013505
sans featurings ni ad-libs,0.9181737357205234
sans featurings ni ad-libs,0.9055431577536583
sans featurings ni ad-libs,0.9438621397245192
sans featurings ni ad-libs,0.9320599734459042
sans featurings ni ad-libs,0.8798201322105579
sans featurings ni ad-libs,0.9308955768672599
sans featurings ni ad-libs,0.8945314073431394
sans featurings ni ad-libs,0.9366037723234097
sans featurings ni ad-libs,0.9144123951940617
sans featurings ni ad-libs,0.927395465206473
sans featurings ni ad-libs,0.9453080996044148
sans featurings ni ad-libs,0.934101034860976
sans featurings ni ad-libs,0.9577884149760175
sans featurings ni ad-libs,0.9425900460226111
sans featurings ni ad-libs,0.9065206392622206
sans featurings ni ad-libs,0.8960631720643872
sans featurings ni ad-libs,0.9555332580965638
sans featurings ni ad-libs,0.9442405783919214
sans featurings ni ad-libs,0.8805938967108826
sans featurings ni ad-libs,1.0007150341317999
sans featurings ni ad-libs,0.9364611022945357
sans featurings ni ad-libs,0.9475228187875052
sans featurings ni ad-libs,0.8985693408483373
sans featurings ni ad-libs,0.9367880858734956
sans featurings ni ad-libs,0.9640788815155159
sans featurings ni ad-libs,0.8928586468934658
sans featurings ni ad-libs,0.8856346417899611
sans featurings ni ad-libs,0.9181767097187027
sans featurings ni ad-libs,0.9312084491500299
sans featurings ni ad-libs,0.9629236905647925
sans featurings ni ad-libs,0.9650510956634385
sans featurings ni ad-libs,0.9126661091890417
sans featurings ni ad-libs,0.9418612290229493
sans featurings ni ad-libs,0.8978037650123053
sans featurings ni ad-libs,0.9228201910707485
sans featurings ni ad-libs,0.9545756363805036
sans featurings ni ad-libs,0.899865592935978
sans featurings ni ad-libs,0.9769119671458475
sans featurings ni ad-libs,0.9544889147565113
sans featurings ni ad-libs,0.9371857658351729
sans featurings ni ad-libs,0.8805335808860105
sans featurings ni ad-libs,0.9543481464377119
sans featurings ni ad-libs,0.9557553266670397
sans featurings ni ad-libs,0.9280136494529144
sans featurings ni ad-libs,0.9086097824159927
sans featurings ni ad-libs,0.9241179471517142
sans featurings ni ad-libs,0.948139535902258
sans featurings ni ad-libs,0.912854349019083
sans featurings ni ad-libs,0.9780691331075316
sans featurings ni ad-libs,0.8935946576683298
sans featurings ni ad-libs,0.9202693406592376
sans featurings ni ad-libs,0.9314742189235744
sans featurings ni ad-libs,0.8931941815488166
sans featurings ni ad-libs,0.9583545407915869
sans featurings ni ad-libs,0.9790454778462859
sans featurings ni ad-libs,0.9183980076842276
sans featurings ni ad-libs,0.940999322947373
sans featurings ni ad-libs,0.9374337210789381
sans featurings ni ad-libs,0.9252986797640931
sans featurings ni ad-libs,0.9463717056716747
sans featurings ni ad-libs,0.9382781181448613
sans featurings ni ad-libs,0.9271473431844978
sans featurings ni ad-libs,0.9474670609543386
sans featurings ni ad-libs,0.9248188896696462
sans featurings ni ad-libs,0.9455771233988954
sans featurings ni ad-libs,0.9419293843899288
sans featurings ni ad-libs,0.9303918507812441
sans featurings ni ad-libs,0.9413212267442802
sans featurings ni ad-libs,0.9050339810835213
sans featurings ni ad-libs,0.9489530575328105
sans featurings ni ad-libs,0.9513999482105183
sans featurings ni ad-libs,0.9387001119054422
sans featurings ni ad-libs,0.9311075306265661
sans featurings ni ad-libs,0.9355536521350991
sans featurings ni ad-libs,0.9510186408559863
sans featurings ni ad-libs,0.9380620110662266
sans featurings ni ad-libs,0.9667579261321673
sans featurings ni ad-libs,0.9308000769758148
sans featurings ni ad-libs,0.9399129069726658
sans featurings ni ad-libs,0.9464460937081092
sans featurings ni ad-libs,0.9634963157910343
sans featurings ni ad-libs,0.957318196576529
sans featurings ni ad-libs,0.9244342974051751
sans featurings ni ad-libs,0.9059720363763574
sans featurings ni ad-libs,0.9894289318001334
sans featurings ni ad-libs,0.9293774052577809
sans featurings ni ad-libs,0.931344619315828
sans featurings ni ad-libs,0.9264543983271769
sans featurings ni ad-libs,0.9296897218689647
sans featurings ni ad-libs,0.9252275977753804
sans featurings ni ad-libs,0.9449355941461082
sans featurings ni ad-libs,0.9401537550765766
sans featurings ni ad-libs,0.9361632884958692
sans featurings ni ad-libs,0.9123493140665686
sans featurings ni ad-libs,0.9042711222677999
sans featurings ni ad-libs,0.9499342467789593
sans featurings ni ad-libs,0.9187824052587336
sans featurings ni ad-libs,0.9617361015251658
sans featurings ni ad-libs,0.8637398537410764
sans featurings ni ad-libs,0.9127941398595527
sans featurings ni ad-libs,0.9594091955940156
sans featurings ni ad-libs,0.9684614787040697
sans featurings ni ad-libs,0.9510404744032539
sans featurings ni ad-libs,0.9210122014814464
sans featurings ni ad-libs,0.963686307170255
sans featurings ni ad-libs,0.9055208868429377
sans featurings ni ad-libs,0.9016611033969291
sans featurings ni ad-libs,0.8685071833130658
sans featurings ni ad-libs,0.9365792559977527
sans featurings ni ad-libs,0.970566551523922
sans featurings ni ad-libs,0.8756183512612347
sans featurings ni ad-libs,0.901699499520448
sans featurings ni ad-libs,0.9477609590497544
sans featurings ni ad-libs,0.9013317296104494
sans featurings ni ad-libs,0.9273294778045044
sans featurings ni ad-libs,0.9086665282653495
sans featurings ni ad-libs,0.9298320351557103
sans featurings ni ad-libs,0.9787587428210808
sans featurings ni ad-libs,0.941325088538208
sans featurings ni ad-libs,0.998493188447029
sans featurings ni ad-libs,0.9383145838489606
sans featurings ni ad-libs,0.951069633721594
sans featurings ni ad-libs,0.8905589809677734
sans featurings ni ad-libs,0.8792735148145694
sans featurings ni ad-libs,0.919232373752888
sans featurings ni ad-libs,0.9220600235855319
sans featurings ni ad-libs,0.9406318404874437
sans featurings ni ad-libs,0.9336449415315131
sans featurings ni ad-libs,0.8698025120084709
sans featurings ni ad-libs,0.9301741492071283
sans featurings ni ad-libs,0.9681370417141911
sans featurings ni ad-libs,0.925215834472667
sans featurings ni ad-libs,0.9635506477252869
sans featurings ni ad-libs,0.9597449051875493
sans featurings ni ad-libs,0.9118205422775177
sans featurings ni ad-libs,0.9308672397981241
sans featurings ni ad-libs,0.980534084928851
sans featurings ni ad-libs,0.9077321482385843
sans featurings ni ad-libs,0.8965543435587819
sans featurings ni ad-libs,0.9721936531885003
sans featurings ni ad-libs,0.9437030586610742
sans featurings ni ad-libs,0.8929934745366215
sans featurings ni ad-libs,0.9245829603664961
sans featurings ni ad-libs,0.9092825935343228
sans featurings ni ad-libs,0.9171193074291708
sans featurings ni ad-libs,0.8910038093813364
sans featurings ni ad-libs,0.9444313309903909
sans featurings ni ad-libs,0.8886730543907788
sans featurings ni ad-libs,0.9108550395780386
sans featurings ni ad-libs,0.8918144855010378
sans featurings ni ad-libs,0.9052039972401151
sans featurings ni ad-libs,0.8788642878652384
sans featurings ni ad-libs,0.9632028010240048
sans featurings ni ad-libs,0.9515483452340726
sans featurings ni ad-libs,0.8986255581668926
sans featurings ni ad-libs,0.9496133243646564
sans featurings ni ad-libs,0.9572140110383605
sans featurings ni ad-libs,0.8748131431103856
sans featurings ni ad-libs,0.884282963946651
sans featurings ni ad-libs,0.9373159971201342
sans featurings ni ad-libs,0.931721981946504
sans featurings ni ad-libs,0.8821698556986071
sans featurings ni ad-libs,0.9212332177251046
sans featurings ni ad-libs,0.9487985669234765
sans featurings ni ad-libs,0.910771823856516
sans featurings ni ad-libs,0.9038114288496822
sans featurings ni ad-libs,0.9225371202529784
sans featurings ni ad-libs,0.9308088926458065
sans featurings ni ad-libs,0.9277783238370555
sans featurings ni ad-libs,0.9707718682157751
sans featurings ni ad-libs,0.9054926387663318
sans featurings ni ad-libs,0.9723659492372083
sans featurings ni ad-libs,0.9665160901680075
sans featurings ni ad-libs,0.9138988135033795
sans featurings ni ad-libs,0.9731868086595445
sans featurings ni ad-libs,0.9532244420388348
sans featurings ni ad-libs,0.8794790358241107
sans featurings ni ad-libs,0.9584384191054612
sans featurings ni ad-libs,0.9078019336777569
sans featurings ni ad-libs,0.9072233096610814
sans featurings ni ad-libs,0.9490871443536791
sans featurings ni ad-libs,0.9351952630870931
sans featurings ni ad-libs,0.9158949308403045
sans featurings ni ad-libs,0.960307206703917
sans featurings ni ad-libs,0.9074274704882326
sans featurings ni ad-libs,0.8818130240443066
sans featurings ni ad-libs,0.9608603081355798
sans featurings ni ad-libs,0.9233334233353175
sans featurings ni ad-libs,0.9349462052968319
sans featurings ni ad-libs,0.9814355636217916
sans featurings ni ad-libs,0.9505844684818006
sans featurings ni ad-libs,0.9095835522696284
sans featurings ni ad-libs,0.9156962614521008
sans featurings ni ad-libs,0.9791338654004821
sans featurings ni ad-libs,0.9494201908478939
sans featurings ni ad-libs,0.9355526816248582
sans featurings ni ad-libs,0.9327319503704219
sans featurings ni ad-libs,0.9326836221883688
sans featurings ni ad-libs,0.9442997001717489
sans featurings ni ad-libs,0.9309465873854796
sans featurings ni ad-libs,0.9272321163835655
sans featurings ni ad-libs,0.9408910502322703
sans featurings ni ad-libs,0.9336965501650868
sans featurings ni ad-libs,0.9577687164718226
sans featurings ni ad-libs,0.9473813745077545
sans featurings ni ad-libs,0.9278873790675604
sans featurings ni ad-libs,0.9196034896669447
sans featurings ni ad-libs,0.996268550371633
sans featurings ni ad-libs,0.9331926774935091
sans featurings ni ad-libs,0.9580317543617622
sans featurings ni ad-libs,0.924068315863407
sans featurings ni ad-libs,0.9182834976627431
sans featurings ni ad-libs,0.9397464580157324
sans featurings ni ad-libs,0.9354422327001434
sans featurings ni ad-libs,0.9232259281892642
sans featurings ni ad-libs,0.9344297922858795
sans featurings ni ad-libs,0.9402192744030186
sans featurings ni ad-libs,0.9207817778941049
sans featurings ni ad-libs,0.9438541315618966
sans featurings ni ad-libs,0.8809547799699635
sans featurings ni ad-libs,0.899281691802539
sans featurings ni ad-libs,0.9494432162461836
sans featurings ni ad-libs,0.9328290955316999
sans featurings ni ad-libs,0.9187983468386648
sans featurings ni ad-libs,0.9333724657494545
sans featurings ni ad-libs,0.9347163252031812
sans featurings ni ad-libs,0.9551045580585186
sans featurings ni ad-libs,0.89668716258773
sans featurings ni ad-libs,0.9628163760157732
sans featurings ni ad-libs,0.916737237990505
sans featurings ni ad-libs,0.8792502500898391
sans featurings ni ad-libs,0.9648651091493939
sans featurings ni ad-libs,0.901003377447921
sans featurings ni ad-libs,0.9522098620313557
sans featurings ni ad-libs,0.9276377549840091
sans featurings ni ad-libs,0.9128876669978703
sans featurings ni ad-libs,0.8860191149810869
sans featurings ni ad-libs,0.9218950967781903
sans featurings ni ad-libs,0.9220897367248725
sans featurings ni ad-libs,0.8850717618977602
sans featurings ni ad-libs,0.9401409151758492
sans featurings ni ad-libs,0.9588469597013455
sans featurings ni ad-libs,0.9399650929751687
sans featurings ni ad-libs,0.9422919418648854
sans featurings ni ad-libs,0.9198657467293947
sans featurings ni ad-libs,0.945440830090165
sans featurings ni ad-libs,0.9441285088179553
sans featurings ni ad-libs,0.9499219200567044
sans featurings ni ad-libs,0.9226229526956021
sans featurings ni ad-libs,0.9031064461564678
sans featurings ni ad-libs,0.9128155617575242
sans featurings ni ad-libs,0.9554320418251706
sans featurings ni ad-libs,0.9271326660689697
sans featurings ni ad-libs,0.9046807991883897
sans featurings ni ad-libs,0.9250489265389559
sans featurings ni ad-libs,0.9530745421881595
sans featurings ni ad-libs,0.9754958162601348
sans featurings ni ad-libs,0.9333979719558873
sans featurings ni ad-libs,0.9427682240998265
sans featurings ni ad-libs,0.9575802503561
sans featurings ni ad-libs,0.9318092464505453
sans featurings ni ad-libs,0.9056246128174372
sans featurings ni ad-libs,0.9226951319350477
sans featurings ni ad-libs,0.9231241691019516
sans featurings ni ad-libs,0.9966144218906302
sans featurings ni ad-libs,0.9159056285194489
sans featurings ni ad-libs,0.9426434103560173
sans featurings ni ad-libs,0.9634736004257971
sans featurings ni ad-libs,0.9284548722909589
sans featurings ni ad-libs,0.9544272551174783
sans featurings ni ad-libs,0.9197923969479146
sans featurings ni ad-libs,0.9663031672517289
sans featurings ni ad-libs,0.9183444935013304
sans featurings ni ad-libs,0.8980078772753544
sans featurings ni ad-libs,0.9198230928035862
sans featurings ni ad-libs,0.9662479027595652
sans featurings ni ad-libs,0.97261273097086
sans featurings ni ad-libs,0.9017978412386972
sans featurings ni ad-libs,0.8582054392929443
sans featurings ni ad-libs,0.9331885256272773
sans featurings ni ad-libs,0.947363023855594
sans featurings ni ad-libs,0.9635618636151767
sans featurings ni ad-libs,0.9141211765217533
sans featurings ni ad-libs,0.9066628987721557
sans featurings ni ad-libs,0.9715031557266359
sans featurings ni ad-libs,0.9326573779488624
sans featurings ni ad-libs,0.9342597649940028
sans featurings ni ad-libs,0.9542453541212299
sans featurings ni ad-libs,0.9625495184349687
sans featurings ni ad-libs,0.9050510206222083
sans featurings ni ad-libs,0.9300154447411542
sans featurings ni ad-libs,0.9083521390468818
sans featurings ni ad-libs,0.8917374271187182
sans featurings ni ad-libs,0.9561581222573367
sans featurings ni ad-libs,0.9255240209520014
sans featurings ni ad-libs,0.9088210684306492
sans featurings ni ad-libs,0.9662671728713433
sans featurings ni ad-libs,0.8843099896478828
sans featurings ni ad-libs,0.922083915632577
sans featurings ni ad-libs,0.9323151420527152
sans featurings ni ad-libs,0.908572127845339
sans featurings ni ad-libs,0.9602800946158451
sans featurings ni ad-libs,0.9481200723496362
sans featurings ni ad-libs,0.9368902793387408
sans featurings ni ad-libs,0.9503563687424939
sans featurings ni ad-libs,0.936028846475437
sans featurings ni ad-libs,0.9547335784885415
sans featurings ni ad-libs,0.9024330109681261
sans featurings ni ad-libs,0.9398667620555976
sans featurings ni ad-libs,0.931713464564773
sans featurings ni ad-libs,0.9279468990003121
sans featurings ni ad-libs,0.8622900959203924
sans featurings ni ad-libs,0.9365301660095315
sans featurings ni ad-libs,0.9296913134373306
sans featurings ni ad-libs,0.9572142189578905
sans featurings ni ad-libs,0.914375287224754
sans featurings ni ad-libs,0.9108819274528194
sans featurings ni ad-libs,0.9197670185202989
sans featurings ni ad-libs,0.9228822817749386
sans featurings ni ad-libs,0.9262435670415796
sans featurings ni ad-libs,0.9604830758058598
sans featurings ni ad-libs,0.939176076262804
sans featurings ni ad-libs,0.915415367212571
sans featurings ni ad-libs,0.8996066429647872
sans featurings ni ad-libs,0.9566275167217323
sans featurings ni ad-libs,0.9270696361026711
sans featurings ni ad-libs,0.9396299789647268
sans featurings ni ad-libs,0.8981735061667493
sans featurings ni ad-libs,0.9538224988477463
sans featurings ni ad-libs,0.9623014313016303
sans featurings ni ad-libs,0.9366529069403007
sans featurings ni ad-libs,0.9171807830513588
sans featurings ni ad-libs,0.9826783372018092
sans featurings ni ad-libs,0.9417232539529783
sans featurings ni ad-libs,0.9120664116318519
sans featurings ni ad-libs,0.9632937061386138
sans featurings ni ad-libs,0.9237920034452494
sans featurings ni ad-libs,0.9289484034499501
sans featurings ni ad-libs,0.9675732083052704
sans featurings ni ad-libs,0.9476032562498984
sans featurings ni ad-libs,0.9081001462240461
sans featurings ni ad-libs,0.9393470408933167
sans featurings ni ad-libs,0.995215945553184
sans featurings ni ad-libs,0.929513201756054
sans featurings ni ad-libs,0.9219534090017307
sans featurings ni ad-libs,0.9369353226976043
sans featurings ni ad-libs,0.9653143555952675
sans featurings ni ad-libs,0.9311556344369532
sans featurings ni ad-libs,0.9320408508304914
sans featurings ni ad-libs,0.9368506170717491
sans featurings ni ad-libs,0.9178552455341725
sans featurings ni ad-libs,0.9587766658472343
sans featurings ni ad-libs,0.9296521067883786
sans featurings ni ad-libs,0.9469471329567077
sans featurings ni ad-libs,0.9292057173229489
sans featurings ni ad-libs,0.9068137980637772
sans featurings ni ad-libs,0.921695979728418
sans featurings ni ad-libs,0.9355674155998374
sans featurings ni ad-libs,0.9156151495048384
sans featurings ni ad-libs,0.9520150163783305
sans featurings ni ad-libs,0.9196578720476405
sans featurings ni ad-libs,0.9466131161828366
sans featurings ni ad-libs,0.8873390405320428
sans featurings ni ad-libs,0.931281765268398
sans featurings ni ad-libs,0.9748563290456388
sans featurings ni ad-libs,0.9790003528380508
sans featurings ni ad-libs,0.9060842444614197
sans featurings ni ad-libs,0.9140468790214827
sans featurings ni ad-libs,0.916418216656522
sans featurings ni ad-libs,0.9375458750720627
sans featurings ni ad-libs,0.9117348914114873
sans featurings ni ad-libs,0.9165619090920861
sans featurings ni ad-libs,0.9262840296125726
sans featurings ni ad-libs,0.8661554917074351
sans featurings ni ad-libs,0.9496561593975287
sans featurings ni ad-libs,0.9147263988587191
sans featurings ni ad-libs,0.9378903776183174
sans featurings ni ad-libs,0.9546386949978414
sans featurings ni ad-libs,0.9621609684607635
sans featurings ni ad-libs,0.9450095338726892
sans featurings ni ad-libs,0.927611208239011
sans featurings ni ad-libs,0.8776528658384481
sans featurings ni ad-libs,0.9510757566233935
sans featurings ni ad-libs,0.9689339550081535
sans featurings ni ad-libs,0.9472366600171923
sans featurings ni ad-libs,0.9401988164365886
sans featurings ni ad-libs,1.0108285631428022
sans featurings ni ad-libs,0.8999208095677949
sans featurings ni ad-libs,0.9440842486965912
sans featurings ni ad-libs,0.9413633927353737
sans featurings ni ad-libs,0.8909900689638477
sans featurings ni ad-libs,0.9316034569171937
sans featurings ni ad-libs,0.8912725663161639
sans featurings ni ad-libs,0.9095349077167693
sans featurings ni ad-libs,0.9250463146815701
sans featurings ni ad-libs,0.9043323432658459
sans featurings ni ad-libs,0.9473974040081453
sans featurings ni ad-libs,0.9344641896383584
sans featurings ni ad-libs,0.9995741338219533
sans featurings ni ad-libs,0.9327732539242842
sans featurings ni ad-libs,0.9398082781267317
sans featurings ni ad-libs,0.940309598551061
sans featurings ni ad-libs,0.9410672726540762
sans featurings ni ad-libs,0.9897402501488984
sans featurings ni ad-libs,0.9100126595967862
sans featurings ni ad-libs,0.9021548755665156
sans featurings ni ad-libs,0.9025506248256348
sans featurings ni ad-libs,0.9224409964556076
sans featurings ni ad-libs,0.9363084576406935
sans featurings ni ad-libs,0.9781900634136743
sans featurings ni ad-libs,0.939413477477912
sans featurings ni ad-libs,0.9031624329118367
sans featurings ni ad-libs,0.9793813736907916
sans featurings ni ad-libs,0.8858886711414334
sans featurings ni ad-libs,0.9463556978557247
sans featurings ni ad-libs,0.9636275370793567
sans featurings ni ad-libs,0.9559776311462651
sans featurings ni ad-libs,0.924347243016247
sans featurings ni ad-libs,0.9393624927890251
sans featurings ni ad-libs,0.9251705320897542
sans featurings ni ad-libs,0.9153703117854396
sans featurings ni ad-libs,0.9332627770219692
sans featurings ni ad-libs,0.8911548004812889
sans featurings ni ad-libs,0.9238329329847225
sans featurings ni ad-libs,0.9774206200912702
sans featurings ni ad-libs,0.9679335417213749
sans featurings ni ad-libs,0.9651370045822993
sans featurings ni ad-libs,0.9221760226738608
sans featurings ni ad-libs,0.9660574318509632
sans featurings ni ad-libs,0.9441345296462724
sans featurings ni ad-libs,0.9235334667022177
sans featurings ni ad-libs,0.9460108093493669
sans featurings ni ad-libs,0.9699077088563368
sans featurings ni ad-libs,0.9524729904655328
sans featurings ni ad-libs,0.9168472911129607
sans featurings ni ad-libs,0.9198352818413247
sans featurings ni ad-libs,0.9730134092898661
sans featurings ni ad-libs,0.9032115924056849
sans featurings ni ad-libs,0.9021167935866301
sans featurings ni ad-libs,0.9819380321011857
sans featurings ni ad-libs,0.945686975749354
sans featurings ni ad-libs,0.9226601662885752
sans featurings ni ad-libs,0.9101954367883559
sans featurings ni ad-libs,0.9339231369903582
sans featurings ni ad-libs,0.9105318117976064
sans featurings ni ad-libs,0.904919052537296
sans featurings ni ad-libs,0.9457525406724535
sans featurings ni ad-libs,0.9174205768336876
sans featurings ni ad-libs,1.0045653698452464
sans featurings ni ad-libs,0.9225750048717581
sans featurings ni ad-libs,0.9378522452560791
sans featurings ni ad-libs,0.9427596131637386
sans featurings ni ad-libs,0.911038990162554
sans featurings ni ad-libs,0.9102528842588572
sans featurings ni ad-libs,0.930901219279396
sans featurings ni ad-libs,0.9652207613468982
sans featurings ni ad-libs,0.9009515192256291
sans featurings ni ad-libs,0.9024440236768418
sans featurings ni ad-libs,0.8967691023832062
sans featurings ni ad-libs,0.9091662427488991
sans featurings ni ad-libs,0.9453893112797442
sans featurings ni ad-libs,0.9666975328850972
sans featurings ni ad-libs,0.9488896192816988
sans featurings ni ad-libs,0.9410415647972871
sans featurings ni ad-libs,0.9451730896852429
sans featurings ni ad-libs,0.9508910057496383
sans featurings ni ad-libs,0.8877103984386586
sans featurings ni ad-libs,0.9408196168093796
sans featurings ni ad-libs,0.9396005199839496
sans featurings ni ad-libs,0.9387108703537814
sans featurings ni ad-libs,0.997186601196202
sans featurings ni ad-libs,0.9418835635804181
sans featurings ni ad-libs,0.9117295666036233
sans featurings ni ad-libs,0.9012532453456621
sans featurings ni ad-libs,0.983314926286295
sans featurings ni ad-libs,0.912916385066365
sans featurings ni ad-libs,0.9507828179161484
sans featurings ni ad-libs,0.9802622576300962
sans featurings ni ad-libs,0.9901687856736935
sans featurings ni ad-libs,0.9239393309496153
sans featurings ni ad-libs,0.8870661786401962
sans featurings ni ad-libs,0.9395228290937833
sans featurings ni ad-libs,0.9315220969566416
sans featurings ni ad-libs,0.9271872780010547
sans featurings ni ad-libs,0.9712087026386313
sans featurings ni ad-libs,0.9304140540009844
sans featurings ni ad-libs,0.9513451703214425
sans featurings ni ad-libs,0.9075278477374924
sans featurings ni ad-libs,0.902462123424086
sans featurings ni ad-libs,0.9422025397851685
sans featurings ni ad-libs,0.9249002303333853
sans featurings ni ad-libs,0.9680216375331211
sans featurings ni ad-libs,0.8720235480385641
sans featurings ni ad-libs,0.8829516626982193
sans featurings ni ad-libs,0.9109795715388587
sans featurings ni ad-libs,0.9678063959151073
sans featurings ni ad-libs,0.9332537671968532
sans featurings ni ad-libs,0.8688125539209537
sans featurings ni ad-libs,0.9177530261090281
sans featurings ni ad-libs,0.9684102251530168
sans featurings ni ad-libs,0.9219441396223002
sans featurings ni ad-libs,0.9675367669067803
sans featurings ni ad-libs,0.9131039464289855
sans featurings ni ad-libs,0.9273986029638153
sans featurings ni ad-libs,0.9338684947519027
sans featurings ni ad-libs,0.9722652735195202
sans featurings ni ad-libs,0.9179119566380758
sans featurings ni ad-libs,0.9796805413724907
sans featurings ni ad-libs,0.9510585804557483
sans featurings ni ad-libs,0.9182914162021809
sans featurings ni ad-libs,0.9439819379921413
sans featurings ni ad-libs,0.9238670387177146
sans featurings ni ad-libs,0.9609616144401587
sans featurings ni ad-libs,0.9593356630215903
sans featurings ni ad-libs,0.9061190363350782
sans featurings ni ad-libs,0.900629015370319
sans featurings ni ad-libs,0.9218695974548659
sans featurings ni ad-libs,0.901608066027633
sans featurings ni ad-libs,0.927975744125614
sans featurings ni ad-libs,0.9694614473906645
sans featurings ni ad-libs,0.9618549359233945
sans featurings ni ad-libs,0.9731639322697604
sans featurings ni ad-libs,0.9381770318878129
sans featurings ni ad-libs,0.8922184401970524
sans featurings ni ad-libs,0.9687131136721474
sans featurings ni ad-libs,0.9693311431093121
sans featurings ni ad-libs,0.9283606463460452
sans featurings ni ad-libs,0.9430801647842324
sans featurings ni ad-libs,0.9387358568603278
sans featurings ni ad-libs,0.9604546375463796
sans featurings ni ad-libs,0.9218065560546419
sans featurings ni ad-libs,0.9302389713391969
sans featurings ni ad-libs,0.9733821415643978
sans featurings ni ad-libs,0.9609688628176304
sans featurings ni ad-libs,0.9319204336103525
sans featurings ni ad-libs,0.9086210395832337
sans featurings ni ad-libs,0.9209146710870685
sans featurings ni ad-libs,0.9314052932910301
sans featurings ni ad-libs,0.9006349970092908
sans featurings ni ad-libs,0.9602398121999461
sans featurings ni ad-libs,0.9707043656966061
sans featurings ni ad-libs,0.9544278726993999
sans featurings ni ad-libs,0.8799141927468663
sans featurings ni ad-libs,0.9221903392033144
sans featurings ni ad-libs,0.9789913972388271
sans featurings ni ad-libs,0.9182581254661117
sans featurings ni ad-libs,0.9706303223065914
sans featurings ni ad-libs,0.881905281176137
sans featurings ni ad-libs,0.9729871273125967
sans featurings ni ad-libs,0.9451037214612732
sans featurings ni ad-libs,0.9256698503895007
sans featurings ni ad-libs,0.9202582424009634
sans featurings ni ad-libs,0.9375635401203021
sans featurings ni ad-libs,0.9173386625178291
sans featurings ni ad-libs,0.980815742837487
sans featurings ni ad-libs,0.8744539673613159
sans featurings ni ad-libs,0.9351888207574084
sans featurings ni ad-libs,0.9028627907089296
sans featurings ni ad-libs,0.8837031540418737
sans featurings ni ad-libs,0.9533522877284372
sans featurings ni ad-libs,0.9320646909850541
sans featurings ni ad-libs,0.9346521698318148
sans featurings ni ad-libs,0.9392221137629824
sans featurings ni ad-libs,0.9273850099045461
sans featurings ni ad-libs,0.935776457759349
sans featurings ni ad-libs,0.9561954744067749
sans featurings ni ad-libs,0.9454520103408737
sans featurings ni ad-libs,0.9197587934311188
sans featurings ni ad-libs,0.9256030553144718
sans featurings ni ad-libs,0.8930133227802569
sans featurings ni ad-libs,0.9164374053744754
sans featurings ni ad-libs,0.9093946259468375
sans featurings ni ad-libs,0.9214718959631338
sans featurings ni ad-libs,0.9493204337257017
sans featurings ni ad-libs,0.9227925775033161
sans featurings ni ad-libs,0.9016851148877323
sans featurings ni ad-libs,0.9336469472408867
sans featurings ni ad-libs,0.9068527938298261
sans featurings ni ad-libs,1.0007560434216356
sans featurings ni ad-libs,0.9471085387589843
sans featurings ni ad-libs,0.9481836524592703
sans featurings ni ad-libs,0.917721175740846
sans featurings ni ad-libs,0.9763750197717677
sans featurings ni ad-libs,0.921096858848968
sans featurings ni ad-libs,0.9296981015857725
sans featurings ni ad-libs,0.9354713629484541
sans featurings ni ad-libs,0.9540099713577094
sans featurings ni ad-libs,0.9670463907960448
sans featurings ni ad-libs,0.962122948973493
sans featurings ni ad-libs,0.9535089690238585
sans featurings ni ad-libs,0.9198039918276936
sans featurings ni ad-libs,0.9676621461130774
sans featurings ni ad-libs,0.9513639779087284
sans featurings ni ad-libs,0.9484036798373249
sans featurings ni ad-libs,0.9583841352509668
sans featurings ni ad-libs,0.9203288856147652
sans featurings ni ad-libs,0.9127472415580833
sans featurings ni ad-libs,0.9212436409638274
sans featurings ni ad-libs,0.9385873270278035
sans featurings ni ad-libs,0.967666842757292
sans featurings ni ad-libs,0.9421232041384008
sans featurings ni ad-libs,0.9201102798887543
sans featurings ni ad-libs,0.9294695343206665
sans featurings ni ad-libs,0.965347554723681
sans featurings ni ad-libs,0.9276220767872769
sans featurings ni ad-libs,0.9279966382670545
sans featurings ni ad-libs,0.9216306376793235
sans featurings ni ad-libs,0.9550857293416721
sans featurings ni ad-libs,0.9521405165748553
sans featurings ni ad-libs,0.9643237960039691
sans featurings ni ad-libs,0.9637033801869828
sans featurings ni ad-libs,0.9429047011170639
sans featurings ni ad-libs,0.9942588695516179
sans featurings ni ad-libs,0.9789008009222954
sans featurings ni ad-libs,0.9229885791196712
sans featurings ni ad-libs,0.9452944720972377
sans featurings ni ad-libs,0.8996361363475013
sans featurings ni ad-libs,0.9284014882879101
sans featurings ni ad-libs,0.9176745907584034
sans featurings ni ad-libs,0.9579228084273157
sans featurings ni ad-libs,0.8821948504196219
sans featurings ni ad-libs,0.9034002533310678
sans featurings ni ad-libs,0.919430069303949
sans featurings ni ad-libs,0.9347033145781312
sans featurings ni ad-libs,0.926227368533636
sans featurings ni ad-libs,0.9339569291181017
sans featurings ni ad-libs,0.9297489526700095
sans featurings ni ad-libs,0.9297712541136349
sans featurings ni ad-libs,0.9629698908420861
sans featurings ni ad-libs,0.9185580982876554
sans featurings ni ad-libs,0.9110519682581213
sans featurings ni ad-libs,0.9216030961576867
sans featurings ni ad-libs,0.8951747686461908
sans featurings ni ad-libs,0.9732613299390472
sans featurings ni ad-libs,0.9427079190537031
sans featurings ni ad-libs,0.9423710277662554
sans featurings ni ad-libs,0.9483712850941773
sans featurings ni ad-libs,0.9260496737214382
sans featurings ni ad-libs,0.9519532900381473
sans featurings ni ad-libs,0.9001924918698446
sans featurings ni ad-libs,0.9094550084215605
sans featurings ni ad-libs,0.9214375668367739
sans featurings ni ad-libs,0.9854739894202994
sans featurings ni ad-libs,0.9255708185864691
sans featurings ni ad-libs,0.9162005826922716
sans featurings ni ad-libs,0.9754329741324327
sans featurings ni ad-libs,0.9222074123819615
sans featurings ni ad-libs,0.9105651195617578
sans featurings ni ad-libs,0.994462101580407
sans featurings ni ad-libs,0.9124295977751253
sans featurings ni ad-libs,0.9273870326655784
sans featurings ni ad-libs,0.9353190305127428
sans featurings ni ad-libs,0.9141395531794014
sans featurings ni ad-libs,0.9517697099985116
sans featurings ni ad-libs,0.9473256265927814
sans featurings ni ad-libs,0.9069791949427285
sans featurings ni ad-libs,0.9224841525581666
sans featurings ni ad-libs,0.9511083716547839
sans featurings ni ad-libs,0.9072043686827665
sans featurings ni ad-libs,0.9078955361217631
sans featurings ni ad-libs,0.8742165371143706
sans featurings ni ad-libs,0.9086914914910555
sans featurings ni ad-libs,0.9419225658855876
sans featurings ni ad-libs,0.8775557110216206
sans featurings ni ad-libs,0.9103340905492245
sans featurings ni ad-libs,0.9354438971288858
sans featurings ni ad-libs,0.9581944064060525
sans featurings ni ad-libs,0.9395006374394892
sans featurings ni ad-libs,0.9269481290162825
sans featurings ni ad-libs,1.0124858412457076
sans featurings ni ad-libs,0.8896696773881094
sans featurings ni ad-libs,0.9102333706001522
sans featurings ni ad-libs,0.9208123447883236
sans featurings ni ad-libs,0.9338093245967092
sans featurings ni ad-libs,0.8990233167323228
sans featurings ni ad-libs,0.8976338561187327
sans featurings ni ad-libs,0.892052496025531
sans featurings ni ad-libs,0.9020296153451008
sans featurings ni ad-libs,0.9442597903112269
sans featurings ni ad-libs,0.9224296447814729
sans featurings ni ad-libs,0.9077838823888724
sans featurings ni ad-libs,0.9704467125659494
sans featurings ni ad-libs,0.9903043174742872
sans featurings ni ad-libs,0.93630566028057
sans featurings ni ad-libs,0.9495687535210403
sans featurings ni ad-libs,0.9174708385666598
sans featurings ni ad-libs,0.9027680057006935
sans featurings ni ad-libs,0.9073294984691381
sans featurings ni ad-libs,0.9529320276289983
sans featurings ni ad-libs,0.9126467517780682
sans featurings ni ad-libs,0.9351101685685026
sans featurings ni ad-libs,0.9442207104468893
sans featurings ni ad-libs,0.9255025703181262
sans featurings ni ad-libs,0.9076444952199965
sans featurings ni ad-libs,0.9703904514418907
sans featurings ni ad-libs,0.9446105425060298
sans featurings ni ad-libs,0.9370307423718435
sans featurings ni ad-libs,0.9470036053604439
sans featurings ni ad-libs,0.9567315357129895
sans featurings ni ad-libs,0.9073254054567117
sans featurings ni ad-libs,0.9726327041340398
sans featurings ni ad-libs,0.8916695386859262
sans featurings ni ad-libs,0.9216486284522203
sans featurings ni ad-libs,0.9162033327013429
sans featurings ni ad-libs,0.9285642478339319
sans featurings ni ad-libs,0.9189791267161244
sans featurings ni ad-libs,0.9256467819823797
sans featurings ni ad-libs,0.8590893507540807
sans featurings ni ad-libs,0.9641044968731255
sans featurings ni ad-libs,0.9077517185772627
sans featurings ni ad-libs,0.8969754913571649
sans featurings ni ad-libs,0.9136085803547518
sans featurings ni ad-libs,1.0108285631428022
sans featurings ni ad-libs,0.8725768086414473
sans featurings ni ad-libs,0.9476914271553719
sans featurings ni ad-libs,0.8996593417872512
sans featurings ni ad-libs,0.885295935750132
sans featurings ni ad-libs,0.8944981936083294
sans featurings ni ad-libs,0.9420573014103232
sans featurings ni ad-libs,0.9475196099595546
sans featurings ni ad-libs,0.9036121608022933
sans featurings ni ad-libs,0.8928286544953837
sans featurings ni ad-libs,0.9361316375296327
sans featurings ni ad-libs,0.909197397458656
sans featurings ni ad-libs,0.9290733884526413
sans featurings ni ad-libs,0.9078354919956642
sans featurings ni ad-libs,0.9230243148417048
sans featurings ni ad-libs,0.9875233443181732
sans featurings ni ad-libs,0.9080753807533402
sans featurings ni ad-libs,0.9270758050911905
sans featurings ni ad-libs,0.9106484855528609
sans featurings ni ad-libs,0.9502562708682627
sans featurings ni ad-libs,0.9346808835884629
sans featurings ni ad-libs,0.9507934344575967
sans featurings ni ad-libs,0.8998094889690083
sans featurings ni ad-libs,0.9116260169207782
sans featurings ni ad-libs,1.0034431815618892
sans featurings ni ad-libs,0.9315244290190493
sans featurings ni ad-libs,1.0190246974376806
sans featurings ni ad-libs,0.9313230791789218
sans featurings ni ad-libs,0.9273620056814313
sans featurings ni ad-libs,0.9680298047598901
sans featurings ni ad-libs,0.9380218691183413
sans featurings ni ad-libs,0.9264511874633415
sans featurings ni ad-libs,0.9091504728804389
sans featurings ni ad-libs,0.9003652953419494
sans featurings ni ad-libs,0.892653252762623
sans featurings ni ad-libs,0.9259081250736938
sans featurings ni ad-libs,0.9366909725641822
sans featurings ni ad-libs,0.9691287885036971
sans featurings ni ad-libs,0.9628332316022803
sans featurings ni ad-libs,0.8899453173630368
sans featurings ni ad-libs,0.9271158120350151
sans featurings ni ad-libs,0.911219578819811
sans featurings ni ad-libs,0.9605264622703786
sans featurings ni ad-libs,0.959670284869998
sans featurings ni ad-libs,0.9371200158055334
sans featurings ni ad-libs,0.9930827479220562
sans featurings ni ad-libs,0.9620728141876298
sans featurings ni ad-libs,0.9081133723492147
sans featurings ni ad-libs,0.9715058221484335
sans featurings ni ad-libs,0.931649923530758
sans featurings ni ad-libs,0.9700565002035648
sans featurings ni ad-libs,0.9548541793745317
sans featurings ni ad-libs,0.9542321247311144
sans featurings ni ad-libs,0.9184950563431022
sans featurings ni ad-libs,0.9108667874067649
sans featurings ni ad-libs,0.938047994860852
sans featurings ni ad-libs,0.9678317029917296
sans featurings ni ad-libs,0.9000761204919562
sans featurings ni ad-libs,0.9741280433948302
sans featurings ni ad-libs,0.8976713106372511
sans featurings ni ad-libs,0.902024383415278
sans featurings ni ad-libs,0.9590167754387552
sans featurings ni ad-libs,0.9088851644978698
sans featurings ni ad-libs,0.9282657842966491
sans featurings ni ad-libs,0.9114320025596969
sans featurings ni ad-libs,0.9329107914171357
sans featurings ni ad-libs,0.9372356762517597
sans featurings ni ad-libs,0.9433635414035635
sans featurings ni ad-libs,0.9247960364808538
sans featurings ni ad-libs,0.9115137088156935
sans featurings ni ad-libs,0.9210520094392799
sans featurings ni ad-libs,0.9675669388561162
sans featurings ni ad-libs,0.9591566055814713
sans featurings ni ad-libs,0.9037566750180537
sans featurings ni ad-libs,0.8991353094961707
sans featurings ni ad-libs,0.970612437582791
sans featurings ni ad-libs,0.9038932318525216
sans featurings ni ad-libs,0.9630336371946064
sans featurings ni ad-libs,0.9214793997540356
sans featurings ni ad-libs,0.9606466415849821
sans featurings ni ad-libs,0.9650931849830522
sans featurings ni ad-libs,0.9476235332608358
sans featurings ni ad-libs,0.9140618492590727
sans featurings ni ad-libs,0.961067966108843
sans featurings ni ad-libs,0.9250309989859244
sans featurings ni ad-libs,0.9366714953847257
sans featurings ni ad-libs,0.9462540114766459
sans featurings ni ad-libs,0.9564591528327323
sans featurings ni ad-libs,0.9379012425518847
sans featurings ni ad-libs,0.9575139768917785
sans featurings ni ad-libs,0.9595626749471271
sans featurings ni ad-libs,0.9327523476148124
sans featurings ni ad-libs,0.9216146863123855
sans featurings ni ad-libs,0.9023402264795926
sans featurings ni ad-libs,0.9702939940800002
sans featurings ni ad-libs,0.8922985276006925
sans featurings ni ad-libs,0.9076482528856044
sans featurings ni ad-libs,0.9228549030720049
sans featurings ni ad-libs,0.9405857834658372
sans featurings ni ad-libs,0.9805628645406383
sans featurings ni ad-libs,0.9856755437856802
sans featurings ni ad-libs,0.8770947318281935
sans featurings ni ad-libs,0.9836741022575868
sans featurings ni ad-libs,0.9225715983626164
sans featurings ni ad-libs,0.9178880199588237
sans featurings ni ad-libs,0.9453985220969043
sans featurings ni ad-libs,0.9291541550103646
sans featurings ni ad-libs,0.9510346370123822
sans featurings ni ad-libs,0.9198185262947575
sans featurings ni ad-libs,0.9205503872980909
sans featurings ni ad-libs,0.9055655600447456
sans featurings ni ad-libs,0.9099432458785897
sans featurings ni ad-libs,0.982591404239423
sans featurings ni ad-libs,0.9376900576905325
sans featurings ni ad-libs,0.9045621761902425
sans featurings ni ad-libs,0.9330794342996662
sans featurings ni ad-libs,0.9146705541039879
sans featurings ni ad-libs,0.9458736395261794
sans featurings ni ad-libs,0.9168487094347748
sans featurings ni ad-libs,0.9101827613557061
sans featurings ni ad-libs,0.9620194767058066
sans featurings ni ad-libs,0.9037197108029874
sans featurings ni ad-libs,0.9244090577581742
sans featurings ni ad-libs,0.9346492171854006
sans featurings ni ad-libs,0.9602245510215037
sans featurings ni ad-libs,0.9387128611436687
sans featurings ni ad-libs,0.9210623299490166
sans featurings ni ad-libs,0.9036604415162526
sans featurings ni ad-libs,0.9250383882392972
sans featurings ni ad-libs,1.000491425345123
sans featurings ni ad-libs,0.9457876218847111
sans featurings ni ad-libs,0.9196846931500602
sans featurings ni ad-libs,0.9104261884489182
sans featurings ni ad-libs,0.9945056172696999
sans featurings ni ad-libs,0.9087378817409701
sans featurings ni ad-libs,0.925150303767993
sans featurings ni ad-libs,0.910529446552611
sans featurings ni ad-libs,0.9469604610138657
sans featurings ni ad-libs,0.895494563172987
sans featurings ni ad-libs,0.9548527159434171
sans featurings ni ad-libs,0.9465444013140777
sans featurings ni ad-libs,0.9248029001852848
sans featurings ni ad-libs,0.9500948617133571
sans featurings ni ad-libs,0.9031033419131405
sans featurings ni ad-libs,0.9428847874643982
sans featurings ni ad-libs,0.9648003404296208
sans featurings ni ad-libs,0.9203285854633219
sans featurings ni ad-libs,0.8959888901726499
sans featurings ni ad-libs,0.9188600765277428
sans featurings ni ad-libs,0.9032975267483729
sans featurings ni ad-libs,0.9756306603331453
sans featurings ni ad-libs,0.9388687844306534
sans featurings ni ad-libs,0.9633060797657291
sans featurings ni ad-libs,0.9310344601877512
sans featurings ni ad-libs,0.9184079103255802
sans featurings ni ad-libs,0.9241539604702776
sans featurings ni ad-libs,0.930730715553532
sans featurings ni ad-libs,0.9236843994360064
sans featurings ni ad-libs,0.9053566514577677
sans featurings ni ad-libs,0.9636686107359441
sans featurings ni ad-libs,0.9226449788032303
sans featurings ni ad-libs,0.9443065603628303
sans featurings ni ad-libs,0.9480892011455779
sans featurings ni ad-libs,0.9445663528502215
sans featurings ni ad-libs,0.9278199568545725
sans featurings ni ad-libs,0.9385446390722937
sans featurings ni ad-libs,0.944783705627128
sans featurings ni ad-libs,0.9219016195695914
sans featurings ni ad-libs,0.9017230769178083
sans featurings ni ad-libs,0.9491734280428841
sans featurings ni ad-libs,0.9323922452136977
sans featurings ni ad-libs,0.9066316455028436
sans featurings ni ad-libs,0.9369457217297203
sans featurings ni ad-libs,0.9059477043895112
sans featurings ni ad-libs,1.0018423179391311
sans featurings ni ad-libs,0.9680152376233279
sans featurings ni ad-libs,0.9273147300613577
sans featurings ni ad-libs,0.89244663498155
sans featurings ni ad-libs,0.9084803833325689
sans featurings ni ad-libs,0.9325061993910662
sans featurings ni ad-libs,0.9810238393657154
sans featurings ni ad-libs,0.9271881650625549
sans featurings ni ad-libs,0.9125400191885178
sans featurings ni ad-libs,0.9140323842196101
sans featurings ni ad-libs,0.9251749447299452
sans featurings ni ad-libs,0.9113085657655275
sans featurings ni ad-libs,0.9266453820229403
sans featurings ni ad-libs,0.9373874520967989
sans featurings ni ad-libs,0.9577705325778734
sans featurings ni ad-libs,0.9040163610984195
sans featurings ni ad-libs,0.9484368698629143
sans featurings ni ad-libs,0.94153145187536
sans featurings ni ad-libs,0.9212114374086267
sans featurings ni ad-libs,0.9206449371823545
sans featurings ni ad-libs,0.9581203605333272
sans featurings ni ad-libs,0.980348208152681
sans featurings ni ad-libs,0.9201154819525877
sans featurings ni ad-libs,0.9361047274681715
sans featurings ni ad-libs,0.8740906956326316
sans featurings ni ad-libs,0.9553389747552924
sans featurings ni ad-libs,0.9432996338921276
sans featurings ni ad-libs,0.9246286776113134
sans featurings ni ad-libs,0.9241247922496163
sans featurings ni ad-libs,0.9217612146613259
sans featurings ni ad-libs,0.9139597824793813
sans featurings ni ad-libs,0.9353239730879757
sans featurings ni ad-libs,0.922921797267821
sans featurings ni ad-libs,0.9626942635644642
sans featurings ni ad-libs,0.9606914718220263
sans featurings ni ad-libs,0.9376579613633238
sans featurings ni ad-libs,0.9252624058567839
sans featurings ni ad-libs,0.9216576114585493
sans featurings ni ad-libs,0.9140204937740452
sans featurings ni ad-libs,0.9609248671882251
sans featurings ni ad-libs,0.8930252372135086
sans featurings ni ad-libs,0.9446235783118571
sans featurings ni ad-libs,0.9357487318564655
sans featurings ni ad-libs,0.9737072884501501
sans featurings ni ad-libs,0.8963468930946097
sans featurings ni ad-libs,0.9308346661901827
sans featurings ni ad-libs,0.9340528917398784
sans featurings ni ad-libs,0.9262765026851503
sans featurings ni ad-libs,0.8908749157617508
sans featurings ni ad-libs,0.9694038476447758
sans featurings ni ad-libs,0.9509355033754724
sans featurings ni ad-libs,0.9314875929393691
sans featurings ni ad-libs,0.9427504292152362
sans featurings ni ad-libs,0.9226931676388224
sans featurings ni ad-libs,0.992531292890427
sans featurings ni ad-libs,0.9271415585307243
sans featurings ni ad-libs,0.8946544746713387
sans featurings ni ad-libs,0.9341257444625934
sans featurings ni ad-libs,0.9087892427710362
sans featurings ni ad-libs,0.9634532300196554
sans featurings ni ad-libs,0.9709046640729299
sans featurings ni ad-libs,0.9660738470120676
sans featurings ni ad-libs,0.9751615750835955
sans featurings ni ad-libs,1.0088546027646073
sans featurings ni ad-libs,0.9544387830320376
sans featurings ni ad-libs,0.9715017536378194
sans featurings ni ad-libs,0.9199917489533294
sans featurings ni ad-libs,0.9328375695948162
sans featurings ni ad-libs,0.9030071523878421
sans featurings ni ad-libs,0.9495621653488598
sans featurings ni ad-libs,0.9475749030335772
sans featurings ni ad-libs,0.9516953609313076
sans featurings ni ad-libs,0.9212759177048369
sans featurings ni ad-libs,0.9435670876460229
sans featurings ni ad-libs,0.9379682484612463
sans featurings ni ad-libs,0.9392002220220764
sans featurings ni ad-libs,0.940420386495108
sans featurings ni ad-libs,0.9357596606796188
sans featurings ni ad-libs,0.864334637265592
sans featurings ni ad-libs,0.9131131441241702
sans featurings ni ad-libs,0.8970401768328373
sans featurings ni ad-libs,0.9377956477755275
sans featurings ni ad-libs,0.9229292785259106
sans featurings ni ad-libs,0.9347488434548752
sans featurings ni ad-libs,0.943919918818949
sans featurings ni ad-libs,0.9320039008091474
sans featurings ni ad-libs,0.9230573073769155
sans featurings ni ad-libs,0.9057807179259054
sans featurings ni ad-libs,0.9532410750588292
sans featurings ni ad-libs,0.9609755362511094
sans featurings ni ad-libs,0.898124449807039
sans featurings ni ad-libs,0.93130538661376
sans featurings ni ad-libs,0.9306847726914832
sans featurings ni ad-libs,0.954267659563333
sans featurings ni ad-libs,0.9124517894913025
sans featurings ni ad-libs,0.9593736371425416
sans featurings ni ad-libs,0.9294875522620974
sans featurings ni ad-libs,0.9284502387906324
sans featurings ni ad-libs,0.9445754237551787
sans featurings ni ad-libs,0.9938392054281211
sans featurings ni ad-libs,0.9432307507850589
sans featurings ni ad-libs,0.9238346373884991
sans featurings ni ad-libs,0.9307641534986391
sans featurings ni ad-libs,0.9058068415732887
sans featurings ni ad-libs,0.9200337978480857
sans featurings ni ad-libs,0.9221991088194224
sans featurings ni ad-libs,0.9213890371664386
sans featurings ni ad-libs,0.9345744792656232
sans featurings ni ad-libs,0.9368508158312153
sans featurings ni ad-libs,0.9060273390611928
sans featurings ni ad-libs,0.9392358540856476
sans featurings ni ad-libs,0.9647777297370606
sans featurings ni ad-libs,0.9362868393942791
sans featurings ni ad-libs,0.9289711392037778
sans featurings ni ad-libs,0.9401352644914656
sans featurings ni ad-libs,0.9697076173359462
sans featurings ni ad-libs,0.9435922653494644
sans featurings ni ad-libs,0.8878597513412532
sans featurings ni ad-libs,0.960241036697583
sans featurings ni ad-libs,0.8755548415324493
sans featurings ni ad-libs,0.9576520723181463
sans featurings ni ad-libs,0.9157705749553231
sans featurings ni ad-libs,0.9697415399928105
sans featurings ni ad-libs,0.8830847497875167
sans featurings ni ad-libs,0.9313527549714279
sans featurings ni ad-libs,0.8998189018770236
sans featurings ni ad-libs,0.9368377655210893
sans featurings ni ad-libs,0.9460692464530271
sans featurings ni ad-libs,0.938165551178817
sans featurings ni ad-libs,0.9550128196221614
sans featurings ni ad-libs,0.9144528017739407
sans featurings ni ad-libs,0.9168516093887773
sans featurings ni ad-libs,0.9544006120044881
sans featurings ni ad-libs,0.9246083604532059
sans featurings ni ad-libs,0.8983926576195568
sans featurings ni ad-libs,0.9104708172240407
sans featurings ni ad-libs,0.9534086039778811
sans featurings ni ad-libs,0.9771039159501673
sans featurings ni ad-libs,0.89671214458984
sans featurings ni ad-libs,0.9520315092604462
sans featurings ni ad-libs,0.9384693716961491
sans featurings ni ad-libs,0.8789202746838037
sans featurings ni ad-libs,0.9291932665898273
sans featurings ni ad-libs,0.9155799603675542
sans featurings ni ad-libs,0.9179850359032357
sans featurings ni ad-libs,0.9028473363346438
sans featurings ni ad-libs,0.9374177109279936
sans featurings ni ad-libs,0.9549311345551509
sans featurings ni ad-libs,0.9254328762933153
sans featurings ni ad-libs,0.8978510426757389
sans featurings ni ad-libs,0.9460612761318037
sans featurings ni ad-libs,0.8941835797261315
sans featurings ni ad-libs,0.9572763009897026
sans featurings ni ad-libs,0.9254899990148272
sans featurings ni ad-libs,0.9677690567116708
sans featurings ni ad-libs,0.9467803575787888
sans featurings ni ad-libs,0.9527825319878237
sans featurings ni ad-libs,0.9621558924304795
sans featurings ni ad-libs,0.9800060958825727
sans featurings ni ad-libs,0.9731985480593097
sans featurings ni ad-libs,0.979195903400236
sans featurings ni ad-libs,0.9249310735136851
sans featurings ni ad-libs,0.9165989205133758
sans featurings ni ad-libs,0.918349666131109
sans featurings ni ad-libs,0.87685235889485
sans featurings ni ad-libs,0.9164247496436061
sans featurings ni ad-libs,0.9555705894721008
sans featurings ni ad-libs,0.9486240982337384
sans featurings ni ad-libs,0.9599283274159769
sans featurings ni ad-libs,0.9168579270016308
sans featurings ni ad-libs,0.9308926397677187
sans featurings ni ad-libs,0.8369012413583647
sans featurings ni ad-libs,0.9715336578292357
sans featurings ni ad-libs,0.9505036831552489
sans featurings ni ad-libs,0.9447457450514951
sans featurings ni ad-libs,0.9490837909418017
sans featurings ni ad-libs,0.9613165941157742
sans featurings ni ad-libs,0.9258519403080208
sans featurings ni ad-libs,0.950822098271499
sans featurings ni ad-libs,0.9282929311328552
sans featurings ni ad-libs,0.9487227171884136
sans featurings ni ad-libs,0.9087054935590058
sans featurings ni ad-libs,0.9663421997203858
sans featurings ni ad-libs,0.9063792140991038
sans featurings ni ad-libs,0.9374079661543699
sans featurings ni ad-libs,0.9240764015311148
sans featurings ni ad-libs,0.9004170347337721
sans featurings ni ad-libs,0.8762789499445197
sans featurings ni ad-libs,0.9989115626794841
sans featurings ni ad-libs,0.9338198203339101
sans featurings ni ad-libs,0.9399745169571404
sans featurings ni ad-libs,0.9569381728511543
sans featurings ni ad-libs,0.9731407845618233
sans featurings ni ad-libs,0.9117847122299395
sans featurings ni ad-libs,0.9645597104100573
sans featurings ni ad-libs,0.9311610785438161
sans featurings ni ad-libs,0.921426705344975
sans featurings ni ad-libs,0.9718671933609125
sans featurings ni ad-libs,0.9182180384694452
sans featurings ni ad-libs,0.9210501081117144
sans featurings ni ad-libs,0.9241370630187202
sans featurings ni ad-libs,0.9267125127269495
sans featurings ni ad-libs,0.9550404077729175
sans featurings ni ad-libs,0.9623819480644473
sans featurings ni ad-libs,0.9402894615901048
sans featurings ni ad-libs,0.9297033022860761
sans featurings ni ad-libs,0.9929187652775883
sans featurings ni ad-libs,0.9685861159561153
sans featurings ni ad-libs,0.9090070944113678
sans featurings ni ad-libs,0.8908675531001481
sans featurings ni ad-libs,0.926636480173864
sans featurings ni ad-libs,0.9552430699540363
sans featurings ni ad-libs,0.9497212650206838
sans featurings ni ad-libs,0.9842876908703198
sans featurings ni ad-libs,0.9395858285868606
sans featurings ni ad-libs,0.9496155721075419
sans featurings ni ad-libs,0.9421998026818283
sans featurings ni ad-libs,0.8984869434677781
sans featurings ni ad-libs,0.910167298377284
sans featurings ni ad-libs,0.938879510162881
sans featurings ni ad-libs,0.892742409560613
sans featurings ni ad-libs,0.9665655548965437
sans featurings ni ad-libs,0.9317138852443395
sans featurings ni ad-libs,0.9530807924432922
sans featurings ni ad-libs,0.9851409350407985
sans featurings ni ad-libs,0.9567210550591126
sans featurings ni ad-libs,0.958640564357705
sans featurings ni ad-libs,0.9788880158184725
sans featurings ni ad-libs,0.9394989129574183
sans featurings ni ad-libs,1.0057205466837713
sans featurings ni ad-libs,0.8967681598279169
sans featurings ni ad-libs,0.9771485450032567
sans featurings ni ad-libs,0.9175494344903836
sans featurings ni ad-libs,0.9417654305287139
sans featurings ni ad-libs,0.9388827552456478
sans featurings ni ad-libs,0.9803075387640734
sans featurings ni ad-libs,0.9897369014431597
sans featurings ni ad-libs,0.9424132041437339
sans featurings ni ad-libs,0.94490107145541
sans featurings ni ad-libs,0.9051629886797148
sans featurings ni ad-libs,0.9241538472675213
sans featurings ni ad-libs,0.9294106295324485
sans featurings ni ad-libs,0.9174273973026698
sans featurings ni ad-libs,0.9615505513005795
sans featurings ni ad-libs,0.9221308296524207
sans featurings ni ad-libs,0.9152267065878488
sans featurings ni ad-libs,0.9356521211248678
sans featurings ni ad-libs,0.9805595772064355
sans featurings ni ad-libs,0.9690283912951795
sans featurings ni ad-libs,0.9152603537442779
sans featurings ni ad-libs,0.9465271774260029
sans featurings ni ad-libs,0.918203990036734
sans featurings ni ad-libs,0.9290071856604202
sans featurings ni ad-libs,0.9409183220846101
sans featurings ni ad-libs,0.8889804770662165
sans featurings ni ad-libs,0.9424553152753611
sans featurings ni ad-libs,0.9598680102433984
sans featurings ni ad-libs,0.9522354793809098
sans featurings ni ad-libs,0.9157936863962992
sans featurings ni ad-libs,0.9576669827783535
sans featurings ni ad-libs,0.9503187193206176
sans featurings ni ad-libs,0.933870712562203
sans featurings ni ad-libs,0.8754883828425828
sans featurings ni ad-libs,0.9016590208720603
sans featurings ni ad-libs,0.9047330727196253
sans featurings ni ad-libs,0.9442550650185649
sans featurings ni ad-libs,0.8734779337138234
sans featurings ni ad-libs,0.9536357774471227
sans featurings ni ad-libs,0.9519504823046796
sans featurings ni ad-libs,0.9099924062697862
sans featurings ni ad-libs,0.9708599365989269
sans featurings ni ad-libs,0.9557179350926677
sans featurings ni ad-libs,0.952016253854945
sans featurings ni ad-libs,0.9705355164443554
sans featurings ni ad-libs,0.9176181799847645
sans featurings ni ad-libs,0.9452637700252474
sans featurings ni ad-libs,0.9191036117722639
sans featurings ni ad-libs,0.9613537140513944
sans featurings ni ad-libs,0.9012922799428268
sans featurings ni ad-libs,0.9540110766618484
sans featurings ni ad-libs,0.9332076905799225
sans featurings ni ad-libs,0.905038612980789
sans featurings ni ad-libs,0.9079795151985466
sans featurings ni ad-libs,0.9402582096333865
sans featurings ni ad-libs,0.8749142981410382
sans featurings ni ad-libs,0.9139424860995962
sans featurings ni ad-libs,0.9230830949909044
sans featurings ni ad-libs,0.9384902967025271
sans featurings ni ad-libs,0.9653421282314708
sans featurings ni ad-libs,0.9966045779479382
sans featurings ni ad-libs,0.9129369412587164
sans featurings ni ad-libs,0.9467936923043603
sans featurings ni ad-libs,0.9075280914175926
sans featurings ni ad-libs,0.9865532776982303
sans featurings ni ad-libs,0.9644246476902519
sans featurings ni ad-libs,0.9508377924381456
sans featurings ni ad-libs,0.9763512937594038
sans featurings ni ad-libs,0.9569932744006959
sans featurings ni ad-libs,0.9615670088726097
sans featurings ni ad-libs,0.9650416388619397
sans featurings ni ad-libs,0.9258756893998097
sans featurings ni ad-libs,0.9470898246372019
sans featurings ni ad-libs,0.9104984076711908
sans featurings ni ad-libs,0.9233186140873912
sans featurings ni ad-libs,0.9965716334392083
sans featurings ni ad-libs,0.9533136697492034
sans featurings ni ad-libs,0.9120640011285461
sans featurings ni ad-libs,0.9262146856490932
sans featurings ni ad-libs,0.9719553552668502
sans featurings ni ad-libs,0.9776489600851971
sans featurings ni ad-libs,0.9772181620759125
sans featurings ni ad-libs,0.8900014947350852
sans featurings ni ad-libs,0.9921838127808978
sans featurings ni ad-libs,0.9398552120938439
sans featurings ni ad-libs,0.962440570777342
sans featurings ni ad-libs,0.9246525872225428
sans featurings ni ad-libs,0.9458709347538173
sans featurings ni ad-libs,0.955311068418603
sans featurings ni ad-libs,0.9399741867501897
sans featurings ni ad-libs,0.8714884017596956
sans featurings ni ad-libs,0.9441842397707084
sans featurings ni ad-libs,0.9224076570268289
sans featurings ni ad-libs,0.9446689450084187
sans featurings ni ad-libs,0.9250765728399444
sans featurings ni ad-libs,0.9461841166507238
sans featurings ni ad-libs,0.9254427645867896
sans featurings ni ad-libs,0.939749562192803
sans featurings ni ad-libs,0.9773100725759728
sans featurings ni ad-libs,0.9301763463005662
sans featurings ni ad-libs,0.9105858095326026
sans featurings ni ad-libs,0.9772693309724306
sans featurings ni ad-libs,1.0077417591883449
sans featurings ni ad-libs,0.9520392412830885
sans featurings ni ad-libs,0.9633242026572506
sans featurings ni ad-libs,0.9245432616535181
sans featurings ni ad-libs,0.8940973618181783
sans featurings ni ad-libs,0.92362941678628
sans featurings ni ad-libs,0.9258551475032935
sans featurings ni ad-libs,0.975015571535075
sans featurings ni ad-libs,0.9260327229161116
sans featurings ni ad-libs,0.9373136440111175
sans featurings ni ad-libs,0.9716366075335972
sans featurings ni ad-libs,0.973402978938831
sans featurings ni ad-libs,0.9704413056493719
sans featurings ni ad-libs,0.9782504392032213
sans featurings ni ad-libs,0.9200053752297765
sans featurings ni ad-libs,0.9402496831179279
sans featurings ni ad-libs,0.9539988906213812
sans featurings ni ad-libs,0.9141577864403043
sans featurings ni ad-libs,0.8782640313048371
sans featurings ni ad-libs,0.9124078021938832
sans featurings ni ad-libs,0.897254519849372
sans featurings ni ad-libs,0.9456147314570078
sans featurings ni ad-libs,0.9177291801908924
sans featurings ni ad-libs,0.9883208774376918
sans featurings ni ad-libs,0.927326133867548
sans featurings ni ad-libs,0.9088806656929662
sans featurings ni ad-libs,0.9285270270620785
sans featurings ni ad-libs,0.8970180218393706
sans featurings ni ad-libs,0.9360133503704176
sans featurings ni ad-libs,0.9468411577111677
sans featurings ni ad-libs,0.9258842698177853
sans featurings ni ad-libs,0.9663909562721192
sans featurings ni ad-libs,0.9617632465150192
sans featurings ni ad-libs,0.9047168868031026
sans featurings ni ad-libs,0.9229232732853624
sans featurings ni ad-libs,0.9322329699955085
sans featurings ni ad-libs,0.9361611849966808
sans featurings ni ad-libs,0.9072652617312159
sans featurings ni ad-libs,0.9281501343431154
sans featurings ni ad-libs,0.9201580888256837
sans featurings ni ad-libs,0.9587587424298343
sans featurings ni ad-libs,0.9244954886682742
sans featurings ni ad-libs,0.914764491532177
sans featurings ni ad-libs,0.9169192922146461
sans featurings ni ad-libs,0.9522057258771701
sans featurings ni ad-libs,0.95764487541634
sans featurings ni ad-libs,0.9099316641098147
sans featurings ni ad-libs,0.9583194197584817
sans featurings ni ad-libs,0.8760532586514311
sans featurings ni ad-libs,0.9466107888189453
sans featurings ni ad-libs,0.9202283940580755
sans featurings ni ad-libs,0.939725717529666
sans featurings ni ad-libs,0.9651971499262784
sans featurings ni ad-libs,0.9289431910366076
sans featurings ni ad-libs,0.9399178612169014
sans featurings ni ad-libs,0.9052778327677525
sans featurings ni ad-libs,0.9108264133854075
sans featurings ni ad-libs,0.9480197321616284
sans featurings ni ad-libs,0.9106864158360909
sans featurings ni ad-libs,0.9267666653975
sans featurings ni ad-libs,0.9221576868712532
sans featurings ni ad-libs,0.9557282979782107
sans featurings ni ad-libs,1.003573855612811
sans featurings ni ad-libs,0.9391705522659974
sans featurings ni ad-libs,0.9913412563507606
sans featurings ni ad-libs,0.9126133288693891
sans featurings ni ad-libs,0.9268481333800807
sans featurings ni ad-libs,0.9390079793355601
sans featurings ni ad-libs,0.8957580182514742
sans featurings ni ad-libs,0.941402122342086
sans featurings ni ad-libs,0.9258445726519096
sans featurings ni ad-libs,0.9435003848493407
sans featurings ni ad-libs,0.9084350897712066
sans featurings ni ad-libs,0.9157302568164908
sans featurings ni ad-libs,0.9218915635707705
sans featurings ni ad-libs,0.91196617074336
sans featurings ni ad-libs,0.9407390102164382
sans featurings ni ad-libs,0.9386252708708581
sans featurings ni ad-libs,0.9518123504897507
sans featurings ni ad-libs,0.8969033709900958
sans featurings ni ad-libs,0.963279816210274
sans featurings ni ad-libs,0.949719264256168
sans featurings ni ad-libs,0.9455392349861599
sans featurings ni ad-libs,0.9298595270682949
sans featurings ni ad-libs,0.9466788824098601
sans featurings ni ad-libs,0.9033783598762682
sans featurings ni ad-libs,0.9202619121649617
sans featurings ni ad-libs,0.9536101886258783
sans featurings ni ad-libs,0.9019312789997255
sans featurings ni ad-libs,0.8980294675569469
sans featurings ni ad-libs,0.9213444411342361
sans featurings ni ad-libs,0.9702384371906527
sans featurings ni ad-libs,0.9736246589724157
sans featurings ni ad-libs,0.8900221954790435
sans featurings ni ad-libs,0.9742690713557266
sans featurings ni ad-libs,0.9228776477373244
sans featurings ni ad-libs,0.9484440384408999
sans featurings ni ad-libs,0.9115128682654517
sans featurings ni ad-libs,0.9186552257610676
sans featurings ni ad-libs,0.9049816077571302
sans featurings ni ad-libs,0.9706277167916698
sans featurings ni ad-libs,0.9283481526007469
sans featurings ni ad-libs,0.9628068729280879
sans featurings ni ad-libs,0.9616232795311841
sans featurings ni ad-libs,0.9154619312204287
sans featurings ni ad-libs,0.931913964427534
sans featurings ni ad-libs,0.9309315356249009
sans featurings ni ad-libs,0.9054730774781442
sans featurings ni ad-libs,0.9737948925856151
sans featurings ni ad-libs,0.931180912038974
sans featurings ni ad-libs,0.9360559745215058
sans featurings ni ad-libs,0.9258201548757934
sans featurings ni ad-libs,0.9541349818943721
sans featurings ni ad-libs,0.9558635893611482
sans featurings ni ad-libs,0.930550260880241
sans featurings ni ad-libs,0.8955644241126677
sans featurings ni ad-libs,0.933980546231991
sans featurings ni ad-libs,0.9631106697022285
sans featurings ni ad-libs,0.8968626567010363
sans featurings ni ad-libs,0.9754704245666046
sans featurings ni ad-libs,0.9440164151492411
sans featurings ni ad-libs,0.9063429616275994
sans featurings ni ad-libs,0.9193523319192736
sans featurings ni ad-libs,0.9418857539585371
sans featurings ni ad-libs,0.928450043739065
sans featurings ni ad-libs,0.9901414236808976
sans featurings ni ad-libs,0.9559189125352454
sans featurings ni ad-libs,0.865513214359684
sans featurings ni ad-libs,0.8844538346494515
sans featurings ni ad-libs,0.9475907009813322
sans featurings ni ad-libs,0.9261580691451391
sans featurings ni ad-libs,0.9458582506413792
sans featurings ni ad-libs,0.9523060886781638
sans featurings ni ad-libs,0.9143990663236227
sans featurings ni ad-libs,0.9233181870687538
sans featurings ni ad-libs,0.9309748280398306
sans featurings ni ad-libs,0.9408082729477323
sans featurings ni ad-libs,0.9570815170395771
sans featurings ni ad-libs,0.9006734743605596
sans featurings ni ad-libs,0.918943306599366
sans featurings ni ad-libs,0.9449877847286539
sans featurings ni ad-libs,0.9551272252707705
sans featurings ni ad-libs,0.9324669634298052
sans featurings ni ad-libs,0.897416815257875
sans featurings ni ad-libs,0.9205202406552022
sans featurings ni ad-libs,0.9259886336473393
sans featurings ni ad-libs,0.9252434864114814
sans featurings ni ad-libs,0.9424575968258184
sans featurings ni ad-libs,0.9387803226310386
sans featurings ni ad-libs,0.9423897631424072
sans featurings ni ad-libs,0.936525956315411
sans featurings ni ad-libs,0.9267024714682393
sans featurings ni ad-libs,0.9050056103710451
sans featurings ni ad-libs,0.9748616610982539
sans featurings ni ad-libs,0.9428453913587092
sans featurings ni ad-libs,0.9273481823055092
sans featurings ni ad-libs,0.899684709412504
sans featurings ni ad-libs,0.9478413814380067
sans featurings ni ad-libs,0.9380636255135362
sans featurings ni ad-libs,0.9175378107426243
sans featurings ni ad-libs,0.9270155696808167
sans featurings ni ad-libs,0.928785981993349
sans featurings ni ad-libs,0.9218866406569126
sans featurings ni ad-libs,0.9353829919204616
sans featurings ni ad-libs,0.9432678558103557
sans featurings ni ad-libs,0.9207531527157918
sans featurings ni ad-libs,0.978548947761321
sans featurings ni ad-libs,0.9301053721930765
sans featurings ni ad-libs,0.9237026397283531
sans featurings ni ad-libs,0.9175840012793955
sans featurings ni ad-libs,0.9100392054625486
sans featurings ni ad-libs,0.936482668134059
sans featurings ni ad-libs,0.9524477432815257
sans featurings ni ad-libs,0.9082378518318847
sans featurings ni ad-libs,0.9149379136430535
sans featurings ni ad-libs,0.992653712199421
sans featurings ni ad-libs,0.8795613611501985
sans featurings ni ad-libs,0.9439780712952285
sans featurings ni ad-libs,0.8777096672419014
sans featurings ni ad-libs,0.9282735969449257
sans featurings ni ad-libs,0.9216719662309176
sans featurings ni ad-libs,0.8803490790918689
sans featurings ni ad-libs,0.9184992362235139
sans featurings ni ad-libs,0.9212531565080633
sans featurings ni ad-libs,0.9596973151230554
sans featurings ni ad-libs,0.9652872467050476
sans featurings ni ad-libs,0.9122511105790844
sans featurings ni ad-libs,0.9237596106482816
sans featurings ni ad-libs,0.9201818916115079
sans featurings ni ad-libs,0.9131303496588689
sans featurings ni ad-libs,1.0141200116865292
sans featurings ni ad-libs,0.983019628197594
sans featurings ni ad-libs,0.9246528447924011
sans featurings ni ad-libs,0.9496391337579468
sans featurings ni ad-libs,1.0137804201762795
sans featurings ni ad-libs,0.8569553392057909
sans featurings ni ad-libs,0.92059468878449
sans featurings ni ad-libs,0.879474343128518
sans featurings ni ad-libs,0.9526468923896185
sans featurings ni ad-libs,0.9472598022362533
sans featurings ni ad-libs,0.9497314516300744
sans featurings ni ad-libs,0.9681486690342996
sans featurings ni ad-libs,0.9623017058821651
sans featurings ni ad-libs,0.9629445785866314
sans featurings ni ad-libs,0.8912584349248338
sans featurings ni ad-libs,0.9212046593072297
sans featurings ni ad-libs,0.9606694139935817
sans featurings ni ad-libs,0.9128670130616291
sans featurings ni ad-libs,0.9242691905405136
sans featurings ni ad-libs,0.9354924711863619
sans featurings ni ad-libs,0.9796130010660333
sans featurings ni ad-libs,0.9474423801360379
sans featurings ni ad-libs,0.9823813768787665
sans featurings ni ad-libs,0.9178830288579901
sans featurings ni ad-libs,0.9460171978929602
sans featurings ni ad-libs,0.9111074593944073
sans featurings ni ad-libs,0.9608752094122268
sans featurings ni ad-libs,0.9284791186287399
sans featurings ni ad-libs,0.9384966157619852
sans featurings ni ad-libs,0.9718236145301115
sans featurings ni ad-libs,0.9420617715847432
sans featurings ni ad-libs,0.9420110606518302
sans featurings ni ad-libs,0.9256236514261738
sans featurings ni ad-libs,0.9291747402960981
sans featurings ni ad-libs,0.8982744472127753
sans featurings ni ad-libs,0.9763771785014688
sans featurings ni ad-libs,0.926606437900385
sans featurings ni ad-libs,0.9204595549681964
sans featurings ni ad-libs,0.9159846234717893
sans featurings ni ad-libs,0.9233124239495122
sans featurings ni ad-libs,0.9332045099786875
sans featurings ni ad-libs,0.9512457967591261
sans featurings ni ad-libs,0.9364878160061474
sans featurings ni ad-libs,0.9415073179730745
sans featurings ni ad-libs,0.9397892314629873
sans featurings ni ad-libs,0.964359376426765
sans featurings ni ad-libs,0.9342089266537523
sans featurings ni ad-libs,0.9540898231174231
sans featurings ni ad-libs,0.9269790705134991
sans featurings ni ad-libs,0.9256518380369563
sans featurings ni ad-libs,0.9437378751196803
sans featurings ni ad-libs,0.9568028539024065
sans featurings ni ad-libs,0.8979836625896973
sans featurings ni ad-libs,0.9035275281497996
sans featurings ni ad-libs,0.9125825350979078
sans featurings ni ad-libs,0.9614570632739871
sans featurings ni ad-libs,0.9447344613947742
sans featurings ni ad-libs,0.9188369603608783
sans featurings ni ad-libs,0.9542631269998961
sans featurings ni ad-libs,0.9211281359436513
sans featurings ni ad-libs,0.9430528982837642
sans featurings ni ad-libs,0.9157039893004902
sans featurings ni ad-libs,0.971066382489688
sans featurings ni ad-libs,0.9492633203911134
sans featurings ni ad-libs,0.9250818479919608
sans featurings ni ad-libs,0.9289026219853467
sans featurings ni ad-libs,0.9354850596105342
sans featurings ni ad-libs,0.9440101312361018
sans featurings ni ad-libs,0.9999417619503428
sans featurings ni ad-libs,0.8704897541722578
sans featurings ni ad-libs,0.9039944720189348
sans featurings ni ad-libs,0.9035768450574331
sans featurings ni ad-libs,0.9419916462039438
sans featurings ni ad-libs,0.8953653087897597
sans featurings ni ad-libs,0.908841407098724
sans featurings ni ad-libs,0.9798856417962973
sans featurings ni ad-libs,0.9114714052546188
sans featurings ni ad-libs,0.8762813823717834
sans featurings ni ad-libs,0.944716774459362
sans featurings ni ad-libs,0.9169552022392649
sans featurings ni ad-libs,0.8988016528852815
sans featurings ni ad-libs,0.9400804167538985
sans featurings ni ad-libs,0.9117609742300111
sans featurings ni ad-libs,0.9719500657835485
sans featurings ni ad-libs,0.8756846865838372
sans featurings ni ad-libs,0.8731173342230814
sans featurings ni ad-libs,0.9676788056142211
sans featurings ni ad-libs,0.9199497498699053
sans featurings ni ad-libs,0.8970083183802453
sans featurings ni ad-libs,0.9578021943285993
sans featurings ni ad-libs,0.9349543441735222
sans featurings ni ad-libs,0.9022026741987101
sans featurings ni ad-libs,0.9318892110829
sans featurings ni ad-libs,0.9809700363689764
sans featurings ni ad-libs,0.9149411771440683
sans featurings ni ad-libs,0.8832764666117745
sans featurings ni ad-libs,0.9302432581443634
sans featurings ni ad-libs,0.894238542101065
sans featurings ni ad-libs,0.925952333852348
sans featurings ni ad-libs,0.9253470677648094
sans featurings ni ad-libs,0.8983248856533533
sans featurings ni ad-libs,0.928072989492947
sans featurings ni ad-libs,0.9404359883335095
sans featurings ni ad-libs,0.8985116786731718
sans featurings ni ad-libs,0.960804848675363
sans featurings ni ad-libs,0.9065910627001598
sans featurings ni ad-libs,0.9127914443981107
sans featurings ni ad-libs,0.9896029499313893
sans featurings ni ad-libs,0.8880001087056364
sans featurings ni ad-libs,0.9237677134083156
sans featurings ni ad-libs,0.9828459866357322
sans featurings ni ad-libs,0.9574868179379915
sans featurings ni ad-libs,0.9460202673579501
sans featurings ni ad-libs,0.9033424900544539
sans featurings ni ad-libs,0.8858217215904253
sans featurings ni ad-libs,0.9444543934672458
sans featurings ni ad-libs,0.9905061592135361
sans featurings ni ad-libs,0.9455642862554338
sans featurings ni ad-libs,0.9216330364138573
sans featurings ni ad-libs,0.9068212137898504
sans featurings ni ad-libs,0.8990583008871131
sans featurings ni ad-libs,0.9734520359599804
sans featurings ni ad-libs,0.9480228302456252
sans featurings ni ad-libs,0.921007004219381
sans featurings ni ad-libs,0.9097691635235293
sans featurings ni ad-libs,0.9140771322069143
sans featurings ni ad-libs,0.9379992399243186
sans featurings ni ad-libs,0.9683417345518
sans featurings ni ad-libs,0.8869865830972603
sans featurings ni ad-libs,0.9152545452464736
sans featurings ni ad-libs,0.9259634533529882
sans featurings ni ad-libs,0.9439707998254963
sans featurings ni ad-libs,0.9570799571964326
sans featurings ni ad-libs,0.9522583526308351
sans featurings ni ad-libs,0.9339700415044038
sans featurings ni ad-libs,0.9440508266834959
sans featurings ni ad-libs,0.9449957152657115
sans featurings ni ad-libs,0.9460022560570281
sans featurings ni ad-libs,0.9490236740962716
sans featurings ni ad-libs,0.9237349569366394
sans featurings ni ad-libs,0.89190686563853
sans featurings ni ad-libs,0.9007327072806376
sans featurings ni ad-libs,0.9708513654776794
sans featurings ni ad-libs,0.9276293434250305
sans featurings ni ad-libs,0.9830004218756279
sans featurings ni ad-libs,0.936314677491923
sans featurings ni ad-libs,0.9991304035535749
sans featurings ni ad-libs,0.9286656910849445
sans featurings ni ad-libs,0.9371616629076857
sans featurings ni ad-libs,0.9497652906882267
sans featurings ni ad-libs,0.9242925825796168
sans featurings ni ad-libs,0.9300689637954047
sans featurings ni ad-libs,0.9083385432123027
sans featurings ni ad-libs,0.8802305621000821
sans featurings ni ad-libs,0.9311453168437226
sans featurings ni ad-libs,0.9647970079900063
sans featurings ni ad-libs,0.9616158333751831
sans featurings ni ad-libs,0.9581631828378562
sans featurings ni ad-libs,0.9180878724877475
sans featurings ni ad-libs,0.9157709455599458
sans featurings ni ad-libs,0.8929903083558405
sans featurings ni ad-libs,0.940759788383101
sans featurings ni ad-libs,0.9445761500213539
sans featurings ni ad-libs,0.9067692632164596
sans featurings ni ad-libs,0.9582908523671174
sans featurings ni ad-libs,0.9278908692454088
sans featurings ni ad-libs,0.9102718433173603
sans featurings ni ad-libs,0.9039237213628218
sans featurings ni ad-libs,0.9942351117168426
sans featurings ni ad-libs,0.9380015364939785
sans featurings ni ad-libs,0.9103343581554038
sans featurings ni ad-libs,0.948770820822345
sans featurings ni ad-libs,0.927780095383469
sans featurings ni ad-libs,0.915197881654287
sans featurings ni ad-libs,0.9486422770512226
sans featurings ni ad-libs,0.8727030743150701
sans featurings ni ad-libs,0.955823526921662
sans featurings ni ad-libs,0.9136931917069232
sans featurings ni ad-libs,0.9258056542042583
sans featurings ni ad-libs,0.961038044450587
sans featurings ni ad-libs,0.8970002541488807
sans featurings ni ad-libs,0.9862625488748926
sans featurings ni ad-libs,0.9349798293835383
sans featurings ni ad-libs,0.9342509161541177
sans featurings ni ad-libs,0.9410519590745968
sans featurings ni ad-libs,0.9177603271489309
sans featurings ni ad-libs,0.9347579161846243
sans featurings ni ad-libs,0.9471549728976638
sans featurings ni ad-libs,0.9702168775752213
sans featurings ni ad-libs,0.9305559524848717
sans featurings ni ad-libs,0.8897017184424947
sans featurings ni ad-libs,0.9497247630674747
sans featurings ni ad-libs,0.9157434748498205
sans featurings ni ad-libs,0.8873501274968639
sans featurings ni ad-libs,0.9706759889198912
sans featurings ni ad-libs,0.9230370539402657
sans featurings ni ad-libs,0.9427755288167339
sans featurings ni ad-libs,0.9098295503340592
sans featurings ni ad-libs,0.9491191689857688
sans featurings ni ad-libs,0.9658440869604209
sans featurings ni ad-libs,0.8933303216117889
sans featurings ni ad-libs,0.9209319914158838
sans featurings ni ad-libs,0.9131400948673485
sans featurings ni ad-libs,0.9543127573811341
sans featurings ni ad-libs,0.9348045595926383
sans featurings ni ad-libs,0.9194804062620889
sans featurings ni ad-libs,0.9324035584833057
sans featurings ni ad-libs,0.9505357336165837
sans featurings ni ad-libs,0.8938087899084439
sans featurings ni ad-libs,0.9241934121556786
sans featurings ni ad-libs,0.9343736641306699
sans featurings ni ad-libs,0.9574379488902623
sans featurings ni ad-libs,0.9582237746563764
sans featurings ni ad-libs,0.9440791310968538
sans featurings ni ad-libs,0.9445967282922176
sans featurings ni ad-libs,0.9946212679547225
sans featurings ni ad-libs,0.9560980725993066
sans featurings ni ad-libs,0.9672979475867897
sans featurings ni ad-libs,0.986962562256618
sans featurings ni ad-libs,0.9606966652358139
sans featurings ni ad-libs,0.9370233967653046
sans featurings ni ad-libs,0.9262404405498667
sans featurings ni ad-libs,0.9418214803051974
sans featurings ni ad-libs,0.9196682571119638
sans featurings ni ad-libs,0.8804530358933752
sans featurings ni ad-libs,0.9119081991709587
sans featurings ni ad-libs,0.9587929503787461
sans featurings ni ad-libs,0.9650321228001548
sans featurings ni ad-libs,0.914019689365214
sans featurings ni ad-libs,0.9398256152819108
sans featurings ni ad-libs,0.9171051951706515
sans featurings ni ad-libs,0.9406000540163149
sans featurings ni ad-libs,0.8970933189804312
sans featurings ni ad-libs,0.9323009071946332
sans featurings ni ad-libs,0.9412628229836402
sans featurings ni ad-libs,0.8960016106475701
sans featurings ni ad-libs,0.9636777508960435
sans featurings ni ad-libs,0.9395131387564264
sans featurings ni ad-libs,0.9103621917618762
sans featurings ni ad-libs,0.8997085478265048
sans featurings ni ad-libs,0.9731077464019082
sans featurings ni ad-libs,0.9131559700191507
sans featurings ni ad-libs,0.9689968799491375
sans featurings ni ad-libs,0.9517803626828699
sans featurings ni ad-libs,0.9327561147547757
sans featurings ni ad-libs,0.9260343995293134
sans featurings ni ad-libs,0.9182464957258833
sans featurings ni ad-libs,0.9072007795886539
sans featurings ni ad-libs,0.9494736655016736
sans featurings ni ad-libs,0.8790488240746976
sans featurings ni ad-libs,0.9000843780558443
sans featurings ni ad-libs,0.9206872041586762
sans featurings ni ad-libs,0.9198669371420377
sans featurings ni ad-libs,0.9844741899601955
sans featurings ni ad-libs,0.973350959088304
sans featurings ni ad-libs,0.9448254732190421
sans featurings ni ad-libs,0.9473848907006553
sans featurings ni ad-libs,0.9039171537860403
sans featurings ni ad-libs,0.8992431435149638
sans featurings ni ad-libs,0.9488584419180306
sans featurings ni ad-libs,0.9255694933991185
sans featurings ni ad-libs,0.9430320343553509
sans featurings ni ad-libs,0.9503286974000528
sans featurings ni ad-libs,0.9349103740783747
sans featurings ni ad-libs,0.938585594124746
sans featurings ni ad-libs,0.8978202670854226
sans featurings ni ad-libs,0.9614046644427391
sans featurings ni ad-libs,1.001743869826498
sans featurings ni ad-libs,0.9262543857522764
sans featurings ni ad-libs,0.9427250545705366
sans featurings ni ad-libs,0.8851099650589161
sans featurings ni ad-libs,0.9221202226682881
sans featurings ni ad-libs,0.9432973072194277
sans featurings ni ad-libs,0.9877670153056182
sans featurings ni ad-libs,0.9111670227363025
sans featurings ni ad-libs,0.9395691690306227
sans featurings ni ad-libs,0.906872764735324
sans featurings ni ad-libs,0.9444608537458199
sans featurings ni ad-libs,0.955314251249829
sans featurings ni ad-libs,0.947642330842486
sans featurings ni ad-libs,0.9316838857180448
sans featurings ni ad-libs,0.9097539876198302
sans featurings ni ad-libs,0.9690962189071977
sans featurings ni ad-libs,0.9400208421654567
sans featurings ni ad-libs,0.9207255805778838
sans featurings ni ad-libs,0.9536318901323275
sans featurings ni ad-libs,0.9374663159932002
sans featurings ni ad-libs,0.9047785533744411
sans featurings ni ad-libs,0.8924544931582576
sans featurings ni ad-libs,0.9572488881184958
sans featurings ni ad-libs,0.9010713649481539
sans featurings ni ad-libs,0.9673595290553649
sans featurings ni ad-libs,0.9054767321675162
sans featurings ni ad-libs,0.8901850414891496
sans featurings ni ad-libs,0.9324422313338034
sans featurings ni ad-libs,0.8787215830995054
sans featurings ni ad-libs,0.9512139416729711
sans featurings ni ad-libs,0.9170187400164191
sans featurings ni ad-libs,0.9484536836500532
sans featurings ni ad-libs,0.944570047335433
sans featurings ni ad-libs,0.9573189906522601
sans featurings ni ad-libs,0.958627149492495
sans featurings ni ad-libs,0.9454492659111343
sans featurings ni ad-libs,0.92212228740139
sans featurings ni ad-libs,0.9167563282189929
sans featurings ni ad-libs,0.932544760395124
sans featurings ni ad-libs,0.8837814294613999
sans featurings ni ad-libs,0.9029497536772874
sans featurings ni ad-libs,0.9179646462705756
sans featurings ni ad-libs,0.9452817399740614
sans featurings ni ad-libs,0.9479212568686696
sans featurings ni ad-libs,0.9047339469332542
sans featurings ni ad-libs,0.9609181402537667
sans featurings ni ad-libs,0.9169102940952428
sans featurings ni ad-libs,0.9528200315944924
sans featurings ni ad-libs,0.8900654635523956
sans featurings ni ad-libs,0.9355526816248582
sans featurings ni ad-libs,0.9147026011529744
sans featurings ni ad-libs,0.9568524729285794
sans featurings ni ad-libs,0.9040573660803766
sans featurings ni ad-libs,0.9524849814145845
sans featurings ni ad-libs,0.9248499538695094
sans featurings ni ad-libs,0.9248050940345153
sans featurings ni ad-libs,0.9734044399894102
sans featurings ni ad-libs,0.8864999524089747
sans featurings ni ad-libs,0.959224933245288
sans featurings ni ad-libs,0.937595594733545
sans featurings ni ad-libs,0.9014819902827406
sans featurings ni ad-libs,0.903260102696622
sans featurings ni ad-libs,0.9324009864100641
sans featurings ni ad-libs,0.9368601397324345
sans featurings ni ad-libs,0.9271207610380503
sans featurings ni ad-libs,0.9464976519944543
sans featurings ni ad-libs,0.9324154560158178
sans featurings ni ad-libs,0.9033601346534609
sans featurings ni ad-libs,0.9720975710176483
sans featurings ni ad-libs,0.9524658625051361
sans featurings ni ad-libs,0.9591602145637269
sans featurings ni ad-libs,0.9309267430254123
sans featurings ni ad-libs,0.925955546854112
sans featurings ni ad-libs,0.9042908579515262
sans featurings ni ad-libs,0.9206325253095765
sans featurings ni ad-libs,0.9912042788647885
sans featurings ni ad-libs,0.9404867135682452
sans featurings ni ad-libs,0.966838531359294
sans featurings ni ad-libs,0.9432642955766561
sans featurings ni ad-libs,0.9044366607657965
sans featurings ni ad-libs,0.9322444975279689
sans featurings ni ad-libs,0.927073046570027
sans featurings ni ad-libs,0.8994075587262249
sans featurings ni ad-libs,0.9236055039567173
sans featurings ni ad-libs,0.9241342017642687
sans featurings ni ad-libs,0.933277790132583
sans featurings ni ad-libs,0.9321064350208483
sans featurings ni ad-libs,0.9542642921920235
sans featurings ni ad-libs,0.9220233583727364
sans featurings ni ad-libs,0.923475998246174
sans featurings ni ad-libs,0.9570416950347816
sans featurings ni ad-libs,0.9401413418953682
sans featurings ni ad-libs,0.9529292746975723
sans featurings ni ad-libs,0.9640972731732592
sans featurings ni ad-libs,0.9642261459611751
sans featurings ni ad-libs,0.9156451520037521
sans featurings ni ad-libs,0.9744930702081365
sans featurings ni ad-libs,1.0107689697672808
sans featurings ni ad-libs,1.0207826214720614
sans featurings ni ad-libs,0.9155959042158903
sans featurings ni ad-libs,0.9027332060749561
sans featurings ni ad-libs,0.9430986304380029
sans featurings ni ad-libs,0.9598042963823982
sans featurings ni ad-libs,0.9284865332535939
sans featurings ni ad-libs,0.9247092810527813
sans featurings ni ad-libs,0.9619522904562304
sans featurings ni ad-libs,0.9210159024856783
sans featurings ni ad-libs,0.9055843415551135
sans featurings ni ad-libs,0.9553804214194709
sans featurings ni ad-libs,0.9915463196517035
sans featurings ni ad-libs,0.934989649159398
sans featurings ni ad-libs,0.9552037865658255
sans featurings ni ad-libs,0.9989951167196606
sans featurings ni ad-libs,0.9602606565614382
sans featurings ni ad-libs,0.9092341502243292
sans featurings ni ad-libs,0.9777829302922623
sans featurings ni ad-libs,0.9310465110142389
sans featurings ni ad-libs,0.9121313898012741
sans featurings ni ad-libs,0.9014273298030036
sans featurings ni ad-libs,0.9413421350833561
sans featurings ni ad-libs,0.9630010507539949
sans featurings ni ad-libs,0.9550843001746471
sans featurings ni ad-libs,0.9768934176262162
sans featurings ni ad-libs,0.9599063391217545
sans featurings ni ad-libs,0.9045919590222922
sans featurings ni ad-libs,0.8985857579679365
sans featurings ni ad-libs,0.9754040060500159
sans featurings ni ad-libs,0.8891684939556381
sans featurings ni ad-libs,0.9502302160313603
sans featurings ni ad-libs,0.89001272902802
sans featurings ni ad-libs,0.9313493615645845
sans featurings ni ad-libs,0.8950751223571353
sans featurings ni ad-libs,0.9482789093202324
sans featurings ni ad-libs,0.8671918280006222
sans featurings ni ad-libs,0.944671029871908
sans featurings ni ad-libs,0.9243095911721585
sans featurings ni ad-libs,0.9515377021680311
sans featurings ni ad-libs,0.95965026022085
sans featurings ni ad-libs,0.9471559765802586
sans featurings ni ad-libs,0.9663166853273453
sans featurings ni ad-libs,0.9814642627100498
sans featurings ni ad-libs,0.9581385201408861
sans featurings ni ad-libs,0.9268141891173147
sans featurings ni ad-libs,0.9114619174901013
sans featurings ni ad-libs,0.9910804359289497
sans featurings ni ad-libs,0.9041315550654483
sans featurings ni ad-libs,0.9358406527687292
sans featurings ni ad-libs,0.9504790838800687
sans featurings ni ad-libs,0.941557498846694
sans featurings ni ad-libs,0.9206370190274268
sans featurings ni ad-libs,0.9061437185872961
sans featurings ni ad-libs,0.957092336907469
sans featurings ni ad-libs,0.9468858602243919
sans featurings ni ad-libs,0.9144495136929468
sans featurings ni ad-libs,0.8509181165463595
sans featurings ni ad-libs,0.9102488216088906
sans featurings ni ad-libs,0.9284575326882561
sans featurings ni ad-libs,0.9272224015827231
sans featurings ni ad-libs,0.9143798026613461
sans featurings ni ad-libs,0.9410025852782827
sans featurings ni ad-libs,0.9560882188409072
sans featurings ni ad-libs,0.8574675819046347
sans featurings ni ad-libs,0.9296055507431851
sans featurings ni ad-libs,0.93911833987193
sans featurings ni ad-libs,0.8832800314765512
sans featurings ni ad-libs,0.9224768112058641
sans featurings ni ad-libs,0.9274594250310075
sans featurings ni ad-libs,0.9235959440517418
sans featurings ni ad-libs,0.9320224350373298
sans featurings ni ad-libs,0.9008650839588597
sans featurings ni ad-libs,0.9154417295332626
sans featurings ni ad-libs,0.9272705410851869
sans featurings ni ad-libs,0.9423411215879941
sans featurings ni ad-libs,0.9670368472285296
sans featurings ni ad-libs,0.9148410665391546
sans featurings ni ad-libs,0.9076631543155522
sans featurings ni ad-libs,0.9567461243498266
sans featurings ni ad-libs,0.9308998417739491
sans featurings ni ad-libs,0.9610901127863848
sans featurings ni ad-libs,0.8933600118907652
sans featurings ni ad-libs,0.9136182475625563
sans featurings ni ad-libs,0.8972153961854841
sans featurings ni ad-libs,0.9406845894488907
sans featurings ni ad-libs,0.9738285795942301
sans featurings ni ad-libs,0.9025284281249486
sans featurings ni ad-libs,0.9349639723823072
sans featurings ni ad-libs,0.9218348411768187
sans featurings ni ad-libs,0.9646993977124396
sans featurings ni ad-libs,0.9230018477783234
sans featurings ni ad-libs,0.9208305338300536
sans featurings ni ad-libs,0.9677025748975582
sans featurings ni ad-libs,0.947204262504632
sans featurings ni ad-libs,0.9259643726448779
sans featurings ni ad-libs,0.9911538797742081
sans featurings ni ad-libs,0.9056936930622784
sans featurings ni ad-libs,0.9411653483331544
sans featurings ni ad-libs,0.9362370281194987
sans featurings ni ad-libs,0.9010398421187117
sans featurings ni ad-libs,0.9421378689825693
sans featurings ni ad-libs,0.9538341914298101
sans featurings ni ad-libs,0.9497754770202853
sans featurings ni ad-libs,0.8994391354338871
sans featurings ni ad-libs,0.9272224015827231
sans featurings ni ad-libs,0.9406960499495989
sans featurings ni ad-libs,0.9184449776506974
sans featurings ni ad-libs,0.9273627863543885
sans featurings ni ad-libs,0.9419946290458467
sans featurings ni ad-libs,0.9185043122447113
sans featurings ni ad-libs,0.9372377159527056
sans featurings ni ad-libs,0.9644191294066061
sans featurings ni ad-libs,0.9580545461842368
sans featurings ni ad-libs,0.9586818807729148
sans featurings ni ad-libs,0.9127738978650429
sans featurings ni ad-libs,0.9549396619307752
sans featurings ni ad-libs,0.9501585857830297
sans featurings ni ad-libs,0.9645918673046835
sans featurings ni ad-libs,0.9849110941975177
sans featurings ni ad-libs,0.9276390326626648
sans featurings ni ad-libs,0.9715088327150944
sans featurings ni ad-libs,0.9586143134360232
sans featurings ni ad-libs,0.9556385111380701
sans featurings ni ad-libs,0.9500605188222397
sans featurings ni ad-libs,0.8940968210546578
sans featurings ni ad-libs,0.9366157685062381
sans featurings ni ad-libs,0.9873847480799482
sans featurings ni ad-libs,0.9736419083038471
sans featurings ni ad-libs,0.9838562333438855
sans featurings ni ad-libs,0.9611129333669174
sans featurings ni ad-libs,0.9371264578169316
sans featurings ni ad-libs,0.917670077333447
sans featurings ni ad-libs,0.9061189353713044
sans featurings ni ad-libs,0.9818775288844865
sans featurings ni ad-libs,0.8942954194221705
sans featurings ni ad-libs,0.9975141431387947
sans featurings ni ad-libs,0.9499715643007468
sans featurings ni ad-libs,0.9790534878863004
sans featurings ni ad-libs,0.9359371318695505
sans featurings ni ad-libs,0.8947377041630151
sans featurings ni ad-libs,0.9636752760609835
sans featurings ni ad-libs,0.9467463598655711
sans featurings ni ad-libs,0.9575042173309518
sans featurings ni ad-libs,0.8850822488936527
sans featurings ni ad-libs,0.9294652154487827
sans featurings ni ad-libs,0.8988504977982014
sans featurings ni ad-libs,0.9548698626273981
sans featurings ni ad-libs,0.8945153140566594
sans featurings ni ad-libs,0.9286606112775414
sans featurings ni ad-libs,0.9272732537078305
sans featurings ni ad-libs,0.9436948917788652
sans featurings ni ad-libs,0.9116204810333642
sans featurings ni ad-libs,0.9404222309657015
sans featurings ni ad-libs,0.9581542849601159
sans featurings ni ad-libs,0.9451036073402364
sans featurings ni ad-libs,0.9797059636444325
sans featurings ni ad-libs,0.9313738595466368
sans featurings ni ad-libs,1.0005915355138084
sans featurings ni ad-libs,0.9552830078894244
sans featurings ni ad-libs,0.9354711046702362
sans featurings ni ad-libs,0.9783825716855471
sans featurings ni ad-libs,0.9881010135204682
sans featurings ni ad-libs,0.9145628364823776
sans featurings ni ad-libs,0.9509919019531846
sans featurings ni ad-libs,0.9599268747424713
sans featurings ni ad-libs,0.9363370936237491
sans featurings ni ad-libs,0.9536781015237349
sans featurings ni ad-libs,0.8765250669959446
sans featurings ni ad-libs,0.9320512272479753
sans featurings ni ad-libs,0.8866609761017337
sans featurings ni ad-libs,0.9758506221788528
sans featurings ni ad-libs,0.9429974700686494
sans featurings ni ad-libs,0.9279982520566362
sans featurings ni ad-libs,0.9253927526304394
sans featurings ni ad-libs,0.8970937455959773
sans featurings ni ad-libs,0.9358954263089638
sans featurings ni ad-libs,0.9685481940215652
sans featurings ni ad-libs,0.962314813454031
sans featurings ni ad-libs,0.9239667020282076
sans featurings ni ad-libs,0.9581539377279692
sans featurings ni ad-libs,0.9519095675102284
sans featurings ni ad-libs,0.9368252633829743
sans featurings ni ad-libs,0.9233709460707247
sans featurings ni ad-libs,0.9949145703227035
sans featurings ni ad-libs,0.8810311735204454
sans featurings ni ad-libs,0.9381262332562363
sans featurings ni ad-libs,0.983415810545943
sans featurings ni ad-libs,0.9466069165448772
sans featurings ni ad-libs,0.8823700788767137
sans featurings ni ad-libs,0.9155838355461257
sans featurings ni ad-libs,0.9465327478414651
sans featurings ni ad-libs,0.8891514763570868
sans featurings ni ad-libs,0.9510160376492601
sans featurings ni ad-libs,0.9393801559930461
sans featurings ni ad-libs,0.9161442276821583
sans featurings ni ad-libs,0.9702431670659261
sans featurings ni ad-libs,0.9443238982945908
sans featurings ni ad-libs,0.9023312646933952
sans featurings ni ad-libs,0.9409009023724261
sans featurings ni ad-libs,0.9106346888105138
sans featurings ni ad-libs,0.9500061158889713
sans featurings ni ad-libs,0.9218674172349246
sans featurings ni ad-libs,0.962617114431221
sans featurings ni ad-libs,0.9634047089577277
sans featurings ni ad-libs,0.972373374375061
sans featurings ni ad-libs,0.8977285186511093
sans featurings ni ad-libs,0.9429299798849613
sans featurings ni ad-libs,0.9091008909686039
sans featurings ni ad-libs,0.9330528826593063
sans featurings ni ad-libs,0.9654161041885729
sans featurings ni ad-libs,0.9375006545832785
sans featurings ni ad-libs,0.9170887195887643
sans featurings ni ad-libs,0.9270809318350086
sans featurings ni ad-libs,0.9541829500500303
sans featurings ni ad-libs,0.9562182819337963
sans featurings ni ad-libs,0.9374873788605248
sans featurings ni ad-libs,0.9620982239040896
sans featurings ni ad-libs,0.8975260668437319
sans featurings ni ad-libs,0.9210108221427317
sans featurings ni ad-libs,0.9457229510891535
sans featurings ni ad-libs,0.9204358911480677
sans featurings ni ad-libs,0.9580906080309721
sans featurings ni ad-libs,0.9087515345175536
sans featurings ni ad-libs,0.9081732381635248
sans featurings ni ad-libs,0.920396477889663
sans featurings ni ad-libs,0.9066291304031889
sans featurings ni ad-libs,0.8896524327042653
sans featurings ni ad-libs,0.9540650692869924
sans featurings ni ad-libs,0.9897944387576969
sans featurings ni ad-libs,0.9475858390600684
sans featurings ni ad-libs,0.9726325924566266
sans featurings ni ad-libs,0.9537206514844946
sans featurings ni ad-libs,0.9262143924910091
sans featurings ni ad-libs,0.9447034581283658
sans featurings ni ad-libs,0.9058178396307816
sans featurings ni ad-libs,0.9082186561767096
sans featurings ni ad-libs,0.9464187231170859
sans featurings ni ad-libs,0.9107295152614082
sans featurings ni ad-libs,0.9574015658583979
sans featurings ni ad-libs,0.9488874210430359
sans featurings ni ad-libs,0.9410437720399721
sans featurings ni ad-libs,0.9541817543082436
sans featurings ni ad-libs,0.9366547868579264
sans featurings ni ad-libs,0.9026409672300248
sans featurings ni ad-libs,0.934899163734098
sans featurings ni ad-libs,0.9256734849805914
sans featurings ni ad-libs,0.9753343757598786
sans featurings ni ad-libs,0.9219323223554251
sans featurings ni ad-libs,0.9536248947324878
sans featurings ni ad-libs,0.9253313324141015
sans featurings ni ad-libs,0.9215673530698547
sans featurings ni ad-libs,0.9488788836096469
sans featurings ni ad-libs,0.9342731346390272
sans featurings ni ad-libs,0.946289744139159
sans featurings ni ad-libs,0.9491320092276653
sans featurings ni ad-libs,0.8976860670405052
sans featurings ni ad-libs,0.9771999331940316
sans featurings ni ad-libs,0.9258152321922675
sans featurings ni ad-libs,0.9276692587400134
sans featurings ni ad-libs,0.9560803516712285
sans featurings ni ad-libs,0.9525363538545075
sans featurings ni ad-libs,0.9298161319898243
sans featurings ni ad-libs,0.9344744200046554
sans featurings ni ad-libs,0.9551684050209474
sans featurings ni ad-libs,0.9148957963098576
sans featurings ni ad-libs,0.9565696324080358
sans featurings ni ad-libs,0.9419352230737476
sans featurings ni ad-libs,0.9066627547925323
sans featurings ni ad-libs,0.9344984733982973
sans featurings ni ad-libs,0.9386165621818344
sans featurings ni ad-libs,0.9869872569130018
sans featurings ni ad-libs,0.9097569468186201
sans featurings ni ad-libs,0.938042510590877
sans featurings ni ad-libs,0.9309855344934599
sans featurings ni ad-libs,0.8900212582196584
sans featurings ni ad-libs,0.9902834560784685
sans featurings ni ad-libs,0.9529624684741779
sans featurings ni ad-libs,0.9300331740004959
sans featurings ni ad-libs,0.9347248085852621
sans featurings ni ad-libs,0.9066791916892369
sans featurings ni ad-libs,0.9424985571769455
sans featurings ni ad-libs,0.9470305233698898
sans featurings ni ad-libs,0.9521946753958833
sans featurings ni ad-libs,0.9479566988893242
sans featurings ni ad-libs,0.9208750786984576
sans featurings ni ad-libs,0.9053725832835334
sans featurings ni ad-libs,0.9134606274140263
sans featurings ni ad-libs,0.9172849486921479
sans featurings ni ad-libs,0.9097475058847947
sans featurings ni ad-libs,0.9315409717159283
sans featurings ni ad-libs,0.9251263635542502
sans featurings ni ad-libs,0.9666006731348306
sans featurings ni ad-libs,0.9391607071993611
sans featurings ni ad-libs,0.9520905147272267
sans featurings ni ad-libs,0.9275249531573362
sans featurings ni ad-libs,1.0067194437312137
sans featurings ni ad-libs,0.934508071781941
sans featurings ni ad-libs,0.9411254819808871
sans featurings ni ad-libs,0.9068024947840555
sans featurings ni ad-libs,0.9243445272498522
sans featurings ni ad-libs,0.9162759814596445
sans featurings ni ad-libs,0.9354447158454804
sans featurings ni ad-libs,0.9312980356159858
sans featurings ni ad-libs,0.9207768185484191
sans featurings ni ad-libs,0.9371845540221833
sans featurings ni ad-libs,0.9145502302607081
sans featurings ni ad-libs,0.9398431772858103
sans featurings ni ad-libs,0.9861669297963181
sans featurings ni ad-libs,0.8701986922743211
sans featurings ni ad-libs,0.9059872492925086
sans featurings ni ad-libs,0.9169798600131516
sans featurings ni ad-libs,0.9539900114459325
sans featurings ni ad-libs,0.932085947983849
sans featurings ni ad-libs,0.9810305362505155
sans featurings ni ad-libs,0.947326343797956
sans featurings ni ad-libs,0.9089687791597393
sans featurings ni ad-libs,0.9498928134552995
sans featurings ni ad-libs,0.9126179867479517
sans featurings ni ad-libs,0.8935604334989836
sans featurings ni ad-libs,0.9183175178400589
sans featurings ni ad-libs,0.9239266800584419
sans featurings ni ad-libs,0.9490800637304222
sans featurings ni ad-libs,0.9372276019434627
sans featurings ni ad-libs,0.9383545569486778
sans featurings ni ad-libs,0.9590956787667818
sans featurings ni ad-libs,0.9919984830399918
sans featurings ni ad-libs,0.940497758695747
sans featurings ni ad-libs,0.9504606122166218
sans featurings ni ad-libs,0.9101316106345552
sans featurings ni ad-libs,0.9265334372139964
sans featurings ni ad-libs,0.930745659011314
sans featurings ni ad-libs,0.938753714183487
sans featurings ni ad-libs,0.9420766133172663
sans featurings ni ad-libs,0.8855306452450129
sans featurings ni ad-libs,0.9269032820694885
sans featurings ni ad-libs,0.9254153086567819
sans featurings ni ad-libs,0.8849166228774562
sans featurings ni ad-libs,0.9297253164557644
sans featurings ni ad-libs,0.9333153950448111
sans featurings ni ad-libs,0.8856906635246529
sans featurings ni ad-libs,0.980096632992501
sans featurings ni ad-libs,0.9128733190461125
sans featurings ni ad-libs,0.9374121259163954
sans featurings ni ad-libs,0.9291477270972828
sans featurings ni ad-libs,0.93357655071754
sans featurings ni ad-libs,0.968949350159157
sans featurings ni ad-libs,0.9154765419799114
sans featurings ni ad-libs,0.937310440851601
sans featurings ni ad-libs,0.9308957290320617
sans featurings ni ad-libs,0.9577736305077589
sans featurings ni ad-libs,0.9558847693071743
sans featurings ni ad-libs,0.9546876055128529
sans featurings ni ad-libs,0.9455508422151205
sans featurings ni ad-libs,0.9596707474485644
sans featurings ni ad-libs,0.9379823105926622
sans featurings ni ad-libs,0.8806536737775844
sans featurings ni ad-libs,0.9215977578407187
sans featurings ni ad-libs,0.9371315198241006
sans featurings ni ad-libs,0.9522862136713743
sans featurings ni ad-libs,0.9141350494079
sans featurings ni ad-libs,0.9073450128400375
sans featurings ni ad-libs,0.9621981069469241
sans featurings ni ad-libs,0.9472750454055905
sans featurings ni ad-libs,0.9568737795049423
sans featurings ni ad-libs,0.9189655457210762
sans featurings ni ad-libs,0.9333569483907134
sans featurings ni ad-libs,0.8769400201441381
sans featurings ni ad-libs,0.8999033697463451
sans featurings ni ad-libs,0.9511082726828065
sans featurings ni ad-libs,0.9589696337824078
sans featurings ni ad-libs,0.9557541665760938
sans featurings ni ad-libs,0.9390977466306812
sans featurings ni ad-libs,0.9461967428084244
sans featurings ni ad-libs,0.9034262166735975
sans featurings ni ad-libs,0.9535027369382614
sans featurings ni ad-libs,0.9282168529402078
sans featurings ni ad-libs,0.9603936518891504
sans featurings ni ad-libs,0.940081856458415
sans featurings ni ad-libs,0.9426841729943094
sans featurings ni ad-libs,0.962009330959445
sans featurings ni ad-libs,0.9452719910374219
sans featurings ni ad-libs,0.952394750798954
sans featurings ni ad-libs,0.940673049428833
sans featurings ni ad-libs,0.9436315188568649
sans featurings ni ad-libs,0.9440201177759352
sans featurings ni ad-libs,0.9334705932729666
sans featurings ni ad-libs,0.9295648556310091
sans featurings ni ad-libs,0.9252314826322342
sans featurings ni ad-libs,0.9464378409309439
sans featurings ni ad-libs,0.8806392576216555
sans featurings ni ad-libs,0.9261567476864503
sans featurings ni ad-libs,0.9488970540644593
sans featurings ni ad-libs,0.9619372482140471
sans featurings ni ad-libs,0.9603805332299666
sans featurings ni ad-libs,0.9265222633819572
sans featurings ni ad-libs,0.9335068137192966
sans featurings ni ad-libs,0.9482256371118912
sans featurings ni ad-libs,0.9652734460025175
sans featurings ni ad-libs,0.9299833038897908
sans featurings ni ad-libs,0.9271529167968624
sans featurings ni ad-libs,0.9249721064894566
sans featurings ni ad-libs,0.9337669668532854
sans featurings ni ad-libs,0.9433806391343943
sans featurings ni ad-libs,0.9533283361386271
sans featurings ni ad-libs,0.9754874115398205
sans featurings ni ad-libs,0.9405286040586114
sans featurings ni ad-libs,0.9552185154407343
sans featurings ni ad-libs,0.9254836000081287
sans featurings ni ad-libs,0.9423227971125788
sans featurings ni ad-libs,0.9175403185713813
sans featurings ni ad-libs,0.977201902580229
sans featurings ni ad-libs,0.9570318076761875
sans featurings ni ad-libs,0.9677933441425772
sans featurings ni ad-libs,0.9029694188839197
sans featurings ni ad-libs,0.9211058626226273
sans featurings ni ad-libs,0.9420297019782469
sans featurings ni ad-libs,0.9270034681622717
sans featurings ni ad-libs,0.9369271965919881
sans featurings ni ad-libs,0.8848053106185418
sans featurings ni ad-libs,0.9084550867491773
sans featurings ni ad-libs,0.910391659134975
sans featurings ni ad-libs,0.9548715528490426
sans featurings ni ad-libs,0.9025324371817729
sans featurings ni ad-libs,0.9269950836337589
sans featurings ni ad-libs,0.953029514391372
sans featurings ni ad-libs,0.9344898707952087
sans featurings ni ad-libs,0.9507340743406232
sans featurings ni ad-libs,0.9647470308370721
sans featurings ni ad-libs,0.9542251265810162
sans featurings ni ad-libs,0.9209941906323331
sans featurings ni ad-libs,0.9634864530049846
sans featurings ni ad-libs,0.8917331115140911
sans featurings ni ad-libs,0.9632060564366496
sans featurings ni ad-libs,0.9460639326340985
sans featurings ni ad-libs,0.9250503921493461
sans featurings ni ad-libs,0.9415487069179014
sans featurings ni ad-libs,0.9035148918237718
sans featurings ni ad-libs,0.9402430552443866
sans featurings ni ad-libs,0.9105231762771229
sans featurings ni ad-libs,0.9144177942465821
sans featurings ni ad-libs,0.9701108555563686
sans featurings ni ad-libs,0.9242584461242112
sans featurings ni ad-libs,0.89172363461295
sans featurings ni ad-libs,0.928168770546816
sans featurings ni ad-libs,0.9352888131938741
sans featurings ni ad-libs,0.9263340494997713
sans featurings ni ad-libs,0.9141787177770463
sans featurings ni ad-libs,0.8938649384162036
sans featurings ni ad-libs,0.9299620935379483
sans featurings ni ad-libs,0.9187317436582861
sans featurings ni ad-libs,0.9591944739564425
sans featurings ni ad-libs,0.9507481902281909
sans featurings ni ad-libs,0.9551487340345155
sans featurings ni ad-libs,0.9256041035163247
sans featurings ni ad-libs,0.9311950480893214
sans featurings ni ad-libs,0.8952062840365627
sans featurings ni ad-libs,0.96358146944656
sans featurings ni ad-libs,0.929563272807633
sans featurings ni ad-libs,0.9432391566784245
sans featurings ni ad-libs,0.9599935159838459
sans featurings ni ad-libs,0.926668029003018
sans featurings ni ad-libs,0.9443096480850647
sans featurings ni ad-libs,0.875186506480812
sans featurings ni ad-libs,0.9594659667187222
sans featurings ni ad-libs,0.9496839003676568
sans featurings ni ad-libs,0.9112753444026636
sans featurings ni ad-libs,0.9229773916886578
sans featurings ni ad-libs,0.94238290613095
sans featurings ni ad-libs,0.945857098705356
sans featurings ni ad-libs,0.9150489993124138
sans featurings ni ad-libs,0.9542667343070719
sans featurings ni ad-libs,0.9888302350041656
sans featurings ni ad-libs,0.9446013494184351
sans featurings ni ad-libs,0.9385229881406639
sans featurings ni ad-libs,0.9042247300647435
sans featurings ni ad-libs,0.9570327106680883
sans featurings ni ad-libs,0.8913688215648053
sans featurings ni ad-libs,0.9921520260902189
sans featurings ni ad-libs,0.990155535766602
sans featurings ni ad-libs,0.953203095364722
sans featurings ni ad-libs,0.9318185436327782
sans featurings ni ad-libs,0.8788052539013824
sans featurings ni ad-libs,0.881005921353549
sans featurings ni ad-libs,0.922335950758734
sans featurings ni ad-libs,0.9520678174387149
sans featurings ni ad-libs,0.9761515893332214
sans featurings ni ad-libs,0.9559723080586154
sans featurings ni ad-libs,0.9411472964772974
sans featurings ni ad-libs,0.9445040840494467
sans featurings ni ad-libs,0.976234805239042
sans featurings ni ad-libs,0.9096122812937033
sans featurings ni ad-libs,0.8943783832972381
sans featurings ni ad-libs,0.8890616684090371
sans featurings ni ad-libs,0.9168416709200109
sans featurings ni ad-libs,0.9448571369437788
sans featurings ni ad-libs,0.9434863650711294
sans featurings ni ad-libs,0.9844714338565679
sans featurings ni ad-libs,0.9359635946013276
sans featurings ni ad-libs,0.9483644707284277
sans featurings ni ad-libs,0.9211673954055071
sans featurings ni ad-libs,0.9177913083553719
sans featurings ni ad-libs,0.9313796203824007
sans featurings ni ad-libs,0.9087504204280168
sans featurings ni ad-libs,0.9080264597268459
sans featurings ni ad-libs,0.9397640786593778
sans featurings ni ad-libs,0.9541525514218674
sans featurings ni ad-libs,0.9555557742124015
sans featurings ni ad-libs,0.9396932510212128
sans featurings ni ad-libs,0.938004156677676
sans featurings ni ad-libs,0.9958594035651633
sans featurings ni ad-libs,0.9036242959432917
sans featurings ni ad-libs,0.9555128487848022
sans featurings ni ad-libs,0.9601584114686845
sans featurings ni ad-libs,0.9516810561412219
sans featurings ni ad-libs,0.9061594231210526
sans featurings ni ad-libs,0.9229282108004991
sans featurings ni ad-libs,0.9214786305996799
sans featurings ni ad-libs,0.9456694632260341
sans featurings ni ad-libs,0.9340158113402708
sans featurings ni ad-libs,0.9736718337114288
sans featurings ni ad-libs,0.9492363256704238
sans featurings ni ad-libs,0.8898166653040918
sans featurings ni ad-libs,0.9575109373882353
sans featurings ni ad-libs,0.9221475812099915
sans featurings ni ad-libs,0.9646623560037478
sans featurings ni ad-libs,0.9547281922395344
sans featurings ni ad-libs,0.9451220618148308
sans featurings ni ad-libs,0.9201789209258164
sans featurings ni ad-libs,0.9648856694624732
sans featurings ni ad-libs,0.8867236647349117
sans featurings ni ad-libs,0.9582048195386559
sans featurings ni ad-libs,0.8723903496446314
sans featurings ni ad-libs,0.9042392572586139
sans featurings ni ad-libs,0.9420000866005626
sans featurings ni ad-libs,0.9643237746168302
sans featurings ni ad-libs,0.9397029005067148
sans featurings ni ad-libs,0.958144593501554
sans featurings ni ad-libs,0.9432264983199071
sans featurings ni ad-libs,0.9461755139672571
sans featurings ni ad-libs,0.9324941150165379
sans featurings ni ad-libs,0.9077811629658918
sans featurings ni ad-libs,0.9335572642148285
sans featurings ni ad-libs,0.907994937781335
sans featurings ni ad-libs,0.922913509802192
sans featurings ni ad-libs,0.9174229351544299
sans featurings ni ad-libs,0.916370082855842
sans featurings ni ad-libs,0.9378646490327515
sans featurings ni ad-libs,0.8693023555494848
sans featurings ni ad-libs,0.9610737590728006
sans featurings ni ad-libs,0.9633955588669841
sans featurings ni ad-libs,0.9230152586242291
sans featurings ni ad-libs,0.9194328878901259
sans featurings ni ad-libs,0.9431906865693205
sans featurings ni ad-libs,0.919808509878134
sans featurings ni ad-libs,0.9546370477210642
sans featurings ni ad-libs,0.9177558002860773
sans featurings ni ad-libs,0.8902786466667001
sans featurings ni ad-libs,0.9315873344223735
sans featurings ni ad-libs,0.9687463610390531
sans featurings ni ad-libs,0.9832055440898133
sans featurings ni ad-libs,0.9237474831020361
sans featurings ni ad-libs,0.9513833652897818
sans featurings ni ad-libs,0.9745280991919768
sans featurings ni ad-libs,0.9212602591596418
sans featurings ni ad-libs,0.9005138752488083
sans featurings ni ad-libs,0.8870532591811815
sans featurings ni ad-libs,0.9502043722854594
sans featurings ni ad-libs,0.955506846914982
sans featurings ni ad-libs,0.9299958209783603
sans featurings ni ad-libs,0.9599589519722547
sans featurings ni ad-libs,0.9514359060410594
sans featurings ni ad-libs,0.9536584962967329
sans featurings ni ad-libs,0.9425908392143573
sans featurings ni ad-libs,0.9088882958448169
sans featurings ni ad-libs,0.9454301559478973
sans featurings ni ad-libs,0.9208654591797845
sans featurings ni ad-libs,0.9363733022683207
sans featurings ni ad-libs,0.925738290276536
sans featurings ni ad-libs,0.9929754122871856
sans featurings ni ad-libs,0.9311416416767057
sans featurings ni ad-libs,0.9722242983530855
sans featurings ni ad-libs,0.9758770394910834
sans featurings ni ad-libs,0.9670230339113977
sans featurings ni ad-libs,0.9595870573685475
sans featurings ni ad-libs,0.9420238664764451
sans featurings ni ad-libs,0.9485345893875319
sans featurings ni ad-libs,0.9323948326975274
sans featurings ni ad-libs,0.9162643234938018
sans featurings ni ad-libs,0.9478112490303628
sans featurings ni ad-libs,0.9007005696827222
sans featurings ni ad-libs,0.9557873980822916
sans featurings ni ad-libs,0.9472897121769039
sans featurings ni ad-libs,0.9471432560063878
sans featurings ni ad-libs,0.9636437752193263
sans featurings ni ad-libs,0.9276304062744147
sans featurings ni ad-libs,0.9883489423314096
sans featurings ni ad-libs,0.9208159946136916
sans featurings ni ad-libs,0.9346979206698937
sans featurings ni ad-libs,0.9550474885341195
sans featurings ni ad-libs,0.9424756242049592
sans featurings ni ad-libs,0.9223274744671804
sans featurings ni ad-libs,0.9699531687183857
sans featurings ni ad-libs,0.9400630139538166
sans featurings ni ad-libs,0.9494911374324525
sans featurings ni ad-libs,0.9456523790999437
sans featurings ni ad-libs,0.9579084177428482
sans featurings ni ad-libs,0.9567917683146
sans featurings ni ad-libs,0.9469873604578343
sans featurings ni ad-libs,0.9184918096423188
sans featurings ni ad-libs,0.946360477501703
sans featurings ni ad-libs,0.9958863524525583
sans featurings ni ad-libs,0.9495715832049242
sans featurings ni ad-libs,0.9583168266964726
sans featurings ni ad-libs,0.9372295058171849
sans featurings ni ad-libs,0.9413291439570257
sans featurings ni ad-libs,0.9205145642168917
sans featurings ni ad-libs,0.8898364605762349
sans featurings ni ad-libs,0.9707068730518769
sans featurings ni ad-libs,0.9284408450696222
sans featurings ni ad-libs,0.9843187238070544
sans featurings ni ad-libs,0.908933855233383
sans featurings ni ad-libs,0.8905320551295995
sans featurings ni ad-libs,0.9964008645886921
sans featurings ni ad-libs,0.9184994412584793
sans featurings ni ad-libs,0.9594932049770625
sans featurings ni ad-libs,0.9674124329518085
sans featurings ni ad-libs,0.9708004696805008
sans featurings ni ad-libs,0.9560598928945606
sans featurings ni ad-libs,0.982483339377961
sans featurings ni ad-libs,0.9224653360310421
sans featurings ni ad-libs,0.9223488068538067
sans featurings ni ad-libs,0.9858832478601344
sans featurings ni ad-libs,0.9467509374555949
sans featurings ni ad-libs,0.9542951230248103
sans featurings ni ad-libs,0.9348587138323218
sans featurings ni ad-libs,0.9421379210675761
sans featurings ni ad-libs,0.9679408074260141
sans featurings ni ad-libs,0.9504438454759048
sans featurings ni ad-libs,0.9799015151208604
sans featurings ni ad-libs,0.9027089499135095
sans featurings ni ad-libs,0.8838338090575124
sans featurings ni ad-libs,0.9382391649946894
sans featurings ni ad-libs,0.9319594371340116
sans featurings ni ad-libs,0.9229035388381958
sans featurings ni ad-libs,0.9135670580685944
sans featurings ni ad-libs,0.9327349545243491
sans featurings ni ad-libs,0.9294698749036334
sans featurings ni ad-libs,0.8980482805118477
sans featurings ni ad-libs,0.9598910464447487
sans featurings ni ad-libs,0.8988640307944127
sans featurings ni ad-libs,0.9660985344881622
sans featurings ni ad-libs,0.9154336539105754
sans featurings ni ad-libs,0.9792706813689356
sans featurings ni ad-libs,0.9392188193827323
sans featurings ni ad-libs,0.9135837768017173
sans featurings ni ad-libs,0.9393647765272558
sans featurings ni ad-libs,0.8966563876032266
sans featurings ni ad-libs,0.9218622642255273
sans featurings ni ad-libs,0.9358811858026235
sans featurings ni ad-libs,0.9652632451933205
sans featurings ni ad-libs,0.9486995897100488
sans featurings ni ad-libs,0.9646229239675959
sans featurings ni ad-libs,0.9094486664515735
sans featurings ni ad-libs,0.948375597099827
sans featurings ni ad-libs,0.9335174203391063
sans featurings ni ad-libs,0.9606176066914338
sans featurings ni ad-libs,0.9436714324747996
sans featurings ni ad-libs,0.8740544989720013
sans featurings ni ad-libs,0.9408099847671204
sans featurings ni ad-libs,0.9325577757928383
sans featurings ni ad-libs,0.8852859769375321
sans featurings ni ad-libs,0.9392560986169927
sans featurings ni ad-libs,1.0119275201181472
sans featurings ni ad-libs,0.9106594675654431
sans featurings ni ad-libs,0.8909507973101269
sans featurings ni ad-libs,0.8852895186754977
sans featurings ni ad-libs,0.914509240085188
sans featurings ni ad-libs,0.957397284552684
sans featurings ni ad-libs,0.9822195961552354
sans featurings ni ad-libs,0.9347299220685743
sans featurings ni ad-libs,0.8979384141266398
sans featurings ni ad-libs,0.9341864708474862
sans featurings ni ad-libs,0.9035948782551855
sans featurings ni ad-libs,0.9239681236613628
sans featurings ni ad-libs,0.928890923563873
sans featurings ni ad-libs,0.9254045034749847
sans featurings ni ad-libs,0.9003268533297015
sans featurings ni ad-libs,0.9570219203043182
sans featurings ni ad-libs,0.927707169687136
sans featurings ni ad-libs,0.9155190364155124
sans featurings ni ad-libs,0.9491166938084962
sans featurings ni ad-libs,0.9064901147222482
sans featurings ni ad-libs,0.9373799196694521
sans featurings ni ad-libs,0.9129063175561862
sans featurings ni ad-libs,0.9142704899860071
sans featurings ni ad-libs,0.9292130415576046
sans featurings ni ad-libs,0.9206623014076243
sans featurings ni ad-libs,0.8919282366997049
sans featurings ni ad-libs,0.9664490677849233
sans featurings ni ad-libs,0.9165406062092389
sans featurings ni ad-libs,0.9310221735233837
sans featurings ni ad-libs,0.8737072958241276
sans featurings ni ad-libs,0.9048190662594039
sans featurings ni ad-libs,0.9064729066694407
sans featurings ni ad-libs,0.9499993603121417
sans featurings ni ad-libs,0.9329553597569846
sans featurings ni ad-libs,0.9690634821224599
sans featurings ni ad-libs,0.9674287383429901
sans featurings ni ad-libs,0.9130747203632654
sans featurings ni ad-libs,0.9203141151095268
sans featurings ni ad-libs,0.9822137385335356
sans featurings ni ad-libs,0.9371895288751335
sans featurings ni ad-libs,0.919368041454604
sans featurings ni ad-libs,0.946458437400292
sans featurings ni ad-libs,0.9187406802306142
sans featurings ni ad-libs,0.9089758336082584
sans featurings ni ad-libs,0.9163269656704036
sans featurings ni ad-libs,0.8788795572675816
sans featurings ni ad-libs,0.9714552256918628
sans featurings ni ad-libs,0.9079997445685406
sans featurings ni ad-libs,0.9900428477245993
sans featurings ni ad-libs,0.9292530015107973
sans featurings ni ad-libs,0.9456018507099957
sans featurings ni ad-libs,0.9273829053398188
sans featurings ni ad-libs,0.905756906857492
sans featurings ni ad-libs,0.9584335469657391
sans featurings ni ad-libs,0.9359039203865849
sans featurings ni ad-libs,0.9684742202473657
sans featurings ni ad-libs,0.936927257892599
sans featurings ni ad-libs,0.9246280409168279
sans featurings ni ad-libs,0.906751501523663
sans featurings ni ad-libs,0.9511769276111929
sans featurings ni ad-libs,0.8998472078559534
sans featurings ni ad-libs,0.9075524584984896
sans featurings ni ad-libs,0.8939370908549135
sans featurings ni ad-libs,0.9678300920011317
sans featurings ni ad-libs,0.9441012164840848
sans featurings ni ad-libs,0.9489205126288274
sans featurings ni ad-libs,0.977932909967474
sans featurings ni ad-libs,0.9834253457942818
sans featurings ni ad-libs,0.9395515666235824
sans featurings ni ad-libs,0.9458503123261806
sans featurings ni ad-libs,0.8919237755955072
sans featurings ni ad-libs,0.9608172843923911
sans featurings ni ad-libs,0.8980745030041711
sans featurings ni ad-libs,0.9560197259157718
sans featurings ni ad-libs,0.933444130004275
sans featurings ni ad-libs,0.9345440636517125
sans featurings ni ad-libs,0.9349287206673765
sans featurings ni ad-libs,0.9798054122091087
sans featurings ni ad-libs,0.9572835194651947
sans featurings ni ad-libs,0.895638902896489
sans featurings ni ad-libs,0.8939133678263631
sans featurings ni ad-libs,0.9419352418231624
sans featurings ni ad-libs,0.9184200674180765
sans featurings ni ad-libs,0.9536875759734545
sans featurings ni ad-libs,0.9029760345448667
sans featurings ni ad-libs,0.9708515621871375
sans featurings ni ad-libs,0.9727802658774213
sans featurings ni ad-libs,0.9202418222196187
sans featurings ni ad-libs,0.9306322067642594
sans featurings ni ad-libs,0.9133041202401171
sans featurings ni ad-libs,0.9286364981681873
sans featurings ni ad-libs,0.9330062550471829
sans featurings ni ad-libs,0.9170099880169242
sans featurings ni ad-libs,0.9402471045695044
sans featurings ni ad-libs,0.9266599441870699
sans featurings ni ad-libs,0.8975968640392005
sans featurings ni ad-libs,0.9746014370975832
sans featurings ni ad-libs,0.9067006601454846
sans featurings ni ad-libs,0.9250912253903265
sans featurings ni ad-libs,0.9239340727598981
sans featurings ni ad-libs,0.9550545675567593
sans featurings ni ad-libs,0.8861922471777082
sans featurings ni ad-libs,0.9036923276708226
sans featurings ni ad-libs,0.9807388478428977
sans featurings ni ad-libs,0.926148521656039
sans featurings ni ad-libs,0.9017225205576306
sans featurings ni ad-libs,0.9285506099424872
sans featurings ni ad-libs,0.873515716260544
sans featurings ni ad-libs,0.960043596497892
sans featurings ni ad-libs,0.8755209811783036
sans featurings ni ad-libs,0.9508553677281657
sans featurings ni ad-libs,0.9580405309498762
sans featurings ni ad-libs,0.8847606633342503
sans featurings ni ad-libs,0.8863156220482354
sans featurings ni ad-libs,0.9162356799362903
sans featurings ni ad-libs,0.9308859387962986
sans featurings ni ad-libs,0.9165466144894183
sans featurings ni ad-libs,0.9255396216278285
sans featurings ni ad-libs,0.947307947598963
sans featurings ni ad-libs,0.9462967387123735
sans featurings ni ad-libs,0.9463863501593952
sans featurings ni ad-libs,0.965234309295769
sans featurings ni ad-libs,0.9019668591781905
sans featurings ni ad-libs,0.9226830950928753
sans featurings ni ad-libs,0.8706840164487735
sans featurings ni ad-libs,0.9410148839131716
sans featurings ni ad-libs,0.9326123624636138
sans featurings ni ad-libs,0.9322086827281024
sans featurings ni ad-libs,0.9593972635295542
sans featurings ni ad-libs,0.9363778127062728
sans featurings ni ad-libs,0.9082062933293881
sans featurings ni ad-libs,0.9233878115040384
sans featurings ni ad-libs,0.9636498652024013
sans featurings ni ad-libs,0.9272281742573877
sans featurings ni ad-libs,0.9703305020013249
sans featurings ni ad-libs,0.961782794807219
sans featurings ni ad-libs,0.9011246964649937
sans featurings ni ad-libs,0.896288320609258
sans featurings ni ad-libs,0.9161156155881072
sans featurings ni ad-libs,0.935620700103361
sans featurings ni ad-libs,0.9254538005242281
sans featurings ni ad-libs,0.8985147107769549
sans featurings ni ad-libs,0.98365550974669
sans featurings ni ad-libs,0.9137007478747573
sans featurings ni ad-libs,0.8458581319216963
sans featurings ni ad-libs,0.9298150112778031
sans featurings ni ad-libs,0.968198123920734
sans featurings ni ad-libs,0.9328352069698721
sans featurings ni ad-libs,0.9204710475322344
sans featurings ni ad-libs,0.8908739002624089
sans featurings ni ad-libs,0.9640740074539903
sans featurings ni ad-libs,0.9073703746425539
sans featurings ni ad-libs,0.9610408878787122
sans featurings ni ad-libs,0.9794126313209192
sans featurings ni ad-libs,0.9079582580018284
sans featurings ni ad-libs,0.9448411180709496
sans featurings ni ad-libs,0.9677420465094216
sans featurings ni ad-libs,0.9085251467362282
sans featurings ni ad-libs,0.9350215047225313
sans featurings ni ad-libs,0.9719178508910057
sans featurings ni ad-libs,0.9495112098772045
sans featurings ni ad-libs,0.9539717816690756
sans featurings ni ad-libs,0.8785099249686064
sans featurings ni ad-libs,0.9325323620354669
sans featurings ni ad-libs,0.9796858801856709
sans featurings ni ad-libs,0.8996623548218876
sans featurings ni ad-libs,0.939178434238932
sans featurings ni ad-libs,0.9123924470910749
sans featurings ni ad-libs,0.9350404898416208
sans featurings ni ad-libs,0.8908741886603955
sans featurings ni ad-libs,0.947480228609197
sans featurings ni ad-libs,0.9265992135089768
sans featurings ni ad-libs,0.9389272375576417
sans featurings ni ad-libs,0.9407080796454085
sans featurings ni ad-libs,0.9465035973473271
sans featurings ni ad-libs,0.9615923885137472
sans featurings ni ad-libs,0.9103214231331744
sans featurings ni ad-libs,0.9660556472226023
sans featurings ni ad-libs,0.9147059463327913
sans featurings ni ad-libs,0.9042889315725033
sans featurings ni ad-libs,0.9653860498593791
sans featurings ni ad-libs,0.9150148560440846
sans featurings ni ad-libs,0.9356677441849998
sans featurings ni ad-libs,0.9536092327620258
sans featurings ni ad-libs,0.9794194185423468
sans featurings ni ad-libs,0.9246152711909045
sans featurings ni ad-libs,0.9329654307001771
sans featurings ni ad-libs,0.9538429206643709
sans featurings ni ad-libs,0.9420385112264527
sans featurings ni ad-libs,0.937588253084042
sans featurings ni ad-libs,0.901210511846366
sans featurings ni ad-libs,0.9834372790831081
sans featurings ni ad-libs,0.9600905355486021
sans featurings ni ad-libs,0.9440616491567384
sans featurings ni ad-libs,0.9326272808707833
sans featurings ni ad-libs,0.901239931615514
sans featurings ni ad-libs,0.9304578323527577
sans featurings ni ad-libs,0.9570091382154311
sans featurings ni ad-libs,0.9048134845592817
sans featurings ni ad-libs,0.9469682385219688
sans featurings ni ad-libs,0.9058283675252946
sans featurings ni ad-libs,0.935126308913135
sans featurings ni ad-libs,0.9091319273454274
sans featurings ni ad-libs,0.8994233779340668
sans featurings ni ad-libs,0.9170697786737436
sans featurings ni ad-libs,1.0228903230591486
sans featurings ni ad-libs,0.8771648618413848
sans featurings ni ad-libs,0.9278404230601823
sans featurings ni ad-libs,0.9110533247584133
sans featurings ni ad-libs,0.8949700463213794
sans featurings ni ad-libs,0.9347611815425112
sans featurings ni ad-libs,0.9528454707601953
sans featurings ni ad-libs,0.9509827044847684
sans featurings ni ad-libs,0.9560646717616289
sans featurings ni ad-libs,0.9066666967219801
sans featurings ni ad-libs,0.9573988318228864
sans featurings ni ad-libs,0.952813112216161
sans featurings ni ad-libs,0.9261217188810197
sans featurings ni ad-libs,0.9349706896278172
sans featurings ni ad-libs,0.9309718648373415
sans featurings ni ad-libs,0.9274770956287492
sans featurings ni ad-libs,0.9601058636006278
sans featurings ni ad-libs,0.9493615989996427
sans featurings ni ad-libs,0.9320903216485196
sans featurings ni ad-libs,0.8521724951451974
sans featurings ni ad-libs,0.9885918081225672
sans featurings ni ad-libs,0.963504527487637
sans featurings ni ad-libs,0.934330931681628
sans featurings ni ad-libs,0.9328581547717499
sans featurings ni ad-libs,0.9231049012331465
sans featurings ni ad-libs,0.9162716280416998
sans featurings ni ad-libs,0.944704491620774
sans featurings ni ad-libs,0.9608292665496235
sans featurings ni ad-libs,0.9650089620973505
sans featurings ni ad-libs,0.9568147387655878
sans featurings ni ad-libs,0.9237941161256011
sans featurings ni ad-libs,0.9238673844924121
sans featurings ni ad-libs,0.973691492226355
sans featurings ni ad-libs,0.9271650710996613
sans featurings ni ad-libs,0.9668024516167371
sans featurings ni ad-libs,0.9282654364426847
sans featurings ni ad-libs,0.944940843168208
sans featurings ni ad-libs,0.9719277560461599
sans featurings ni ad-libs,0.9210936663048491
sans featurings ni ad-libs,0.9305055133791746
sans featurings ni ad-libs,0.9681755720278821
sans featurings ni ad-libs,0.9264651467043479
sans featurings ni ad-libs,0.9235205677999175
sans featurings ni ad-libs,0.937766995849872
sans featurings ni ad-libs,0.9025390071693404
sans featurings ni ad-libs,0.9308298630220432
sans featurings ni ad-libs,0.9280171118467586
sans featurings ni ad-libs,0.9274235315337532
sans featurings ni ad-libs,0.9382755255637939
sans featurings ni ad-libs,0.8982683602239974
sans featurings ni ad-libs,0.8928289199476206
sans featurings ni ad-libs,0.9576835032457769
sans featurings ni ad-libs,0.9209481263768067
sans featurings ni ad-libs,0.8818179839358454
sans featurings ni ad-libs,0.9339142946060337
sans featurings ni ad-libs,0.9249211711164897
sans featurings ni ad-libs,0.951321647766699
sans featurings ni ad-libs,0.9028888040661176
sans featurings ni ad-libs,0.9569555648186536
sans featurings ni ad-libs,0.9352863385476978
sans featurings ni ad-libs,0.9050665328060978
sans featurings ni ad-libs,0.8901953888976541
sans featurings ni ad-libs,0.9391175433468707
sans featurings ni ad-libs,0.9069182157390376
sans featurings ni ad-libs,0.9487134601355066
sans featurings ni ad-libs,0.8954470769442041
sans featurings ni ad-libs,0.8966621685065013
sans featurings ni ad-libs,0.9488869250457277
sans featurings ni ad-libs,0.9846655715881302
sans featurings ni ad-libs,0.9526516632547721
sans featurings ni ad-libs,0.9441582943036982
sans featurings ni ad-libs,0.9204037321674862
sans featurings,0.9329508320168105
sans featurings,0.940217833123526
sans featurings,0.9016614105099477
sans featurings,0.9100637999412079
sans featurings,0.9565077913758112
sans featurings,0.9459822371302942
sans featurings,0.9722396218515006
sans featurings,0.980013366541264
sans featurings,0.9462446770551092
sans featurings,0.9293704818316592
sans featurings,0.9016819719391287
sans featurings,0.9405566387048061
sans featurings,0.9400861754003282
sans featurings,0.968557702086613
sans featurings,0.940108205836145
sans featurings,0.9187690673659661
sans featurings,0.9599167565385383
sans featurings,0.8876866166076823
sans featurings,0.9388999545703254
sans featurings,0.9936369469456177
sans featurings,0.9688326732716961
sans featurings,0.887781012775598
sans featurings,0.9558433332638709
sans featurings,0.9454685141821668
sans featurings,0.8958481709875474
sans featurings,0.9510228216715749
sans featurings,0.9080446821192727
sans featurings,0.903978460809993
sans featurings,0.9447702265996527
sans featurings,0.9377659298316112
sans featurings,0.923539156735995
sans featurings,0.9354421648298372
sans featurings,0.9610678693456074
sans featurings,0.9440412139491379
sans featurings,0.9468963690153123
sans featurings,0.9483768548408855
sans featurings,0.9483013321242156
sans featurings,0.9367503544167055
sans featurings,0.9818473110425983
sans featurings,0.9363984032099534
sans featurings,0.8978614198997453
sans featurings,0.9659404888496343
sans featurings,0.950578231425367
sans featurings,0.9051597066091942
sans featurings,0.9523362402835129
sans featurings,0.9381337647384371
sans featurings,0.9372868738355302
sans featurings,0.9564706137480075
sans featurings,0.9032373827163704
sans featurings,0.9105722016574752
sans featurings,0.9572917527327846
sans featurings,0.9299540911498386
sans featurings,0.9996531705360497
sans featurings,0.9650553582035345
sans featurings,0.9113326946798554
sans featurings,0.9103776152228092
sans featurings,0.9420784348287011
sans featurings,0.9570427681915444
sans featurings,0.9043114794059541
sans featurings,0.9272178935098205
sans featurings,0.9210153891689359
sans featurings,0.9411586764147225
sans featurings,0.948711526331068
sans featurings,0.9299243187659816
sans featurings,0.984403485156363
sans featurings,0.9369134563917028
sans featurings,0.9766378636468038
sans featurings,0.9965554172365705
sans featurings,0.9115223759459724
sans featurings,0.9560185503806476
sans featurings,0.9919809889898339
sans featurings,0.9944729655674349
sans featurings,0.9000277060442913
sans featurings,0.9824685718982676
sans featurings,0.9701930391085779
sans featurings,0.8946870539592642
sans featurings,0.9579711079950645
sans featurings,0.9248302696946937
sans featurings,0.9627985796169162
sans featurings,1.0067110684169505
sans featurings,0.941930750850402
sans featurings,0.918231355402344
sans featurings,0.9264338891925153
sans featurings,0.98029276404985
sans featurings,0.9632123560110284
sans featurings,0.9542489512533621
sans featurings,0.8933232265752562
sans featurings,0.9368768725183044
sans featurings,0.924993992898933
sans featurings,0.8980757721161788
sans featurings,0.895967655283616
sans featurings,0.9483889496368478
sans featurings,0.9182521316799237
sans featurings,0.9505977686237603
sans featurings,0.9559749825023316
sans featurings,0.8992437228483809
sans featurings,0.8971491733052889
sans featurings,0.9192838593687412
sans featurings,0.9464730822003843
sans featurings,0.9362302366703763
sans featurings,0.9269364031877523
sans featurings,0.94687174740961
sans featurings,0.928321448559135
sans featurings,0.9432905139706669
sans featurings,0.9784984701084385
sans featurings,0.8949820129724697
sans featurings,0.9268594677676651
sans featurings,0.9758686347614313
sans featurings,0.9974504294324161
sans featurings,0.9162317512431957
sans featurings,0.9183071142057406
sans featurings,0.8883915483923197
sans featurings,0.95634126357381
sans featurings,0.8916768120637881
sans featurings,0.9617368199344215
sans featurings,0.9500754927567896
sans featurings,0.9210417839619831
sans featurings,0.958325154797096
sans featurings,0.9134069690240942
sans featurings,0.9216919479542892
sans featurings,0.9325293474559646
sans featurings,0.9493761969855237
sans featurings,0.9346801621813003
sans featurings,0.9379110657622544
sans featurings,0.9190960673666028
sans featurings,0.9006250988602288
sans featurings,0.9731249883167858
sans featurings,0.9119309446440098
sans featurings,0.946784216068722
sans featurings,0.9214314751571515
sans featurings,0.9417259278292646
sans featurings,0.9620629269166026
sans featurings,0.919316936433638
sans featurings,0.8705591465969088
sans featurings,1.0005642487037376
sans featurings,0.9495531735154318
sans featurings,0.9443472181523109
sans featurings,0.9328252249432951
sans featurings,0.9767122486284857
sans featurings,0.904703853399193
sans featurings,0.9085648085369727
sans featurings,0.9228401970637835
sans featurings,0.9175822442090388
sans featurings,0.9384055905355743
sans featurings,0.9240171020075324
sans featurings,0.9222446253792281
sans featurings,0.9834555957108428
sans featurings,0.9212080597231701
sans featurings,0.955545545697461
sans featurings,0.9464618975743948
sans featurings,0.9547198526440118
sans featurings,0.906221434450519
sans featurings,0.9489102934617397
sans featurings,0.9402271227930952
sans featurings,0.9861111548420805
sans featurings,0.9765483445025083
sans featurings,0.9489789832602337
sans featurings,0.9183424589930012
sans featurings,0.9005582256185907
sans featurings,0.9696310962449239
sans featurings,0.8866711130795158
sans featurings,0.9286588359106389
sans featurings,0.9185397640051488
sans featurings,0.9400919654117006
sans featurings,0.9211590021617038
sans featurings,0.9351534323803579
sans featurings,0.9621486360699442
sans featurings,0.9317814696498212
sans featurings,0.9720028288281445
sans featurings,0.952979345780747
sans featurings,0.9350443555059751
sans featurings,0.9458532839364245
sans featurings,0.9155989856653249
sans featurings,0.9216170553044126
sans featurings,0.9567467787775307
sans featurings,0.9472945019253238
sans featurings,0.943374843074693
sans featurings,0.9537458424275943
sans featurings,0.9106533430274403
sans featurings,0.9350862368067923
sans featurings,0.9531998584909943
sans featurings,0.9575402860278345
sans featurings,0.9858285818746033
sans featurings,0.94621961137014
sans featurings,0.8929229820886361
sans featurings,0.955583339591753
sans featurings,0.9619699977547327
sans featurings,0.9112802831114644
sans featurings,0.9165367093482064
sans featurings,0.9293590930649283
sans featurings,0.9281451915890921
sans featurings,0.9203484215543412
sans featurings,0.9750645277719097
sans featurings,0.9121235376402222
sans featurings,0.8638548758195254
sans featurings,0.930053353121189
sans featurings,0.9652413066859648
sans featurings,0.9497922525759327
sans featurings,0.9289488425249693
sans featurings,0.9386682829809613
sans featurings,0.893259471117801
sans featurings,0.9209899712179055
sans featurings,0.9196894982254391
sans featurings,0.9412680721406643
sans featurings,0.9599150040457662
sans featurings,0.9327454332791123
sans featurings,0.9695842629512595
sans featurings,0.9547232804946918
sans featurings,0.8824412429106676
sans featurings,0.9251568550936868
sans featurings,0.9744448340235461
sans featurings,0.9153433986677966
sans featurings,0.9051892819174114
sans featurings,0.9575684566275482
sans featurings,0.8980756308825891
sans featurings,0.9391033699126571
sans featurings,0.894395455397017
sans featurings,0.9276175469395909
sans featurings,0.9529073375183819
sans featurings,0.8691688746897888
sans featurings,0.9238572141204936
sans featurings,0.9304915584503504
sans featurings,0.9229020052944917
sans featurings,0.946186546470049
sans featurings,0.9734333225113022
sans featurings,0.9191445711086507
sans featurings,0.9634754142498658
sans featurings,0.9648419930146245
sans featurings,0.8789246112240172
sans featurings,0.9133840500387145
sans featurings,0.9411636112321028
sans featurings,0.9416438361134979
sans featurings,0.9648622828479536
sans featurings,0.9332538432979072
sans featurings,0.9689120767368662
sans featurings,0.9540439994599252
sans featurings,0.9234518983972044
sans featurings,0.9191135815539
sans featurings,0.9737192607139384
sans featurings,0.958107647108896
sans featurings,1.0023266578378995
sans featurings,0.9621384866545959
sans featurings,0.9635127298026052
sans featurings,0.8871634351957225
sans featurings,0.9159440131331353
sans featurings,0.9666376047492796
sans featurings,0.9240366803331742
sans featurings,0.9597066876466647
sans featurings,0.9321479517117129
sans featurings,0.8950661374195114
sans featurings,0.9624727391461162
sans featurings,0.9422797945546099
sans featurings,0.9193700268452966
sans featurings,0.9832931148040219
sans featurings,0.9147555965271834
sans featurings,0.9345705245083726
sans featurings,0.8903074415196819
sans featurings,0.8871347801815092
sans featurings,0.9389371039150513
sans featurings,0.8990984603217183
sans featurings,0.9039784543888447
sans featurings,0.9226932232224644
sans featurings,0.9373982654518247
sans featurings,0.9710930875513863
sans featurings,0.9677133367180114
sans featurings,0.8701293663274401
sans featurings,0.9499767054640392
sans featurings,0.9633253397430046
sans featurings,0.9213297425910724
sans featurings,0.8658374112744995
sans featurings,0.9188667572529952
sans featurings,0.933621557353794
sans featurings,0.9384602855632688
sans featurings,0.9676505280469319
sans featurings,0.9501495132674375
sans featurings,0.90971574267381
sans featurings,0.9041632244374942
sans featurings,0.953908360961345
sans featurings,0.9102169936177047
sans featurings,0.9496616629217473
sans featurings,0.8881694205137862
sans featurings,0.9065037156405502
sans featurings,0.909506740144491
sans featurings,0.9228099738180898
sans featurings,0.9680364379417705
sans featurings,0.9229201663378158
sans featurings,0.9429782505542108
sans featurings,0.9039702665471372
sans featurings,0.9607276596235017
sans featurings,0.9451695575376496
sans featurings,0.9443484559097742
sans featurings,0.9076789943270741
sans featurings,0.9445565303142222
sans featurings,0.9656590026707151
sans featurings,0.9688060283173625
sans featurings,0.9024719873777945
sans featurings,0.9637806593547342
sans featurings,0.9540809835976694
sans featurings,0.9487203431999419
sans featurings,0.9478045356793325
sans featurings,0.9457780201706997
sans featurings,0.9260138077742636
sans featurings,0.925046456406101
sans featurings,0.9851252576946652
sans featurings,0.931914178443294
sans featurings,0.9393971108711715
sans featurings,0.934345005188213
sans featurings,0.9292107301100527
sans featurings,0.9589668053816809
sans featurings,0.9744094452919587
sans featurings,0.9707379896547492
sans featurings,0.9103208005752712
sans featurings,0.9442700508762618
sans featurings,0.9690638839564074
sans featurings,0.9460885974545202
sans featurings,0.927272890884994
sans featurings,0.9265183448802066
sans featurings,0.9301091418361258
sans featurings,0.9695371503891915
sans featurings,0.9257996627870138
sans featurings,0.9412214057452232
sans featurings,0.9488862515075397
sans featurings,0.931948002735564
sans featurings,0.93430660654379
sans featurings,0.9660273100819229
sans featurings,0.9278103612849286
sans featurings,0.9737742914737684
sans featurings,0.911202115443948
sans featurings,0.9208468143013129
sans featurings,0.9145630114536659
sans featurings,0.9728298430198328
sans featurings,0.9672241101099132
sans featurings,0.9413475177215885
sans featurings,0.9428548914294065
sans featurings,0.9410405832807046
sans featurings,0.9014479824743695
sans featurings,0.9202535773760527
sans featurings,0.9110393136090881
sans featurings,0.8976997049014042
sans featurings,0.9478726995600243
sans featurings,0.9561137172361813
sans featurings,0.9138392923045644
sans featurings,0.9672789791171886
sans featurings,0.9565301607751199
sans featurings,0.9594617814917011
sans featurings,0.9756973801290613
sans featurings,0.9382262620379718
sans featurings,0.9754189832688157
sans featurings,0.9297176864945615
sans featurings,0.9704455565350809
sans featurings,0.9023074802088218
sans featurings,0.947138010830434
sans featurings,0.987381864272016
sans featurings,0.9245664260114363
sans featurings,0.9145323469416176
sans featurings,0.9047579122552014
sans featurings,0.8609958089809373
sans featurings,0.9241264171150972
sans featurings,0.9250317700900429
sans featurings,0.8997686314214556
sans featurings,0.8940755273957101
sans featurings,0.9340838205460369
sans featurings,0.9058623927581493
sans featurings,0.9453806544340295
sans featurings,0.9378316943040064
sans featurings,0.969564371405253
sans featurings,0.9886316866012123
sans featurings,0.9030943805905358
sans featurings,0.9344635494813156
sans featurings,0.9717139277208283
sans featurings,0.9329749681642769
sans featurings,0.9328772980798392
sans featurings,0.9492283881711427
sans featurings,0.9472594449871298
sans featurings,0.9198271429824838
sans featurings,0.9491610427016354
sans featurings,0.9656018244314856
sans featurings,0.9161225123092215
sans featurings,0.9105671506493362
sans featurings,0.9511707858087651
sans featurings,0.9262000005180493
sans featurings,0.9380790745205303
sans featurings,0.8924668941476304
sans featurings,0.9707999821357054
sans featurings,0.9537648248365351
sans featurings,0.8886730120525642
sans featurings,0.9167635172927979
sans featurings,0.9030964347259456
sans featurings,0.957185212025519
sans featurings,0.9578449342706871
sans featurings,0.9178257508874341
sans featurings,0.9754910218981583
sans featurings,0.9094495849000107
sans featurings,0.9184530124251311
sans featurings,0.9306056523139372
sans featurings,0.9023888744181464
sans featurings,0.9183118984699281
sans featurings,0.9117339963877475
sans featurings,0.9114939457925949
sans featurings,0.942569252959395
sans featurings,0.9313237177108784
sans featurings,0.9259990795219817
sans featurings,0.9019802867317203
sans featurings,0.9375157840502039
sans featurings,0.9772330638515814
sans featurings,0.9197903535239988
sans featurings,0.9429795368849099
sans featurings,0.9135731635040407
sans featurings,0.9269868732733404
sans featurings,0.9746482655204247
sans featurings,0.925490096601904
sans featurings,0.9626611715409998
sans featurings,0.9008826856866681
sans featurings,0.8997508484922299
sans featurings,0.9566162188518051
sans featurings,0.9270003246061937
sans featurings,0.9377553261334067
sans featurings,0.9289061276776861
sans featurings,0.90242994099888
sans featurings,0.9067608027659629
sans featurings,0.9095156231022276
sans featurings,0.9369612913550606
sans featurings,0.9154173720349942
sans featurings,0.96855872241188
sans featurings,0.9572665222955967
sans featurings,0.9541093087181672
sans featurings,0.9359381624027366
sans featurings,0.9426179622091458
sans featurings,0.9647447244882128
sans featurings,0.9006974241321446
sans featurings,0.9512306736990493
sans featurings,0.9349133636607755
sans featurings,0.946760617854131
sans featurings,0.9054595839838172
sans featurings,1.0140538666667427
sans featurings,0.978333541372361
sans featurings,0.903873324396242
sans featurings,0.9267709616647819
sans featurings,0.9160254245836232
sans featurings,0.9642991291795707
sans featurings,0.962843124488486
sans featurings,0.9765656917251543
sans featurings,0.9701119748253041
sans featurings,0.9098107238725395
sans featurings,0.9064365049387563
sans featurings,0.931707282471455
sans featurings,0.9054744027621482
sans featurings,0.894785218935159
sans featurings,0.9421505760050102
sans featurings,0.9413074555345992
sans featurings,0.9925447425537558
sans featurings,0.9253141890379817
sans featurings,0.9501786968045832
sans featurings,0.9466307775680787
sans featurings,0.8801666599060056
sans featurings,0.9500643294720182
sans featurings,0.9642221738040978
sans featurings,0.9126748634455464
sans featurings,0.9319861999083565
sans featurings,0.9261462252406165
sans featurings,0.905476517968513
sans featurings,0.964045993873701
sans featurings,0.95574697115493
sans featurings,0.90239887498467
sans featurings,0.8861542224077514
sans featurings,0.9374089112197636
sans featurings,0.9101176222133145
sans featurings,0.904615805369767
sans featurings,0.9243245417093447
sans featurings,0.9752979877755712
sans featurings,0.9248320223979777
sans featurings,0.9660133633508228
sans featurings,0.9160520998883824
sans featurings,0.9417220536204532
sans featurings,0.9329684351984682
sans featurings,0.942473547891995
sans featurings,0.9570438883861211
sans featurings,0.9721897475470251
sans featurings,0.9593407459522484
sans featurings,0.8954922644174936
sans featurings,0.9474468492146334
sans featurings,0.9335583178480903
sans featurings,0.9024641234811358
sans featurings,0.9353892992615757
sans featurings,0.9381139875155966
sans featurings,0.8680091131639045
sans featurings,0.9843809163465138
sans featurings,0.9370574533078567
sans featurings,0.8800502412829696
sans featurings,0.9435658583056095
sans featurings,0.9461268814105545
sans featurings,0.9484874269602137
sans featurings,0.928338711477095
sans featurings,0.9861210231947247
sans featurings,0.9519166376471113
sans featurings,0.9544833022999812
sans featurings,0.9081930153932318
sans featurings,0.9459203159386995
sans featurings,0.910539654693621
sans featurings,0.9298828226863967
sans featurings,0.9733073204291227
sans featurings,0.9542668151406462
sans featurings,0.9613566164883018
sans featurings,0.9333684113923721
sans featurings,0.9387877880503979
sans featurings,0.9540469622599497
sans featurings,0.9356333470759575
sans featurings,0.9316990689427045
sans featurings,0.9139767347155531
sans featurings,0.9131972459094512
sans featurings,0.9343440947798901
sans featurings,0.8806926045245267
sans featurings,0.8975604264129823
sans featurings,0.92954019391553
sans featurings,0.9366821345147163
sans featurings,0.9217457721003751
sans featurings,0.9395584806230529
sans featurings,0.95829672546413
sans featurings,0.9378209243531219
sans featurings,0.915721453753855
sans featurings,0.9723058488401335
sans featurings,0.9268678830195831
sans featurings,0.8908926802893584
sans featurings,0.9315488111480927
sans featurings,0.9105693579738349
sans featurings,0.948710102680224
sans featurings,0.9323953940696449
sans featurings,0.9618842391536498
sans featurings,0.905738434543361
sans featurings,0.9182716524655699
sans featurings,1.0105233366464004
sans featurings,0.9675860292785529
sans featurings,0.8955576137425802
sans featurings,0.9358069566624502
sans featurings,0.9590538852394495
sans featurings,0.9243483542595543
sans featurings,0.9020377058390336
sans featurings,0.9464345997242478
sans featurings,0.9223477902468489
sans featurings,0.9187702917022403
sans featurings,0.8999330705995938
sans featurings,0.9025377472344287
sans featurings,0.9249868078204695
sans featurings,0.9374530632712392
sans featurings,0.9763956044670274
sans featurings,0.9614082667085555
sans featurings,0.9309611890055466
sans featurings,0.9631527339465621
sans featurings,0.9314129477933808
sans featurings,0.9255798946372404
sans featurings,0.8791552226205346
sans featurings,0.9113074405054521
sans featurings,1.0049695872180446
sans featurings,0.8961384375445831
sans featurings,0.8978684549955515
sans featurings,0.9369956503676146
sans featurings,0.9155908347594509
sans featurings,0.92076345015574
sans featurings,0.9499760368057169
sans featurings,0.9128615564919318
sans featurings,0.9099279325689787
sans featurings,0.9118644539369929
sans featurings,0.9165953005025319
sans featurings,0.9207405583415722
sans featurings,0.9522525746723322
sans featurings,0.9480078323102337
sans featurings,0.9228813333026009
sans featurings,0.9051338739119174
sans featurings,0.8757697620704505
sans featurings,0.9136957374954972
sans featurings,0.9238024037815887
sans featurings,0.9601087901625116
sans featurings,0.9337226529477467
sans featurings,0.9575930530409629
sans featurings,0.9320815202022356
sans featurings,0.9289039954152064
sans featurings,0.9574432063918435
sans featurings,0.9303770691927149
sans featurings,0.9439435677473373
sans featurings,0.9206814384282241
sans featurings,0.9461399575459705
sans featurings,0.9304915584503504
sans featurings,0.9423867914596166
sans featurings,0.984061244383662
sans featurings,0.9330027982831467
sans featurings,0.9055868785898923
sans featurings,0.9868798444113663
sans featurings,0.9269209171130119
sans featurings,0.9234696272811024
sans featurings,0.9209749748926067
sans featurings,0.9450973686876031
sans featurings,0.8919556133214979
sans featurings,0.9578904110149625
sans featurings,0.9126583796611942
sans featurings,0.9847167223319229
sans featurings,0.9068216068005569
sans featurings,0.9329593946829204
sans featurings,0.9333897886262794
sans featurings,0.8525442135800834
sans featurings,0.9045139559347466
sans featurings,0.9914280890710215
sans featurings,0.9766650334392627
sans featurings,0.9047519878956081
sans featurings,0.9738365344153301
sans featurings,0.9853822518623825
sans featurings,0.9278374664939305
sans featurings,0.901950245380924
sans featurings,0.8639759422810134
sans featurings,0.9413181798319132
sans featurings,0.9667309049242203
sans featurings,0.924657259722258
sans featurings,0.9479515060683368
sans featurings,0.9214623684216151
sans featurings,0.9547488715436653
sans featurings,0.9016616657272223
sans featurings,0.9517899702816205
sans featurings,0.9470154426307601
sans featurings,0.979834204882372
sans featurings,0.9168073446770992
sans featurings,0.939043180294733
sans featurings,0.9221818367793235
sans featurings,0.9227463499809124
sans featurings,0.9543374887964956
sans featurings,0.9449827339246477
sans featurings,0.9151091477302149
sans featurings,0.9657096849328011
sans featurings,0.9513625621736578
sans featurings,0.8911989224091272
sans featurings,0.9637359702909134
sans featurings,0.9365581127117643
sans featurings,0.9394467203493172
sans featurings,0.9212404288088306
sans featurings,0.9467080110595347
sans featurings,0.9949389166285082
sans featurings,0.9583131586786346
sans featurings,0.9672306265988972
sans featurings,0.9352452518805077
sans featurings,0.9066482492417304
sans featurings,0.9505345230742852
sans featurings,0.9114934101115657
sans featurings,0.950677662107612
sans featurings,0.9225979896564147
sans featurings,0.9646188931085258
sans featurings,0.8853069719649395
sans featurings,0.9438615029306322
sans featurings,0.946138125858157
sans featurings,0.9546414370648619
sans featurings,0.9253615298260622
sans featurings,0.8927483888235256
sans featurings,0.8710986264756044
sans featurings,0.8636902267524512
sans featurings,0.9226809608855109
sans featurings,0.9397693341077166
sans featurings,0.9131458167650949
sans featurings,0.9151300256107016
sans featurings,0.9478164766461201
sans featurings,0.9780459970137872
sans featurings,0.9202178489198756
sans featurings,0.9482413467248791
sans featurings,0.9374295203850689
sans featurings,0.9206122718249844
sans featurings,0.9135459542440475
sans featurings,0.9526184388400338
sans featurings,0.9125272417074941
sans featurings,0.930603783727335
sans featurings,0.9316304756261159
sans featurings,0.9194886190822643
sans featurings,0.920666286240692
sans featurings,0.9039706689732434
sans featurings,0.9115637147381174
sans featurings,0.9498401072322762
sans featurings,0.9681997771780224
sans featurings,0.9267524230519708
sans featurings,0.8838892631680662
sans featurings,0.9046576963879189
sans featurings,0.9724048999234136
sans featurings,0.9904188948771937
sans featurings,0.9192579899480683
sans featurings,0.9407895645667217
sans featurings,0.9539475573676238
sans featurings,0.9691472989244708
sans featurings,0.8638256202267698
sans featurings,0.9544463115717446
sans featurings,0.9677238038436139
sans featurings,1.0067110684169505
sans featurings,0.9119666132187113
sans featurings,0.8956830546099032
sans featurings,0.9319221766041483
sans featurings,0.9371805309953222
sans featurings,0.9232767227471952
sans featurings,0.9248930930907749
sans featurings,0.8807521106596398
sans featurings,0.9798589431445669
sans featurings,0.8941496062748959
sans featurings,0.9488612800733667
sans featurings,0.9686048972435805
sans featurings,0.9227992857180052
sans featurings,0.9917290386641929
sans featurings,0.9138243602256636
sans featurings,0.9847307617251648
sans featurings,0.9755690184720293
sans featurings,0.9059067824165643
sans featurings,0.9316958228542177
sans featurings,0.8877576985234554
sans featurings,0.9348616820672332
sans featurings,0.9483682844648302
sans featurings,0.9619181122968252
sans featurings,0.9566452816427138
sans featurings,0.980411720247621
sans featurings,0.9170552237103047
sans featurings,0.9637278943389626
sans featurings,0.9307156600101084
sans featurings,0.8732215305340117
sans featurings,0.9321848684384193
sans featurings,0.9463781394396962
sans featurings,0.9925476127796864
sans featurings,0.9056276052444804
sans featurings,0.9643154900587493
sans featurings,0.9470808643037764
sans featurings,0.9982241750496118
sans featurings,0.9127813071817855
sans featurings,0.970942823581593
sans featurings,0.9606301152004192
sans featurings,0.9597219026917514
sans featurings,0.9448545167538449
sans featurings,0.9357552751076568
sans featurings,0.915546997870163
sans featurings,0.9455122045215419
sans featurings,0.9425914029145347
sans featurings,0.9203949216666896
sans featurings,0.9435372783308328
sans featurings,0.9485608511080126
sans featurings,0.954547700716084
sans featurings,0.9484221715101777
sans featurings,0.9744750438419234
sans featurings,0.9487711311728613
sans featurings,0.9188614994300156
sans featurings,0.8955422111056175
sans featurings,0.9458497487728793
sans featurings,0.9131550739289962
sans featurings,0.9217637001940031
sans featurings,0.9225464500705032
sans featurings,0.9390865240398288
sans featurings,0.9814165661290302
sans featurings,0.9446314743152859
sans featurings,0.9628321837299183
sans featurings,0.9185469881741025
sans featurings,0.9346705514876475
sans featurings,0.9334689452169341
sans featurings,0.966934816284147
sans featurings,0.9741587109093145
sans featurings,0.978907342602523
sans featurings,0.9641317633826019
sans featurings,0.933786175718847
sans featurings,0.9534019929386703
sans featurings,0.912864016137659
sans featurings,0.8993261731910932
sans featurings,0.9149202097278715
sans featurings,0.9372662141301376
sans featurings,0.907015255778324
sans featurings,0.9301275175497751
sans featurings,0.9325099050838545
sans featurings,0.947951832542845
sans featurings,0.9823500437743223
sans featurings,0.925479013774861
sans featurings,0.9923474344773948
sans featurings,0.9576345260804068
sans featurings,0.9687462144186528
sans featurings,0.9254600632939265
sans featurings,0.9271577423699158
sans featurings,0.8855890234016086
sans featurings,0.925225253141607
sans featurings,0.8920947221142655
sans featurings,0.95113900541852
sans featurings,0.9030518090671478
sans featurings,0.9239717407372625
sans featurings,0.9851647462551587
sans featurings,0.9515491352522525
sans featurings,0.9057588087431204
sans featurings,0.9321251432130279
sans featurings,0.9659615806422382
sans featurings,0.9737703644094027
sans featurings,0.9579589388695158
sans featurings,0.896352216145686
sans featurings,0.8725603667971178
sans featurings,0.9881723005250417
sans featurings,0.9221043723147547
sans featurings,0.9607456659263446
sans featurings,0.9206022978569158
sans featurings,0.9073718267531722
sans featurings,0.9112658089511665
sans featurings,0.9352299090749293
sans featurings,0.8796240130291828
sans featurings,0.9950720271524266
sans featurings,0.9326050230012523
sans featurings,0.9215747280923918
sans featurings,0.9417392506374531
sans featurings,0.9720018011404663
sans featurings,0.9671812321963392
sans featurings,0.8736351664325602
sans featurings,0.945156092193977
sans featurings,0.9248527712111452
sans featurings,0.8741310212569382
sans featurings,0.8762839131568755
sans featurings,0.9911500392798399
sans featurings,0.9427619712019787
sans featurings,0.9147295577037271
sans featurings,0.9482881383895011
sans featurings,0.8976088642700542
sans featurings,0.8659908258809301
sans featurings,0.8950671304166102
sans featurings,0.8997865627938666
sans featurings,0.889684882723309
sans featurings,0.9271226130259222
sans featurings,0.9263564223095396
sans featurings,0.9650419397320202
sans featurings,0.876194183332757
sans featurings,0.907760623084202
sans featurings,0.9082369407104083
sans featurings,0.927960026629856
sans featurings,0.9011671159835541
sans featurings,0.9304775260594063
sans featurings,0.9432660637678952
sans featurings,0.9470402788216289
sans featurings,0.9252531613916212
sans featurings,0.9750673140439818
sans featurings,0.9592763386557891
sans featurings,0.9524306688246179
sans featurings,0.9213391091429427
sans featurings,0.9364639293272604
sans featurings,0.9901318895831211
sans featurings,0.9638895165121779
sans featurings,0.9816780459051232
sans featurings,0.9402785547725092
sans featurings,0.9386408866178433
sans featurings,0.8986361242867131
sans featurings,0.9837147112094075
sans featurings,0.9326085548417921
sans featurings,0.974770189833918
sans featurings,0.9502865742991574
sans featurings,0.9438315596899645
sans featurings,0.9343893614347867
sans featurings,0.9004346813575076
sans featurings,0.9468186281711981
sans featurings,0.9508196922559337
sans featurings,0.8888841178048902
sans featurings,0.9085772898824735
sans featurings,0.9488747139216107
sans featurings,0.9861137897453216
sans featurings,0.9111557976406428
sans featurings,0.9737809781874012
sans featurings,0.956483935249061
sans featurings,0.88795699451794
sans featurings,0.9178907818989196
sans featurings,0.9493104919315986
sans featurings,0.9729328583830472
sans featurings,0.9817801476225566
sans featurings,0.9721705258528381
sans featurings,0.9292880596058426
sans featurings,0.9407072298104534
sans featurings,0.915516592034207
sans featurings,0.9404608018188477
sans featurings,0.9150703627427624
sans featurings,0.9315825473857688
sans featurings,0.918511245872487
sans featurings,1.0152287291994335
sans featurings,0.9345801096302979
sans featurings,0.910156397583383
sans featurings,0.9304614245184812
sans featurings,0.9386942030414545
sans featurings,0.9247926984068409
sans featurings,0.9213928761648243
sans featurings,0.9508763566847765
sans featurings,0.9755062483974892
sans featurings,0.9527487354796689
sans featurings,0.9860300923818813
sans featurings,0.9972620734758915
sans featurings,0.887520101116839
sans featurings,0.9597007882419103
sans featurings,0.9107532152098814
sans featurings,0.9542268183238976
sans featurings,0.9120620766585056
sans featurings,0.9444363424424655
sans featurings,0.9891989999665433
sans featurings,0.9142096308251165
sans featurings,0.9293253627011819
sans featurings,0.9456148073206628
sans featurings,0.8959436242565088
sans featurings,0.9153356574581153
sans featurings,0.922674771761557
sans featurings,1.0097115429858756
sans featurings,0.9248831712327416
sans featurings,0.9065301960155331
sans featurings,0.9514379084027922
sans featurings,0.9675438795008469
sans featurings,0.8724233871053765
sans featurings,0.9062401737866959
sans featurings,0.9281005599945371
sans featurings,1.0039423552210331
sans featurings,0.9146637645136471
sans featurings,0.943250479260404
sans featurings,0.934885369416091
sans featurings,0.9408754288014504
sans featurings,0.9324262099442002
sans featurings,0.9528633841199208
sans featurings,0.936209047907623
sans featurings,0.9131723991347571
sans featurings,0.939865912579519
sans featurings,0.9473204381109062
sans featurings,0.8977015130141066
sans featurings,0.9405183386650122
sans featurings,0.9231295265631271
sans featurings,0.9567078085245008
sans featurings,0.9874203995322772
sans featurings,0.9656401853213058
sans featurings,0.9078222504487194
sans featurings,0.9103574890680282
sans featurings,0.9363137006862939
sans featurings,0.9660123188789919
sans featurings,0.951559602046057
sans featurings,0.9202125793171467
sans featurings,0.9336471043094372
sans featurings,0.9541855177652546
sans featurings,0.9492431769707773
sans featurings,0.9808253707197977
sans featurings,0.9351652137813031
sans featurings,0.9553327610956662
sans featurings,0.9029289441164794
sans featurings,0.8875396984101678
sans featurings,0.9267846281367846
sans featurings,0.9605317610600415
sans featurings,0.9314239912343091
sans featurings,0.9171148262451554
sans featurings,0.9659675010563412
sans featurings,0.9576534450604599
sans featurings,0.9785331864181
sans featurings,0.9150292083087979
sans featurings,0.8851228284381346
sans featurings,0.9318707311247728
sans featurings,0.9414822175305272
sans featurings,0.9671724941245641
sans featurings,0.9458428778436051
sans featurings,0.9584262614216414
sans featurings,0.9850940365394512
sans featurings,0.9122083977710496
sans featurings,0.9373900472012653
sans featurings,0.9454430178846249
sans featurings,0.951321984001998
sans featurings,0.9842479647703489
sans featurings,0.9486193942185422
sans featurings,0.957972070972342
sans featurings,0.9330712992911857
sans featurings,0.8916451227839903
sans featurings,0.9412879650657932
sans featurings,0.9394146415161365
sans featurings,0.9836266774131832
sans featurings,0.9502250709531261
sans featurings,0.9428970188544944
sans featurings,0.9181677024997753
sans featurings,0.9181162651025891
sans featurings,0.9574305406196997
sans featurings,0.9009336378901175
sans featurings,0.9256753687904444
sans featurings,0.9535986959324092
sans featurings,0.9094230230510886
sans featurings,0.9293383211585774
sans featurings,0.9448600646969327
sans featurings,0.9234035622819567
sans featurings,0.9653164558628685
sans featurings,0.9417648879551486
sans featurings,0.9469167341377651
sans featurings,0.9269601803385413
sans featurings,0.9057149862794541
sans featurings,0.9195676140155098
sans featurings,0.9267299319275271
sans featurings,0.9761322269261059
sans featurings,0.8995572220153552
sans featurings,0.9245060996342842
sans featurings,0.9399742122996145
sans featurings,0.9390812512524296
sans featurings,0.9295828264116976
sans featurings,0.9509647332124775
sans featurings,0.9744822628381926
sans featurings,0.9445433889199235
sans featurings,0.9493707695080583
sans featurings,0.9420031137864688
sans featurings,0.9440019109643127
sans featurings,0.9751176023482528
sans featurings,0.9580057395807192
sans featurings,0.9290911976926953
sans featurings,0.9368189745732025
sans featurings,0.9435700361933761
sans featurings,0.8959818375603507
sans featurings,0.8848244446263053
sans featurings,0.9256034064808739
sans featurings,0.9315899491744929
sans featurings,0.9222534591031073
sans featurings,0.9302751111469888
sans featurings,0.90617295005023
sans featurings,0.9372225737173661
sans featurings,0.980010015509864
sans featurings,0.9627276099555044
sans featurings,0.921473553724414
sans featurings,0.9521177891553916
sans featurings,0.9499553571422662
sans featurings,0.9039717618222204
sans featurings,0.947021558233322
sans featurings,0.880517415726159
sans featurings,0.9081027750492338
sans featurings,0.88938862256329
sans featurings,1.002404703257561
sans featurings,0.9047817513420063
sans featurings,0.9144499312829725
sans featurings,0.9491590542612393
sans featurings,0.8796225849063678
sans featurings,0.9595638534402073
sans featurings,0.919438265806444
sans featurings,0.9425448969710414
sans featurings,1.0009141655787803
sans featurings,0.9277397096583233
sans featurings,0.9262973412490477
sans featurings,0.9749979383609577
sans featurings,0.9434372715056546
sans featurings,0.9211087634301903
sans featurings,0.9373858685436979
sans featurings,0.8962469940867511
sans featurings,0.8960106320330927
sans featurings,0.9338647633015313
sans featurings,0.8913483574071641
sans featurings,0.9556790524124196
sans featurings,0.8740689113608131
sans featurings,0.9365030549076501
sans featurings,0.9708025103037461
sans featurings,0.8986291308840507
sans featurings,0.9358325647215883
sans featurings,0.8707295772675566
sans featurings,0.9100662797533526
sans featurings,0.9653271860245979
sans featurings,0.9532481045893847
sans featurings,0.9415336622488607
sans featurings,0.8935605799199509
sans featurings,0.9426371753006446
sans featurings,0.94795913609214
sans featurings,0.981253690446188
sans featurings,0.9162600283905379
sans featurings,0.9579292147561768
sans featurings,0.9238866661841283
sans featurings,0.9384559537531079
sans featurings,0.9636345664807254
sans featurings,0.9076339742057247
sans featurings,0.93793993569811
sans featurings,0.9230746871097162
sans featurings,0.9558095446457866
sans featurings,0.9611868312136678
sans featurings,0.9933386913354226
sans featurings,0.984134476463148
sans featurings,0.8803903017753081
sans featurings,0.9641084382622156
sans featurings,0.9012569307760767
sans featurings,0.9249353903612345
sans featurings,0.9437149550550347
sans featurings,0.9195725615032104
sans featurings,0.9177322357335265
sans featurings,0.9507687746820299
sans featurings,0.9062475963016706
sans featurings,0.9169696424742266
sans featurings,0.9033479647065349
sans featurings,0.9526397817071913
sans featurings,0.9143988457867884
sans featurings,0.93427345827986
sans featurings,0.9571731805244483
sans featurings,0.9897988048331487
sans featurings,0.9590888144122364
sans featurings,0.912768059884863
sans featurings,0.9075359837725168
sans featurings,0.9525079176027157
sans featurings,0.9542798340323339
sans featurings,0.9427738656123147
sans featurings,0.9049354820034269
sans featurings,0.973655756703516
sans featurings,0.9134069690240942
sans featurings,0.9213843169101499
sans featurings,0.8990550324447957
sans featurings,0.9244297934938521
sans featurings,0.9090051770838229
sans featurings,0.920778390305432
sans featurings,0.9510854319838794
sans featurings,0.9301405611596414
sans featurings,0.9920191951508254
sans featurings,0.9436364150041633
sans featurings,0.965954218247471
sans featurings,0.9572074333495714
sans featurings,0.9257118231104674
sans featurings,0.9214002698283499
sans featurings,0.9347585128545065
sans featurings,0.9460859189670696
sans featurings,0.9570567571073347
sans featurings,0.9222427753940284
sans featurings,0.9809506989998372
sans featurings,0.9238403376560619
sans featurings,0.9214757289515695
sans featurings,0.9396552546080922
sans featurings,0.9516541068021298
sans featurings,0.9445488631776068
sans featurings,0.9486423726314073
sans featurings,0.9165772037229829
sans featurings,0.9225808919539362
sans featurings,0.957774577145366
sans featurings,0.895309433353219
sans featurings,0.9428497890116653
sans featurings,0.9130122122700225
sans featurings,0.9208499852177313
sans featurings,0.9705573749002259
sans featurings,0.9689401641080627
sans featurings,0.9633351564570484
sans featurings,0.9147501383227955
sans featurings,0.9470841957989717
sans featurings,0.9241202089219468
sans featurings,0.9271854571940805
sans featurings,1.0283646575330312
sans featurings,0.8913446205978314
sans featurings,0.9458306138598714
sans featurings,0.9259274815551626
sans featurings,0.9122166834513035
sans featurings,0.9171496039498195
sans featurings,0.9624271265807948
sans featurings,0.9299908275772426
sans featurings,0.9191339389697613
sans featurings,0.9484386266328444
sans featurings,0.9241689253109673
sans featurings,0.9709261251580014
sans featurings,0.9581537841518959
sans featurings,0.8885328858165413
sans featurings,0.9094124917064447
sans featurings,0.8968006698454527
sans featurings,0.9170905078366811
sans featurings,1.0064319609978236
sans featurings,0.9281470108474776
sans featurings,0.9139801248681655
sans featurings,0.946246309723401
sans featurings,0.9562827342529456
sans featurings,0.9176838059347563
sans featurings,0.9445941829658593
sans featurings,0.9731029747588061
sans featurings,0.9696551236423314
sans featurings,0.9393829289419832
sans featurings,0.9266692531726434
sans featurings,0.9057093841387192
sans featurings,0.9321323833527719
sans featurings,0.9244266610079246
sans featurings,0.905292902926201
sans featurings,0.9633400695498362
sans featurings,0.9362910800393618
sans featurings,1.0218633822871206
sans featurings,0.9846145819007383
sans featurings,0.9608685559897131
sans featurings,0.9514758160296863
sans featurings,0.9642893807591338
sans featurings,0.9269261261567584
sans featurings,0.969380097913558
sans featurings,0.8913701301016514
sans featurings,0.9403251631347613
sans featurings,0.9400738610781444
sans featurings,0.949540645052309
sans featurings,0.9295517423761297
sans featurings,0.9095566238133881
sans featurings,0.9606368068221669
sans featurings,0.9685523137207006
sans featurings,0.9146448049958558
sans featurings,0.9149986975161462
sans featurings,0.9382274631921584
sans featurings,0.9140642193935715
sans featurings,0.9562415204068185
sans featurings,0.906551186077889
sans featurings,0.9567088265770843
sans featurings,0.9139554620733408
sans featurings,0.9325109009670497
sans featurings,0.9544250513112493
sans featurings,0.9640547481806186
sans featurings,0.9627173045792599
sans featurings,0.9453091651518136
sans featurings,0.8989009417814506
sans featurings,0.9107763513808439
sans featurings,0.939948192931247
sans featurings,0.9615970685957239
sans featurings,0.9154127284151844
sans featurings,0.910899211013565
sans featurings,0.9424329509377819
sans featurings,0.9022543473620933
sans featurings,0.9345247637625048
sans featurings,0.9263264842206409
sans featurings,0.9531356988067574
sans featurings,0.900369547132332
sans featurings,0.9012384947776876
sans featurings,1.0148119490263459
sans featurings,0.9552638822792965
sans featurings,0.9347341259259239
sans featurings,0.9311034272487911
sans featurings,0.9021117474127517
sans featurings,0.9483839379445516
sans featurings,0.9425096411097402
sans featurings,0.9496044613748693
sans featurings,0.9144801268520405
sans featurings,0.9209684699761236
sans featurings,0.9573042266805466
sans featurings,0.9399651598116437
sans featurings,0.9613735407961532
sans featurings,0.9368602489183151
sans featurings,0.9589025686212654
sans featurings,1.0028970769375256
sans featurings,0.9905740733406925
sans featurings,0.9614468005205646
sans featurings,0.9892214636573897
sans featurings,0.9481196087402565
sans featurings,0.9547034943433281
sans featurings,0.94324893764569
sans featurings,0.932438199829711
sans featurings,0.9355200906428831
sans featurings,0.9578837371467499
sans featurings,0.9236661710472249
sans featurings,0.9729097643543585
sans featurings,0.9373338050215662
sans featurings,0.9523568507595529
sans featurings,0.9603666981290472
sans featurings,0.927242794156821
sans featurings,0.9197020101940345
sans featurings,0.9229505950859083
sans featurings,0.9475835978555717
sans featurings,0.9635544910999401
sans featurings,0.9742269463296014
sans featurings,0.9681801481995722
sans featurings,0.9690160885903062
sans featurings,0.8909219577534218
sans featurings,0.8801319452495932
sans featurings,0.9299723949948593
sans featurings,0.9393246683753125
sans featurings,0.9569436840963492
sans featurings,0.9224485395465493
sans featurings,0.9741140336443201
sans featurings,0.9385109463202399
sans featurings,0.9409706699530769
sans featurings,0.9375561515897528
sans featurings,0.9371561221024969
sans featurings,0.9733516465081686
sans featurings,0.9619285075619144
sans featurings,0.9142227927564934
sans featurings,0.9110726169693361
sans featurings,0.9389909283757697
sans featurings,0.8764179966419711
sans featurings,0.9169581622140459
sans featurings,0.9140046549907463
sans featurings,0.9153425364503512
sans featurings,0.8995555706782628
sans featurings,0.9037895445238328
sans featurings,0.9392319884643003
sans featurings,0.9276896415853213
sans featurings,0.9218687533715046
sans featurings,0.9299450911251118
sans featurings,0.9754630429088699
sans featurings,0.9561159319241468
sans featurings,0.8810205783725239
sans featurings,0.9251160015542716
sans featurings,0.9197349452709801
sans featurings,0.9427488699401724
sans featurings,0.9675874974210061
sans featurings,0.9847926371658511
sans featurings,0.9328116989181996
sans featurings,0.9093398403423034
sans featurings,0.8456906140849522
sans featurings,0.9248609495916481
sans featurings,0.9071791948861834
sans featurings,0.9215324648248722
sans featurings,0.8911202283968626
sans featurings,0.9403373594247723
sans featurings,0.9642542124809652
sans featurings,0.9226444640898097
sans featurings,0.9402617892514337
sans featurings,0.9333888691572989
sans featurings,0.9282048659537545
sans featurings,0.9428766747435549
sans featurings,0.9666843374815319
sans featurings,0.9359453098192463
sans featurings,0.8797447711768835
sans featurings,0.925164763279139
sans featurings,0.9061609400319437
sans featurings,0.9228902652980786
sans featurings,0.9406419135459336
sans featurings,0.8823129341681183
sans featurings,0.9051113091260392
sans featurings,0.9543272019695234
sans featurings,1.0167529729583433
sans featurings,0.9129477839857502
sans featurings,0.949574687860571
sans featurings,0.9438887657263636
sans featurings,0.9734939489407686
sans featurings,0.9560771791965832
sans featurings,0.9248863568407677
sans featurings,0.997037230549867
sans featurings,0.8974688054690823
sans featurings,0.9656234760459964
sans featurings,0.920415850324632
sans featurings,0.9333774696725705
sans featurings,0.9507407426388892
sans featurings,0.9181301189179724
sans featurings,0.9243402902479088
sans featurings,0.922363802751771
sans featurings,0.9301975738842022
sans featurings,0.9137115550558034
sans featurings,0.8982458989362132
sans featurings,0.9817872668559047
sans featurings,0.9131750347958513
sans featurings,0.9058433290512108
sans featurings,0.960311646375317
sans featurings,0.9618031103804842
sans featurings,0.9817527383328063
sans featurings,0.9247526378204454
sans featurings,0.9053598433459498
sans featurings,0.9508330086791736
sans featurings,0.9398684903626038
sans featurings,0.9118493996460451
sans featurings,0.9472339245677361
sans featurings,0.8970611423034663
sans featurings,0.9663286894400427
sans featurings,0.9921078489369799
sans featurings,0.9187658712875585
sans featurings,0.8980804306902023
sans featurings,0.957620187758865
sans featurings,0.9578573141919062
sans featurings,0.9527998641504362
sans featurings,0.9461648840440524
sans featurings,0.9453719707357308
sans featurings,0.9606928228624909
sans featurings,0.9786410982973488
sans featurings,0.9306800329227419
sans featurings,0.9354150155274125
sans featurings,0.9272479875991286
sans featurings,0.9270650610131869
sans featurings,0.9697418150467824
sans featurings,0.9281476664479179
sans featurings,0.8832708560479008
sans featurings,0.9018875334687618
sans featurings,0.9785371520780233
sans featurings,0.9973765471403856
sans featurings,0.9746447876934641
sans featurings,0.9603436796505335
sans featurings,0.9627881930810654
sans featurings,0.9508600705031186
sans featurings,0.898625800096252
sans featurings,0.9584727796771189
sans featurings,0.9776697780724842
sans featurings,0.9268342032654555
sans featurings,0.8817588318699836
sans featurings,0.9566350186332558
sans featurings,0.8945207778131262
sans featurings,0.970651237140882
sans featurings,0.9097178563698766
sans featurings,0.9304457015210355
sans featurings,0.9647850806930214
sans featurings,0.9148726457841072
sans featurings,0.9409488253418309
sans featurings,0.9377493267367277
sans featurings,0.9908534069401853
sans featurings,0.9244477407408572
sans featurings,0.9187447950697591
sans featurings,0.9263674526458547
sans featurings,0.9234314701545532
sans featurings,0.9363399232049648
sans featurings,0.9022080780752023
sans featurings,0.9048810107909522
sans featurings,0.9299298949611535
sans featurings,0.969250916284264
sans featurings,0.9079596747216441
sans featurings,0.9293801258809371
sans featurings,0.9561285229566129
sans featurings,0.9914649138130791
sans featurings,0.9247068485591964
sans featurings,0.9188850279308715
sans featurings,0.9718930064465751
sans featurings,0.9552806063132198
sans featurings,0.9353704938952838
sans featurings,0.9054701893958338
sans featurings,0.980604618204
sans featurings,0.9183884319781868
sans featurings,0.9693562248956493
sans featurings,0.9491841210497896
sans featurings,0.9403780628710239
sans featurings,0.8819808001274264
sans featurings,0.9515492283045999
sans featurings,0.9515440258185364
sans featurings,0.9130998900409392
sans featurings,0.9760429007932729
sans featurings,0.943325775948497
sans featurings,0.9421925068681353
sans featurings,0.8700142958353763
sans featurings,0.9149622533578281
sans featurings,0.9558141401379694
sans featurings,0.9236153650035973
sans featurings,0.9211978622347109
sans featurings,0.9537521617783014
sans featurings,0.9250292111132826
sans featurings,0.9580099458977764
sans featurings,0.930740609998574
sans featurings,0.8418392049747392
sans featurings,0.943394239767706
sans featurings,0.9269141780478383
sans featurings,0.933289698220605
sans featurings,0.8870650699625144
sans featurings,0.9805306413915177
sans featurings,0.93575831731195
sans featurings,0.949034721974399
sans featurings,0.887929655132113
sans featurings,0.9928856866471136
sans featurings,0.950468758591158
sans featurings,0.9834053638330329
sans featurings,0.8884941301746978
sans featurings,0.8878190625153135
sans featurings,0.9223555689426921
sans featurings,0.9405013517837769
sans featurings,0.935710975112203
sans featurings,0.9135027981989158
sans featurings,0.9326516451873409
sans featurings,0.9088642215836292
sans featurings,0.935056803267682
sans featurings,0.9654663254915881
sans featurings,0.9479706851707749
sans featurings,0.9367682791016851
sans featurings,0.9295555052970176
sans featurings,0.9003791854177475
sans featurings,0.9043482128813596
sans featurings,0.9702491473012667
sans featurings,0.884357426760732
sans featurings,0.9014746828846331
sans featurings,0.9299932111278535
sans featurings,0.8980749904919643
sans featurings,0.9110798412846202
sans featurings,0.9371243180528481
sans featurings,0.9365788033797326
sans featurings,0.9496867439299587
sans featurings,0.9189356283229256
sans featurings,0.9054938810504405
sans featurings,0.9388931037029892
sans featurings,0.9433120855753496
sans featurings,0.9159484068252048
sans featurings,0.9524622896239214
sans featurings,0.9486782198517503
sans featurings,0.9295970593124845
sans featurings,0.9540486520718873
sans featurings,0.9218743206009437
sans featurings,0.9445075914795577
sans featurings,0.9131959783522393
sans featurings,0.9647281125531242
sans featurings,0.9937260785068043
sans featurings,0.896527879493455
sans featurings,0.9554468837210374
sans featurings,0.9000626883721154
sans featurings,0.9547060458103613
sans featurings,0.9155165607431628
sans featurings,0.9578020258450709
sans featurings,0.9590023628595481
sans featurings,0.9105621773006485
sans featurings,0.9398389962503126
sans featurings,0.9333853694319192
sans featurings,0.9200249344429593
sans featurings,0.9344636616483978
sans featurings,0.9042336448935548
sans featurings,0.9295337605978597
sans featurings,0.9119554130748871
sans featurings,0.9042242728395489
sans featurings,0.9373469467424437
sans featurings,0.9209243576878722
sans featurings,0.9627504800445096
sans featurings,0.9817598901291307
sans featurings,0.9729944705950109
sans featurings,0.9041935612610374
sans featurings,0.9251763924095113
sans featurings,0.9162900052919045
sans featurings,0.9316326644220561
sans featurings,0.9510252000607238
sans featurings,0.9398393794747374
sans featurings,0.9515274285981106
sans featurings,0.9188830845711168
sans featurings,0.9252412163597307
sans featurings,0.91789504028828
sans featurings,0.974116843543013
sans featurings,0.9124878853679907
sans featurings,0.9334539042638348
sans featurings,0.9309038463403563
sans featurings,0.9137222573812016
sans featurings,0.9529369283135666
sans featurings,0.9686444386217914
sans featurings,0.9602341547425495
sans featurings,0.9337947296488435
sans featurings,0.9649649347937674
sans featurings,0.9662614823917235
sans featurings,0.9747355643101542
sans featurings,0.9089337737324559
sans featurings,0.9102577185001249
sans featurings,0.9568742961773871
sans featurings,0.978387032720566
sans featurings,0.9785896997304163
sans featurings,0.9614550131345945
sans featurings,0.9289683158576816
sans featurings,0.9817570000015203
sans featurings,0.9511934959771331
sans featurings,0.9500483967040507
sans featurings,0.9197843932996639
sans featurings,0.919971505173379
sans featurings,0.8899750490041736
sans featurings,0.9474595629558674
sans featurings,0.9072468445185753
sans featurings,0.9455199510954425
sans featurings,0.9413308820124653
sans featurings,0.8954823050605869
sans featurings,0.9421431511747681
sans featurings,0.9490048565221253
sans featurings,0.9419327106408859
sans featurings,0.945887567960123
sans featurings,0.9394272282069667
sans featurings,0.9400652557339058
sans featurings,0.8945183200853701
sans featurings,0.9730466655222233
sans featurings,0.9341644657499568
sans featurings,0.9629568269508122
sans featurings,0.9818583124225279
sans featurings,0.9529456422160599
sans featurings,0.946673145195758
sans featurings,0.9021219534541911
sans featurings,0.9259492808520003
sans featurings,0.9698533741351301
sans featurings,0.9625599015580032
sans featurings,1.0003653615178276
sans featurings,0.9489986610789849
sans featurings,0.9354583612423711
sans featurings,0.9469846420891829
sans featurings,0.8952714452285179
sans featurings,0.8799566784240644
sans featurings,0.920628349740048
sans featurings,0.9412847105225723
sans featurings,0.8784048906519281
sans featurings,0.9368942143293184
sans featurings,0.9514456784937132
sans featurings,0.9664504223196738
sans featurings,0.9481014920648453
sans featurings,0.9838978957418171
sans featurings,0.9274036664999689
sans featurings,0.9610166256870787
sans featurings,0.986265596515935
sans featurings,0.9001067162544407
sans featurings,0.9231603200908822
sans featurings,0.8836478240089788
sans featurings,0.875494782067583
sans featurings,0.9394680188193898
sans featurings,0.9543067162932826
sans featurings,0.9085714155063198
sans featurings,0.944756157387528
sans featurings,0.9568718034605055
sans featurings,0.9692547701359455
sans featurings,0.9534590302440779
sans featurings,0.9247292744634864
sans featurings,0.9501205611911139
sans featurings,0.9043619382268464
sans featurings,0.9085726188508321
sans featurings,1.0025623054446604
sans featurings,0.9555559612113652
sans featurings,0.8693907281828415
sans featurings,0.9128045689321024
sans featurings,0.927936319602862
sans featurings,0.9520593923673698
sans featurings,0.9109279957886296
sans featurings,0.9623920791563807
sans featurings,0.9278110711971508
sans featurings,0.8959604932713409
sans featurings,0.8998095145220734
sans featurings,0.9536537721693326
sans featurings,0.9388693532769774
sans featurings,0.8941510447078754
sans featurings,0.9700291732670511
sans featurings,0.9420143317342428
sans featurings,0.9093219674600194
sans featurings,0.9327230449973267
sans featurings,0.9013222663697924
sans featurings,0.9526112697559378
sans featurings,0.9195766129421968
sans featurings,0.9110740466565956
sans featurings,0.9618697387768513
sans featurings,0.8984405978253402
sans featurings,0.9613660987999665
sans featurings,0.9241860570554304
sans featurings,0.914488015468506
sans featurings,0.952718178884598
sans featurings,0.9286467738527421
sans featurings,0.9861054483424639
sans featurings,0.9181709521436561
sans featurings,0.926888881399173
sans featurings,0.9044084359732977
sans featurings,0.8831353916868714
sans featurings,0.936372700160323
sans featurings,0.8935514368255598
sans featurings,0.9819058461073069
sans featurings,0.9219080633132977
sans featurings,0.9319364684716779
sans featurings,0.9591349715891047
sans featurings,0.9567538412398171
sans featurings,0.938272213003752
sans featurings,0.9061131858735134
sans featurings,0.9015545122328149
sans featurings,0.9153130040054733
sans featurings,0.9353876608470445
sans featurings,0.9310585802852709
sans featurings,0.9653451026771039
sans featurings,0.9212948034466459
sans featurings,0.9475865028495916
sans featurings,0.893653660136592
sans featurings,0.9300123284033639
sans featurings,0.9282172053041544
sans featurings,0.9335066430290919
sans featurings,0.8945580924409142
sans featurings,0.9154111974562499
sans featurings,0.9391262572222663
sans featurings,0.8849625513349688
sans featurings,0.946250021293718
sans featurings,0.9367301361108783
sans featurings,0.9270939554596725
sans featurings,0.9487126219701028
sans featurings,0.9314147275252227
sans featurings,0.9299725579180341
sans featurings,0.9552639846388494
sans featurings,0.9291756418964604
sans featurings,0.9536908161986686
sans featurings,0.9407982530438002
sans featurings,0.8950067410620476
sans featurings,0.9353625913743563
sans featurings,0.9873422486172567
sans featurings,0.9609280674700276
sans featurings,0.9431927956497109
sans featurings,0.9173962154528398
sans featurings,0.9389451642081031
sans featurings,0.9281956336123313
sans featurings,0.934401660356411
sans featurings,0.96063070176662
sans featurings,0.9404347577857951
sans featurings,0.9709088205102615
sans featurings,0.9296546408559618
sans featurings,0.9260829507204867
sans featurings,0.9347496037159849
sans featurings,0.9588375950549239
sans featurings,0.9673152598967054
sans featurings,0.9358730168224951
sans featurings,0.9527497993198056
sans featurings,0.9213299806116042
sans featurings,0.9223563314351307
sans featurings,0.9156936018832023
sans featurings,0.9535024259083745
sans featurings,0.9494439730025391
sans featurings,0.9092866235647111
sans featurings,0.9743443429398209
sans featurings,0.9527778909232937
sans featurings,0.9183590312263337
sans featurings,0.931341816859126
sans featurings,0.9131704866723506
sans featurings,0.9217335636958949
sans featurings,0.8983680549235273
sans featurings,0.9492150157735793
sans featurings,0.9474958317910849
sans featurings,0.9370280708787141
sans featurings,0.9592552401242573
sans featurings,0.9591897520718802
sans featurings,0.881656367641527
sans featurings,0.9396806276997464
sans featurings,0.9453343673317276
sans featurings,0.9823325850671047
sans featurings,0.9834323600203453
sans featurings,0.9414772742689668
sans featurings,0.9169260917520357
sans featurings,0.9276500977680011
sans featurings,0.9554781617364008
sans featurings,0.9958383780313008
sans featurings,0.9874565222781976
sans featurings,0.953266395092275
sans featurings,0.8627974133001706
sans featurings,0.91614430074116
sans featurings,0.8818794446639863
sans featurings,0.9246955303144595
sans featurings,0.8885343762140314
sans featurings,0.9650312088944919
sans featurings,0.9427411043584888
sans featurings,0.9163767807206048
sans featurings,0.9484538792248501
sans featurings,0.9641088994543193
sans featurings,0.9377952586605168
sans featurings,0.880018374298127
sans featurings,0.9347868578021074
sans featurings,0.9385274318661347
sans featurings,0.9494170614741761
sans featurings,0.9351803577346266
sans featurings,0.9097693868466994
sans featurings,0.976746418079167
sans featurings,0.9549373832865988
sans featurings,0.9262625354912195
sans featurings,0.8864700220251039
sans featurings,0.9287340788662164
sans featurings,0.913762211195824
sans featurings,0.9682462260161543
sans featurings,0.9063152250009644
sans featurings,0.9550847173199575
sans featurings,0.9203966002108241
sans featurings,0.9379427361837525
sans featurings,0.8848507995192394
sans featurings,0.9474082212656157
sans featurings,0.9477103758687292
sans featurings,0.9258208968587356
sans featurings,0.9580782245246102
sans featurings,0.9638188005105732
sans featurings,0.9676920477547428
sans featurings,0.9332219892811903
sans featurings,0.9660606368791667
sans featurings,0.9158084020462056
sans featurings,0.9023661631356009
sans featurings,0.9342153794519904
sans featurings,0.9563536574505769
sans featurings,0.9447834973973642
sans featurings,0.9604631146327182
sans featurings,0.9433288962565967
sans featurings,0.991074469640928
sans featurings,0.9198705959798866
sans featurings,0.9325987989498193
sans featurings,0.9230269007332939
sans featurings,0.9378966744199583
sans featurings,0.9249559855560003
sans featurings,0.9413377497227757
sans featurings,0.8503426294518326
sans featurings,0.9846196325074549
sans featurings,0.9398775906892017
sans featurings,0.9187368466409787
sans featurings,0.9435814812095265
sans featurings,0.9113258160809796
sans featurings,0.8928725967615327
sans featurings,0.902814371840573
sans featurings,0.92834620713061
sans featurings,0.930375122791046
sans featurings,0.9162592889058715
sans featurings,0.9609214202243165
sans featurings,0.9077298586602901
sans featurings,0.9350516716539525
sans featurings,0.8943541746438787
sans featurings,0.9048142383963628
sans featurings,0.9371817945249235
sans featurings,0.9428596970729985
sans featurings,0.9251653592560677
sans featurings,0.9334799920065425
sans featurings,0.9059664037663985
sans featurings,0.9404750803283731
sans featurings,0.9199531441989136
sans featurings,0.9268299753005312
sans featurings,0.9410373320081066
sans featurings,0.9287590234849477
sans featurings,0.9467968511119216
sans featurings,0.9523891779368778
sans featurings,0.9557940887373266
sans featurings,0.8579975543440869
sans featurings,0.9483562849806004
sans featurings,0.9042963430948674
sans featurings,0.9532885443322318
sans featurings,0.948533143580267
sans featurings,0.9235266508439067
sans featurings,0.9404467204885686
sans featurings,0.9648930021267068
sans featurings,0.8928630873553726
sans featurings,0.9640941989316312
sans featurings,0.9204914638231881
sans featurings,0.9460301859252653
sans featurings,0.9489728730996541
sans featurings,0.9852142281299806
sans featurings,0.9266201784101095
sans featurings,0.9128797722326543
sans featurings,0.9219291336095536
sans featurings,0.9133201462142099
sans featurings,0.9370418106151538
sans featurings,1.0104960367371085
sans featurings,0.9308205816508798
sans featurings,0.9669503633180663
sans featurings,0.9200001409690005
sans featurings,0.9184560867244677
sans featurings,0.8815999284127859
sans featurings,0.9334450119171014
sans featurings,0.9368857587201888
sans featurings,0.9587025036132791
sans featurings,0.9418516134989894
sans featurings,0.9009954331765327
sans featurings,0.9120794348371288
sans featurings,0.9210419454543611
sans featurings,0.9620652702556317
sans featurings,0.9602923383458888
sans featurings,0.8832180775716731
sans featurings,0.9364819626044061
sans featurings,0.8818102596282718
sans featurings,0.948762233484947
sans featurings,0.9048439008467336
sans featurings,0.9979674476025264
sans featurings,0.9078761207040614
sans featurings,0.9657745061266741
sans featurings,0.9286784759499809
sans featurings,0.9307633771528853
sans featurings,0.9361135951808406
sans featurings,0.9528907377462453
sans featurings,0.9185071616285095
sans featurings,0.9622702353927935
sans featurings,0.9032159644235024
sans featurings,0.9432090808537957
sans featurings,0.9547089860599912
sans featurings,0.898802328207752
sans featurings,0.9180766326403429
sans featurings,0.9467203869286018
sans featurings,0.9426735616863341
sans featurings,0.9230587292007892
sans featurings,0.9090742558928401
sans featurings,0.9566889051972132
sans featurings,0.9348399823305354
sans featurings,0.917137547629517
sans featurings,0.9264920366818208
sans featurings,0.8837811440146741
sans featurings,0.930965580924634
sans featurings,0.9426362803590788
sans featurings,0.9572900447719856
sans featurings,0.968381545660858
sans featurings,0.9007390864883368
sans featurings,0.9300556186079297
sans featurings,0.9587202084614871
sans featurings,0.9398281235764312
sans featurings,0.8813301973273853
sans featurings,0.9198503058592086
sans featurings,0.9354221654324214
sans featurings,0.9382783051360042
sans featurings,0.9074461707062849
sans featurings,0.9266815743899791
sans featurings,0.8906403802972851
sans featurings,0.9588761652238095
sans featurings,0.937846481159078
sans featurings,0.9518536903973468
sans featurings,0.912922549991113
sans featurings,0.9767988890838057
sans featurings,0.9319638464874063
sans featurings,0.9624761525799488
sans featurings,0.9055385527183822
sans featurings,0.9633233043856387
sans featurings,0.9390657009198519
sans featurings,0.9000058923397246
sans featurings,0.9279281448595694
sans featurings,0.9235441880616486
sans featurings,0.9467002462404484
sans featurings,0.8858087748422179
sans featurings,0.9304978761502549
sans featurings,0.9604933420787145
sans featurings,0.9442506249128709
sans featurings,0.9085499219114709
sans featurings,0.8990268018317511
sans featurings,0.9316996706288869
sans featurings,0.8988270706375716
sans featurings,0.965969173664786
sans featurings,0.916916089345378
sans featurings,0.9359521737385192
sans featurings,0.9535807059959291
sans featurings,0.969204517900055
sans featurings,0.9534086685391446
sans featurings,0.9180965917813769
sans featurings,0.9105905362748874
sans featurings,0.9287702433155717
sans featurings,0.9124315161852327
sans featurings,0.9254487247478732
sans featurings,0.8995833454651136
sans featurings,0.9297748106790924
sans featurings,0.9550926153575915
sans featurings,0.9612265483845566
sans featurings,0.9439430276601434
sans featurings,0.9713037655793528
sans featurings,0.9375994872584961
sans featurings,0.9260335626549303
sans featurings,0.8897499701990461
sans featurings,0.9532050349385665
sans featurings,0.9307039143984759
sans featurings,0.9653621854980952
sans featurings,0.9479277952894906
sans featurings,0.9136187961883675
sans featurings,0.9017981757517298
sans featurings,0.9359624855795117
sans featurings,0.9594634891548142
sans featurings,0.9384498724459549
sans featurings,0.9327585163818952
sans featurings,0.9322964783319578
sans featurings,0.9086932237749621
sans featurings,0.9181594671309705
sans featurings,0.9085365149338837
sans featurings,0.9651148425980927
sans featurings,0.9773761837675771
sans featurings,0.9911729239734074
sans featurings,0.8885568590720744
sans featurings,0.936821572399909
sans featurings,0.9296835998184845
sans featurings,0.9253831202829248
sans featurings,0.9212528297907474
sans featurings,0.9338508183711445
sans featurings,0.9377220061377374
sans featurings,0.936646027248084
sans featurings,0.9400868351560216
sans featurings,0.9294704717745983
sans featurings,0.8950013998665121
sans featurings,0.9121458680786757
sans featurings,0.9196819480568156
sans featurings,0.9306441046413516
sans featurings,0.9347357147438351
sans featurings,0.9230545824881946
sans featurings,0.9345328021906405
sans featurings,0.9354040967230859
sans featurings,0.8921352034403742
sans featurings,0.9637767784974086
sans featurings,0.9709729213284188
sans featurings,0.9091421206443048
sans featurings,0.9057789157600178
sans featurings,0.8979205638886142
sans featurings,0.9164582219631559
sans featurings,0.9709079361025051
sans featurings,0.9458206766445192
sans featurings,0.8891958717906044
sans featurings,0.9680054558237107
sans featurings,0.9240237990665353
sans featurings,0.9699608044443531
sans featurings,0.9336466923405716
sans featurings,0.9460536071137277
sans featurings,0.9723248380485441
sans featurings,0.8986041612130785
sans featurings,0.94481138405659
sans featurings,0.9554453394094767
sans featurings,0.9153955047110831
sans featurings,0.9138399226093631
sans featurings,0.9468647833800999
sans featurings,0.9325767108136547
sans featurings,0.8885672285319324
sans featurings,0.9586875187782562
sans featurings,0.9020725574420706
sans featurings,0.9684926642300019
sans featurings,0.9519958636291465
sans featurings,0.962908714042453
sans featurings,0.9670549407697919
sans featurings,0.894851125976152
sans featurings,0.9539767060813099
sans featurings,0.8805139224685421
sans featurings,0.9377044088811362
sans featurings,0.9518874383924952
sans featurings,0.9277627653667935
sans featurings,0.9424597384277251
sans featurings,0.9579396668437204
sans featurings,0.9618659283683318
sans featurings,0.9676645827160668
sans featurings,0.9620018003767339
sans featurings,0.9674605114484869
sans featurings,0.9353115889440201
sans featurings,0.9741215501285012
sans featurings,0.9846818146306899
sans featurings,0.9016409209541492
sans featurings,0.9693985125361021
sans featurings,1.0103186359562133
sans featurings,0.9545534818518252
sans featurings,0.9985336546226398
sans featurings,0.9075683667344208
sans featurings,0.8454560771393094
sans featurings,0.9045006489283468
sans featurings,0.9388538068171804
sans featurings,0.9786143929879791
sans featurings,0.9164380357744158
sans featurings,0.99389168385341
sans featurings,0.976387288292166
sans featurings,0.9291091945727695
sans featurings,0.9442292551993412
sans featurings,0.9380449846069613
sans featurings,0.9243333597267176
sans featurings,0.9624416797921205
sans featurings,0.9254270223929099
sans featurings,0.9946269484413535
sans featurings,0.9286193930054489
sans featurings,0.9796132820840625
sans featurings,0.9254087417688854
sans featurings,0.9363420911902832
sans featurings,0.9532382052376533
sans featurings,0.9612934136535115
sans featurings,0.9557843889641918
sans featurings,0.9182171454542856
sans featurings,0.9760394954896342
sans featurings,0.9766484227004044
sans featurings,0.8969098635534853
sans featurings,0.9034078192783055
sans featurings,0.8744228093958368
sans featurings,0.9603426809032726
sans featurings,0.9509122401782509
sans featurings,0.9463260606799284
sans featurings,0.9114285487634345
sans featurings,0.941195955193688
sans featurings,0.9318282265467889
sans featurings,0.8876230127019962
sans featurings,0.9123749895550257
sans featurings,0.9696053220737046
sans featurings,0.9608402325718485
sans featurings,0.9406080000102802
sans featurings,0.9104742871141386
sans featurings,0.9247482968512287
sans featurings,0.9504413336806539
sans featurings,0.953279667670933
sans featurings,0.9149431198036457
sans featurings,0.925983592707692
sans featurings,0.9254477253673515
sans featurings,0.9585267093454803
sans featurings,0.9136282414745747
sans featurings,0.8897431018103823
sans featurings,0.9593718876865974
sans featurings,0.9283997572844496
sans featurings,0.9097373671853912
sans featurings,0.9460710397159404
sans featurings,0.9278160071429036
sans featurings,0.94052769139127
sans featurings,0.9576777191284191
sans featurings,1.0012423262823695
sans featurings,0.8721602199609135
sans featurings,0.9800968498144539
sans featurings,0.9150506657540733
sans featurings,0.8778146713444258
sans featurings,0.9306007655449952
sans featurings,0.8995833454651136
sans featurings,0.9583584085508263
sans featurings,0.9299815250375771
sans featurings,0.9821199440376627
sans featurings,0.987056488794679
sans featurings,0.9423139775758879
sans featurings,0.9516636097082726
sans featurings,0.9543060279398804
sans featurings,0.9735225173537815
sans featurings,0.9653383473156291
sans featurings,0.9628687103562036
sans featurings,0.8762318304616766
sans featurings,0.9213250058170939
sans featurings,0.964634625786651
sans featurings,0.950799337940919
sans featurings,0.9778635232358402
sans featurings,0.9235066212707593
sans featurings,0.9261594754863374
sans featurings,0.9693210453243294
sans featurings,0.9311066442124656
sans featurings,0.911994167200579
sans featurings,0.8930180513609667
sans featurings,0.9383985355599374
sans featurings,0.9512698904615662
sans featurings,0.9407421600546648
sans featurings,0.9530423398098998
sans featurings,0.9285397435468704
sans featurings,0.9447896269245295
sans featurings,0.9685167872051617
sans featurings,0.9198189141884702
sans featurings,0.9268748908939567
sans featurings,0.931487234493201
sans featurings,0.9455980499124506
sans featurings,0.9874911310704795
sans featurings,0.9322790720349485
sans featurings,0.8940254796895875
sans featurings,0.897085021431314
sans featurings,0.9603895909697258
sans featurings,0.9040507684955696
sans featurings,0.9286980859461921
sans featurings,0.8629232753365665
sans featurings,0.8787792195542828
sans featurings,0.9320832531173218
sans featurings,0.9132368000412222
sans featurings,0.9413018480082187
sans featurings,0.9358167336554465
sans featurings,0.9287763768883872
sans featurings,0.9621410838130984
sans featurings,0.9354978458499533
sans featurings,0.9449834468128209
sans featurings,0.976169855978093
sans featurings,0.949594353638905
sans featurings,0.9594209497411642
sans featurings,0.9792698280910642
sans featurings,0.9825830993135505
sans featurings,0.9420038752209602
sans featurings,0.9189563827562744
sans featurings,0.9258931851319148
sans featurings,0.9299254770714319
sans featurings,0.9812890920742018
sans featurings,0.9223159614290093
sans featurings,0.8970666110614576
sans featurings,0.9028912944421416
sans featurings,0.8990210772029924
sans featurings,0.9426326841836379
sans featurings,0.8931984160993225
sans featurings,0.9091100584415275
sans featurings,0.9127147635070142
sans featurings,0.9121108828025634
sans featurings,0.95601866453355
sans featurings,0.9225180644766733
sans featurings,0.9095400850849564
sans featurings,0.9343636961834114
sans featurings,0.9937573249358644
sans featurings,0.9454217583625051
sans featurings,0.9503207773666893
sans featurings,0.9553284200031065
sans featurings,0.9619800328113364
sans featurings,0.9592867988126482
sans featurings,0.9429667918193315
sans featurings,0.956847360476563
sans featurings,0.9344443060791494
sans featurings,0.9630865418219418
sans featurings,0.9187369105879745
sans featurings,0.9737632319651466
sans featurings,0.9459978817473236
sans featurings,0.9300198630691557
sans featurings,0.9132818904149166
sans featurings,0.9805153633637963
sans featurings,0.9210079615648957
sans featurings,0.851702978666692
sans featurings,0.9676977290283766
sans featurings,0.9480092909533236
sans featurings,0.9264011615838698
sans featurings,0.9685194486029273
sans featurings,0.8961312296847976
sans featurings,0.9280061727489416
sans featurings,0.9864635245209368
sans featurings,0.91568485438362
sans featurings,0.9281249467886148
sans featurings,0.9957636294648471
sans featurings,0.9552588121717561
sans featurings,0.9417409046806665
sans featurings,0.9633567752377634
sans featurings,0.9279197945712607
sans featurings,0.9510499033335308
sans featurings,0.9630652553675003
sans featurings,0.9065809703640879
sans featurings,0.9334886892561572
sans featurings,0.9283935259158014
sans featurings,0.9519116742004607
sans featurings,0.9329749064439115
sans featurings,0.9033555932110439
sans featurings,0.961826714156186
sans featurings,0.9788751020775571
sans featurings,0.9431334434297998
sans featurings,0.9204008379273357
sans featurings,0.8897733294022032
sans featurings,0.9573040365493621
sans featurings,0.9103488388995997
sans featurings,0.9455560551631531
sans featurings,1.0171534000798657
sans featurings,0.9428702094641683
sans featurings,0.9764639338450674
sans featurings,0.9245929210565307
sans featurings,0.9411367113713694
sans featurings,0.9446575847887206
sans featurings,0.9384966730019326
sans featurings,0.9303558052375828
sans featurings,0.9658215382041732
sans featurings,0.8992654096284388
sans featurings,0.8815484892286665
sans featurings,1.0027855778791712
sans featurings,0.8689677371959572
sans featurings,0.9099430912655819
sans featurings,0.9542877894603675
sans featurings,0.9693622092787226
sans featurings,0.980065821124183
sans featurings,0.9458169634691207
sans featurings,0.953624277277383
sans featurings,0.9438040204415897
sans featurings,0.9607544032754958
sans featurings,0.8976587669235372
sans featurings,0.9495358705623156
sans featurings,0.9413259327301021
sans featurings,0.9358028796097807
sans featurings,0.941169605838936
sans featurings,0.9300168894814198
sans featurings,0.9552170403070219
sans featurings,0.9051338739119174
sans featurings,0.9613702168396745
sans featurings,0.9566618189862517
sans featurings,0.9549800663012231
sans featurings,0.9367408414496072
sans featurings,0.899027831944091
sans featurings,0.9598521364228653
sans featurings,0.9561057426689243
sans featurings,0.929050492140226
sans featurings,0.9092162576257364
sans featurings,0.9508529498194944
sans featurings,0.93770106253484
sans featurings,0.9737192607139384
sans featurings,0.9321740571696517
sans featurings,0.9866846518952098
sans featurings,0.9274319633520833
sans featurings,0.9674463926721271
sans featurings,0.9394144957304342
sans featurings,0.9318069497203864
sans featurings,0.9362293074575088
sans featurings,0.9251606941890634
sans featurings,0.8825446599738801
sans featurings,0.9583803796241935
sans featurings,0.9101954861115664
sans featurings,0.945912738237862
sans featurings,0.9320855074882858
sans featurings,0.9187491661535722
sans featurings,0.9855574106891816
sans featurings,0.890601911530158
sans featurings,0.9500723357464507
sans featurings,0.9643287714492896
sans featurings,0.9523056824560413
sans featurings,0.9267126884883653
sans featurings,0.999522279773911
sans featurings,0.8677694599903667
sans featurings,0.8990405278032599
sans featurings,0.9220020794902312
sans featurings,0.8774864338154443
sans featurings,0.9414648978951783
sans featurings,0.9309297476175877
sans featurings,0.9147000246987276
sans featurings,0.9436611778585325
sans featurings,0.9816801789120709
sans featurings,0.8741218415675018
sans featurings,0.9181036793508367
sans featurings,0.9414130145918457
sans featurings,0.9176217706434202
sans featurings,0.9328853302416961
sans featurings,0.9888637844012279
sans featurings,0.9564499868108804
sans featurings,0.9411922415470604
sans featurings,0.9486585346749767
sans featurings,0.9161262332689638
sans featurings,0.9437270166387801
sans featurings,0.9308934652337257
sans featurings,0.9135663598750068
sans featurings,0.9110752670278539
sans featurings,0.9543291712937225
sans featurings,0.9427195504306414
sans featurings,0.9526729799364293
sans featurings,0.9203020745751281
sans featurings,0.9566077079068666
sans featurings,0.9468699229110845
sans featurings,0.9544836381354205
sans featurings,0.9192430217861196
sans featurings,0.9584524547738498
sans featurings,0.8859952639476703
sans featurings,0.9219162283985027
sans featurings,0.9459934514428251
sans featurings,0.9018935227185817
sans featurings,0.9127711271962381
sans featurings,0.9654266358384792
sans featurings,0.9212492587953732
sans featurings,0.9113470402441686
sans featurings,0.9315931853170327
sans featurings,0.9451236909013383
sans featurings,0.9088130652715007
sans featurings,0.9499662152533751
sans featurings,0.9399221925072362
sans featurings,0.9405993314396984
sans featurings,0.9814038960739805
sans featurings,0.9342101609988402
sans featurings,0.9085365607030164
sans featurings,0.911204595937646
sans featurings,0.9291211077021724
sans featurings,0.9605011540066968
sans featurings,0.9599413377905928
sans featurings,0.925559943065435
sans featurings,0.9327068494334094
sans featurings,0.8836700873081187
sans featurings,0.9222763842057682
sans featurings,0.9727193722762193
sans featurings,0.939341805938735
sans featurings,0.9367332315224082
sans featurings,0.8873023961192228
sans featurings,0.9086328411059725
sans featurings,0.9524070996008557
sans featurings,0.9555089316575464
sans featurings,0.9568706109957695
sans featurings,0.9661102276336676
sans featurings,0.8878492552604456
sans featurings,0.9028594271475922
sans featurings,0.9238733041971525
sans featurings,0.9255127986811893
sans featurings,0.9422202396962029
sans featurings,0.9194124161851769
sans featurings,0.9213843169101499
sans featurings,0.950634230592579
sans featurings,0.9444860645897888
sans featurings,0.9908332801296208
sans featurings,0.8990065946320993
sans featurings,0.9182672423541913
sans featurings,0.8964231021675428
sans featurings,0.8721149245595524
sans featurings,0.9394025797218459
sans featurings,1.0017804894090243
sans featurings,0.9011865017699929
sans featurings,0.9115707800730912
sans featurings,0.9457724941390443
sans featurings,0.9088521627092071
sans featurings,0.9305811397112583
sans featurings,0.9267117965991084
sans featurings,0.913824269564127
sans featurings,0.9350601650280579
sans featurings,0.9465797135084177
sans featurings,0.951046780465061
sans featurings,0.9305903900979964
sans featurings,0.9495905179011773
sans featurings,0.9689226044171243
sans featurings,0.9718017027206239
sans featurings,0.9033998862235819
sans featurings,0.9103791940542751
sans featurings,0.9145339293260009
sans featurings,0.9655753160875608
sans featurings,0.9453824913094013
sans featurings,0.8907232941373628
sans featurings,0.9755488856590824
sans featurings,0.9295165688057709
sans featurings,0.9462504634831462
sans featurings,0.9058017445763065
sans featurings,0.9338795217478115
sans featurings,0.9206027519856632
sans featurings,0.953727818172613
sans featurings,0.9353390207215838
sans featurings,0.9184893440134789
sans featurings,0.9151692182955796
sans featurings,1.0041413712144451
sans featurings,0.9806516698104087
sans featurings,0.8931805391725787
sans featurings,0.9281452928598447
sans featurings,0.933954296454961
sans featurings,0.9277899390934446
sans featurings,0.9315717277764806
sans featurings,0.969848978279021
sans featurings,0.930902054808629
sans featurings,0.8577407156076708
sans featurings,0.975059140440161
sans featurings,0.9402528002170119
sans featurings,0.9604928363283113
sans featurings,0.9446436134320708
sans featurings,0.9825416963397372
sans featurings,0.9307561473271873
sans featurings,0.912082269766122
sans featurings,0.9148441571548084
sans featurings,0.8694088333120691
sans featurings,0.8931926754852797
sans featurings,0.9540756791223857
sans featurings,0.9477784029858387
sans featurings,0.8930232243817964
sans featurings,0.9520915136534729
sans featurings,0.924908523770048
sans featurings,0.9114787592801498
sans featurings,0.9327796719530238
sans featurings,0.928853764240231
sans featurings,0.9289181385488132
sans featurings,0.975906869265471
sans featurings,0.9152888422197465
sans featurings,0.8913926842724726
sans featurings,0.8815460924195395
sans featurings,0.9251536898347666
sans featurings,0.9184453881623867
sans featurings,0.9797363967915546
sans featurings,0.8896246869342868
sans featurings,0.9303733546464342
sans featurings,0.9619578123564051
sans featurings,0.8905197520108405
sans featurings,0.9013030635973661
sans featurings,0.9827877222103432
sans featurings,0.9731228199639393
sans featurings,0.9326052025655963
sans featurings,0.9447179809627231
sans featurings,0.9464634498097433
sans featurings,0.9099616992491109
sans featurings,0.9544225291780113
sans featurings,0.8971385728621585
sans featurings,0.9352440632961477
sans featurings,1.0003967665342222
sans featurings,0.9492063408053356
sans featurings,0.9229967299845744
sans featurings,0.9524991743936869
sans featurings,0.904382610715208
sans featurings,1.0002956398132195
sans featurings,0.926114463172254
sans featurings,0.9032598516095387
sans featurings,0.9817272925088492
sans featurings,0.9542317639276476
sans featurings,0.9587727090225769
sans featurings,0.9362538427398998
sans featurings,0.9492734118325051
sans featurings,0.9015167570675199
sans featurings,0.9257659097809185
sans featurings,0.9271719070292208
sans featurings,0.9478000708561279
sans featurings,0.918681974805768
sans featurings,0.9095336931649568
sans featurings,0.927789696919294
sans featurings,0.9444142601738823
sans featurings,0.9656576154630273
sans featurings,0.9798725340487681
sans featurings,0.9425588434629335
sans featurings,0.918646457221969
sans featurings,0.9890130773604737
sans featurings,0.9021019805436519
sans featurings,0.941480204697985
sans featurings,0.9403733966911494
sans featurings,0.9314718804285924
sans featurings,0.9445990338552019
sans featurings,0.944054487415229
sans featurings,0.9601662738167839
sans featurings,0.9476222857024132
sans featurings,0.9665822537298359
sans featurings,0.9740546030318503
sans featurings,0.9344582608203695
sans featurings,0.9600690369591938
sans featurings,0.966638814297241
sans featurings,0.9455335450698368
sans featurings,0.9621178515122247
sans featurings,0.9409524326044618
sans featurings,0.9581485215565633
sans featurings,0.9489734301116917
sans featurings,0.8906089886221144
sans featurings,0.9385706073016059
sans featurings,0.959140605113995
sans featurings,0.948292626800938
sans featurings,0.9611543882404947
sans featurings,0.9576329459986678
sans featurings,0.9453479217741971
sans featurings,0.9314342195779771
sans featurings,0.9601908420018522
sans featurings,0.9775941490914807
sans featurings,0.9269345326520573
sans featurings,0.9551529243837553
sans featurings,0.9669463405247372
sans featurings,0.9446096749605877
sans featurings,0.9056237484248585
sans featurings,0.9505012667729792
sans featurings,0.8964588763758391
sans featurings,0.9083589594983488
sans featurings,0.913849201755663
sans featurings,0.9110073074328873
sans featurings,0.8943670336200912
sans featurings,0.9478692926835778
sans featurings,0.9907416212522102
sans featurings,0.9150243185485949
sans featurings,0.878398802065527
sans featurings,0.9512629628201938
sans featurings,0.9183829917548858
sans featurings,0.9425334420839117
sans featurings,0.970015370267649
sans featurings,0.9350029490920566
sans featurings,0.9305190492338588
sans featurings,0.9444749457435518
sans featurings,0.9648830934865321
sans featurings,0.9144865463280979
sans featurings,0.9256504728418571
sans featurings,0.9269950420674684
sans featurings,0.9551841940609892
sans featurings,0.9573407856688827
sans featurings,0.91708992065097
sans featurings,0.9396762789893521
sans featurings,0.9813716955315145
sans featurings,0.9278366903021402
sans featurings,0.9392469407303071
sans featurings,0.901398823133627
sans featurings,0.9504870925989344
sans featurings,0.9456943388860152
sans featurings,0.9409650265887244
sans featurings,0.9448771540475487
sans featurings,0.9256223884286826
sans featurings,0.9710689293858299
sans featurings,0.9310196103813435
sans featurings,0.944810341206448
sans featurings,0.9236695750726466
sans featurings,0.9432803681199462
sans featurings,0.9503316118024698
sans featurings,0.9217090264365732
sans featurings,0.9212742291121367
sans featurings,0.9256245978208806
sans featurings,0.8860401580349861
sans featurings,0.9346044193954492
sans featurings,0.9421822359057374
sans featurings,0.9516401793175052
sans featurings,0.9185817280659971
sans featurings,0.8691490309538838
sans featurings,0.9285615163360572
sans featurings,0.9007646154012185
sans featurings,0.8981430278478151
sans featurings,0.9374323424972515
sans featurings,0.8903128120132507
sans featurings,0.9280826342936911
sans featurings,0.9113778366141799
sans featurings,0.9751098302401902
sans featurings,0.8914857281827485
sans featurings,0.9942787898918256
sans featurings,0.9078811374256109
sans featurings,0.977794757387449
sans featurings,0.9321899047774562
sans featurings,0.9427976309345579
sans featurings,0.9540875416482514
sans featurings,0.988514594346889
sans featurings,0.9137656276200238
sans featurings,0.9576137885351528
sans featurings,0.8850146037402649
sans featurings,0.9333343410881149
sans featurings,0.9237108989520376
sans featurings,0.9360131544469849
sans featurings,0.9540502109338909
sans featurings,0.9150273707652978
sans featurings,0.8769426571921901
sans featurings,0.9473608795838039
sans featurings,0.9411144686139191
sans featurings,0.9429817729117851
sans featurings,0.9175715568150414
sans featurings,0.9199248742673062
sans featurings,0.9746178650963102
sans featurings,0.9077943798045696
sans featurings,0.9122791258458829
sans featurings,0.9379657531659173
sans featurings,0.910771182106947
sans featurings,0.9577570108676471
sans featurings,0.9832566280020596
sans featurings,0.8845824553640718
sans featurings,0.9471508353800288
sans featurings,0.9535015130833944
sans featurings,0.914732966914215
sans featurings,0.9084606264377098
sans featurings,0.9083913921971092
sans featurings,0.9258748865444346
sans featurings,0.9439033446764844
sans featurings,0.9629834568071723
sans featurings,0.9687171681034454
sans featurings,0.9019980890023738
sans featurings,0.9635006966850307
sans featurings,0.9271030539263614
sans featurings,0.9189472616639276
sans featurings,0.9887182885939158
sans featurings,0.9471488227019029
sans featurings,0.9732333162365798
sans featurings,0.9146012952104646
sans featurings,0.9403346494944146
sans featurings,0.9398968181278301
sans featurings,0.9281815053548872
sans featurings,0.9408915051588727
sans featurings,0.9413333606111071
sans featurings,0.9890333600521398
sans featurings,0.9499605331833906
sans featurings,0.9025054235815776
sans featurings,0.9626522371445115
sans featurings,0.9189189834628924
sans featurings,0.8858318668666598
sans featurings,0.9710993107384802
sans featurings,0.9280417615692423
sans featurings,0.9481756002689063
sans featurings,0.9532146375316382
sans featurings,0.9450000076790046
sans featurings,0.9276199771922601
sans featurings,0.9935105522679429
sans featurings,0.9478037690432309
sans featurings,0.9130891202737641
sans featurings,0.9649832214099192
sans featurings,0.9728898006699258
sans featurings,0.907692011916984
sans featurings,0.9203540842623524
sans featurings,0.9192834227414891
sans featurings,0.9409503104518656
sans featurings,0.9353256566691254
sans featurings,0.8832784907437732
sans featurings,0.9114669960712273
sans featurings,0.8909806969853289
sans featurings,0.9754611446563859
sans featurings,0.9226186931292383
sans featurings,0.8921274843270772
sans featurings,0.9622020124362773
sans featurings,0.9195898112694492
sans featurings,0.9689427535570017
sans featurings,0.926577298277445
sans featurings,0.9236053635697072
sans featurings,0.9221065763580596
sans featurings,0.9136602388685577
sans featurings,0.9275330212398888
sans featurings,0.9588375511189159
sans featurings,0.904953432794367
sans featurings,0.9009478390022274
sans featurings,0.9126323087950244
sans featurings,0.937776314375243
sans featurings,0.8848611345324402
sans featurings,0.9242918984616035
sans featurings,0.9199855351883756
sans featurings,0.9700590555777172
sans featurings,0.9401644780615394
sans featurings,0.8858285765127143
sans featurings,0.9376864063746086
sans featurings,0.9097666458863661
sans featurings,0.9301117509923529
sans featurings,0.9368455362438305
sans featurings,0.988478691937442
sans featurings,0.983238465793616
sans featurings,0.9521629397440713
sans featurings,0.9061035931469441
sans featurings,0.936093995142415
sans featurings,0.9838485438817379
sans featurings,0.9743179064614579
sans featurings,0.8571271635742808
sans featurings,0.9604101672477598
sans featurings,0.9576468703730421
sans featurings,0.9512276701724112
sans featurings,0.9414707625312762
sans featurings,0.9478386135473111
sans featurings,0.9980536681442778
sans featurings,0.9479891629207297
sans featurings,0.9290380753369196
sans featurings,0.9223472401659506
sans featurings,0.9369686961940717
sans featurings,0.9440607146002373
sans featurings,0.957142678470261
sans featurings,0.9240121322810859
sans featurings,0.9712886510792499
sans featurings,0.9500522363181891
sans featurings,0.9528504158349521
sans featurings,0.9153612462088991
sans featurings,0.9213068039048617
sans featurings,0.9306480483944904
sans featurings,0.9439059129397788
sans featurings,0.9178636822912388
sans featurings,0.8935004978767516
sans featurings,0.9699695777582349
sans featurings,0.9243785393580436
sans featurings,0.9460001504615826
sans featurings,0.9460641933907342
sans featurings,0.9034907174243842
sans featurings,0.9417569282351939
sans featurings,0.906013952845526
sans featurings,0.9391061453384915
sans featurings,0.8891946793129805
sans featurings,0.9164551747363762
sans featurings,0.9163767807206048
sans featurings,0.9593859039100232
sans featurings,0.9754220185974937
sans featurings,0.9023605766669271
sans featurings,0.9296578456647722
sans featurings,0.8907298220685093
sans featurings,0.9422067872992809
sans featurings,0.9141691822606273
sans featurings,0.9359444733180468
sans featurings,0.9747104127872982
sans featurings,0.9647929763081291
sans featurings,0.8895332030637777
sans featurings,0.9153986734524634
sans featurings,0.9070766799242872
sans featurings,0.9148542932035788
sans featurings,0.9602862642759414
sans featurings,0.9679555584655003
sans featurings,0.9055775500116805
sans featurings,0.9071320717878786
sans featurings,0.9324439237001779
sans featurings,0.9004539528891806
sans featurings,0.9244879828655563
sans featurings,0.9251405829375954
sans featurings,0.9309975796353329
sans featurings,0.93841561120496
sans featurings,0.9085868949220499
sans featurings,0.9172792322485018
sans featurings,0.9214410171470506
sans featurings,0.9432107869564272
sans featurings,0.9217426396638198
sans featurings,0.9305923259953603
sans featurings,0.9139175170292146
sans featurings,0.9197605779862272
sans featurings,0.9868972992892936
sans featurings,0.9390278816336418
sans featurings,0.8844372215703923
sans featurings,0.9142750343481653
sans featurings,0.967324513802827
sans featurings,0.901224098585743
sans featurings,0.9735786284810992
sans featurings,0.931578999468269
sans featurings,0.9627114750796659
sans featurings,0.9239067916687801
sans featurings,0.9348972119509548
sans featurings,0.949629723926317
sans featurings,0.9548931843423869
sans featurings,0.9449040936665074
sans featurings,0.9380164658984184
sans featurings,0.932292149079478
sans featurings,0.9535193390211263
sans featurings,0.9417114715544962
sans featurings,0.9282555836290949
sans featurings,0.9052892906587714
sans featurings,0.9536178411112403
sans featurings,0.9422274449573574
sans featurings,0.9245173124135091
sans featurings,0.918117542658136
sans featurings,0.9170097874937903
sans featurings,0.9062926814376608
sans featurings,0.8956671866805919
sans featurings,0.9521513812084732
sans featurings,0.8981955892611242
sans featurings,0.9181212628561721
sans featurings,0.9903635151185419
sans featurings,0.9236926788697777
sans featurings,0.9234436987972251
sans featurings,0.8926839565572245
sans featurings,0.9920599778710921
sans featurings,0.9223834644925685
sans featurings,0.9196235279133529
sans featurings,0.9478703191581712
sans featurings,0.875792756670666
sans featurings,0.8915286328967711
sans featurings,0.9559697703245865
sans featurings,0.9354359143476125
sans featurings,0.9297439589481453
sans featurings,0.9030646275815263
sans featurings,0.9405338289946553
sans featurings,0.9160420211602065
sans featurings,0.9334458435932562
sans featurings,0.9034380773471538
sans featurings,0.9312588340682036
sans featurings,0.9439450472280186
sans featurings,0.9324543727549178
sans featurings,0.9730980045864492
sans featurings,0.9728733345618813
sans featurings,0.9045801579415166
sans featurings,0.9341260341026348
sans featurings,0.8934182349644174
sans featurings,0.9287497711019713
sans featurings,0.9285052761124649
sans featurings,0.9331374288889089
sans featurings,0.9610794075228514
sans featurings,0.9236035818637063
sans featurings,0.9634218264972172
sans featurings,0.9436133007779458
sans featurings,0.9055989873160794
sans featurings,0.9586179939324805
sans featurings,0.9242033455712316
sans featurings,0.9286537924327171
sans featurings,0.9764274925154538
sans featurings,0.9174275437972187
sans featurings,0.9435395178273905
sans featurings,0.9644796674792777
sans featurings,0.9467682357225503
sans featurings,0.9544987304349993
sans featurings,0.9164065284502005
sans featurings,0.9386890787897115
sans featurings,0.8988826834254388
sans featurings,0.942161656705346
sans featurings,0.9082021242116518
sans featurings,0.9564806571614985
sans featurings,1.0107427459517444
sans featurings,0.9657806056328219
sans featurings,0.9475152690245295
sans featurings,0.9294463653332687
sans featurings,0.9392251617090162
sans featurings,0.9350826754348187
sans featurings,0.8910458931216241
sans featurings,0.9220962964491883
sans featurings,0.9937600003676985
sans featurings,0.9591978766961469
sans featurings,0.9242463399634496
sans featurings,0.8760976993301293
sans featurings,0.9707030806185931
sans featurings,0.9592573648392425
sans featurings,0.9099362255557076
sans featurings,0.9602299667981198
sans featurings,0.9249073683202205
sans featurings,0.9455204088081204
sans featurings,0.9183351086581045
sans featurings,0.9563131080564399
sans featurings,0.990624849775224
sans featurings,0.9026423296432745
sans featurings,0.9672958507657753
sans featurings,0.9563519035271434
sans featurings,0.9653813198569055
sans featurings,0.9472192531063351
sans featurings,0.9111551632302817
sans featurings,0.9217950324855447
sans featurings,0.933648200921374
sans featurings,0.9278834041167953
sans featurings,0.9001579043006704
sans featurings,0.9165953205057629
sans featurings,0.9465103997279558
sans featurings,0.9454783919767838
sans featurings,0.9626724354525741
sans featurings,0.9584275808612385
sans featurings,0.9184535713894229
sans featurings,0.902773870588433
sans featurings,0.91545814426304
sans featurings,0.93415472109776
sans featurings,0.9072414309363477
sans featurings,0.8719703132147756
sans featurings,0.9352375158211622
sans featurings,0.9406344820116492
sans featurings,0.9140770052627999
sans featurings,0.9421288982116417
sans featurings,0.9378482800937148
sans featurings,0.9250240568319301
sans featurings,0.9410604395969655
sans featurings,0.9476836490086348
sans featurings,0.9529840073472211
sans featurings,0.98465907391226
sans featurings,0.9041657001043264
sans featurings,0.9480645680634957
sans featurings,0.9489033833068478
sans featurings,0.9212770434483486
sans featurings,0.8774464342576188
sans featurings,0.9475197430669562
sans featurings,0.9025096148945367
sans featurings,0.9443209767618237
sans featurings,0.9568893254557549
sans featurings,0.9106568454371337
sans featurings,0.8761399357691373
sans featurings,0.9165763387745927
sans featurings,0.938508780007086
sans featurings,0.9699448102881847
sans featurings,0.9103623366692533
sans featurings,0.9686717760752424
sans featurings,0.9217621147167697
sans featurings,0.933216195569933
sans featurings,0.957891507758785
sans featurings,0.9755221822680976
sans featurings,0.944828847430232
sans featurings,0.9079808568714299
sans featurings,0.9229056709296546
sans featurings,1.0038194916249132
sans featurings,0.9700501476637509
sans featurings,0.9224757422006439
sans featurings,0.9722006085075938
sans featurings,0.9233808199177556
sans featurings,0.9435653292210755
sans featurings,0.9129391680992794
sans featurings,0.9696841854797331
sans featurings,0.8992050673425791
sans featurings,0.9410809932530987
sans featurings,0.9171686184213632
sans featurings,0.9263881716352804
sans featurings,0.9200611601892994
sans featurings,0.9486661798317247
sans featurings,0.9329426432162984
sans featurings,0.9050503935795391
sans featurings,0.979568122104321
sans featurings,0.9602565971585487
sans featurings,0.8726001624046741
sans featurings,0.922672733501799
sans featurings,0.9202959677146924
sans featurings,0.8933811845718078
sans featurings,0.952313334967504
sans featurings,0.9447793843929972
sans featurings,0.9627761714255829
sans featurings,0.9211053826134872
sans featurings,0.9823723146768595
sans featurings,0.9764116916739889
sans featurings,0.8998628277323757
sans featurings,0.9340384443504777
sans featurings,0.9856126713253696
sans featurings,0.9083172351959888
sans featurings,0.9485160528251482
sans featurings,0.9288857518806385
sans featurings,0.8888161655197121
sans featurings,0.9111212114221605
sans featurings,0.9316782995329512
sans featurings,0.9240940600429506
sans featurings,0.9415675177287708
sans featurings,0.9460178911038096
sans featurings,0.9587532778416271
sans featurings,0.9064325106943274
sans featurings,0.9079108888319636
sans featurings,0.9347770919388925
sans featurings,0.9280713443164711
sans featurings,0.9299859815277416
sans featurings,0.9093216661178356
sans featurings,0.9536300681655668
sans featurings,0.9280063055205406
sans featurings,0.9228381555602417
sans featurings,0.940966190126714
sans featurings,0.919449855183747
sans featurings,0.9512988800216259
sans featurings,0.9477546835539058
sans featurings,0.9387997981002753
sans featurings,0.9695795547385712
sans featurings,0.9421267809932623
sans featurings,0.9527287409307055
sans featurings,0.9271622760855448
sans featurings,0.9733518847071086
sans featurings,0.9193502801862077
sans featurings,0.9480042337989201
sans featurings,0.9499383654705155
sans featurings,0.9259748166335462
sans featurings,0.9408790954486654
sans featurings,0.9012628095924656
sans featurings,0.9686245304751286
sans featurings,0.9348343039836691
sans featurings,0.9690828299298043
sans featurings,0.9405514916590078
sans featurings,0.9550372363594435
sans featurings,0.9340283426111287
sans featurings,0.9190169158562302
sans featurings,0.9091167735255348
sans featurings,0.9348235818797528
sans featurings,0.9472892239263673
sans featurings,0.9226828441780393
sans featurings,0.9608611199175955
sans featurings,0.9416656228315212
sans featurings,0.9235947271565079
sans featurings,0.9434767101526679
sans featurings,0.927472045805354
sans featurings,0.9157390278883638
sans featurings,0.9293533104263901
sans featurings,0.948863686140237
sans featurings,0.9502910771014754
sans featurings,0.9381318563125467
sans featurings,0.9465111742897471
sans featurings,0.9814673117521444
sans featurings,0.9369964874057825
sans featurings,0.9168703965589945
sans featurings,0.9712528929029983
sans featurings,0.9501431545811908
sans featurings,0.9364540795877053
sans featurings,0.9337982776611907
sans featurings,0.982705555304241
sans featurings,0.8895153355157908
sans featurings,0.9013769168686402
sans featurings,0.9625312921624882
sans featurings,0.9748649155089463
sans featurings,1.0096051760213531
sans featurings,0.9680509036845736
sans featurings,0.9289850273941842
sans featurings,0.9711416899863629
sans featurings,0.968983474774853
sans featurings,0.9069625541954385
sans featurings,0.8962452467065135
sans featurings,0.9350731809659691
sans featurings,0.9209166901585242
sans featurings,0.9505925673327427
sans featurings,0.8664116457611053
sans featurings,0.9663662918395378
sans featurings,0.9178702567814997
sans featurings,0.9354550015636907
sans featurings,0.8907116825015019
sans featurings,0.9503730891843024
sans featurings,0.9539242021925136
sans featurings,0.9393710102702015
sans featurings,0.9890716950888727
sans featurings,0.9677223433560044
sans featurings,0.9742254240921387
sans featurings,0.9220809007661738
sans featurings,0.8845715382545739
sans featurings,0.9015162999384558
sans featurings,0.9605858125394353
sans featurings,0.9274548938983171
sans featurings,0.9391943791534989
sans featurings,0.9428300431277463
sans featurings,0.9351403912894241
sans featurings,0.9121543413478452
sans featurings,0.8628778075135279
sans featurings,0.9502266072025175
sans featurings,1.008833494300472
sans featurings,0.8958709500766434
sans featurings,0.8838695360737387
sans featurings,0.9836278558181093
sans featurings,0.919373169612716
sans featurings,0.892759933540457
sans featurings,0.9413234093617951
sans featurings,0.938424915008583
sans featurings,0.8829971193838098
sans featurings,0.9359608381285925
sans featurings,0.9641062477893194
sans featurings,0.9068053781710884
sans featurings,0.9138761917238652
sans featurings,0.9337854691539205
sans featurings,0.9552713543523512
sans featurings,0.9293743102417775
sans featurings,0.9402242867809236
sans featurings,0.941985281332084
sans featurings,0.9323771213693424
sans featurings,0.9151676321649665
sans featurings,0.8892603436182933
sans featurings,0.9264720018295731
sans featurings,0.9179907260733433
sans featurings,0.9115313210430802
sans featurings,0.9129077588743559
sans featurings,0.9584622639087932
sans featurings,0.9538875360031254
sans featurings,0.9395293897312481
sans featurings,0.8770897722846549
sans featurings,0.9200602315461333
sans featurings,0.9260191911552624
sans featurings,0.9740269368824471
sans featurings,0.9586944089837397
sans featurings,0.9526293025389241
sans featurings,0.9239070570467587
sans featurings,0.9122920303122348
sans featurings,0.9187288834749913
sans featurings,0.9613044576386129
sans featurings,0.9088350950302226
sans featurings,0.8777740981428185
sans featurings,0.9212361504854178
sans featurings,0.9913967731604638
sans featurings,0.9313685454882406
sans featurings,0.9762159237475823
sans featurings,0.929375398254928
sans featurings,0.9830345795056008
sans featurings,0.9424409539813984
sans featurings,0.9502121735861969
sans featurings,0.90211407853399
sans featurings,0.8856775487390827
sans featurings,0.9961546836169887
sans featurings,0.9200827303560166
sans featurings,0.9165854102401859
sans featurings,0.9003780954591014
sans featurings,0.9647938759206837
sans featurings,0.9465019718482652
sans featurings,0.9224058888795971
sans featurings,0.9311234652141327
sans featurings,0.9694431924624113
sans featurings,0.8984646282895826
sans featurings,0.9328168283915204
sans featurings,0.9412520515452543
sans featurings,0.90831903261829
sans featurings,0.9107691883160899
sans featurings,0.9930864516452154
sans featurings,0.9383920477047288
sans featurings,0.9570996979378634
sans featurings,0.9124894189682137
sans featurings,0.9313823293489771
sans featurings,0.9622702353927935
sans featurings,0.9464432952337263
sans featurings,0.9223391175342841
sans featurings,0.9020670021345972
sans featurings,0.9333169961093806
sans featurings,0.9119188007184513
sans featurings,0.9250491152225316
sans featurings,0.8929376967900102
sans featurings,0.9706459022431824
sans featurings,0.9029437089664385
sans featurings,0.9010884787674915
sans featurings,0.941853529914392
sans featurings,0.9350836426181011
sans featurings,0.9241046514131973
sans featurings,0.9346637606994262
sans featurings,0.9083319026316441
sans featurings,0.9292904393560422
sans featurings,0.8967570392210944
sans featurings,0.9234527591663808
sans featurings,0.9572474973362131
sans featurings,0.942924043532407
sans featurings,0.9565851177212542
sans featurings,0.9675718665431348
sans featurings,0.9451662406147194
sans featurings,0.8870778767710299
sans featurings,0.9022004863704214
sans featurings,0.9297462368571738
sans featurings,0.9747958170428113
sans featurings,0.9049238862452333
sans featurings,0.9031916884084165
sans featurings,0.9680123615946246
sans featurings,0.9535595201773506
sans featurings,0.9582198657677082
sans featurings,0.8506666731473314
sans featurings,0.8902491221986876
sans featurings,0.9022443768151416
sans featurings,0.8911928500542646
sans featurings,0.9403155070020416
sans featurings,0.9480382114582658
sans featurings,0.9664238307281582
sans featurings,0.9764241304801968
sans featurings,0.9705272784111232
sans featurings,0.9497996665631323
sans featurings,0.9929477252464456
sans featurings,0.9360155217078872
sans featurings,0.9480674730696702
sans featurings,0.9447303909803597
sans featurings,0.9432488874158902
sans featurings,0.9416904598945954
sans featurings,0.9604072222910836
sans featurings,0.9026281640399899
sans featurings,0.9040714914752584
sans featurings,0.9603208081986236
sans featurings,0.8841815362391103
sans featurings,0.9112247455373579
sans featurings,0.9597999697558048
sans featurings,0.9075868549877293
sans featurings,0.9141624517415917
sans featurings,0.9073091959417928
sans featurings,0.9717188326254453
sans featurings,0.9550942134400787
sans featurings,0.9340523022993955
sans featurings,0.9582732198408267
sans featurings,0.9294812209004979
sans featurings,0.9170274197984041
sans featurings,0.8929573306843582
sans featurings,0.9195868666976054
sans featurings,0.935725278617517
sans featurings,0.9517464558130566
sans featurings,0.9042939887383398
sans featurings,0.9739560058225532
sans featurings,0.9917488636813668
sans featurings,0.8824015230287627
sans featurings,0.9268812915342826
sans featurings,0.8950284117539672
sans featurings,0.9604854634275968
sans featurings,0.8814888109704294
sans featurings,0.9160066496141266
sans featurings,0.9605543079976003
sans featurings,0.9440130586029399
sans featurings,0.9422588721791743
sans featurings,0.8976985083667095
sans featurings,0.9291523785347093
sans featurings,0.9014364520526599
sans featurings,0.9111352834478526
sans featurings,0.9293319476705225
sans featurings,0.9843032565148578
sans featurings,0.9756205515331844
sans featurings,0.9657571121908873
sans featurings,0.8888782945204327
sans featurings,0.9584637151448628
sans featurings,0.8993973438307367
sans featurings,0.9368284220514274
sans featurings,0.9260051293689745
sans featurings,0.9564315964936838
sans featurings,0.9112420367942052
sans featurings,0.9689436133213227
sans featurings,0.9136477032907271
sans featurings,0.954308727900116
sans featurings,0.9338266765124055
sans featurings,0.9539103091089436
sans featurings,0.9270140808515767
sans featurings,0.9331583241417473
sans featurings,0.9423974033344016
sans featurings,0.9284490994286416
sans featurings,0.9252896582635192
sans featurings,0.9424478650230835
sans featurings,0.9637772706493815
sans featurings,0.9149133887570257
sans featurings,0.9816991134599832
sans featurings,0.9264665186175378
sans featurings,0.9333386924083314
sans featurings,0.9147327760734884
sans featurings,0.9548315160528323
sans featurings,0.9328752534192849
sans featurings,0.8930623524922793
sans featurings,0.9480187065831454
sans featurings,0.9552539438603738
sans featurings,0.9381196254888976
sans featurings,0.9495466208754804
sans featurings,0.9466190488008768
sans featurings,0.9342698570500947
sans featurings,0.9291779221678178
sans featurings,0.9617474623974295
sans featurings,0.9983961825562349
sans featurings,0.8967781418422418
sans featurings,0.9211532952757566
sans featurings,0.9586016902377816
sans featurings,0.9413705444039799
sans featurings,0.9003243043816194
sans featurings,0.9283193045880643
sans featurings,0.9472742138571794
sans featurings,0.9209906905880729
sans featurings,0.9795814162019981
sans featurings,0.9465236316236544
sans featurings,0.9430637491343936
sans featurings,0.9230451363041005
sans featurings,0.9807863800789222
sans featurings,0.9467751972692847
sans featurings,0.8757285848630192
sans featurings,0.9359702799761312
sans featurings,0.9267584641305451
sans featurings,0.9307177953573501
sans featurings,0.8964417314022809
sans featurings,0.95630404001837
sans featurings,0.8886699792957705
sans featurings,0.9324740047184765
sans featurings,0.9475683390542112
sans featurings,0.949843693815575
sans featurings,0.9588008102486245
sans featurings,0.9393155743724141
sans featurings,0.9380815782907521
sans featurings,0.9675019791238261
sans featurings,0.9381886606676577
sans featurings,0.883857309309407
sans featurings,0.9522483037471864
sans featurings,0.9391885376067894
sans featurings,0.9480317788456208
sans featurings,0.9122399543629358
sans featurings,0.8823691078843651
sans featurings,0.9209660263078446
sans featurings,0.9111652442616301
sans featurings,0.918605249787165
sans featurings,0.9802479258321524
sans featurings,0.9780150527392603
sans featurings,0.9763008790711691
sans featurings,0.9358927256252263
sans featurings,0.9228180296359646
sans featurings,0.9821199440376627
sans featurings,0.9060947713545965
sans featurings,0.9445847511832668
sans featurings,0.8969442948274079
sans featurings,0.900831320438918
sans featurings,0.9789864483944826
sans featurings,0.9663804420940124
sans featurings,0.9527716985502346
sans featurings,0.9499858636809314
sans featurings,0.9485488957121169
sans featurings,0.9845958590338073
sans featurings,0.94318814488476
sans featurings,0.9658001802673192
sans featurings,0.9709729213284188
sans featurings,0.9512413079451228
sans featurings,0.8924141843107971
sans featurings,0.9178980337793047
sans featurings,0.9427519917986842
sans featurings,0.9526913539220803
sans featurings,0.891468434627947
sans featurings,0.9426361226848236
sans featurings,0.9438743159750121
sans featurings,0.9689338863958005
sans featurings,0.9803082382258347
sans featurings,0.906121124131957
sans featurings,0.9342031793083768
sans featurings,0.8708367408728126
sans featurings,0.945637201475611
sans featurings,0.9861162313780456
sans featurings,0.9007002341741042
sans featurings,0.9146921557018002
sans featurings,0.9378564146697017
sans featurings,0.9783525230002025
sans featurings,0.96845119671276
sans featurings,1.0028666779606275
sans featurings,0.8889738235378201
sans featurings,0.9065752945711515
sans featurings,0.9324693195271914
sans featurings,0.9007519421542194
sans featurings,0.8976779116362641
sans featurings,0.9361556344902672
sans featurings,0.9134183858388754
sans featurings,0.9194244321069559
sans featurings,0.9357269223805185
sans featurings,0.9260462211198863
sans featurings,0.9590235132706799
sans featurings,0.9562641290591274
sans featurings,0.9835005243270531
sans featurings,0.9291042166927345
sans featurings,0.9439963695314918
sans featurings,1.0113233344509065
sans featurings,0.9703986229709742
sans featurings,0.9483378719727176
sans featurings,0.9547995277129682
sans featurings,0.9214196004156173
sans featurings,0.9485195954403381
sans featurings,0.9323164798744688
sans featurings,0.9368025588440054
sans featurings,0.9452405289707566
sans featurings,0.9386335164334692
sans featurings,0.9681292513215795
sans featurings,0.9373563189693515
sans featurings,0.9193384810587442
sans featurings,0.940525872837255
sans featurings,0.9784740460197474
sans featurings,0.9183973027853712
sans featurings,0.9577584435187461
sans featurings,0.926350602627219
sans featurings,0.9670361767274008
sans featurings,0.9783578586612643
sans featurings,0.8616646899666334
sans featurings,0.9442578544768971
sans featurings,0.9594100833234293
sans featurings,0.9204288287167439
sans featurings,0.9510306286735618
sans featurings,0.9075358180681109
sans featurings,0.8835619012407689
sans featurings,0.9619806717370091
sans featurings,0.9212034760001063
sans featurings,0.9453783224791903
sans featurings,0.9422593928052638
sans featurings,0.9082660754365348
sans featurings,0.9449409008444661
sans featurings,0.9411962318192258
sans featurings,0.9559940694128013
sans featurings,0.9628081815798308
sans featurings,0.9370591325762847
sans featurings,0.9303831398966009
sans featurings,0.9560444717600647
sans featurings,0.9234820949233549
sans featurings,0.8932320344509147
sans featurings,0.971548799679864
sans featurings,0.9135071348790105
sans featurings,0.9845297894655383
sans featurings,0.9706461748016392
sans featurings,0.9211696085071006
sans featurings,0.9558167623336882
sans featurings,0.9252144002691385
sans featurings,0.9730261886076009
sans featurings,0.9547782740638466
sans featurings,0.9458254064893215
sans featurings,0.9299541237008928
sans featurings,0.9713107748753677
sans featurings,0.946851619232001
sans featurings,0.9413644948290981
sans featurings,0.9015717932260967
sans featurings,0.9219327548186372
sans featurings,0.8942534707309961
sans featurings,0.9128998661383663
sans featurings,0.9073112098649475
sans featurings,0.9783881236105989
sans featurings,0.9408902050452511
sans featurings,0.9570900779618211
sans featurings,0.9090330286758905
sans featurings,0.98576442585229
sans featurings,0.9387477514777729
sans featurings,0.9336580962964881
sans featurings,0.9614256299243393
sans featurings,0.9545202182854056
sans featurings,0.9773638541633669
sans featurings,0.9482693565858336
sans featurings,0.9056162183231515
sans featurings,0.9392209074792642
sans featurings,0.9203578003332298
sans featurings,0.878878172801141
sans featurings,0.9561447746902786
sans featurings,0.9546242644145091
sans featurings,0.9144439520261896
sans featurings,0.8975426718236941
sans featurings,0.9247918487516829
sans featurings,0.9299275804207634
sans featurings,0.9159553736794619
sans featurings,0.9320123389873031
sans featurings,0.9361840951713426
sans featurings,0.9349856683313037
sans featurings,0.9428238385528427
sans featurings,0.9205119440049785
sans featurings,0.92417931283143
sans featurings,0.9610560039811358
sans featurings,0.9096390853656755
sans featurings,0.9314862042176593
sans featurings,0.9043927784279489
sans featurings,0.9616449655876872
sans featurings,0.8725442831631384
sans featurings,0.918551319459135
sans featurings,0.9942121273759038
sans featurings,0.9677718037807602
sans featurings,0.9265983394527291
sans featurings,0.8935003552455161
sans featurings,0.9243957930730107
sans featurings,0.9635709283477747
sans featurings,0.8895153355157908
sans featurings,0.9136667789674906
sans featurings,0.9274848302913208
sans featurings,0.9199264890110642
sans featurings,0.9239365325302893
sans featurings,0.9439570457056674
sans featurings,0.8938152101310902
sans featurings,0.922580413189639
sans featurings,0.9254739248348258
sans featurings,0.9402666614185086
sans featurings,0.9665982799234168
sans featurings,0.9515374373938963
sans featurings,0.9550777187922366
sans featurings,0.9395313785131624
sans featurings,0.9720065375848626
sans featurings,0.9202284350409133
sans featurings,0.9618241903248231
sans featurings,0.8902985903954518
sans featurings,0.8797276402010454
sans featurings,0.9484969853403429
sans featurings,0.9219179907507907
sans featurings,0.921316188417446
sans featurings,0.9455985042105362
sans featurings,0.9114734208720758
sans featurings,0.9323639719532084
sans featurings,0.9494261308576305
sans featurings,0.9588375950549239
sans featurings,0.9435431072834031
sans featurings,0.929136046366274
sans featurings,0.935036060719352
sans featurings,0.950654940411763
sans featurings,0.9536189171852881
sans featurings,0.9920047031168621
sans featurings,0.9206106624064094
sans featurings,0.8771505574956262
sans featurings,0.9352896707065748
sans featurings,0.9481733487898858
sans featurings,0.9408951331712702
sans featurings,0.9787376885124646
sans featurings,0.9741224192812941
sans featurings,0.9702983433192743
sans featurings,0.9354137242341949
sans featurings,0.944799571338518
sans featurings,0.9294873594419739
sans featurings,0.955201679999853
sans featurings,0.9489578781611364
sans featurings,0.9034202120517429
sans featurings,0.9719193914512398
sans featurings,0.9129429051201142
sans featurings,0.8552060000489987
sans featurings,0.9457156525491768
sans featurings,0.9248197922652093
sans featurings,0.9664439739857342
sans featurings,0.8507174404385429
sans featurings,0.9625309579161634
sans featurings,0.9165344767900212
sans featurings,0.9687544598738163
sans featurings,0.9301040911146856
sans featurings,0.89773119320487
sans featurings,0.9340758010668078
sans featurings,0.9261900529281564
sans featurings,0.9006936734738878
sans featurings,0.9027889297127856
sans featurings,0.9330844338267699
sans featurings,0.9527803760565531
sans featurings,0.9692089967665783
sans featurings,0.9117717402539615
sans featurings,0.9064467134911658
sans featurings,0.9463611209749503
sans featurings,0.8873632741287923
sans featurings,0.9294644438406282
sans featurings,0.8797799547359398
sans featurings,0.9280036180369892
sans featurings,0.8748315050928153
sans featurings,0.9552822786619269
sans featurings,0.9615435580242011
sans featurings,0.9674867844956557
sans featurings,0.9917240827222797
sans featurings,0.9390664159277382
sans featurings,1.0030998265915807
sans featurings,0.9458562771335344
sans featurings,0.9351973909909115
sans featurings,0.9382240518866348
sans featurings,0.977169654920506
sans featurings,0.9769626573143745
sans featurings,0.9118009155950736
sans featurings,0.9262562526828757
sans featurings,0.9439787854721325
sans featurings,0.9454203863524665
sans featurings,0.9500386034541821
sans featurings,0.8970309638984403
sans featurings,0.9363117047899477
sans featurings,0.8795043304278233
sans featurings,0.9148915733092743
sans featurings,0.958144398564345
sans featurings,0.9202009923425382
sans featurings,0.9289539321765188
sans featurings,0.9823111939967824
sans featurings,0.9525132743769879
sans featurings,0.9433943535413348
sans featurings,0.9475889610459065
sans featurings,0.9717650683955043
sans featurings,0.9328537250232307
sans featurings,0.9183876528548396
sans featurings,0.9178257547525634
sans featurings,0.9097488123598787
sans featurings,0.919881164968133
sans featurings,0.9702144080919463
sans featurings,0.9287791888958357
sans featurings,0.9726395639385783
sans featurings,0.9152824771386534
sans featurings,0.9448906302526804
sans featurings,0.9576893463710867
sans featurings,0.9626171293421742
sans featurings,0.9083769110336231
sans featurings,0.9573356947266368
sans featurings,0.9070796232154915
sans featurings,0.948010123723399
sans featurings,0.9299799017987747
sans featurings,0.9332013606460253
sans featurings,0.9578813475183546
sans featurings,0.924884582093372
sans featurings,0.9088030907542193
sans featurings,0.9807692109419293
sans featurings,0.9500329338683022
sans featurings,0.9448739533380724
sans featurings,0.9368111124811029
sans featurings,0.9321260396384613
sans featurings,0.9334434567631175
sans featurings,0.9160699690877303
sans featurings,0.9293431250930362
sans featurings,0.875995281348451
sans featurings,0.9385322490074024
sans featurings,0.9478630264034346
sans featurings,0.9463571828578841
sans featurings,0.9024758839480709
sans featurings,0.8871851884671498
sans featurings,0.9591286301164701
sans featurings,0.9009069138027591
sans featurings,0.9173728851064391
sans featurings,0.9127497276399533
sans featurings,0.9117324041226614
sans featurings,0.947843139895976
sans featurings,0.9689500687371089
sans featurings,0.9909152327459287
sans featurings,0.9188143229768893
sans featurings,0.961146528414776
sans featurings,0.9466691063512821
sans featurings,0.9125942643332379
sans featurings,0.9348964360436509
sans featurings,0.9278651395840957
sans featurings,0.9112473549299299
sans featurings,0.9438218961728149
sans featurings,0.9220767642561415
sans featurings,0.9490702300648437
sans featurings,0.9516806113374551
sans featurings,0.9040027113531136
sans featurings,0.9503904762636004
sans featurings,0.9686061158482563
sans featurings,0.9510755863900159
sans featurings,0.931979970648646
sans featurings,0.956552694243619
sans featurings,0.9349300252542732
sans featurings,0.9043148072490066
sans featurings,0.9451521148011557
sans featurings,0.952442595180687
sans featurings,0.9554736277169655
sans featurings,0.8850712030322634
sans featurings,0.9603861918633871
sans featurings,0.9142242111825467
sans featurings,0.9063011030890606
sans featurings,0.9081610098730969
sans featurings,0.9631530112872545
sans featurings,0.9029208718946351
sans featurings,0.9206756288023568
sans featurings,0.9219264905204776
sans featurings,0.9588532485397295
sans featurings,0.9051171104755815
sans featurings,0.9487425332433123
sans featurings,0.9274148976468473
sans featurings,0.9278903427787014
sans featurings,0.985269835691478
sans featurings,0.9270308814797068
sans featurings,0.9705651601860483
sans featurings,0.9800661380482814
sans featurings,0.904811697728124
sans featurings,0.9594238193550896
sans featurings,0.9189652729319079
sans featurings,0.9450041582078325
sans featurings,0.9196734864687564
sans featurings,0.9570463558611888
sans featurings,0.9517650743821842
sans featurings,0.944546891100815
sans featurings,0.8834182447336376
sans featurings,0.950665808838336
sans featurings,0.9479483032625713
sans featurings,0.9578640329651819
sans featurings,0.9335000703635649
sans featurings,0.9482430032434817
sans featurings,0.9210651916385274
sans featurings,0.8960961300946411
sans featurings,0.9238669620844638
sans featurings,0.9648003563856604
sans featurings,0.9427426593595714
sans featurings,0.9242182037730599
sans featurings,0.9723219066381752
sans featurings,0.9074934560708893
sans featurings,0.9575174272018632
sans featurings,1.0081120043856313
sans featurings,1.0006845718593418
sans featurings,1.0206897797362373
sans featurings,0.9434068964333125
sans featurings,0.8663423854796959
sans featurings,0.9215300105696909
sans featurings,1.0061314101355165
sans featurings,0.9284609909466373
sans featurings,0.9417916730501813
sans featurings,0.9284327633686367
sans featurings,0.970744285287578
sans featurings,0.9265416281103129
sans featurings,0.9437200122139462
sans featurings,0.9809129721949773
sans featurings,0.9756943665916759
sans featurings,0.8980240992112869
sans featurings,0.9295270538176079
sans featurings,0.9783744756114524
sans featurings,0.9290228415146564
sans featurings,0.9625316617730989
sans featurings,0.934751284577472
sans featurings,0.9548257309833152
sans featurings,0.9436302757531437
sans featurings,0.9178654263402526
sans featurings,0.9201108538423081
sans featurings,0.942700364567258
sans featurings,0.9072461033718909
sans featurings,0.9885989031009751
sans featurings,0.9537894035369194
sans featurings,0.8885646140217859
sans featurings,0.9857421977346588
sans featurings,0.9446198960940819
sans featurings,0.9116537827578524
sans featurings,0.9691540348365031
sans featurings,0.8602379010960887
sans featurings,0.8903756957282228
sans featurings,0.9571391484965607
sans featurings,0.9632482659501478
sans featurings,0.9461801426144621
sans featurings,0.9453184864849138
sans featurings,0.9502332632480768
sans featurings,0.9472455605376673
sans featurings,0.9606802706675575
sans featurings,0.9409065256236908
sans featurings,0.950054770899769
sans featurings,0.9011554662572256
sans featurings,0.9042978904725125
sans featurings,0.945010173021523
sans featurings,0.9040079546246961
sans featurings,0.9693874896053675
sans featurings,0.9142212536949743
sans featurings,0.9500824278125078
sans featurings,0.9581129311145954
sans featurings,0.9365598529093448
sans featurings,0.9320350264395637
sans featurings,0.9486555839765928
sans featurings,0.905448957630923
sans featurings,0.9546856193459816
sans featurings,0.8943784071065816
sans featurings,0.9147550977372954
sans featurings,0.9493490446314422
sans featurings,0.9146872798480309
sans featurings,0.8953707620003168
sans featurings,0.8978580340562565
sans featurings,0.8677435133218723
sans featurings,0.9567065672571752
sans featurings,0.9386214534698224
sans featurings,0.9232820959558851
sans featurings,0.9447594993541757
sans featurings,0.9198410030498142
sans featurings,0.9281809746512403
sans featurings,0.9472441301813063
sans featurings,0.9319605503659758
sans featurings,0.9034832187727908
sans featurings,0.9324482583718019
sans featurings,0.937317681182499
sans featurings,0.9317440072137929
sans featurings,0.9246156138402575
sans featurings,0.9413209986966323
sans featurings,0.9420769154316992
sans featurings,0.9458504969514233
sans featurings,0.8868752218276543
sans featurings,0.9085207226119077
sans featurings,0.9292930016734429
sans featurings,0.9163513333528945
sans featurings,0.8903921361374263
sans featurings,0.909815839078465
sans featurings,0.9617788986177909
sans featurings,0.9194852364963503
sans featurings,0.949282566592606
sans featurings,0.8851562021613664
sans featurings,0.9530835221879386
sans featurings,0.9574092552806719
sans featurings,0.9790858325828712
sans featurings,0.9372055103848592
sans featurings,0.9508955620730764
sans featurings,0.9250984588575867
sans featurings,0.9202752744536816
sans featurings,0.920770836564554
sans featurings,0.9594072292964964
sans featurings,0.9545008556916265
sans featurings,0.91952544734433
sans featurings,0.9115939679108207
sans featurings,0.9700168441757802
sans featurings,0.8970635722280501
sans featurings,0.9035239997800824
sans featurings,0.9341056109279553
sans featurings,0.9750332871402855
sans featurings,0.9124594893053526
sans featurings,0.9184641496842012
sans featurings,0.9319198257919308
sans featurings,0.9245976671828134
sans featurings,0.9062009045503349
sans featurings,0.9996635541674479
sans featurings,0.9200495933135064
sans featurings,0.970495344846251
sans featurings,0.9365506122337338
sans featurings,0.9607001060344853
sans featurings,0.952972905289586
sans featurings,0.9143407726645335
sans featurings,0.9134289898327111
sans featurings,0.9859678767071692
sans featurings,0.9441595657170346
sans featurings,0.9242001026289968
sans featurings,0.911875586388941
sans featurings,0.9123807354693615
sans featurings,0.9980071415584254
sans featurings,0.9381947357224805
sans featurings,0.9465183471275873
sans featurings,0.9229551128273105
sans featurings,0.9392650179381521
sans featurings,0.8810081857557411
sans featurings,0.887298079860092
sans featurings,0.9513367129320117
sans featurings,0.9477781112167559
sans featurings,0.9496303323854732
sans featurings,0.9368769800422547
sans featurings,0.8965953267082237
sans featurings,0.9565949769335549
sans featurings,0.9246447778716461
sans featurings,0.9564673100221103
sans featurings,0.9752292032295492
sans featurings,0.8914793415005376
sans featurings,0.9401532606382704
sans featurings,0.9313908654847488
sans featurings,0.9059171723497145
sans featurings,0.9248261714722138
sans featurings,0.9394933465576915
sans featurings,0.9214296932465551
sans featurings,0.981670010139273
sans featurings,0.9930121999083482
sans featurings,0.9445779656664748
sans featurings,0.9213233389880457
sans featurings,0.8843693264576783
sans featurings,0.944976386530927
sans featurings,0.9111736489597242
sans featurings,0.9110634164672357
sans featurings,0.9697025128844027
sans featurings,0.9327171882561671
sans featurings,0.9457068867995184
sans featurings,0.9520536096209989
sans featurings,0.911669347636169
sans featurings,0.9393721138658809
sans featurings,0.9859685041541222
sans featurings,0.9096220533563
sans featurings,0.9282323808813929
sans featurings,0.8720133711875303
sans featurings,0.9409322316935333
sans featurings,0.9772628777627727
sans featurings,0.9307577238295606
sans featurings,0.8836435520375205
sans featurings,0.9570723438930798
sans featurings,0.940759719421511
sans featurings,0.9211460015294182
sans featurings,0.8935241002266141
sans featurings,0.9436673711300312
sans featurings,0.9591620908476854
sans featurings,0.954935246411283
sans featurings,0.9379722657236325
sans featurings,0.9268985604861669
sans featurings,0.9519701070833022
sans featurings,0.9471617355891185
sans featurings,0.9341314821624761
sans featurings,0.9115340536802274
sans featurings,0.9619698840373735
sans featurings,0.914885918452751
sans featurings,0.9586085954468951
sans featurings,0.9133840500387145
sans featurings,1.00665553426062
sans featurings,0.9627043726603624
sans featurings,0.9444991726209202
sans featurings,0.9001937416057076
sans featurings,0.9568011064732915
sans featurings,0.9231758884790996
sans featurings,0.9483698657418907
sans featurings,0.93785933667937
sans featurings,0.9358221387135125
sans featurings,0.9136548382648408
sans featurings,0.9459818267408369
sans featurings,0.9441019741973528
sans featurings,0.9244155268126422
sans featurings,0.9572533877244132
sans featurings,0.9367079148455038
sans featurings,0.976289044077741
sans featurings,0.9577574161529931
sans featurings,0.9442238275798363
sans featurings,0.9063691305879478
sans featurings,0.9347131079402274
sans featurings,0.934446281039618
sans featurings,0.9705468340972515
sans featurings,0.9550485717176984
sans featurings,0.905400644851885
sans featurings,0.9643904236173725
sans featurings,0.9381079443619645
sans featurings,0.9302908713107044
sans featurings,0.9523696635152001
sans featurings,0.9784176653042427
sans featurings,0.9039651718450843
sans featurings,0.926332912849136
sans featurings,0.9324789664317427
sans featurings,0.90357838002511
sans featurings,0.9579346581283655
sans featurings,0.8765869971511512
sans featurings,0.9093805569188167
sans featurings,0.8873458797180211
sans featurings,0.9040499279900439
sans featurings,0.9444832530628438
sans featurings,0.9590475404158151
sans featurings,0.9012143657961638
sans featurings,0.9806229047280685
sans featurings,0.9126544493454619
sans featurings,0.9366943243716809
sans featurings,0.9495093448118987
sans featurings,0.9437820620889718
sans featurings,1.0057031823417675
sans featurings,0.9789290077392631
sans featurings,0.8992087178309479
sans featurings,0.8974517879017089
sans featurings,0.9757361721633961
sans featurings,0.9042028593234314
sans featurings,0.9412678966335641
sans featurings,0.9674513536887643
sans featurings,0.9467324256576847
sans featurings,0.879533748802683
sans featurings,0.9330709075881571
sans featurings,0.9015182801645297
sans featurings,0.8915445322308789
sans featurings,0.932715991180804
sans featurings,0.9659644938014856
sans featurings,0.902762561219
sans featurings,0.9582015335087525
sans featurings,0.9523089532306422
sans featurings,0.9418950849833925
sans featurings,0.9104719602224164
sans featurings,0.9432602318209594
sans featurings,0.9162023874302195
sans featurings,0.925645833289303
sans featurings,0.9225634911284424
sans featurings,0.8948649786335077
sans featurings,0.9092785602500887
sans featurings,0.9352149711857515
sans featurings,0.9413213344803047
sans featurings,0.9591726715712746
sans featurings,0.9418443712181666
sans featurings,0.9772126831267737
sans featurings,0.9801921476973772
sans featurings,0.9634007022905221
sans featurings,0.9675870103323911
sans featurings,0.9065324916798738
sans featurings,0.9318806682029932
sans featurings,0.951813107899942
sans featurings,0.9260880617055035
sans featurings,0.9586013038300419
sans featurings,0.967985340737505
sans featurings,0.9725325171012185
sans featurings,0.93625984254054
sans featurings,0.9513161710353385
sans featurings,0.9073832917139836
sans featurings,0.9465489609583477
sans featurings,0.8968522265865229
sans featurings,0.9122037003634155
sans featurings,0.8972146454651779
sans featurings,0.9420743891696857
sans featurings,0.8736796486284419
sans featurings,0.9854299298940065
sans featurings,0.8898564076510994
sans featurings,0.9223175590232082
sans featurings,0.9230644332114568
sans featurings,0.9501766591586481
sans featurings,0.9642886711582123
sans featurings,0.9533903446234286
sans featurings,0.9405360248443584
sans featurings,0.9743945667927436
sans featurings,0.9078886917634292
sans featurings,0.9537285149003283
sans featurings,0.9637508050123299
sans featurings,0.8803359497005773
sans featurings,0.9308844598903576
sans featurings,0.9274904860513674
sans featurings,0.9247876254143663
sans featurings,0.9221920158101771
sans featurings,0.9629335436282339
sans featurings,0.9517961767909308
sans featurings,0.9333611140163519
sans featurings,0.9082376841357436
sans featurings,0.953478430313878
sans featurings,0.931468817692169
sans featurings,0.8812474600171167
sans featurings,0.953099153194086
sans featurings,0.9814705661042392
sans featurings,0.926350602627219
sans featurings,0.8903199651836686
sans featurings,0.9511491108875647
sans featurings,0.9421405146806292
sans featurings,0.9285166878657547
sans featurings,0.8988278467482589
sans featurings,0.9380205395063044
sans featurings,0.9163857434118987
sans featurings,0.9345175016904139
sans featurings,0.9325501922352492
sans featurings,0.9666831042662687
sans featurings,0.9420449114636193
sans featurings,0.9215595521741411
sans featurings,0.9335224862657839
sans featurings,0.9139980269246446
sans featurings,0.9537955506341282
sans featurings,0.938270708866523
sans featurings,0.9241220959045748
sans featurings,0.9423797719241496
sans featurings,0.8899961152668778
sans featurings,0.8700414332844408
sans featurings,0.9240243468280747
sans featurings,0.9393561967383647
sans featurings,0.9148138245807036
sans featurings,0.8537210509475873
sans featurings,0.9050727535255032
sans featurings,0.9151522544698315
sans featurings,0.9353884774504746
sans featurings,0.9428095465493551
sans featurings,0.9352640639448483
sans featurings,0.9372373343765119
sans featurings,0.9279486288731216
sans featurings,0.9592401561465054
sans featurings,0.9513735696406169
sans featurings,0.897537093016117
sans featurings,0.9153638904969854
sans featurings,0.8912211442714791
sans featurings,0.9314868492515652
sans featurings,0.9291731624245836
sans featurings,0.9458861366330733
sans featurings,0.9309378902850637
sans featurings,0.926256340446352
sans featurings,0.9400686986011082
sans featurings,0.9344362153091541
sans featurings,0.9730213500904618
sans featurings,0.9384702780211291
sans featurings,0.9871800264258095
sans featurings,0.9153589518607522
sans featurings,0.921514893525877
sans featurings,0.9198585928071512
sans featurings,0.8953348578094438
sans featurings,0.8894158364848018
sans featurings,0.9218592575035468
sans featurings,0.9337144915400977
sans featurings,0.9524798209866889
sans featurings,0.9153448048315482
sans featurings,0.9515456316013327
sans featurings,0.9494439730025391
sans featurings,0.9318365364601262
sans featurings,0.9572435744926843
sans featurings,0.9255179829611966
sans featurings,0.982324438020162
sans featurings,1.000302931113597
sans featurings,0.969842571249594
sans featurings,0.9406077434548799
sans featurings,0.9519020306773601
sans featurings,0.9347217773232868
sans featurings,0.8917860332408116
sans featurings,0.9628580092034172
sans featurings,0.9648041984822106
sans featurings,0.9206156548573311
sans featurings,0.9193574368671072
sans featurings,0.9546107077840436
sans featurings,0.9291167910418684
sans featurings,0.8902045819684825
sans featurings,0.953012167725128
sans featurings,0.9358745879260119
sans featurings,0.9358777213823959
sans featurings,0.9284352228277051
sans featurings,0.958328823406227
sans featurings,0.9501644489141093
sans featurings,0.9243312191715468
sans featurings,0.9695766910106244
sans featurings,0.9401454835567342
sans featurings,0.9560625118334296
sans featurings,0.9393980732491749
sans featurings,0.9527113161075155
sans featurings,0.953436760044259
sans featurings,0.9965014619817018
sans featurings,0.9503058133573408
sans featurings,0.8624491632863318
sans featurings,0.9382312943470896
sans featurings,0.9600309911113905
sans featurings,0.9017628516001932
sans featurings,0.9710108122540883
sans featurings,0.8940007417171807
sans featurings,0.9859723269039712
sans featurings,0.9394620705083345
sans featurings,0.9188172162698645
sans featurings,0.9466973105867417
sans featurings,0.9390729745989308
sans featurings,0.9255010431551096
sans featurings,1.0064822065415122
sans featurings,0.9619718743509766
sans featurings,0.94891971613891
sans featurings,0.9618277780085983
sans featurings,0.9485230904866475
sans featurings,0.9315469095883357
sans featurings,0.9858340888213198
sans featurings,0.9067131706202176
sans featurings,0.9554123927499195
sans featurings,0.9006907924889552
sans featurings,0.8799208058925954
sans featurings,0.9000327194061573
sans featurings,0.9383499811951925
sans featurings,0.9097518752807092
sans featurings,0.8993156082247398
sans featurings,0.9422415229326514
sans featurings,0.9470575766299684
sans featurings,0.9644218426096929
sans featurings,0.9868984242249103
sans featurings,0.9591297754999145
sans featurings,0.9183139510333019
sans featurings,0.8992712241878975
sans featurings,0.9725766012366955
sans featurings,0.8850755024443107
sans featurings,0.9712205812334125
sans featurings,0.9208078741131172
sans featurings,0.9207860275379666
sans featurings,0.9401567275579148
sans featurings,0.9740866179411942
sans featurings,0.8659920983779543
sans featurings,0.9568768510325404
sans featurings,0.9761968294630208
sans featurings,0.9139041587384402
sans featurings,0.9286111560509159
sans featurings,0.9462380484813494
sans featurings,0.9601884022811614
sans featurings,0.9478690257751968
sans featurings,0.9438061345224036
sans featurings,0.9605465034194275
sans featurings,0.9405586093036744
sans featurings,0.9884019998950337
sans featurings,0.9286503835488843
sans featurings,0.9173300808755503
sans featurings,0.9107531866919238
sans featurings,0.9204204426875519
sans featurings,0.9572269912188613
sans featurings,0.953017192191307
sans featurings,0.9193138823130369
sans featurings,0.9431748737478095
sans featurings,0.9508347308774597
sans featurings,0.9225606195568883
sans featurings,0.9373340293857277
sans featurings,1.0146444357262048
sans featurings,0.9582309086677209
sans featurings,0.9152789757795092
sans featurings,0.9261863443324045
sans featurings,0.8906610167679576
sans featurings,0.937264516925179
sans featurings,0.9176109054782948
sans featurings,0.9840170714687743
sans featurings,0.8932588787483026
sans featurings,0.9131686046336219
sans featurings,0.9107547367218493
sans featurings,0.9627952441840604
sans featurings,0.9591193423445615
sans featurings,0.9076951542019347
sans featurings,0.9358981030132061
sans featurings,0.9844352207151175
sans featurings,0.9298490921498433
sans featurings,0.9441146650582474
sans featurings,0.9617503123549396
sans featurings,0.9233554193379349
sans featurings,0.9372829642407151
sans featurings,0.9200025069137499
sans featurings,0.9264311606785782
sans featurings,0.9032775754199748
sans featurings,0.979057808566349
sans featurings,0.9244864616385032
sans featurings,0.9244708227731782
sans featurings,0.9072122878542083
sans featurings,0.9818533996287
sans featurings,0.9238976144060278
sans featurings,0.9168671772584313
sans featurings,0.8668591471037062
sans featurings,0.9061439088026758
sans featurings,0.8856660686938895
sans featurings,0.9907975341043943
sans featurings,0.9852972864716214
sans featurings,0.9723092404724631
sans featurings,0.935740051905353
sans featurings,0.9167990379893248
sans featurings,0.9396532691554275
sans featurings,0.9375647873226182
sans featurings,0.9349220156759009
sans featurings,0.9093522416069169
sans featurings,0.9693514520942085
sans featurings,0.9219920915939335
sans featurings,0.9285080923935429
sans featurings,0.9202438195739808
sans featurings,0.9273721022068357
sans featurings,0.8953210149243164
sans featurings,0.9635652500849111
sans featurings,0.9560861585927931
sans featurings,0.9365341540962081
sans featurings,0.9468166558863511
sans featurings,0.9614037414812019
sans featurings,0.9155018326447422
sans featurings,0.9535506543098564
sans featurings,0.950271389279727
sans featurings,0.89193653612504
sans featurings,0.91263196265053
sans featurings,0.929564054279462
sans featurings,0.9043601412121507
sans featurings,0.9322776840609851
sans featurings,0.9707877366763413
sans featurings,0.9060322259057737
sans featurings,0.9090939750273312
sans featurings,0.9140079112447237
sans featurings,0.9649544118619492
sans featurings,0.9208078741131172
sans featurings,0.9625928853004846
sans featurings,0.9522867178511745
sans featurings,0.9049552160432672
sans featurings,0.9573992918389029
sans featurings,0.9437503950687665
sans featurings,0.9000333850152196
sans featurings,0.9009273411991978
sans featurings,0.9324494387849953
sans featurings,0.9135067268077177
sans featurings,0.9939616466788951
sans featurings,0.9226155009669035
sans featurings,0.9420343073924722
sans featurings,0.9170041310474439
sans featurings,0.9438816424649824
sans featurings,0.9267589366093327
sans featurings,0.9364767986081318
sans featurings,0.9427003277577204
sans featurings,0.929100079631141
sans featurings,0.9263727994215292
sans featurings,0.980224103982907
sans featurings,0.9566749437288716
sans featurings,0.959631338244433
sans featurings,0.9220515758707882
sans featurings,0.9175906021757902
sans featurings,0.9510686781521245
sans featurings,0.9183200582396519
sans featurings,0.9020984880039863
sans featurings,0.9620368904829835
sans featurings,0.9784112773005386
sans featurings,0.9344674800668594
sans featurings,0.9165966443794238
sans featurings,0.9703289745487376
sans featurings,0.9614891719355906
sans featurings,0.9384087211672302
sans featurings,0.972017077050308
sans featurings,0.9411233048621583
sans featurings,0.9527311601411813
sans featurings,0.9075494797989055
sans featurings,0.9209739965655154
sans featurings,0.9677729844602716
sans featurings,0.9064627730351473
sans featurings,0.9708253927376486
sans featurings,0.9368418586707626
sans featurings,0.9082185778024884
sans featurings,0.9537975583264958
sans featurings,0.9263928438878364
sans featurings,0.9168497007052461
sans featurings,0.9335055036943009
sans featurings,0.9508955620730764
sans featurings,0.9205227667719392
sans featurings,0.919166440281684
sans featurings,0.956483357112021
sans featurings,0.9417777168600222
sans featurings,0.8875332864155188
sans featurings,0.9126810727251456
sans featurings,0.8953247473226436
sans featurings,0.9988651753813806
sans featurings,0.9530533870157625
sans featurings,0.976337040191539
sans featurings,0.9436796212800171
sans featurings,0.9239144706370624
sans featurings,0.969365910213045
sans featurings,0.9253936307870313
sans featurings,0.9263941322104985
sans featurings,0.9280308489157036
sans featurings,0.899103967119356
sans featurings,0.8868296101285537
sans featurings,0.9096255003375083
sans featurings,0.95826128486195
sans featurings,0.9479049195337244
sans featurings,0.9209761839092666
sans featurings,0.895883152745808
sans featurings,0.9847955782510436
sans featurings,0.9617782017201767
sans featurings,0.9362233788579598
sans featurings,0.95239250167503
sans featurings,0.9354469106155625
sans featurings,0.9889786093549737
sans featurings,0.9110226484839103
sans featurings,0.963559697389081
sans featurings,0.9498175053304824
sans featurings,0.910863904097416
sans featurings,0.918223423280081
sans featurings,0.9101450951018858
sans featurings,0.9788206257043374
sans featurings,0.9803641230722177
sans featurings,0.9140143651019677
sans featurings,0.8906610167679576
sans featurings,0.9182982611788452
sans featurings,0.9356386796749899
sans featurings,0.921640577410741
sans featurings,0.9337869093718677
sans featurings,0.9175348320420934
sans featurings,0.9152058569648858
sans featurings,0.9875221374911521
sans featurings,0.9005104753872641
sans featurings,0.9257207225872415
sans featurings,0.9384473366437475
sans featurings,0.967427976740124
sans featurings,0.934347469161438
sans featurings,0.9819160341142441
sans featurings,0.9528448408588372
sans featurings,0.9336763644511502
sans featurings,0.9686073592743032
sans featurings,0.9039297982194514
sans featurings,0.9405745384556946
sans featurings,0.9235968715992655
sans featurings,0.8749125536607135
sans featurings,0.928166892941923
sans featurings,0.9770354632810041
sans featurings,0.9606942720604078
sans featurings,0.9267458382797035
sans featurings,0.9433156711213861
sans featurings,0.9955398823025485
sans featurings,0.9319440764788917
sans featurings,0.9169813893267222
sans featurings,0.9432605176579467
sans featurings,0.9310709607689942
sans featurings,0.9140869293269912
sans featurings,0.9157189973616413
sans featurings,0.956913982373991
sans featurings,0.8574347084152472
sans featurings,0.8919900581693396
sans featurings,0.9204878473502114
sans featurings,0.9509503940535934
sans featurings,0.9335380890527735
sans featurings,0.9134082297207343
sans featurings,0.9691678044744153
sans featurings,0.9369313585368874
sans featurings,0.961904697034481
sans featurings,1.0018000582014515
sans featurings,0.9272958836743002
sans featurings,0.9417887258864153
sans featurings,0.9086254940353393
sans featurings,0.9554655135306501
sans featurings,0.8727772307273519
sans featurings,0.9320175371766634
sans featurings,0.9681111994157863
sans featurings,0.9901285930435505
sans featurings,0.9328636207853521
sans featurings,0.9468394547363859
sans featurings,0.9140392199676273
sans featurings,0.9099637965857277
sans featurings,0.9691587250693806
sans featurings,0.8527635417105752
sans featurings,0.9022870390921579
sans featurings,0.9371113575367397
sans featurings,0.993732448829826
sans featurings,0.9514589774133634
sans featurings,0.953158868738734
sans featurings,0.9380436118527083
sans featurings,0.9636433637175645
sans featurings,0.9476495360176553
sans featurings,0.9279480935047087
sans featurings,0.9760521102209988
sans featurings,0.9049525203235697
sans featurings,0.9743888422627651
sans featurings,0.911751718979844
sans featurings,0.9276873003705601
sans featurings,0.935203379291354
sans featurings,0.9730779091647787
sans featurings,0.900221687242063
sans featurings,0.94762105372267
sans featurings,0.9556737639587136
sans featurings,0.9417345147287063
sans featurings,0.9992853746873168
sans featurings,0.9454987403682631
sans featurings,0.934847441510281
sans featurings,0.9588000965272446
sans featurings,0.9249973350810268
sans featurings,0.9103609876568712
sans featurings,0.9735319582465434
sans featurings,0.9593212697108432
sans featurings,0.8816291399935168
sans featurings,0.9420413227433918
sans featurings,0.9828609362465819
sans featurings,0.906984785628756
sans featurings,0.9888918387907489
sans featurings,0.8743007509534351
sans featurings,0.9702983520770134
sans featurings,0.9023175760195062
sans featurings,0.9888099221027552
sans featurings,0.9487216564742159
sans featurings,0.9185437761693805
sans featurings,0.9324309170041118
sans featurings,0.8911834741168543
sans featurings,0.9854465271656793
sans featurings,0.9369485289287692
sans featurings,0.9390605463226622
sans featurings,0.9247469377869832
sans featurings,0.9415475184577113
sans featurings,0.9065550286215767
sans featurings,0.9221895943791134
sans featurings,0.9304432902128899
sans featurings,0.9464164044126501
sans featurings,0.9301885053873388
sans featurings,0.9300568876466152
sans featurings,0.8990018651940564
sans featurings,1.006926244705749
sans featurings,0.928004876648804
sans featurings,0.9377781536741352
sans featurings,0.8945341701922577
sans featurings,0.9289456914322761
sans featurings,0.9909610031684541
sans featurings,0.9219682046513364
sans featurings,0.9228294869523421
sans featurings,0.8937744754915267
sans featurings,0.9396865910565715
sans featurings,0.9586013038300419
sans featurings,0.9525860125950887
sans featurings,0.9317578533959402
sans featurings,0.9520400510104993
sans featurings,0.9694993324778786
sans featurings,0.9382240518866348
sans featurings,0.9069253355718905
sans featurings,0.9208351488189823
sans featurings,0.9494271128772106
sans featurings,0.8961769687521277
sans featurings,0.8810848496520012
sans featurings,0.9441318380211356
sans featurings,0.882552868480268
sans featurings,0.9574687422509185
sans featurings,0.9097153916102132
sans featurings,0.9335987170996611
sans featurings,0.968719357878357
sans featurings,0.9539018300292323
sans featurings,0.9587661545940734
sans featurings,1.0070439894948584
sans featurings,0.9185523596963601
sans featurings,0.9099573458246464
sans featurings,0.9184175025648367
sans featurings,0.8991172733208764
sans featurings,0.918062804534766
sans featurings,0.930104782296634
sans featurings,0.9330799766689916
sans featurings,0.9326696567296268
sans featurings,0.9216471720129397
sans featurings,0.9810168292808504
sans featurings,0.9323001711018946
sans featurings,0.8902411453408061
sans featurings,0.9504260381266904
sans featurings,0.9405779049651931
sans featurings,0.9564826961450875
sans featurings,0.9459309696026377
sans featurings,0.9498768096618365
sans featurings,0.9687367205788678
sans featurings,0.9552873935354138
sans featurings,0.9435992660077857
sans featurings,0.9177215426135187
sans featurings,0.9814381265483139
sans featurings,0.9283795694439949
sans featurings,0.9426677656269098
sans featurings,0.9383300028640207
sans featurings,0.9469601582991037
sans featurings,0.8815588401653746
sans featurings,0.8792041971819861
sans featurings,0.9543313163320348
sans featurings,0.9311765820499108
sans featurings,0.8945930301682703
sans featurings,1.0024168481382518
sans featurings,0.9547221091185218
sans featurings,0.9067616749538691
sans featurings,0.9098127933430497
sans featurings,0.908547441394799
sans featurings,0.9363896458493628
sans featurings,0.9179354626273066
sans featurings,0.9415687579132108
sans featurings,0.9034801467790261
sans featurings,0.9814200246746055
sans featurings,0.8816701338917812
sans featurings,0.9179552879512578
sans featurings,0.9553079034794246
sans featurings,0.914707896676324
sans featurings,0.890633550424281
sans featurings,0.9122918467768727
sans featurings,0.9391796342907733
sans featurings,0.9497606447698969
sans featurings,0.9256087480330201
sans featurings,0.9562071244921823
sans featurings,0.9343722221676746
sans featurings,0.9251989449542662
sans featurings,0.8769981771924128
sans featurings,0.9253709196269116
sans featurings,0.9588109114762258
sans featurings,0.9633956341149156
sans featurings,0.9540519810338669
sans featurings,0.9837052766251896
sans featurings,0.9591919371850581
sans featurings,0.9346220893237343
sans featurings,0.9654305011196261
sans featurings,0.915209803514933
sans featurings,0.9815263261924497
sans featurings,0.9870188136155523
sans featurings,0.951067259155451
sans featurings,0.9636493583072805
sans featurings,0.9137491488602058
sans featurings,0.9756365297197689
sans featurings,0.9623026858890091
sans featurings,0.9331217595102841
sans featurings,0.9713979768735828
sans featurings,0.8729939719694857
sans featurings,0.9685329663982376
sans featurings,0.9216502627078896
sans featurings,0.9652802739637844
sans featurings,0.9256335213777664
sans featurings,0.9114468680378043
sans featurings,0.9041437451161662
sans featurings,1.0068295720988125
sans featurings,0.9239923586276355
sans featurings,0.946769397411448
sans featurings,0.9002975017133629
sans featurings,0.8859561175633174
sans featurings,0.9190069374987979
sans featurings,0.9695798054766055
sans featurings,0.9488621648481177
sans featurings,1.00087620239982
sans featurings,0.9260298835580503
sans featurings,0.9658479699754573
sans featurings,0.8958959700117558
sans featurings,0.8932629796973607
sans featurings,0.9258214077804414
sans featurings,0.9768066717721747
sans featurings,0.9531068810136195
sans featurings,0.9452347676842809
sans featurings,0.9121609917551058
sans featurings,0.9101183879662985
sans featurings,0.9906137237666949
sans featurings,0.9372711335113
sans featurings,0.9265833136870761
sans featurings,0.9243593953798578
sans featurings,0.9221471163428535
sans featurings,0.9323013846340223
sans featurings,0.922976783342515
sans featurings,0.9752694529509455
sans featurings,0.9379732207990058
sans featurings,0.9485784848100041
sans featurings,0.9496821909885569
sans featurings,0.9799553714041529
sans featurings,0.9398849806095548
sans featurings,0.9059546228668778
sans featurings,0.9245136667421734
sans featurings,0.9049219413914383
sans featurings,0.9521053625945533
sans featurings,0.9754266090128629
sans featurings,0.9433318009516257
sans featurings,0.92650098024965
sans featurings,0.9296920134014096
sans featurings,0.9098292494118954
sans featurings,0.9451781840870259
sans featurings,0.9223704870517019
sans featurings,0.9469760859682778
sans featurings,0.9688219116516716
sans featurings,0.9338822472455849
sans featurings,0.9615929392690358
sans featurings,0.9352792110699277
sans featurings,0.9719627179510951
sans featurings,0.9131052873733545
sans featurings,0.9184894261156383
sans featurings,0.9286398777420489
sans featurings,0.9629679774939149
sans featurings,0.9481039957299453
sans featurings,0.9415803127314666
sans featurings,0.9407625760831619
sans featurings,0.9501368437498519
sans featurings,0.9147248187557484
sans featurings,0.9542410505799611
sans featurings,0.90894271205083
sans featurings,0.962485363451903
sans featurings,0.9313582523974041
sans featurings,0.9631029527073905
sans featurings,0.9623413743081642
sans featurings,0.927379243164207
sans featurings,0.9211344014947771
sans featurings,0.9420685371688646
sans featurings,0.9351555736218888
sans featurings,0.9989716938530099
sans featurings,0.9404842996994489
sans featurings,0.9416045640502301
sans featurings,0.989585781396951
sans featurings,0.929222918037754
sans featurings,0.9467926184652471
sans featurings,0.9449482188296192
sans featurings,0.9201992833844073
sans featurings,0.9065222496259112
sans featurings,0.9103857867966586
sans featurings,0.9467349313687303
sans featurings,0.9304231797007589
sans featurings,0.9432638857337541
sans featurings,0.9834295763679008
sans featurings,0.9353262105136623
sans featurings,0.9070704086444701
sans featurings,0.926719535529499
sans featurings,0.936937179168761
sans featurings,0.9493359482508141
sans featurings,0.9407536803071588
sans featurings,0.9579351900982466
sans featurings,0.9567496258071188
sans featurings,0.9563936947367222
sans featurings,0.9160642365399857
sans featurings,0.8809108271308544
sans featurings,0.9128496667844992
sans featurings,0.97943315893662
sans featurings,0.951473681697574
sans featurings,0.9420220012504203
sans featurings,0.9182344497761503
sans featurings,0.9401220114906769
sans featurings,0.9479520233012342
sans featurings,0.9215894208228563
sans featurings,0.958727298352004
sans featurings,0.9569911509247183
sans featurings,0.9327338645689475
sans featurings,0.8842340401023141
sans featurings,0.9549547687174137
sans featurings,0.9247366116687611
sans featurings,0.9677269153142911
sans featurings,0.9734216556091895
sans featurings,0.9026747316194508
sans featurings,0.9688826670666139
sans featurings,0.8976750470774496
sans featurings,0.9182239289483705
sans featurings,0.9592175757490492
sans featurings,0.9227029623202633
sans featurings,0.926116305250135
sans featurings,0.9651753052037814
sans featurings,0.9202384232769693
sans featurings,0.9248340336334687
sans featurings,0.9786837674113364
sans featurings,0.9371066886078494
sans featurings,0.9330737457510349
sans featurings,0.9203261789818209
sans featurings,0.9689835491036322
sans featurings,0.944481296642301
sans featurings,0.8703753435750929
sans featurings,0.9210228934176619
sans featurings,0.9147522695286568
sans featurings,0.9602383854263481
sans featurings,0.9522175338910379
sans featurings,0.9691398849907022
sans featurings,0.9343791122707443
sans featurings,0.9128327589022517
sans featurings,0.9062717584312503
sans featurings,0.9729656818152822
sans featurings,0.9267273769327522
sans featurings,0.962257418534277
sans featurings,0.9184956486276378
sans featurings,0.9285746598495526
sans featurings,0.9124184979145123
sans featurings,0.9136268738551712
sans featurings,0.9058002136397634
sans featurings,0.9321705157229909
sans featurings,0.9355114912616521
sans featurings,0.9290723069035834
sans featurings,0.9358948859639029
sans featurings,0.9443664712769941
sans featurings,0.9512250301123166
sans featurings,0.9728739673000105
sans featurings,0.9486092001095717
sans featurings,0.9177867779734175
sans featurings,0.9778792393488307
sans featurings,0.9398160364823197
sans featurings,0.9248636283312267
sans featurings,0.9041374109900308
sans featurings,0.9808766999952966
sans featurings,0.9225044660658909
sans featurings,0.8646516207145473
sans featurings,0.8663575194325444
sans featurings,0.9492360758647169
sans featurings,0.9682141503173434
sans featurings,0.9686938483853986
sans featurings,0.9824613186941199
sans featurings,0.939134664052141
sans featurings,0.9202883310158912
sans featurings,0.9258275014515991
sans featurings,0.8900413043429722
sans featurings,0.9454973282317092
sans featurings,0.9859633627884649
sans featurings,0.9685010476704018
sans featurings,0.8369922569915598
sans featurings,0.884942274259285
sans featurings,0.9715606398039967
sans featurings,0.9234364180515661
sans featurings,0.9220604664829622
sans featurings,0.9952528681686825
sans featurings,0.9530358190104624
sans featurings,0.9482946990887261
sans featurings,0.909088134684898
sans featurings,0.9576396848757147
sans featurings,0.9129211807461033
sans featurings,0.9087086118329649
sans featurings,0.942423970145902
sans featurings,0.9357661927110945
sans featurings,0.9399858933268936
sans featurings,0.9241785340820239
sans featurings,0.953761232068566
sans featurings,0.9169566136067919
sans featurings,0.9482788645145653
sans featurings,0.9324464510967351
sans featurings,0.9369649220289902
sans featurings,0.9438923726185607
sans featurings,0.9513431142930587
sans featurings,0.9250055229665881
sans featurings,0.9168189505313814
sans featurings,0.9075259960560224
sans featurings,0.9483591992214785
sans featurings,0.8928038886677827
sans featurings,0.9576741191178162
sans featurings,0.9368767431004235
sans featurings,0.891200334924758
sans featurings,0.9392266575143463
sans featurings,0.9508941529983708
sans featurings,0.9009067865254107
sans featurings,0.9275394595410217
sans featurings,0.9913699592551268
sans featurings,0.9296026361192113
sans featurings,0.9076435007590475
sans featurings,0.9321778752658679
sans featurings,0.9883249568006908
sans featurings,0.9072521530911508
sans featurings,0.920225713487129
sans featurings,0.896751890188342
sans featurings,0.9843839682179071
sans featurings,0.9091654314588513
sans featurings,0.9363461353287874
sans featurings,0.928734951697586
sans featurings,0.9035349926375902
sans featurings,0.9143160719586219
sans featurings,0.9746145015112241
sans featurings,0.868634569040156
sans featurings,0.9341039834465703
sans featurings,0.9312933911254617
sans featurings,0.8873666844526689
sans featurings,0.8896887195646168
sans featurings,0.9165547148491346
sans featurings,0.9117713746346157
sans featurings,0.9614005258388998
sans featurings,0.9407286176501778
sans featurings,0.9004541938292068
sans featurings,0.9268442046722577
sans featurings,0.9013411662935752
sans featurings,0.908191538981763
sans featurings,0.9378746975868826
sans featurings,0.9273607486505663
sans featurings,0.9579508020394961
sans featurings,0.9395814672431609
sans featurings,0.9493258191570674
sans featurings,0.9194289292413191
sans featurings,0.9180331811207952
sans featurings,0.9302145394516148
sans featurings,0.9300525697298135
sans featurings,0.873874934838729
sans featurings,0.9565107558462446
sans featurings,0.9542116560563267
sans featurings,0.9406202361841559
sans featurings,0.9247773249410253
sans featurings,1.0201288819101288
sans featurings,0.934112381877804
sans featurings,0.8944930046426252
sans featurings,0.9449464727903337
sans featurings,0.9279928363142176
sans featurings,0.955458838106456
sans featurings,0.94175806084058
sans featurings,0.9574652609348547
sans featurings,0.919729230601063
sans featurings,0.8827731225031946
sans featurings,0.9230535425445312
sans featurings,0.9561842579760432
sans featurings,0.9450589646484568
sans featurings,0.874702448352654
sans featurings,0.9506674267773854
sans featurings,0.9008059771474828
sans featurings,0.912902101276756
sans featurings,0.9241112024465854
sans featurings,0.9452537549995881
sans featurings,0.9084290298308678
sans featurings,0.9597318535158272
sans featurings,0.8895090917975825
sans featurings,0.9248962197913562
sans featurings,0.983696302418534
sans featurings,0.9380704377327939
sans featurings,0.9211891161447971
sans featurings,0.9383822657345007
sans featurings,0.9641056829721032
sans featurings,0.9253353717554943
sans featurings,0.9450157148473115
sans featurings,0.9541412627481308
sans featurings,0.9337706835211378
sans featurings,0.913428883707974
sans featurings,0.9293880419645943
sans featurings,0.9301479869581697
sans featurings,0.922803401533815
sans featurings,0.9324360113226655
sans featurings,0.9430191484767839
sans featurings,0.971432142283745
sans featurings,0.9018391377533135
sans featurings,0.9208005203218779
sans featurings,0.9837331073249087
sans featurings,0.9093791185312892
sans featurings,0.920704844108931
sans featurings,0.9790419196725201
sans featurings,0.9310854908112569
sans featurings,0.9067242828159374
sans featurings,0.9141667374647692
sans featurings,0.9383009649532961
sans featurings,0.9430878444263638
sans featurings,0.9415957960965491
sans featurings,0.9366011213311528
sans featurings,0.9565989321115244
sans featurings,0.974501798832308
sans featurings,0.9438148954912636
sans featurings,0.9322709576066444
sans featurings,0.9072157962416835
sans featurings,0.9087322189439494
sans featurings,0.9298009563057661
sans featurings,0.939084957890936
sans featurings,0.9426018047414173
sans featurings,0.9202577050716366
sans featurings,0.9157267983081727
sans featurings,0.9149528930698572
sans featurings,0.9332519781837486
sans featurings,0.9456545483722895
sans featurings,0.9169329914802744
sans featurings,0.964082915358799
sans featurings,0.9644067243669093
sans featurings,0.9766392304719143
sans featurings,0.9224067325071471
sans featurings,0.9137747054881882
sans featurings,0.9086333788859816
sans featurings,0.9346696554306604
sans featurings,0.9487979876776844
sans featurings,0.9537904929089104
sans featurings,0.915058257253202
sans featurings,0.9504724426285436
sans featurings,0.9487172801020014
sans featurings,0.9196819480568156
sans featurings,0.9188727987384255
sans featurings,0.9503138778247314
sans featurings,0.946025754158395
sans featurings,0.8789535539871632
sans featurings,0.9575793020551894
sans featurings,0.9506812189975726
sans featurings,0.9603820747233675
sans featurings,0.909550095518614
sans featurings,0.9391204561464799
sans featurings,0.9270035983981242
sans featurings,0.9083680173678147
sans featurings,0.9034565807335564
sans featurings,0.9049092947020746
sans featurings,0.9761381509467169
sans featurings,0.9534405026273928
sans featurings,0.9232973775642765
sans featurings,0.8916314673373631
sans featurings,0.9301300447762392
sans featurings,0.9453624214849384
sans featurings,0.955662738723059
sans featurings,0.8891826140368094
sans featurings,0.959149783945531
sans featurings,0.9444014150545367
sans featurings,0.9920599778710921
sans featurings,0.9147529952301632
sans featurings,0.9283314627408725
sans featurings,0.9218634090768166
sans featurings,0.9634353179946222
sans featurings,0.9293527042910843
sans featurings,0.9388935558137421
sans featurings,0.9523151704067357
sans featurings,0.930757446513977
sans featurings,0.9008386082248587
sans featurings,0.9667134824130652
sans featurings,0.91071785020205
sans featurings,0.945690028071669
sans featurings,0.9707444089248947
sans featurings,0.8936227862092017
sans featurings,0.9097657360176623
sans featurings,0.9328754477185687
sans featurings,0.9511934514721971
sans featurings,0.9647394911993361
sans featurings,0.9527931445289715
sans featurings,0.8974213357624062
sans featurings,0.8688503095625253
sans featurings,0.9370736195457101
sans featurings,0.9654266358384792
sans featurings,0.956808515059003
sans featurings,0.9504281138786991
sans featurings,0.936115729817691
sans featurings,0.9194505261327991
sans featurings,0.9234325838257349
sans featurings,0.9337998432417777
sans featurings,0.9278644508534294
sans featurings,0.9607837761214132
sans featurings,0.9302953634556353
sans featurings,0.8886475226910112
sans featurings,0.9047873234126607
sans featurings,0.9476834628111577
sans featurings,0.966811897279974
sans featurings,0.9071783290461864
sans featurings,0.929061937266937
sans featurings,0.9589378642822023
sans featurings,0.9155335522334161
sans featurings,0.9169393885625426
sans featurings,0.9226112589832218
sans featurings,0.9080806206098169
sans featurings,0.9266911047394664
sans featurings,0.9209875577051361
sans featurings,0.9357383216088395
sans featurings,0.9440041995211185
sans featurings,1.0242184034464241
sans featurings,0.977214904509793
sans featurings,0.9437988567611648
sans featurings,0.9421449983557794
sans featurings,0.933819176166965
sans featurings,0.9740565719317135
sans featurings,0.898071621587897
sans featurings,0.9305592462996284
sans featurings,0.9253883557417963
sans featurings,0.8989299554281658
sans featurings,0.8805674531963481
sans featurings,0.9208373355646924
sans featurings,0.8847694517988158
sans featurings,0.9328660681803026
sans featurings,0.9948134498600808
sans featurings,0.9450383284988476
sans featurings,0.945869633952422
sans featurings,0.9308494082530608
sans featurings,0.960866251527184
sans featurings,0.9787827694675848
sans featurings,0.9681295689503067
sans featurings,0.9170230485471207
sans featurings,0.9370705679394786
sans featurings,0.9026960120539065
sans featurings,0.9221302979817828
sans featurings,0.949545317565736
sans featurings,0.9704311226410335
sans featurings,0.9156291136843908
sans featurings,0.9479544541166877
sans featurings,0.9449661256355655
sans featurings,0.9488880173443286
sans featurings,0.9472338879047856
sans featurings,0.9201875926084612
sans featurings,0.9286786992018706
sans featurings,0.9711980347813185
sans featurings,0.9235996592694564
sans featurings,0.9502680928375822
sans featurings,0.8962140765991072
sans featurings,0.968526839218722
sans featurings,0.9230105621215996
sans featurings,0.927265416235569
sans featurings,0.9406745955675538
sans featurings,0.906666934052949
sans featurings,0.8955406234634732
sans featurings,0.9169231845806001
sans featurings,0.9622548918937013
sans featurings,0.9577010771107709
sans featurings,0.9105232007857934
sans featurings,0.9478278651890154
sans featurings,0.9440837333644643
sans featurings,0.9272459156148778
sans featurings,0.9138878666444087
sans featurings,0.9427577732341663
sans featurings,0.9390338749205616
sans featurings,0.9409036973068565
sans featurings,0.8914621395202734
sans featurings,0.94474360761071
sans featurings,0.9118207312513542
sans featurings,0.9358898580046001
sans featurings,0.9813784372626418
sans featurings,0.9208224032821641
sans featurings,0.9294614918055363
sans featurings,0.9055540760170326
sans featurings,0.9297239576192944
sans featurings,0.9533151932285556
sans featurings,1.0155927237225866
sans featurings,0.9530124461781219
sans featurings,0.9375176317039381
sans featurings,0.8813706558852981
sans featurings,0.9609054657061029
sans featurings,0.9364954232233205
sans featurings,0.9066918929085686
sans featurings,0.9003612903637211
sans featurings,0.9339796532500111
sans featurings,0.9699700054515069
sans featurings,0.9667703275339238
sans featurings,0.9081635951193805
sans featurings,0.9154936603847735
sans featurings,0.9074879501262799
sans featurings,0.9320230977490712
sans featurings,0.9120279523234898
sans featurings,0.9661840291483663
sans featurings,0.9592306408859175
sans featurings,0.9049081016031126
sans featurings,0.9460356107680135
sans featurings,0.9746728733858887
sans featurings,0.9711925294652853
sans featurings,0.8902831372716781
sans featurings,0.9734867140225226
sans featurings,0.9565361786145706
sans featurings,0.8888533887881309
sans featurings,0.9257440937238407
sans featurings,0.926107859422203
sans featurings,0.9380921425435008
sans featurings,0.9412325111127163
sans featurings,0.919057839548522
sans featurings,0.9072590562712245
sans featurings,0.9542419212307168
sans featurings,0.9001588739039308
sans featurings,0.9528725919033494
sans featurings,0.9153655099499631
sans featurings,0.9127984042628612
sans featurings,0.9266231302704993
sans featurings,0.9909359074026869
sans featurings,0.8832618711913685
sans featurings,0.9384247020362432
sans featurings,0.9137198833049275
sans featurings,0.9271025151393578
sans featurings,0.9424395773289396
sans featurings,0.9540522633166725
sans featurings,0.9841249219003559
sans featurings,0.966625163564042
sans featurings,0.9052947738505122
sans featurings,0.8938798777325558
sans featurings,0.942436528770763
sans featurings,0.9434321924568853
sans featurings,0.9205632437095789
sans featurings,0.9145019223320461
sans featurings,0.9400479609568292
sans featurings,0.8980339699785707
sans featurings,0.9344605583188466
sans featurings,0.9759126002268408
sans featurings,0.9488987188352265
sans featurings,0.9058800276303609
sans featurings,0.9224081022560849
sans featurings,0.9484852471077996
sans featurings,0.9706482243536131
sans featurings,0.9311540915434466
sans featurings,0.931564843657385
sans featurings,0.9428876523925573
sans featurings,0.9519846663910849
sans featurings,0.9387515711772707
sans featurings,0.9027231010186074
sans featurings,0.9637110149077951
sans featurings,0.9394579137684274
sans featurings,0.9305411153832153
sans featurings,0.9720585721348486
sans featurings,0.9567032246900987
sans featurings,0.9101445857264447
sans featurings,0.9519108071201167
sans featurings,0.88838040095237
sans featurings,0.9653559207342891
sans featurings,0.9110207803485822
sans featurings,0.9446267472558255
sans featurings,0.9269842274912503
sans featurings,0.9357248966901666
sans featurings,0.8908820974071138
sans featurings,0.9467690077163142
sans featurings,0.9428086506180547
sans featurings,0.8896892557216567
sans featurings,0.9380538378918122
sans featurings,0.9148450334525219
sans featurings,0.8981179879147443
sans featurings,0.950113591947995
sans featurings,0.9685700800653018
sans featurings,0.9579154497072216
sans featurings,0.9041735260386706
sans featurings,0.8861824195035051
sans featurings,0.9489565706714955
sans featurings,0.8814010463340493
sans featurings,0.967931702630932
sans featurings,0.9586139310498348
sans featurings,0.8910105038079663
sans featurings,0.9184358132827715
sans featurings,1.0006084661182688
sans featurings,0.9560377854302783
sans featurings,0.9782370612881996
sans featurings,0.8836789601221253
sans featurings,0.9123194606921448
sans featurings,0.8908076486247425
sans featurings,0.9502528399607306
sans featurings,0.9289876726460715
sans featurings,0.9082830209347504
sans featurings,0.9251271867214897
sans featurings,0.9387181379214399
sans featurings,0.950348537961909
sans featurings,0.9129600748767837
sans featurings,0.9148879778775388
sans featurings,0.9407334511835629
sans featurings,0.9341739336066801
sans featurings,0.9664276845704554
sans featurings,0.9362973088856814
sans featurings,0.9179754119423191
sans featurings,0.917559273994725
sans featurings,0.9298981054199194
sans featurings,0.8885507988514313
sans featurings,0.8833962224828373
sans featurings,1.0083646452917188
sans featurings,0.9154989851898601
sans featurings,0.9592788768064776
sans featurings,0.9165595641030007
sans featurings,0.9224390013364255
sans featurings,0.9235553573797745
sans featurings,0.9609556497284175
sans featurings,0.9504460465233113
sans featurings,0.9853775785664409
sans featurings,0.9312484467550413
sans featurings,0.956126320733893
sans featurings,0.9107318538736969
sans featurings,0.9308272026264234
sans featurings,0.9491603686127262
sans featurings,0.9373834350468029
sans featurings,0.8473570183928805
sans featurings,0.8794548465867361
sans featurings,0.9605273950702992
sans featurings,1.0146354270353344
sans featurings,0.9784833381764395
sans featurings,0.9714486169423884
sans featurings,0.9780483924269726
sans featurings,0.8715167758022804
sans featurings,0.9141724975391342
sans featurings,0.9644342910203187
sans featurings,0.9383467505636478
sans featurings,0.9387672486957788
sans featurings,0.9448170138388431
sans featurings,0.9232015287828138
sans featurings,0.9738425863301067
sans featurings,0.9308834959600011
sans featurings,0.9612398435808339
