variante,distance_hasard
sans featurings ni ad-libs,0.9604012965944482
sans featurings ni ad-libs,0.9704223947551078
sans featurings ni ad-libs,0.9760826131886964
sans featurings ni ad-libs,0.9356155009203677
sans featurings ni ad-libs,0.9613104227234137
sans featurings ni ad-libs,0.9509311188423358
sans featurings ni ad-libs,0.8998147568791972
sans featurings ni ad-libs,0.9497075995764761
sans featurings ni ad-libs,0.9859777106944626
sans featurings ni ad-libs,0.9122472068361905
sans featurings ni ad-libs,0.9900432197590194
sans featurings ni ad-libs,0.9544615217423391
sans featurings ni ad-libs,0.9587976834815449
sans featurings ni ad-libs,0.9629703768620729
sans featurings ni ad-libs,0.9709520470317136
sans featurings ni ad-libs,0.9541508844970122
sans featurings ni ad-libs,0.9478327324876976
sans featurings ni ad-libs,0.9686377871909693
sans featurings ni ad-libs,0.9575161134429422
sans featurings ni ad-libs,0.9796924835380372
sans featurings ni ad-libs,0.9298398073978714
sans featurings ni ad-libs,0.9708762308020793
sans featurings ni ad-libs,0.9436844518708719
sans featurings ni ad-libs,0.9717577023971858
sans featurings ni ad-libs,0.9128997743919534
sans featurings ni ad-libs,0.983925504778532
sans featurings ni ad-libs,0.9887485253415277
sans featurings ni ad-libs,0.9666062128756264
sans featurings ni ad-libs,0.966531200503952
sans featurings ni ad-libs,0.9432576066928027
sans featurings ni ad-libs,0.9547648777577161
sans featurings ni ad-libs,0.9477185319898552
sans featurings ni ad-libs,0.9832535382338433
sans featurings ni ad-libs,0.909932020177884
sans featurings ni ad-libs,0.9860411918236603
sans featurings ni ad-libs,0.9337829084320755
sans featurings ni ad-libs,0.970861261896056
sans featurings ni ad-libs,0.9999945259856995
sans featurings ni ad-libs,0.9235626961598418
sans featurings ni ad-libs,0.9474581447834355
sans featurings ni ad-libs,0.953632355784608
sans featurings ni ad-libs,0.9785852719830277
sans featurings ni ad-libs,0.97795977147026
sans featurings ni ad-libs,0.9303691756278223
sans featurings ni ad-libs,0.9494756994519015
sans featurings ni ad-libs,0.9675175822103114
sans featurings ni ad-libs,1.0053130342214052
sans featurings ni ad-libs,0.9461000464973665
sans featurings ni ad-libs,0.9171911806448665
sans featurings ni ad-libs,0.9661514739849831
sans featurings ni ad-libs,0.9174823500568641
sans featurings ni ad-libs,0.9540645003212407
sans featurings ni ad-libs,0.9685813420931986
sans featurings ni ad-libs,0.9608388685630757
sans featurings ni ad-libs,0.9839553282881165
sans featurings ni ad-libs,0.9469581319172385
sans featurings ni ad-libs,0.9441931800819287
sans featurings ni ad-libs,0.9655419182696277
sans featurings ni ad-libs,0.9495903874322779
sans featurings ni ad-libs,0.9805653351747857
sans featurings ni ad-libs,0.9659977972180278
sans featurings ni ad-libs,0.9793238206039137
sans featurings ni ad-libs,0.9788491136485497
sans featurings ni ad-libs,0.9436880902106386
sans featurings ni ad-libs,0.9446819558247159
sans featurings ni ad-libs,0.9478462708637005
sans featurings ni ad-libs,0.9187306263560455
sans featurings ni ad-libs,0.9606420754201928
sans featurings ni ad-libs,0.9934872242866102
sans featurings ni ad-libs,0.9179983353797218
sans featurings ni ad-libs,0.951569373716085
sans featurings ni ad-libs,0.985050554074592
sans featurings ni ad-libs,0.9519444045690441
sans featurings ni ad-libs,0.9365482316983973
sans featurings ni ad-libs,0.9723916822829255
sans featurings ni ad-libs,0.9602259327113878
sans featurings ni ad-libs,0.9973037434201856
sans featurings ni ad-libs,0.9459040146862661
sans featurings ni ad-libs,0.9406637546016108
sans featurings ni ad-libs,0.9236285731999453
sans featurings ni ad-libs,0.9504742131903754
sans featurings ni ad-libs,0.9819958207515077
sans featurings ni ad-libs,0.9689745756422666
sans featurings ni ad-libs,0.967791230439538
sans featurings ni ad-libs,0.9785852719830277
sans featurings ni ad-libs,0.9983773973034005
sans featurings ni ad-libs,0.9664032280879722
sans featurings ni ad-libs,0.9604599129675074
sans featurings ni ad-libs,0.9817395643288032
sans featurings ni ad-libs,1.0270139234184106
sans featurings ni ad-libs,0.9656533868236028
sans featurings ni ad-libs,0.9844375499948008
sans featurings ni ad-libs,0.9830838806563025
sans featurings ni ad-libs,0.961040584982681
sans featurings ni ad-libs,1.0115045022763072
sans featurings ni ad-libs,1.0047616305946554
sans featurings ni ad-libs,0.9540782743447435
sans featurings ni ad-libs,0.9792383330497836
sans featurings ni ad-libs,0.9808543138792668
sans featurings ni ad-libs,0.9500590509375388
sans featurings ni ad-libs,0.9205338254460228
sans featurings ni ad-libs,0.9072966875094322
sans featurings ni ad-libs,0.9762890783328712
sans featurings ni ad-libs,0.955517252527593
sans featurings ni ad-libs,1.014263399407915
sans featurings ni ad-libs,0.9844259326288616
sans featurings ni ad-libs,0.977920248879268
sans featurings ni ad-libs,0.9897627568306911
sans featurings ni ad-libs,0.9541833565875056
sans featurings ni ad-libs,0.9085675574583448
sans featurings ni ad-libs,0.9460189486381719
sans featurings ni ad-libs,0.9737472916328866
sans featurings ni ad-libs,0.9328873141745144
sans featurings ni ad-libs,0.9419813537933822
sans featurings ni ad-libs,0.9543956805521088
sans featurings ni ad-libs,0.972151743298361
sans featurings ni ad-libs,0.9873635059444823
sans featurings ni ad-libs,0.9140729716492296
sans featurings ni ad-libs,0.9901069848706979
sans featurings ni ad-libs,0.9085736983997423
sans featurings ni ad-libs,0.9667563478040222
sans featurings ni ad-libs,0.9421535078942507
sans featurings ni ad-libs,0.9319468068264438
sans featurings ni ad-libs,0.958251566575315
sans featurings ni ad-libs,0.9247463037509578
sans featurings ni ad-libs,0.9397065763024745
sans featurings ni ad-libs,0.9239667805074908
sans featurings ni ad-libs,0.9689630653630983
sans featurings ni ad-libs,0.9463091261053145
sans featurings ni ad-libs,0.9258222193835334
sans featurings ni ad-libs,0.9204046643700787
sans featurings ni ad-libs,0.9524743215873429
sans featurings ni ad-libs,0.9594298775714415
sans featurings ni ad-libs,0.9261710744685556
sans featurings ni ad-libs,0.9478266662377453
sans featurings ni ad-libs,0.9630911259286711
sans featurings ni ad-libs,0.9251988534878707
sans featurings ni ad-libs,0.9833775799388749
sans featurings ni ad-libs,0.9695080757560209
sans featurings ni ad-libs,0.9435809833852458
sans featurings ni ad-libs,0.9717268678358751
sans featurings ni ad-libs,0.9232976695663058
sans featurings ni ad-libs,0.9538038510427932
sans featurings ni ad-libs,0.9180069426181947
sans featurings ni ad-libs,0.971065149498767
sans featurings ni ad-libs,0.9594076169624697
sans featurings ni ad-libs,0.9930751993526875
sans featurings ni ad-libs,0.9685328683610808
sans featurings ni ad-libs,0.9661330861585388
sans featurings ni ad-libs,0.9490883129636857
sans featurings ni ad-libs,0.9620572324249539
sans featurings ni ad-libs,0.9614323268356058
sans featurings ni ad-libs,0.9646742307546021
sans featurings ni ad-libs,0.9649523568114292
sans featurings ni ad-libs,0.9748685264775198
sans featurings ni ad-libs,0.9410173947412659
sans featurings ni ad-libs,0.9701283956164487
sans featurings ni ad-libs,1.0158225299853896
sans featurings ni ad-libs,0.9896103228931931
sans featurings ni ad-libs,0.9575570039729059
sans featurings ni ad-libs,0.9377417022359232
sans featurings ni ad-libs,0.9411991209504855
sans featurings ni ad-libs,0.9423595470001536
sans featurings ni ad-libs,0.9722516681140679
sans featurings ni ad-libs,0.9479017598504688
sans featurings ni ad-libs,0.9619904207076617
sans featurings ni ad-libs,0.9748897456471588
sans featurings ni ad-libs,0.9301545138683673
sans featurings ni ad-libs,0.956087145995953
sans featurings ni ad-libs,0.9567620531352136
sans featurings ni ad-libs,0.9546731288909348
sans featurings ni ad-libs,0.9387481806188401
sans featurings ni ad-libs,0.9782738621027074
sans featurings ni ad-libs,0.9617491222326928
sans featurings ni ad-libs,0.9374903910175366
sans featurings ni ad-libs,1.0029361845687452
sans featurings ni ad-libs,0.9628513598389626
sans featurings ni ad-libs,0.9388518423007031
sans featurings ni ad-libs,0.9431280301871716
sans featurings ni ad-libs,0.9214285794326854
sans featurings ni ad-libs,0.9413893097655851
sans featurings ni ad-libs,0.9292856118116627
sans featurings ni ad-libs,0.9826667854247845
sans featurings ni ad-libs,0.9896103228931931
sans featurings ni ad-libs,0.9932181809911058
sans featurings ni ad-libs,0.9815514785002517
sans featurings ni ad-libs,0.970858812804648
sans featurings ni ad-libs,0.9800529104227488
sans featurings ni ad-libs,0.9677973104182178
sans featurings ni ad-libs,0.8974972904724619
sans featurings ni ad-libs,1.0067535828207828
sans featurings ni ad-libs,0.9689077957604341
sans featurings ni ad-libs,0.9941394066609616
sans featurings ni ad-libs,0.9400807241129775
sans featurings ni ad-libs,0.9826655281013383
sans featurings ni ad-libs,0.9544486073905389
sans featurings ni ad-libs,0.9835328268942992
sans featurings ni ad-libs,0.9781859555073462
sans featurings ni ad-libs,0.9883798778014606
sans featurings ni ad-libs,0.9427835992859211
sans featurings ni ad-libs,1.0011649295296075
sans featurings ni ad-libs,0.9629696175803493
sans featurings ni ad-libs,0.9277553989889664
sans featurings ni ad-libs,0.9588104143685855
sans featurings ni ad-libs,0.9319858381192385
sans featurings ni ad-libs,0.9818242500146231
sans featurings ni ad-libs,0.9791351706784138
sans featurings ni ad-libs,0.9184759113801153
sans featurings ni ad-libs,0.9064327740977586
sans featurings ni ad-libs,0.9714184250632627
sans featurings ni ad-libs,0.9789581788473191
sans featurings ni ad-libs,0.9638393648911265
sans featurings ni ad-libs,0.8992827083837288
sans featurings ni ad-libs,0.9782608242876785
sans featurings ni ad-libs,0.9957470437272005
sans featurings ni ad-libs,0.9506300163810156
sans featurings ni ad-libs,0.9597323225371482
sans featurings ni ad-libs,0.9375888756480392
sans featurings ni ad-libs,0.9485119564229691
sans featurings ni ad-libs,0.9756073777099903
sans featurings ni ad-libs,0.9595178356128551
sans featurings ni ad-libs,0.9757759111581645
sans featurings ni ad-libs,0.9912466189444369
sans featurings ni ad-libs,0.9344794001864032
sans featurings ni ad-libs,0.9361224160917672
sans featurings ni ad-libs,0.9282701629011614
sans featurings ni ad-libs,0.9756297720827396
sans featurings ni ad-libs,0.9375044345928356
sans featurings ni ad-libs,0.9578858044589581
sans featurings ni ad-libs,0.9437413247384283
sans featurings ni ad-libs,0.9352619379645788
sans featurings ni ad-libs,0.9419819689231805
sans featurings ni ad-libs,0.9840162548639001
sans featurings ni ad-libs,0.9079971181057549
sans featurings ni ad-libs,0.9893943420229735
sans featurings ni ad-libs,0.9302922691056666
sans featurings ni ad-libs,0.9548995414356166
sans featurings ni ad-libs,0.9736623742007425
sans featurings ni ad-libs,0.9424441679720625
sans featurings ni ad-libs,0.9717577023971858
sans featurings ni ad-libs,0.9642995670053714
sans featurings ni ad-libs,0.9762821158424935
sans featurings ni ad-libs,0.955247496936796
sans featurings ni ad-libs,0.9217652511058171
sans featurings ni ad-libs,0.9676403153839532
sans featurings ni ad-libs,0.9736547818897457
sans featurings ni ad-libs,0.9541479308847755
sans featurings ni ad-libs,0.9788017890688194
sans featurings ni ad-libs,0.9470525735782143
sans featurings ni ad-libs,0.9493437923057846
sans featurings ni ad-libs,0.983925504778532
sans featurings ni ad-libs,0.9867856752343271
sans featurings ni ad-libs,0.9472061252505419
sans featurings ni ad-libs,0.9574500041744813
sans featurings ni ad-libs,0.935982796330195
sans featurings ni ad-libs,0.9520429889765457
sans featurings ni ad-libs,0.9387481806188401
sans featurings ni ad-libs,0.9771674588424666
sans featurings ni ad-libs,0.9556216466627236
sans featurings ni ad-libs,0.9626672836850416
sans featurings ni ad-libs,0.9309639406215411
sans featurings ni ad-libs,0.9527725130078304
sans featurings ni ad-libs,0.9818166313151975
sans featurings ni ad-libs,1.0073852510995305
sans featurings ni ad-libs,0.9753986542522818
sans featurings ni ad-libs,0.9427088659425349
sans featurings ni ad-libs,0.9615104316999918
sans featurings ni ad-libs,0.9507170178086726
sans featurings ni ad-libs,0.9781177912350623
sans featurings ni ad-libs,0.9748044793064021
sans featurings ni ad-libs,0.9871153301529988
sans featurings ni ad-libs,0.9421927030841781
sans featurings ni ad-libs,0.9528326429150069
sans featurings ni ad-libs,0.9950034475369111
sans featurings ni ad-libs,0.9595178356128551
sans featurings ni ad-libs,0.9231163111826182
sans featurings ni ad-libs,0.9363610924437521
sans featurings ni ad-libs,0.9549448893233761
sans featurings ni ad-libs,0.9907422217594378
sans featurings ni ad-libs,0.9992046553943054
sans featurings ni ad-libs,1.0218688877532929
sans featurings ni ad-libs,0.9057975327560903
sans featurings ni ad-libs,0.9171578309122823
sans featurings ni ad-libs,0.9724661435676001
sans featurings ni ad-libs,0.9957042327860756
sans featurings ni ad-libs,0.9350621843571303
sans featurings ni ad-libs,0.9461888459258818
sans featurings ni ad-libs,0.9801497574074722
sans featurings ni ad-libs,0.9616432515933104
sans featurings ni ad-libs,1.018279488135621
sans featurings ni ad-libs,0.9604716071783787
sans featurings ni ad-libs,0.8879980453567058
sans featurings ni ad-libs,1.018444491054914
sans featurings ni ad-libs,0.9555026423506832
sans featurings ni ad-libs,0.9162870729403929
sans featurings ni ad-libs,0.9496114759570112
sans featurings ni ad-libs,0.9680209446023617
sans featurings ni ad-libs,0.9132752991831619
sans featurings ni ad-libs,0.909480691289686
sans featurings ni ad-libs,0.9940705103288774
sans featurings ni ad-libs,0.9683533535531695
sans featurings ni ad-libs,0.9418971247299198
sans featurings ni ad-libs,0.9512779950467002
sans featurings ni ad-libs,0.9337459327951745
sans featurings ni ad-libs,0.9476157834754706
sans featurings ni ad-libs,0.9434259967575468
sans featurings ni ad-libs,0.9612578276035266
sans featurings ni ad-libs,1.0261210924795494
sans featurings ni ad-libs,0.9828839341343525
sans featurings ni ad-libs,0.9423192317021424
sans featurings ni ad-libs,0.9319777288334063
sans featurings ni ad-libs,0.9638466245853529
sans featurings ni ad-libs,0.9697234965273442
sans featurings ni ad-libs,0.9709520470317136
sans featurings ni ad-libs,1.0091025444702868
sans featurings ni ad-libs,0.939463541517821
sans featurings ni ad-libs,0.9397638151690417
sans featurings ni ad-libs,0.9424853660666171
sans featurings ni ad-libs,0.9458720505594674
sans featurings ni ad-libs,1.0210110423430638
sans featurings ni ad-libs,0.9507450882476914
sans featurings ni ad-libs,0.9832206639135453
sans featurings ni ad-libs,0.9622585755316723
sans featurings ni ad-libs,0.9451982517251997
sans featurings ni ad-libs,1.0357880740319794
sans featurings ni ad-libs,0.9735355025682805
sans featurings ni ad-libs,0.985365888511106
sans featurings ni ad-libs,0.9713106626686719
sans featurings ni ad-libs,0.9517254521160184
sans featurings ni ad-libs,0.9572231669810601
sans featurings ni ad-libs,0.956181597187457
sans featurings ni ad-libs,0.9869665855910089
sans featurings ni ad-libs,0.974293784625738
sans featurings ni ad-libs,0.9460245261650961
sans featurings ni ad-libs,0.9195007690586847
sans featurings ni ad-libs,0.959976037449962
sans featurings ni ad-libs,0.9403606381263764
sans featurings ni ad-libs,0.9521335109857237
sans featurings ni ad-libs,0.9786359930221573
sans featurings ni ad-libs,0.9591714706501429
sans featurings ni ad-libs,0.952508371602053
sans featurings ni ad-libs,0.9601462868696082
sans featurings ni ad-libs,0.932955732224021
sans featurings ni ad-libs,0.9401932535033837
sans featurings ni ad-libs,0.9224214008191767
sans featurings ni ad-libs,0.9588080892410294
sans featurings ni ad-libs,0.9906623099598624
sans featurings ni ad-libs,0.947999186528845
sans featurings ni ad-libs,0.9489313031044369
sans featurings ni ad-libs,0.9478415016624764
sans featurings ni ad-libs,0.9644486650667256
sans featurings ni ad-libs,0.9495161232364269
sans featurings ni ad-libs,0.9893588748756414
sans featurings ni ad-libs,0.9360167895094261
sans featurings ni ad-libs,0.9744733078459334
sans featurings ni ad-libs,0.9855570229673319
sans featurings ni ad-libs,0.9671583159402836
sans featurings ni ad-libs,0.9673429926329074
sans featurings ni ad-libs,0.9621764376070066
sans featurings ni ad-libs,0.9854946165685784
sans featurings ni ad-libs,0.975889089073351
sans featurings ni ad-libs,0.9860463815193653
sans featurings ni ad-libs,0.9503469408627451
sans featurings ni ad-libs,0.934328835841199
sans featurings ni ad-libs,0.9153943084523201
sans featurings ni ad-libs,0.9533902925053425
sans featurings ni ad-libs,0.9314707019223033
sans featurings ni ad-libs,1.0087934156436915
sans featurings ni ad-libs,0.9620158771108875
sans featurings ni ad-libs,0.9421572671369178
sans featurings ni ad-libs,0.9849774594139453
sans featurings ni ad-libs,0.982840307616052
sans featurings ni ad-libs,1.0191050662819583
sans featurings ni ad-libs,0.9503926220331161
sans featurings ni ad-libs,0.9689292221289239
sans featurings ni ad-libs,0.9654454650092847
sans featurings ni ad-libs,0.9752150664606585
sans featurings ni ad-libs,0.9476946964876687
sans featurings ni ad-libs,0.9843626995095355
sans featurings ni ad-libs,0.9777882681340829
sans featurings ni ad-libs,0.9399362548997013
sans featurings ni ad-libs,0.972168126523471
sans featurings ni ad-libs,0.9625207940961206
sans featurings ni ad-libs,0.9598261859431122
sans featurings ni ad-libs,0.9673954558336265
sans featurings ni ad-libs,0.9550245489047797
sans featurings ni ad-libs,0.9526571251731704
sans featurings ni ad-libs,0.9606184947479562
sans featurings ni ad-libs,0.9453084570338869
sans featurings ni ad-libs,0.975894315625748
sans featurings ni ad-libs,0.9452019440840921
sans featurings ni ad-libs,0.9635197469237214
sans featurings ni ad-libs,0.9316979036830891
sans featurings ni ad-libs,0.9963628592939259
sans featurings ni ad-libs,0.9623518783747262
sans featurings ni ad-libs,0.9814987559752963
sans featurings ni ad-libs,0.9390571556833267
sans featurings ni ad-libs,0.9234351055729613
sans featurings ni ad-libs,0.94508202641949
sans featurings ni ad-libs,0.9887986812088978
sans featurings ni ad-libs,0.9618134949976536
sans featurings ni ad-libs,0.9237017267423793
sans featurings ni ad-libs,0.996252785762011
sans featurings ni ad-libs,0.9480342794640773
sans featurings ni ad-libs,0.9902691250667107
sans featurings ni ad-libs,0.9736127257251711
sans featurings ni ad-libs,0.9470448328703037
sans featurings ni ad-libs,0.9981508493610673
sans featurings ni ad-libs,0.9293717891054005
sans featurings ni ad-libs,0.9487012509865311
sans featurings ni ad-libs,0.9469152304003547
sans featurings ni ad-libs,0.9640004027186424
sans featurings ni ad-libs,0.9933589201088058
sans featurings ni ad-libs,0.9997887254119114
sans featurings ni ad-libs,0.9208788525384163
sans featurings ni ad-libs,1.0004866127501901
sans featurings ni ad-libs,0.9420939162705773
sans featurings ni ad-libs,0.9694557289162362
sans featurings ni ad-libs,0.9714587799142983
sans featurings ni ad-libs,0.9330706749357787
sans featurings ni ad-libs,0.9355150456754396
sans featurings ni ad-libs,1.0119590242903622
sans featurings ni ad-libs,0.9619213555758023
sans featurings ni ad-libs,0.9175619758376449
sans featurings ni ad-libs,0.9738125242885113
sans featurings ni ad-libs,0.9655240474849475
sans featurings ni ad-libs,0.9311356506167837
sans featurings ni ad-libs,0.9415509800416688
sans featurings ni ad-libs,0.9713093669552717
sans featurings ni ad-libs,0.9128968324684982
sans featurings ni ad-libs,1.0103675818820645
sans featurings ni ad-libs,0.9662512457453931
sans featurings ni ad-libs,0.9143253280860453
sans featurings ni ad-libs,0.9606130885640126
sans featurings ni ad-libs,0.9716170467583202
sans featurings ni ad-libs,0.916422391877462
sans featurings ni ad-libs,0.9581562129119764
sans featurings ni ad-libs,0.9643385505958018
sans featurings ni ad-libs,0.984827355583982
sans featurings ni ad-libs,0.9217473507932267
sans featurings ni ad-libs,0.9450687328570085
sans featurings ni ad-libs,0.8841426970869717
sans featurings ni ad-libs,0.9094624647822
sans featurings ni ad-libs,0.9514355630360666
sans featurings ni ad-libs,0.9764533154906637
sans featurings ni ad-libs,0.9623905725466987
sans featurings ni ad-libs,0.9978542709341642
sans featurings ni ad-libs,0.9828246956830913
sans featurings ni ad-libs,0.9993106454802595
sans featurings ni ad-libs,0.9840180283167689
sans featurings ni ad-libs,0.9978092016340361
sans featurings ni ad-libs,0.8830197032691751
sans featurings ni ad-libs,0.9570207323465331
sans featurings ni ad-libs,0.9245293097572498
sans featurings ni ad-libs,0.9491260133408624
sans featurings ni ad-libs,0.9450904932850591
sans featurings ni ad-libs,0.9081763340031057
sans featurings ni ad-libs,0.9423366609026161
sans featurings ni ad-libs,1.0078535560679174
sans featurings ni ad-libs,0.9651596774912952
sans featurings ni ad-libs,0.9869083377220496
sans featurings ni ad-libs,0.9925233441631007
sans featurings ni ad-libs,0.9583776552979905
sans featurings ni ad-libs,0.9863487301528165
sans featurings ni ad-libs,0.9475147837078649
sans featurings ni ad-libs,0.957424401906849
sans featurings ni ad-libs,0.9691354108027515
sans featurings ni ad-libs,1.0249631277968017
sans featurings ni ad-libs,0.9480850909786114
sans featurings ni ad-libs,0.9836741417878028
sans featurings ni ad-libs,1.0049387632408804
sans featurings ni ad-libs,1.002998473084145
sans featurings ni ad-libs,0.9590375977272125
sans featurings ni ad-libs,0.9474635086771387
sans featurings ni ad-libs,0.9651408784273943
sans featurings ni ad-libs,0.944225715149495
sans featurings ni ad-libs,1.0126458174131094
sans featurings ni ad-libs,0.9893282842908899
sans featurings ni ad-libs,0.9678199078118389
sans featurings ni ad-libs,0.945202944508571
sans featurings ni ad-libs,0.952009434189371
sans featurings ni ad-libs,0.9363011805619486
sans featurings ni ad-libs,0.8974972904724619
sans featurings ni ad-libs,0.9641650837654279
sans featurings ni ad-libs,0.9448807910676158
sans featurings ni ad-libs,0.9570351497754669
sans featurings ni ad-libs,0.9320393930065871
sans featurings ni ad-libs,0.9593644236178742
sans featurings ni ad-libs,0.973563788175404
sans featurings ni ad-libs,0.9590146115720993
sans featurings ni ad-libs,0.9621660964587085
sans featurings ni ad-libs,0.9586528299491269
sans featurings ni ad-libs,0.998222853985939
sans featurings ni ad-libs,1.0059176420019074
sans featurings ni ad-libs,0.9975024827915348
sans featurings ni ad-libs,0.9232903143628688
sans featurings ni ad-libs,0.9394088667595976
sans featurings ni ad-libs,1.0319704385279125
sans featurings ni ad-libs,0.9426426373806633
sans featurings ni ad-libs,0.9663311746671447
sans featurings ni ad-libs,0.9632607016022893
sans featurings ni ad-libs,0.9539066099524021
sans featurings ni ad-libs,0.9417195659664613
sans featurings ni ad-libs,0.9385651362376738
sans featurings ni ad-libs,0.9932502501239437
sans featurings ni ad-libs,0.9717577023971858
sans featurings ni ad-libs,0.9863198653088252
sans featurings ni ad-libs,0.954573526220803
sans featurings ni ad-libs,0.9562468251995461
sans featurings ni ad-libs,0.9684068224666091
sans featurings ni ad-libs,0.9791859486567486
sans featurings ni ad-libs,1.0151058450249724
sans featurings ni ad-libs,0.9609293191563781
sans featurings ni ad-libs,0.9502245110181596
sans featurings ni ad-libs,0.9485553242350949
sans featurings ni ad-libs,0.9220843415355444
sans featurings ni ad-libs,0.9587745711243953
sans featurings ni ad-libs,0.9827697354716706
sans featurings ni ad-libs,0.9992046553943054
sans featurings ni ad-libs,0.9435809833852458
sans featurings ni ad-libs,1.0183398560397938
sans featurings ni ad-libs,0.9054256435131469
sans featurings ni ad-libs,0.933719575284325
sans featurings ni ad-libs,0.959677652230535
sans featurings ni ad-libs,0.979684936241377
sans featurings ni ad-libs,0.9250572553205951
sans featurings ni ad-libs,0.9857249297434304
sans featurings ni ad-libs,0.9668267108121359
sans featurings ni ad-libs,0.9188330054856929
sans featurings ni ad-libs,0.9873635059444823
sans featurings ni ad-libs,0.9705550609842074
sans featurings ni ad-libs,0.912942550669468
sans featurings ni ad-libs,0.9817807054985088
sans featurings ni ad-libs,0.9338721637742387
sans featurings ni ad-libs,0.9479765815902816
sans featurings ni ad-libs,0.9548723203085469
sans featurings ni ad-libs,1.02458638763947
sans featurings ni ad-libs,0.9567773625786138
sans featurings ni ad-libs,0.8993218404434908
sans featurings ni ad-libs,0.9491068057975863
sans featurings ni ad-libs,0.9871153301529988
sans featurings ni ad-libs,0.9251988534878707
sans featurings ni ad-libs,0.9192134467925764
sans featurings ni ad-libs,0.9580039309251229
sans featurings ni ad-libs,1.0141542515227988
sans featurings ni ad-libs,0.9485262420392402
sans featurings ni ad-libs,0.9365482316983973
sans featurings ni ad-libs,1.009514273494858
sans featurings ni ad-libs,0.9913049208687793
sans featurings ni ad-libs,0.9398602695587241
sans featurings ni ad-libs,0.9903145416850548
sans featurings ni ad-libs,0.9556910389340527
sans featurings ni ad-libs,0.9399714945227531
sans featurings ni ad-libs,0.9429146101647577
sans featurings ni ad-libs,0.9746604116569578
sans featurings ni ad-libs,0.9309259980051952
sans featurings ni ad-libs,0.9698546541906952
sans featurings ni ad-libs,0.9699569056673955
sans featurings ni ad-libs,0.9067305745125973
sans featurings ni ad-libs,0.963084404410176
sans featurings ni ad-libs,0.9826905270326725
sans featurings ni ad-libs,0.9662479477387985
sans featurings ni ad-libs,0.9871157197262952
sans featurings ni ad-libs,0.9458470445601661
sans featurings ni ad-libs,0.9693254325338153
sans featurings ni ad-libs,0.9931656800510019
sans featurings ni ad-libs,0.9500105485130194
sans featurings ni ad-libs,0.9378247654338424
sans featurings ni ad-libs,0.966647570646122
sans featurings ni ad-libs,0.9525280753887333
sans featurings ni ad-libs,0.9216657036760005
sans featurings ni ad-libs,0.9100470485880294
sans featurings ni ad-libs,0.9602259327113878
sans featurings ni ad-libs,0.9689264554338988
sans featurings ni ad-libs,0.9209575265940226
sans featurings ni ad-libs,0.952068615773847
sans featurings ni ad-libs,0.9446488383391825
sans featurings ni ad-libs,0.9404254738958983
sans featurings ni ad-libs,0.963642723385555
sans featurings ni ad-libs,0.9600106534409287
sans featurings ni ad-libs,1.0259849762202342
sans featurings ni ad-libs,0.963606055109782
sans featurings ni ad-libs,0.9284661219258727
sans featurings ni ad-libs,0.9333430968510547
sans featurings ni ad-libs,0.9599740113962625
sans featurings ni ad-libs,0.9617942148159248
sans featurings ni ad-libs,0.9674374593325902
sans featurings ni ad-libs,0.96617623216435
sans featurings ni ad-libs,0.9930293938410982
sans featurings ni ad-libs,0.9598796079950961
sans featurings ni ad-libs,0.9736023105992464
sans featurings ni ad-libs,0.9330653885827269
sans featurings ni ad-libs,0.9281224687343417
sans featurings ni ad-libs,0.9725150257644394
sans featurings ni ad-libs,0.9720577985593437
sans featurings ni ad-libs,0.9655728809389015
sans featurings ni ad-libs,0.9692477785123782
sans featurings ni ad-libs,0.9313579399860735
sans featurings ni ad-libs,0.9663639778463041
sans featurings ni ad-libs,0.994125708393057
sans featurings ni ad-libs,0.9096320441409558
sans featurings ni ad-libs,0.9564971348776959
sans featurings ni ad-libs,0.9516058504789281
sans featurings ni ad-libs,0.9558175026243194
sans featurings ni ad-libs,0.9423076797818167
sans featurings ni ad-libs,0.9338162127452502
sans featurings ni ad-libs,0.968931279677741
sans featurings ni ad-libs,0.9135254744025516
sans featurings ni ad-libs,0.9408241968127601
sans featurings ni ad-libs,0.9943936132103286
sans featurings ni ad-libs,1.001592194801109
sans featurings ni ad-libs,0.9872262913372485
sans featurings ni ad-libs,0.9312388541688349
sans featurings ni ad-libs,0.9418775543668376
sans featurings ni ad-libs,0.951010767690696
sans featurings ni ad-libs,0.9575570039729059
sans featurings ni ad-libs,0.9333013468561334
sans featurings ni ad-libs,0.9456583425571072
sans featurings ni ad-libs,0.9397294198228583
sans featurings ni ad-libs,0.9329496164210793
sans featurings ni ad-libs,0.9626164377642058
sans featurings ni ad-libs,0.9606151686081719
sans featurings ni ad-libs,1.0048971734585783
sans featurings ni ad-libs,0.9476946964876687
sans featurings ni ad-libs,0.9465939647364044
sans featurings ni ad-libs,0.9553239125766563
sans featurings ni ad-libs,0.9878765491140599
sans featurings ni ad-libs,0.9357886117147256
sans featurings ni ad-libs,0.9532593476405343
sans featurings ni ad-libs,0.9710041397043377
sans featurings ni ad-libs,0.9354216848373667
sans featurings ni ad-libs,0.9180791435355511
sans featurings ni ad-libs,0.9145316636578712
sans featurings ni ad-libs,0.9363137708641365
sans featurings ni ad-libs,0.9828963387157432
sans featurings ni ad-libs,0.9686829697061731
sans featurings ni ad-libs,0.9843297250286319
sans featurings ni ad-libs,0.971530073190971
sans featurings ni ad-libs,0.919592703440036
sans featurings ni ad-libs,0.9680239015298129
sans featurings ni ad-libs,0.9518418668932208
sans featurings ni ad-libs,0.9795570455324453
sans featurings ni ad-libs,0.9982272489284926
sans featurings ni ad-libs,0.9218284435751076
sans featurings ni ad-libs,0.9326287112867933
sans featurings ni ad-libs,0.9599083268012977
sans featurings ni ad-libs,0.9563794807040986
sans featurings ni ad-libs,0.9823248620071708
sans featurings ni ad-libs,0.9560976599264766
sans featurings ni ad-libs,0.994866173735155
sans featurings ni ad-libs,0.9460306120607015
sans featurings ni ad-libs,0.9056277022885719
sans featurings ni ad-libs,0.9507031830581479
sans featurings ni ad-libs,0.9460306120607015
sans featurings ni ad-libs,0.9374268966464214
sans featurings ni ad-libs,0.9423366609026161
sans featurings ni ad-libs,0.909480691289686
sans featurings ni ad-libs,0.9321288467563993
sans featurings ni ad-libs,1.002686521073557
sans featurings ni ad-libs,1.0005125883048873
sans featurings ni ad-libs,0.9439385596884099
sans featurings ni ad-libs,0.9816136482824098
sans featurings ni ad-libs,0.9722719885124487
sans featurings ni ad-libs,0.8994462018665144
sans featurings ni ad-libs,0.9988983137764087
sans featurings ni ad-libs,0.926863678089468
sans featurings ni ad-libs,0.9828505251648595
sans featurings ni ad-libs,0.9617476747767333
sans featurings ni ad-libs,0.9375161222374833
sans featurings ni ad-libs,0.9389897880407502
sans featurings ni ad-libs,0.923349358201778
sans featurings ni ad-libs,0.951495588080121
sans featurings ni ad-libs,0.9718405967973367
sans featurings ni ad-libs,0.9527812833929884
sans featurings ni ad-libs,0.9741287400563248
sans featurings ni ad-libs,0.9186444578370287
sans featurings ni ad-libs,0.9946394718608335
sans featurings ni ad-libs,0.9805573117733244
sans featurings ni ad-libs,0.9435809833852458
sans featurings ni ad-libs,0.933165129141929
sans featurings ni ad-libs,0.9480838079038825
sans featurings ni ad-libs,0.9606420754201928
sans featurings ni ad-libs,0.9679295264838764
sans featurings ni ad-libs,0.9556845627895321
sans featurings ni ad-libs,0.9317898482781974
sans featurings ni ad-libs,0.9541402928706314
sans featurings ni ad-libs,0.9807284086904096
sans featurings ni ad-libs,0.9470448328703037
sans featurings ni ad-libs,0.9660605366012049
sans featurings ni ad-libs,0.9684068224666091
sans featurings ni ad-libs,0.9443931418689905
sans featurings ni ad-libs,0.9862581187105275
sans featurings ni ad-libs,0.9733234474432955
sans featurings ni ad-libs,0.962895872895005
sans featurings ni ad-libs,0.9128718847280664
sans featurings ni ad-libs,0.9338678537149646
sans featurings ni ad-libs,0.9800529104227488
sans featurings ni ad-libs,0.927823242579277
sans featurings ni ad-libs,0.8980909589615108
sans featurings ni ad-libs,0.9257326416538516
sans featurings ni ad-libs,0.9500692277784468
sans featurings ni ad-libs,1.0143064718766293
sans featurings ni ad-libs,0.9229129506310392
sans featurings ni ad-libs,0.9776924993880562
sans featurings ni ad-libs,0.9643959064024332
sans featurings ni ad-libs,1.039453876779414
sans featurings ni ad-libs,0.9386595818319107
sans featurings ni ad-libs,0.9760499402252389
sans featurings ni ad-libs,0.9569961489324097
sans featurings ni ad-libs,0.9180168854394797
sans featurings ni ad-libs,0.9419813537933822
sans featurings ni ad-libs,0.9129445556247592
sans featurings ni ad-libs,0.9710041397043377
sans featurings ni ad-libs,0.986173646374354
sans featurings ni ad-libs,0.9447717162941741
sans featurings ni ad-libs,0.9317898482781974
sans featurings ni ad-libs,0.9845153353201196
sans featurings ni ad-libs,0.9714052308572008
sans featurings ni ad-libs,0.9771059735449384
sans featurings ni ad-libs,0.9837086914866461
sans featurings ni ad-libs,0.9830200146374317
sans featurings ni ad-libs,0.9844997227389243
sans featurings ni ad-libs,0.9339291673009802
sans featurings ni ad-libs,0.9683760995078553
sans featurings ni ad-libs,0.9725061644049473
sans featurings ni ad-libs,0.956597764719781
sans featurings ni ad-libs,0.9343622342866701
sans featurings ni ad-libs,0.9693448246056642
sans featurings ni ad-libs,0.971977692302189
sans featurings ni ad-libs,0.927823242579277
sans featurings ni ad-libs,0.9701455469596381
sans featurings ni ad-libs,0.9266722959015359
sans featurings ni ad-libs,0.9528953389639243
sans featurings ni ad-libs,0.9455431459584575
sans featurings ni ad-libs,0.965315457535258
sans featurings ni ad-libs,0.9132752991831619
sans featurings ni ad-libs,0.9977587220424573
sans featurings ni ad-libs,0.9785189601074635
sans featurings ni ad-libs,0.9862319306371499
sans featurings ni ad-libs,0.934079171713566
sans featurings ni ad-libs,0.9246844258107093
sans featurings ni ad-libs,0.9279975107069205
sans featurings ni ad-libs,0.9846663927909628
sans featurings ni ad-libs,0.9513590025909728
sans featurings ni ad-libs,0.9732361119133001
sans featurings ni ad-libs,0.914980280521533
sans featurings ni ad-libs,0.928921422762593
sans featurings ni ad-libs,0.98147480814248
sans featurings ni ad-libs,0.9814309709764925
sans featurings ni ad-libs,0.9432021177200657
sans featurings ni ad-libs,0.9278599469178757
sans featurings ni ad-libs,0.9230306583014359
sans featurings ni ad-libs,0.9382675398172511
sans featurings ni ad-libs,0.9484299281226931
sans featurings ni ad-libs,0.9330514530970849
sans featurings ni ad-libs,0.9657537126964932
sans featurings ni ad-libs,0.9568860236991532
sans featurings ni ad-libs,0.9457938785190273
sans featurings ni ad-libs,0.9343883678124438
sans featurings ni ad-libs,0.9932785223317713
sans featurings ni ad-libs,0.9650375392811531
sans featurings ni ad-libs,0.943344894484103
sans featurings ni ad-libs,0.9222242806128116
sans featurings ni ad-libs,0.9853143033679683
sans featurings ni ad-libs,1.006476571073585
sans featurings ni ad-libs,0.9924048677762465
sans featurings ni ad-libs,0.9891027918720373
sans featurings ni ad-libs,0.9487850618272174
sans featurings ni ad-libs,1.0140495736999644
sans featurings ni ad-libs,0.9736385303785146
sans featurings ni ad-libs,1.0283527180737952
sans featurings ni ad-libs,0.9545481404810913
sans featurings ni ad-libs,0.9423366609026161
sans featurings ni ad-libs,0.9224152372516797
sans featurings ni ad-libs,0.9497563939565992
sans featurings ni ad-libs,0.9604913431010663
sans featurings ni ad-libs,0.9505326271214237
sans featurings ni ad-libs,0.9287681923622171
sans featurings ni ad-libs,0.961578987695933
sans featurings ni ad-libs,0.8886026296461312
sans featurings ni ad-libs,0.9992206003368431
sans featurings ni ad-libs,0.984320710401319
sans featurings ni ad-libs,0.957739860512209
sans featurings ni ad-libs,0.9459629671660421
sans featurings ni ad-libs,0.9624539825683687
sans featurings ni ad-libs,0.97593838774885
sans featurings ni ad-libs,0.9871013081751556
sans featurings ni ad-libs,0.995929537142636
sans featurings ni ad-libs,0.9737081929815709
sans featurings ni ad-libs,0.9362572350673676
sans featurings ni ad-libs,0.9666972178183436
sans featurings ni ad-libs,0.9025733611898041
sans featurings ni ad-libs,1.0076836046643913
sans featurings ni ad-libs,0.9422671347775339
sans featurings ni ad-libs,0.9406256628539417
sans featurings ni ad-libs,0.9372606543547765
sans featurings ni ad-libs,0.9404739142518609
sans featurings ni ad-libs,0.964871506707943
sans featurings ni ad-libs,0.9635501668911994
sans featurings ni ad-libs,0.953116268018302
sans featurings ni ad-libs,0.9479569540619439
sans featurings ni ad-libs,0.960766329602398
sans featurings ni ad-libs,0.9895193418650362
sans featurings ni ad-libs,0.9850258153800144
sans featurings ni ad-libs,0.9467414085010355
sans featurings ni ad-libs,0.9163522337821982
sans featurings ni ad-libs,0.9299121542592516
sans featurings ni ad-libs,0.9934462328200904
sans featurings ni ad-libs,0.9845631021089519
sans featurings ni ad-libs,0.9487251193263135
sans featurings ni ad-libs,0.9196798338490517
sans featurings ni ad-libs,0.9625578028275468
sans featurings ni ad-libs,0.9595845221966661
sans featurings ni ad-libs,0.9725237166310665
sans featurings ni ad-libs,0.9986526503252083
sans featurings ni ad-libs,0.9506814681531103
sans featurings ni ad-libs,0.9873635059444823
sans featurings ni ad-libs,0.9881146699048682
sans featurings ni ad-libs,0.9401866832659643
sans featurings ni ad-libs,0.9283151324696486
sans featurings ni ad-libs,0.9756297720827396
sans featurings ni ad-libs,0.9630110427819532
sans featurings ni ad-libs,0.9441534637743363
sans featurings ni ad-libs,1.0218688877532929
sans featurings ni ad-libs,0.9617797755829851
sans featurings ni ad-libs,0.9904985092800944
sans featurings ni ad-libs,1.005557021090584
sans featurings ni ad-libs,0.9997887254119114
sans featurings ni ad-libs,0.969258506831577
sans featurings ni ad-libs,0.9389415730537366
sans featurings ni ad-libs,0.9368653280577968
sans featurings ni ad-libs,0.9575161134429422
sans featurings ni ad-libs,0.9520789927847781
sans featurings ni ad-libs,0.94184676921453
sans featurings ni ad-libs,0.9406453898873501
sans featurings ni ad-libs,0.9836394701757117
sans featurings ni ad-libs,0.935643508958692
sans featurings ni ad-libs,0.9249893111559309
sans featurings ni ad-libs,0.9715492038694904
sans featurings ni ad-libs,0.9272228370008735
sans featurings ni ad-libs,0.96617623216435
sans featurings ni ad-libs,0.9211503403781193
sans featurings ni ad-libs,0.9700194065503603
sans featurings ni ad-libs,0.9550509623645301
sans featurings ni ad-libs,0.9686320603035797
sans featurings ni ad-libs,0.9624471898251659
sans featurings ni ad-libs,0.9947450743077009
sans featurings ni ad-libs,0.9891789279592851
sans featurings ni ad-libs,0.948174086135433
sans featurings ni ad-libs,0.9898014329857507
sans featurings ni ad-libs,0.9459914573432373
sans featurings ni ad-libs,0.9641395795148879
sans featurings ni ad-libs,0.9446314897726449
sans featurings ni ad-libs,0.9301475205116428
sans featurings ni ad-libs,0.9333040130028548
sans featurings ni ad-libs,0.9427979393599535
sans featurings ni ad-libs,0.9492099096517616
sans featurings ni ad-libs,0.9758948512123926
sans featurings ni ad-libs,0.9364704867531967
sans featurings ni ad-libs,0.9224154203436752
sans featurings ni ad-libs,0.9266995429958198
sans featurings ni ad-libs,1.0101814341781468
sans featurings ni ad-libs,1.0165298756273302
sans featurings ni ad-libs,0.9532012887261826
sans featurings ni ad-libs,0.9590146115720993
sans featurings ni ad-libs,0.9606130885640126
sans featurings ni ad-libs,0.9866301005771985
sans featurings ni ad-libs,0.9869214166572493
sans featurings ni ad-libs,0.9450752331030526
sans featurings ni ad-libs,0.9299658632150526
sans featurings ni ad-libs,0.96480636438993
sans featurings ni ad-libs,0.929403100395373
sans featurings ni ad-libs,0.960626743800356
sans featurings ni ad-libs,0.9633040557155942
sans featurings ni ad-libs,1.0119590242903622
sans featurings ni ad-libs,0.9418332706599336
sans featurings ni ad-libs,0.9488862502023656
sans featurings ni ad-libs,0.9588638800819816
sans featurings ni ad-libs,0.9449459661900802
sans featurings ni ad-libs,0.9792620692215598
sans featurings ni ad-libs,0.9659864775065047
sans featurings ni ad-libs,0.9822561652435706
sans featurings ni ad-libs,0.9719631837416526
sans featurings ni ad-libs,0.9754137409913082
sans featurings ni ad-libs,0.9776004883727928
sans featurings ni ad-libs,1.0029794371412373
sans featurings ni ad-libs,0.9370719053055837
sans featurings ni ad-libs,0.996252785762011
sans featurings ni ad-libs,0.9542719357655571
sans featurings ni ad-libs,0.9235948863340486
sans featurings ni ad-libs,0.9574989897552935
sans featurings ni ad-libs,0.9511547470237796
sans featurings ni ad-libs,0.9533902925053425
sans featurings ni ad-libs,0.9524022904816756
sans featurings ni ad-libs,0.9354769117602459
sans featurings ni ad-libs,0.9419115277949878
sans featurings ni ad-libs,0.9531063816899853
sans featurings ni ad-libs,0.9749551427779772
sans featurings ni ad-libs,0.9106687226711432
sans featurings ni ad-libs,0.9663639778463041
sans featurings ni ad-libs,0.9326231929139912
sans featurings ni ad-libs,1.003451948452718
sans featurings ni ad-libs,0.9176998875343962
sans featurings ni ad-libs,0.9353703294658409
sans featurings ni ad-libs,0.9568020126746795
sans featurings ni ad-libs,0.9664960867885268
sans featurings ni ad-libs,0.9742082344693076
sans featurings ni ad-libs,0.9686320603035797
sans featurings ni ad-libs,0.9389739459577112
sans featurings ni ad-libs,0.9383155371156339
sans featurings ni ad-libs,0.9775411576530564
sans featurings ni ad-libs,0.9400944911198272
sans featurings ni ad-libs,0.9272611224582616
sans featurings ni ad-libs,0.9556911985126549
sans featurings ni ad-libs,0.9399851711028817
sans featurings ni ad-libs,0.9415896774770899
sans featurings ni ad-libs,0.9715492038694904
sans featurings ni ad-libs,0.9443350395775458
sans featurings ni ad-libs,0.960880919433797
sans featurings ni ad-libs,0.9499427560122016
sans featurings ni ad-libs,0.9542644394714552
sans featurings ni ad-libs,0.9615467907812164
sans featurings ni ad-libs,1.0536603348188225
sans featurings ni ad-libs,0.9634621629149644
sans featurings ni ad-libs,0.9322363269593898
sans featurings ni ad-libs,0.9939755311475813
sans featurings ni ad-libs,0.9916559925392301
sans featurings ni ad-libs,0.938977302258868
sans featurings ni ad-libs,0.9591065637696069
sans featurings ni ad-libs,0.9586177840295315
sans featurings ni ad-libs,0.9614074107445107
sans featurings ni ad-libs,0.9753400792168323
sans featurings ni ad-libs,0.9714862025888028
sans featurings ni ad-libs,0.9680556206940113
sans featurings ni ad-libs,1.005129165532551
sans featurings ni ad-libs,0.9720938541512405
sans featurings ni ad-libs,0.9766674760195282
sans featurings ni ad-libs,0.9193021525548418
sans featurings ni ad-libs,0.984661518249688
sans featurings ni ad-libs,0.9866519932328932
sans featurings ni ad-libs,0.9412360631401734
sans featurings ni ad-libs,0.9574406581364853
sans featurings ni ad-libs,0.9237760507690453
sans featurings ni ad-libs,0.9723825536568996
sans featurings ni ad-libs,0.9512121310924488
sans featurings ni ad-libs,0.9389268839147974
sans featurings ni ad-libs,0.9568572096833134
sans featurings ni ad-libs,0.9394614623347468
sans featurings ni ad-libs,0.9591266755743459
sans featurings ni ad-libs,0.951829021281982
sans featurings ni ad-libs,0.9636926234255613
sans featurings ni ad-libs,0.918253979786199
sans featurings ni ad-libs,0.9385737346255991
sans featurings ni ad-libs,1.003688235505053
sans featurings ni ad-libs,0.9469148108008488
sans featurings ni ad-libs,0.9266958192143103
sans featurings ni ad-libs,0.958389268948036
sans featurings ni ad-libs,0.9355482707416526
sans featurings ni ad-libs,0.9740342624266568
sans featurings ni ad-libs,0.9900653361853657
sans featurings ni ad-libs,0.9819248102944449
sans featurings ni ad-libs,0.9622740398078029
sans featurings ni ad-libs,0.9309880612453243
sans featurings ni ad-libs,0.9423366609026161
sans featurings ni ad-libs,0.9703790788267384
sans featurings ni ad-libs,0.9531401868223207
sans featurings ni ad-libs,0.935449137396452
sans featurings ni ad-libs,0.9174823500568641
sans featurings ni ad-libs,0.9948935558136343
sans featurings ni ad-libs,0.9555340387154864
sans featurings ni ad-libs,0.9547727787555589
sans featurings ni ad-libs,0.9078869486342098
sans featurings ni ad-libs,0.9226302225096767
sans featurings ni ad-libs,0.9307467481977665
sans featurings ni ad-libs,0.9273777516394646
sans featurings ni ad-libs,0.9084072631847907
sans featurings ni ad-libs,0.9713586001390174
sans featurings ni ad-libs,0.9861268368801247
sans featurings ni ad-libs,0.9744050655933665
sans featurings ni ad-libs,0.9803370171137
sans featurings ni ad-libs,0.960637027118555
sans featurings ni ad-libs,1.0199305002237549
sans featurings ni ad-libs,0.9773948900655759
sans featurings ni ad-libs,0.9331036368684805
sans featurings ni ad-libs,0.9669960326236555
sans featurings ni ad-libs,0.9571486210975895
sans featurings ni ad-libs,0.9619731984385174
sans featurings ni ad-libs,0.9630003653026877
sans featurings ni ad-libs,0.9514384567610501
sans featurings ni ad-libs,1.0191691253649877
sans featurings ni ad-libs,0.9633266993455937
sans featurings ni ad-libs,0.9323088933580298
sans featurings ni ad-libs,0.9576428876153387
sans featurings ni ad-libs,0.9804095745651471
sans featurings ni ad-libs,0.97033967418871
sans featurings ni ad-libs,0.9697010163292864
sans featurings ni ad-libs,0.9236498922822673
sans featurings ni ad-libs,0.9211503403781193
sans featurings ni ad-libs,0.9254582623473073
sans featurings ni ad-libs,0.9742082344693076
sans featurings ni ad-libs,0.9465234431193056
sans featurings ni ad-libs,0.9755807218324128
sans featurings ni ad-libs,0.939296503334566
sans featurings ni ad-libs,0.9746208110195822
sans featurings ni ad-libs,0.9726738862691381
sans featurings ni ad-libs,0.9437413247384283
sans featurings ni ad-libs,0.9720542404919738
sans featurings ni ad-libs,0.9663660709151993
sans featurings ni ad-libs,0.9611095455786722
sans featurings ni ad-libs,1.015917368789574
sans featurings ni ad-libs,0.9867299025362215
sans featurings ni ad-libs,0.9930842240562594
sans featurings ni ad-libs,0.9426222320023991
sans featurings ni ad-libs,0.9278079960486576
sans featurings ni ad-libs,0.9416599379399034
sans featurings ni ad-libs,1.017287508083141
sans featurings ni ad-libs,1.0019177770499903
sans featurings ni ad-libs,0.9708762308020793
sans featurings ni ad-libs,0.933227378575868
sans featurings ni ad-libs,0.9459279116476341
sans featurings ni ad-libs,0.9494834261854894
sans featurings ni ad-libs,0.9802252037790699
sans featurings ni ad-libs,0.9460988561794689
sans featurings ni ad-libs,0.9548032623789103
sans featurings ni ad-libs,0.9729711253930574
sans featurings ni ad-libs,0.98147480814248
sans featurings ni ad-libs,0.9019449945638126
sans featurings ni ad-libs,0.9600543511224701
sans featurings ni ad-libs,0.9418618072701406
sans featurings ni ad-libs,0.9449311961812813
sans featurings ni ad-libs,0.9463743409664296
sans featurings ni ad-libs,0.9445807935041659
sans featurings ni ad-libs,0.9550245489047797
sans featurings ni ad-libs,0.9834030906540776
sans featurings ni ad-libs,0.9342818295346316
sans featurings ni ad-libs,0.9279939860595096
sans featurings ni ad-libs,0.9994787969436004
sans featurings ni ad-libs,1.0056301112692094
sans featurings ni ad-libs,0.9796422913676806
sans featurings ni ad-libs,0.9725237166310665
sans featurings ni ad-libs,0.9016027121268126
sans featurings ni ad-libs,0.9128718847280664
sans featurings ni ad-libs,0.9836464334748758
sans featurings ni ad-libs,0.9666076275173332
sans featurings ni ad-libs,0.9658672015394929
sans featurings ni ad-libs,0.9354769117602459
sans featurings ni ad-libs,0.9266722959015359
sans featurings ni ad-libs,0.9362117949962131
sans featurings ni ad-libs,0.9119561048334941
sans featurings ni ad-libs,0.9757837874891375
sans featurings ni ad-libs,0.988525010313384
sans featurings ni ad-libs,0.9618533909735472
sans featurings ni ad-libs,0.9785217986174467
sans featurings ni ad-libs,0.9898204770928826
sans featurings ni ad-libs,0.960634608555793
sans featurings ni ad-libs,1.0289811053764075
sans featurings ni ad-libs,0.9444377457650087
sans featurings ni ad-libs,0.9896389960140399
sans featurings ni ad-libs,0.9548275884161169
sans featurings ni ad-libs,0.9455679528456762
sans featurings ni ad-libs,0.9641997877362408
sans featurings ni ad-libs,0.9715651764043944
sans featurings ni ad-libs,0.9553408294689183
sans featurings ni ad-libs,0.9759868621145112
sans featurings ni ad-libs,0.9982308596633832
sans featurings ni ad-libs,0.9849693381988758
sans featurings ni ad-libs,0.9667659058497164
sans featurings ni ad-libs,0.9540429386984001
sans featurings ni ad-libs,0.8974972904724619
sans featurings ni ad-libs,1.003948367424026
sans featurings ni ad-libs,0.9521720030922596
sans featurings ni ad-libs,0.9825497873202792
sans featurings ni ad-libs,0.9973627075679082
sans featurings ni ad-libs,0.9261588814792535
sans featurings ni ad-libs,0.9702894515785317
sans featurings ni ad-libs,1.0048284362258038
sans featurings ni ad-libs,1.0060574701780423
sans featurings ni ad-libs,0.9889649420029307
sans featurings ni ad-libs,0.9928058570873294
sans featurings ni ad-libs,0.9958710528189092
sans featurings ni ad-libs,0.9560532742500616
sans featurings ni ad-libs,0.9648670576870327
sans featurings ni ad-libs,0.9537936053054223
sans featurings ni ad-libs,0.9493450410581067
sans featurings ni ad-libs,0.9717577023971858
sans featurings ni ad-libs,0.9691107430797459
sans featurings ni ad-libs,0.9570902203247776
sans featurings ni ad-libs,0.981989477697553
sans featurings ni ad-libs,1.0140239095980879
sans featurings ni ad-libs,1.004380217645585
sans featurings ni ad-libs,0.9391170165569453
sans featurings ni ad-libs,0.938775425935386
sans featurings ni ad-libs,0.9215164260285631
sans featurings ni ad-libs,0.988776939104562
sans featurings ni ad-libs,0.9701339266282533
sans featurings ni ad-libs,0.9490367715408233
sans featurings ni ad-libs,0.948319182190712
sans featurings ni ad-libs,0.96723739982349
sans featurings ni ad-libs,0.9434453457354667
sans featurings ni ad-libs,0.9182654761639917
sans featurings ni ad-libs,0.9476457412216257
sans featurings ni ad-libs,0.985091500857983
sans featurings ni ad-libs,0.9185589335519044
sans featurings ni ad-libs,0.9550570178571148
sans featurings ni ad-libs,0.9494969397170628
sans featurings ni ad-libs,0.9137936401910498
sans featurings ni ad-libs,0.9421311609376233
sans featurings ni ad-libs,0.9587882094664801
sans featurings ni ad-libs,0.9817814017037103
sans featurings ni ad-libs,0.9571298997988661
sans featurings ni ad-libs,0.9316620947828649
sans featurings ni ad-libs,0.9203530500625703
sans featurings ni ad-libs,0.991603132082139
sans featurings ni ad-libs,0.9102690062339517
sans featurings ni ad-libs,0.9215844882454995
sans featurings ni ad-libs,0.998176203204096
sans featurings ni ad-libs,0.971694661425249
sans featurings ni ad-libs,0.9900158993680687
sans featurings ni ad-libs,0.9612578276035266
sans featurings ni ad-libs,0.9927188951409092
sans featurings ni ad-libs,0.9413418567007477
sans featurings ni ad-libs,0.9326316559497577
sans featurings ni ad-libs,0.963269226870616
sans featurings ni ad-libs,0.9685460518009241
sans featurings ni ad-libs,0.9022738469187768
sans featurings ni ad-libs,0.9725792532626678
sans featurings ni ad-libs,0.9399369134685482
sans featurings ni ad-libs,0.96480636438993
sans featurings ni ad-libs,0.9598610704726087
sans featurings ni ad-libs,0.9353942624455498
sans featurings ni ad-libs,0.9588779788593887
sans featurings ni ad-libs,0.9244524220111967
sans featurings ni ad-libs,0.9419746709325856
sans featurings ni ad-libs,0.9816149649720336
sans featurings ni ad-libs,0.9746878088621745
sans featurings ni ad-libs,0.9794082134193386
sans featurings ni ad-libs,0.9426913140097231
sans featurings ni ad-libs,0.9868405394733359
sans featurings ni ad-libs,0.9216733303143998
sans featurings ni ad-libs,0.9660605366012049
sans featurings ni ad-libs,0.9148830342801825
sans featurings ni ad-libs,0.9838393611027975
sans featurings ni ad-libs,0.9280641920056151
sans featurings ni ad-libs,0.9833985444081355
sans featurings ni ad-libs,0.9395609320892353
sans featurings ni ad-libs,0.973512632374024
sans featurings ni ad-libs,1.0143261134129324
sans featurings ni ad-libs,0.9810765503265704
sans featurings ni ad-libs,0.9506814681531103
sans featurings ni ad-libs,0.911073817817829
sans featurings ni ad-libs,0.908496403222066
sans featurings ni ad-libs,0.9889956312095587
sans featurings ni ad-libs,0.9982391204366136
sans featurings ni ad-libs,0.9694960204163325
sans featurings ni ad-libs,0.8902856844867191
sans featurings ni ad-libs,0.9575161134429422
sans featurings ni ad-libs,0.9495300087416767
sans featurings ni ad-libs,1.0123287903974567
sans featurings ni ad-libs,0.9880461895496274
sans featurings ni ad-libs,1.0219274585847231
sans featurings ni ad-libs,0.9365891308025827
sans featurings ni ad-libs,0.9911141584211387
sans featurings ni ad-libs,0.9532090539511686
sans featurings ni ad-libs,0.9536694892445347
sans featurings ni ad-libs,0.9499158894211714
sans featurings ni ad-libs,0.919743528541293
sans featurings ni ad-libs,0.9791626774425328
sans featurings ni ad-libs,0.9901336544148716
sans featurings ni ad-libs,0.9493657406899869
sans featurings ni ad-libs,0.966842389165553
sans featurings ni ad-libs,0.9556856240100498
sans featurings ni ad-libs,0.9526624785030067
sans featurings ni ad-libs,0.950703183020017
sans featurings ni ad-libs,1.014867467570753
sans featurings ni ad-libs,0.9386106175972724
sans featurings ni ad-libs,0.9826905270326725
sans featurings ni ad-libs,0.9582325203070418
sans featurings ni ad-libs,0.9539865738050467
sans featurings ni ad-libs,0.9276091816319711
sans featurings ni ad-libs,0.9799220888872565
sans featurings ni ad-libs,0.9668257726943948
sans featurings ni ad-libs,0.9228391209618354
sans featurings ni ad-libs,0.933195633623312
sans featurings ni ad-libs,0.9435190176948496
sans featurings ni ad-libs,0.9707157571012414
sans featurings ni ad-libs,0.9859795430297733
sans featurings ni ad-libs,0.9947622805271207
sans featurings ni ad-libs,0.9829617083533306
sans featurings ni ad-libs,1.0183324400981588
sans featurings ni ad-libs,0.960637027118555
sans featurings ni ad-libs,0.9889649420029307
sans featurings ni ad-libs,0.9873635059444823
sans featurings ni ad-libs,0.9821617797897394
sans featurings ni ad-libs,0.9416672565343311
sans featurings ni ad-libs,0.9595990133004654
sans featurings ni ad-libs,0.9507001740137674
sans featurings ni ad-libs,0.9471212599346631
sans featurings ni ad-libs,0.9437180066459327
sans featurings ni ad-libs,0.944225715149495
sans featurings ni ad-libs,0.9158896178216762
sans featurings ni ad-libs,0.9559462633823238
sans featurings ni ad-libs,0.965104462466519
sans featurings ni ad-libs,0.9971194178724962
sans featurings ni ad-libs,0.9578735440435248
sans featurings ni ad-libs,0.9714939576392663
sans featurings ni ad-libs,0.9484170244008352
sans featurings ni ad-libs,0.9120916638387627
sans featurings ni ad-libs,0.9825217480371863
sans featurings ni ad-libs,0.9354463841880168
sans featurings ni ad-libs,0.940201983238756
sans featurings ni ad-libs,0.9735905513662835
sans featurings ni ad-libs,0.9273165921980037
sans featurings ni ad-libs,0.991958576822734
sans featurings ni ad-libs,0.9573611988247275
sans featurings ni ad-libs,0.9576579100383252
sans featurings ni ad-libs,0.9788491136485497
sans featurings ni ad-libs,1.0002872618203527
sans featurings ni ad-libs,0.948999730794265
sans featurings ni ad-libs,0.9862305171631651
sans featurings ni ad-libs,0.8874733508443419
sans featurings ni ad-libs,0.9461333067727115
sans featurings ni ad-libs,0.9590409804459743
sans featurings ni ad-libs,0.9506430600193249
sans featurings ni ad-libs,1.018631775655917
sans featurings ni ad-libs,0.9498960502473912
sans featurings ni ad-libs,1.0089101455788418
sans featurings ni ad-libs,0.9543334275211214
sans featurings ni ad-libs,0.9736205872508901
sans featurings ni ad-libs,0.9575750832553566
sans featurings ni ad-libs,1.0123089210091598
sans featurings ni ad-libs,0.9438295497069792
sans featurings ni ad-libs,0.9220620577902334
sans featurings ni ad-libs,1.003688235505053
sans featurings ni ad-libs,0.9416672565343311
sans featurings ni ad-libs,0.9785217986174467
sans featurings ni ad-libs,0.9757230277620366
sans featurings ni ad-libs,0.9501746188631486
sans featurings ni ad-libs,0.9363634320122238
sans featurings ni ad-libs,0.9828241787626282
sans featurings ni ad-libs,0.9575728667871289
sans featurings ni ad-libs,0.9426734957695028
sans featurings ni ad-libs,0.9493547996280111
sans featurings ni ad-libs,0.9435322177304533
sans featurings ni ad-libs,0.9776883416680033
sans featurings ni ad-libs,0.9261949010015554
sans featurings ni ad-libs,0.9497704148029024
sans featurings ni ad-libs,0.9892319938376047
sans featurings ni ad-libs,0.9372606543547765
sans featurings ni ad-libs,0.9859702938593806
sans featurings ni ad-libs,1.0054837838431194
sans featurings ni ad-libs,0.9866920598667103
sans featurings ni ad-libs,0.9585876818793312
sans featurings ni ad-libs,0.9378054832530853
sans featurings ni ad-libs,0.9640256104213105
sans featurings ni ad-libs,0.9844949777922039
sans featurings ni ad-libs,0.9581087245845529
sans featurings ni ad-libs,0.9133839886497702
sans featurings ni ad-libs,0.9308608927691712
sans featurings ni ad-libs,0.9958710528189092
sans featurings ni ad-libs,0.9488812369617846
sans featurings ni ad-libs,0.9486648855369382
sans featurings ni ad-libs,0.9550141720233902
sans featurings ni ad-libs,0.953837368514388
sans featurings ni ad-libs,0.9185589335519044
sans featurings ni ad-libs,0.9816218058943086
sans featurings ni ad-libs,0.9108819594193232
sans featurings ni ad-libs,0.9920347628188169
sans featurings ni ad-libs,0.9290936846676568
sans featurings ni ad-libs,0.960787202112931
sans featurings ni ad-libs,0.9756582843133108
sans featurings ni ad-libs,0.9681207556473438
sans featurings ni ad-libs,0.9836981408272788
sans featurings ni ad-libs,0.9687348057976564
sans featurings ni ad-libs,0.9388121698987517
sans featurings ni ad-libs,0.9787106609113109
sans featurings ni ad-libs,0.9723095435757564
sans featurings ni ad-libs,0.9261231039234694
sans featurings ni ad-libs,0.9071672343493031
sans featurings ni ad-libs,0.9619749057145517
sans featurings ni ad-libs,0.9550150366599253
sans featurings ni ad-libs,0.97633427165454
sans featurings ni ad-libs,0.9637416220332787
sans featurings ni ad-libs,1.005546153821513
sans featurings ni ad-libs,0.9982138750601309
sans featurings ni ad-libs,0.9350621843571303
sans featurings ni ad-libs,0.9486532089774289
sans featurings ni ad-libs,1.0014479345760319
sans featurings ni ad-libs,0.965133506348248
sans featurings ni ad-libs,0.9604493455268819
sans featurings ni ad-libs,0.939115831347775
sans featurings ni ad-libs,0.8945657074023909
sans featurings ni ad-libs,0.9991961138973667
sans featurings ni ad-libs,0.9680870303541756
sans featurings ni ad-libs,0.9803657395351723
sans featurings ni ad-libs,0.9271028066336435
sans featurings ni ad-libs,0.9726041130926907
sans featurings ni ad-libs,1.0172010679077532
sans featurings ni ad-libs,0.9306686486975815
sans featurings ni ad-libs,0.979556084086269
sans featurings ni ad-libs,0.956514325759431
sans featurings ni ad-libs,0.9971833770009675
sans featurings ni ad-libs,0.9153943084523201
sans featurings ni ad-libs,1.0106329245226884
sans featurings ni ad-libs,0.9860125778647896
sans featurings ni ad-libs,0.9864271072101001
sans featurings ni ad-libs,0.9575161134429422
sans featurings ni ad-libs,0.9616010912916617
sans featurings ni ad-libs,0.9585507046222667
sans featurings ni ad-libs,0.9931121064180972
sans featurings ni ad-libs,1.0087934156436915
sans featurings ni ad-libs,0.9941785300615539
sans featurings ni ad-libs,0.9180150903826855
sans featurings ni ad-libs,0.9817271600736989
sans featurings ni ad-libs,0.9308887391411655
sans featurings ni ad-libs,0.9355559631155463
sans featurings ni ad-libs,0.9509311188423358
sans featurings ni ad-libs,0.9713648822956574
sans featurings ni ad-libs,0.9812838882829441
sans featurings ni ad-libs,1.0451158339208122
sans featurings ni ad-libs,0.9809058960486594
sans featurings ni ad-libs,0.9550150366599253
sans featurings ni ad-libs,0.984489883987378
sans featurings ni ad-libs,0.9634640047615955
sans featurings ni ad-libs,0.9523151912849647
sans featurings ni ad-libs,1.0068367730043488
sans featurings ni ad-libs,0.997447884786331
sans featurings ni ad-libs,0.9701114302621485
sans featurings ni ad-libs,0.937871485509737
sans featurings ni ad-libs,0.9616680223039971
sans featurings ni ad-libs,0.9604716071783787
sans featurings ni ad-libs,0.9932434148572352
sans featurings ni ad-libs,0.993352477554497
sans featurings ni ad-libs,0.9417865336139152
sans featurings ni ad-libs,0.9434231699444675
sans featurings ni ad-libs,0.9840005789415704
sans featurings ni ad-libs,0.9394463163991518
sans featurings ni ad-libs,0.9383805470114817
sans featurings ni ad-libs,0.9839696310395779
sans featurings ni ad-libs,0.9744042687677791
sans featurings ni ad-libs,0.9549481537240051
sans featurings ni ad-libs,1.0043880546553212
sans featurings ni ad-libs,0.9722215452980344
sans featurings ni ad-libs,0.9749551427779772
sans featurings ni ad-libs,0.8976363668075151
sans featurings ni ad-libs,0.9741771766112611
sans featurings ni ad-libs,0.9400625931836801
sans featurings ni ad-libs,0.9523151912849647
sans featurings ni ad-libs,0.9738287656696886
sans featurings ni ad-libs,0.9725822983101684
sans featurings ni ad-libs,0.9529153825194553
sans featurings ni ad-libs,0.9604913431010663
sans featurings ni ad-libs,0.9999787530644563
sans featurings ni ad-libs,0.9700100908359433
sans featurings ni ad-libs,0.9836837134226637
sans featurings ni ad-libs,0.9084756646058594
sans featurings ni ad-libs,1.0071133396733951
sans featurings ni ad-libs,0.9549029077983161
sans featurings ni ad-libs,0.9828963387157432
sans featurings ni ad-libs,0.9235948863340486
sans featurings ni ad-libs,0.9965799118840961
sans featurings ni ad-libs,1.0082639388535544
sans featurings ni ad-libs,0.9789581788473191
sans featurings ni ad-libs,0.9805073812757182
sans featurings ni ad-libs,0.9470397389963257
sans featurings ni ad-libs,0.9877036414715837
sans featurings ni ad-libs,0.9667636342697309
sans featurings ni ad-libs,1.0026456055947968
sans featurings ni ad-libs,0.938042393061491
sans featurings ni ad-libs,0.9029278305801138
sans featurings ni ad-libs,0.994125708393057
sans featurings ni ad-libs,0.9605294590555621
sans featurings ni ad-libs,0.9626489957376073
sans featurings ni ad-libs,0.9579158260375883
sans featurings ni ad-libs,0.9686044574195125
sans featurings ni ad-libs,0.9458014134488822
sans featurings ni ad-libs,1.0005736684894966
sans featurings ni ad-libs,0.9381327090626386
sans featurings ni ad-libs,0.9359394650484673
sans featurings ni ad-libs,0.956556837674237
sans featurings ni ad-libs,0.9549399075263381
sans featurings ni ad-libs,0.9475585100900004
sans featurings ni ad-libs,0.9198661512669185
sans featurings ni ad-libs,0.9835620504998921
sans featurings ni ad-libs,1.0054740743919988
sans featurings ni ad-libs,0.9679591363950851
sans featurings ni ad-libs,0.8830197032691751
sans featurings ni ad-libs,1.0087081813517833
sans featurings ni ad-libs,0.9811054553729565
sans featurings ni ad-libs,0.9713736874858614
sans featurings ni ad-libs,0.9062772094742019
sans featurings ni ad-libs,0.9409736085104335
sans featurings ni ad-libs,0.9466815718866605
sans featurings ni ad-libs,0.9571375936910749
sans featurings ni ad-libs,0.9293053806639108
sans featurings ni ad-libs,0.9962904351453944
sans featurings ni ad-libs,0.9679780849035373
sans featurings ni ad-libs,0.9741427098916675
sans featurings ni ad-libs,0.956514325759431
sans featurings ni ad-libs,0.9701385192342188
sans featurings ni ad-libs,0.9632220931987794
sans featurings ni ad-libs,0.9389739459577112
sans featurings ni ad-libs,0.8800627260326332
sans featurings ni ad-libs,0.9505680351055934
sans featurings ni ad-libs,0.9868681182959241
sans featurings ni ad-libs,0.955692509774725
sans featurings ni ad-libs,0.9198381174280991
sans featurings ni ad-libs,0.9254556002900394
sans featurings ni ad-libs,0.9372606543547765
sans featurings ni ad-libs,0.9461000464973665
sans featurings ni ad-libs,0.9628403758948191
sans featurings ni ad-libs,0.9604393352704251
sans featurings ni ad-libs,0.942536932987594
sans featurings ni ad-libs,0.9909532593994778
sans featurings ni ad-libs,0.9693317643141296
sans featurings ni ad-libs,0.9455202419164804
sans featurings ni ad-libs,0.9816799182500522
sans featurings ni ad-libs,0.9108819594193232
sans featurings ni ad-libs,0.9470192626758925
sans featurings ni ad-libs,0.9341004004610047
sans featurings ni ad-libs,0.9817446772938947
sans featurings ni ad-libs,0.993241210471623
sans featurings ni ad-libs,0.9656832462919893
sans featurings ni ad-libs,0.9900816912221027
sans featurings ni ad-libs,0.9883205486299617
sans featurings ni ad-libs,0.9440117400822445
sans featurings ni ad-libs,0.9723916822829255
sans featurings ni ad-libs,0.9861384732912349
sans featurings ni ad-libs,0.9343548049718355
sans featurings ni ad-libs,0.9811079552894605
sans featurings ni ad-libs,0.9987902071482991
sans featurings ni ad-libs,0.9594076169624697
sans featurings ni ad-libs,0.9985790221126312
sans featurings ni ad-libs,0.9118288805938781
sans featurings ni ad-libs,0.9419011044535965
sans featurings ni ad-libs,0.977162699100609
sans featurings ni ad-libs,0.9667874590395518
sans featurings ni ad-libs,0.9167622927911162
sans featurings ni ad-libs,0.9895823021175342
sans featurings ni ad-libs,0.9713701377672112
sans featurings ni ad-libs,0.8997712148700381
sans featurings ni ad-libs,0.9323503024032525
sans featurings ni ad-libs,0.9520479713530909
sans featurings ni ad-libs,0.9599308416276087
sans featurings ni ad-libs,1.0080592933767927
sans featurings ni ad-libs,0.9396311241547013
sans featurings ni ad-libs,0.9829617083533306
sans featurings ni ad-libs,0.9337459327951745
sans featurings ni ad-libs,0.9600106534409287
sans featurings ni ad-libs,0.9581908718455688
sans featurings ni ad-libs,0.9558047047524271
sans featurings ni ad-libs,0.9791373669290345
sans featurings ni ad-libs,0.9739452313901457
sans featurings ni ad-libs,0.915065280216312
sans featurings ni ad-libs,0.9424677642216536
sans featurings ni ad-libs,0.9356695037670726
sans featurings ni ad-libs,0.9244084487349137
sans featurings ni ad-libs,0.9720542404919738
sans featurings ni ad-libs,0.969945855705556
sans featurings ni ad-libs,0.9935138917485814
sans featurings ni ad-libs,0.9538533176398583
sans featurings ni ad-libs,0.9763856342776777
sans featurings ni ad-libs,0.9573587760731677
sans featurings ni ad-libs,0.9328274946540779
sans featurings ni ad-libs,0.9330744790820604
sans featurings ni ad-libs,0.9513262872962847
sans featurings ni ad-libs,0.9710090834966028
sans featurings ni ad-libs,0.9671436951380434
sans featurings ni ad-libs,0.9372182343106086
sans featurings ni ad-libs,0.9299349890691012
sans featurings ni ad-libs,0.9868477836021469
sans featurings ni ad-libs,0.9688368022155815
sans featurings ni ad-libs,0.9096469715874064
sans featurings ni ad-libs,0.9750984630989339
sans featurings ni ad-libs,0.9940243473578992
sans featurings ni ad-libs,0.9349007592637626
sans featurings ni ad-libs,0.9558417825242178
sans featurings ni ad-libs,0.9354831729081134
sans featurings ni ad-libs,0.9672066078906414
sans featurings ni ad-libs,0.9706020225336245
sans featurings ni ad-libs,0.8944716937191318
sans featurings ni ad-libs,0.9524423740207502
sans featurings ni ad-libs,0.9382713225358131
sans featurings ni ad-libs,0.9880461895496274
sans featurings ni ad-libs,0.9801050685109587
sans featurings ni ad-libs,0.9186444578370287
sans featurings ni ad-libs,0.9719341299906782
sans featurings ni ad-libs,0.9872925074960842
sans featurings ni ad-libs,0.9593631819639518
sans featurings ni ad-libs,0.948174086135433
sans featurings ni ad-libs,1.0174995155270339
sans featurings ni ad-libs,0.953598887575738
sans featurings ni ad-libs,0.9326289131531322
sans featurings ni ad-libs,0.9387898647150907
sans featurings ni ad-libs,0.9243824199719626
sans featurings ni ad-libs,0.9364393256055148
sans featurings ni ad-libs,0.9219965438222353
sans featurings ni ad-libs,0.9595183387799953
sans featurings ni ad-libs,0.9515916320152245
sans featurings ni ad-libs,0.9875965903353369
sans featurings ni ad-libs,0.9170603091363206
sans featurings ni ad-libs,0.9709548016799185
sans featurings ni ad-libs,0.9892123891250083
sans featurings ni ad-libs,0.9487792224680771
sans featurings ni ad-libs,0.9435190176948496
sans featurings ni ad-libs,0.9626489957376073
sans featurings ni ad-libs,0.9234505262704297
sans featurings ni ad-libs,0.965374534560695
sans featurings ni ad-libs,0.9892517486325253
sans featurings ni ad-libs,0.9290877363133682
sans featurings ni ad-libs,0.9900510613404324
sans featurings ni ad-libs,0.9379226380846895
sans featurings ni ad-libs,0.9680209446023617
sans featurings ni ad-libs,0.9987876039595867
sans featurings ni ad-libs,0.9844723918323939
sans featurings ni ad-libs,0.9595845221966661
sans featurings ni ad-libs,0.985347621468374
sans featurings ni ad-libs,0.9401490513193551
sans featurings ni ad-libs,0.9642795704499565
sans featurings ni ad-libs,0.927560704377459
sans featurings ni ad-libs,0.9612500171754079
sans featurings ni ad-libs,0.9634570897827637
sans featurings ni ad-libs,0.9420223593742002
sans featurings ni ad-libs,1.01295258672976
sans featurings ni ad-libs,0.9790749837727019
sans featurings ni ad-libs,0.98092738096493
sans featurings ni ad-libs,0.9272962983185761
sans featurings ni ad-libs,0.9883205486299617
sans featurings ni ad-libs,0.9643883691013797
sans featurings ni ad-libs,0.9111234607922924
sans featurings ni ad-libs,1.0130980098019728
sans featurings ni ad-libs,0.981584705719996
sans featurings ni ad-libs,0.9284280496730101
sans featurings ni ad-libs,0.9510215898010047
sans featurings ni ad-libs,0.9526485929226705
sans featurings ni ad-libs,0.929177017926632
sans featurings ni ad-libs,0.979505226666606
sans featurings ni ad-libs,0.9621978414340374
sans featurings ni ad-libs,0.9767098475696147
sans featurings ni ad-libs,0.9694207643795383
sans featurings ni ad-libs,0.964459590294303
sans featurings ni ad-libs,0.9440815128001925
sans featurings ni ad-libs,0.9848648241414244
sans featurings ni ad-libs,0.9775238908604029
sans featurings ni ad-libs,0.918883320216009
sans featurings ni ad-libs,0.9970269703156943
sans featurings ni ad-libs,0.9776676326420846
sans featurings ni ad-libs,0.9913105059599704
sans featurings ni ad-libs,0.98322049703405
sans featurings ni ad-libs,0.9584769252993809
sans featurings ni ad-libs,0.9836516263724949
sans featurings ni ad-libs,0.9119561048334941
sans featurings ni ad-libs,0.9922682774491685
sans featurings ni ad-libs,0.9531600433866368
sans featurings ni ad-libs,0.9993577127243198
sans featurings ni ad-libs,0.9421521923031236
sans featurings ni ad-libs,0.9487803306102819
sans featurings ni ad-libs,0.9895641406831047
sans featurings ni ad-libs,1.0036159228971202
sans featurings ni ad-libs,0.960343612600953
sans featurings ni ad-libs,0.9689670366919563
sans featurings ni ad-libs,0.9582881752183093
sans featurings ni ad-libs,0.9788740054859087
sans featurings ni ad-libs,0.9089940110368542
sans featurings ni ad-libs,0.9031522984136983
sans featurings ni ad-libs,0.9717444684633381
sans featurings ni ad-libs,0.9685762282352514
sans featurings ni ad-libs,0.9758867485651681
sans featurings ni ad-libs,0.9912889845133913
sans featurings ni ad-libs,0.9568595087636006
sans featurings ni ad-libs,0.9739730123928847
sans featurings ni ad-libs,0.9398254759999558
sans featurings ni ad-libs,1.0354898111674296
sans featurings ni ad-libs,0.9061050375974539
sans featurings ni ad-libs,0.9688786826113602
sans featurings ni ad-libs,0.9495311961792072
sans featurings ni ad-libs,0.9758000399322223
sans featurings ni ad-libs,0.9236285731999453
sans featurings ni ad-libs,0.9288270099243556
sans featurings ni ad-libs,0.9703446825464591
sans featurings ni ad-libs,0.9281821299017908
sans featurings ni ad-libs,1.0141564721953096
sans featurings ni ad-libs,0.9727780196092776
sans featurings ni ad-libs,0.9567787382543286
sans featurings ni ad-libs,0.9571007290678033
sans featurings ni ad-libs,0.9382493046256873
sans featurings ni ad-libs,0.9181532416191724
sans featurings ni ad-libs,0.9461176338686228
sans featurings ni ad-libs,0.9510332551803178
sans featurings ni ad-libs,0.9319225846510325
sans featurings ni ad-libs,0.9919061323456226
sans featurings ni ad-libs,1.003226769381393
sans featurings ni ad-libs,0.9454834985002285
sans featurings ni ad-libs,1.0062101538989385
sans featurings ni ad-libs,0.9640594721606883
sans featurings ni ad-libs,0.9441490527484074
sans featurings ni ad-libs,0.9899489862814546
sans featurings ni ad-libs,0.9905276285682295
sans featurings ni ad-libs,0.9373272913000636
sans featurings ni ad-libs,0.9324423117992137
sans featurings ni ad-libs,0.9239969278750404
sans featurings ni ad-libs,0.9472446867628088
sans featurings ni ad-libs,0.916422391877462
sans featurings ni ad-libs,0.9424677642216536
sans featurings ni ad-libs,0.9305006084760084
sans featurings ni ad-libs,0.9501996542130312
sans featurings ni ad-libs,0.9923203019393675
sans featurings ni ad-libs,0.9810026803273857
sans featurings ni ad-libs,0.9693254325338153
sans featurings ni ad-libs,0.9556055518029984
sans featurings ni ad-libs,0.9288270099243556
sans featurings ni ad-libs,0.9915776225976625
sans featurings ni ad-libs,0.9331381411078855
sans featurings ni ad-libs,0.9439435102945948
sans featurings ni ad-libs,1.0130980098019728
sans featurings ni ad-libs,1.0034133892099035
sans featurings ni ad-libs,0.9548995414356166
sans featurings ni ad-libs,0.9796892004410431
sans featurings ni ad-libs,0.9841096955134159
sans featurings ni ad-libs,0.9513731267330198
sans featurings ni ad-libs,0.9674618533336742
sans featurings ni ad-libs,0.9443196116614611
sans featurings ni ad-libs,0.919657503389579
sans featurings ni ad-libs,0.920192862320415
sans featurings ni ad-libs,0.9630911259286711
sans featurings ni ad-libs,1.0126458174131094
sans featurings ni ad-libs,0.9655603856163586
sans featurings ni ad-libs,0.9006478162924781
sans featurings ni ad-libs,0.9148830342801825
sans featurings ni ad-libs,0.9572877111121884
sans featurings ni ad-libs,0.9711963075012825
sans featurings ni ad-libs,0.9794082134193386
sans featurings ni ad-libs,1.003688235505053
sans featurings ni ad-libs,0.9628968884233338
sans featurings ni ad-libs,0.963295757406899
sans featurings ni ad-libs,0.9126251580688869
sans featurings ni ad-libs,0.9497318385435155
sans featurings ni ad-libs,0.9727692036962651
sans featurings ni ad-libs,0.9607428071921382
sans featurings ni ad-libs,0.998176203204096
sans featurings ni ad-libs,0.9763659755336449
sans featurings ni ad-libs,0.9298374723421331
sans featurings ni ad-libs,0.9145316636578712
sans featurings ni ad-libs,0.95247973243175
sans featurings ni ad-libs,0.972156870521522
sans featurings ni ad-libs,0.9193778845753579
sans featurings ni ad-libs,0.9493437923057846
sans featurings ni ad-libs,0.9390644931190096
sans featurings ni ad-libs,0.9793517854646709
sans featurings ni ad-libs,0.9499108684673425
sans featurings ni ad-libs,0.9849508409907423
sans featurings ni ad-libs,0.963727572661876
sans featurings ni ad-libs,0.9595252979423365
sans featurings ni ad-libs,0.9350317133534858
sans featurings ni ad-libs,0.9894481736888858
sans featurings ni ad-libs,0.998222853985939
sans featurings ni ad-libs,0.9638879357412893
sans featurings ni ad-libs,0.9650639301229429
sans featurings ni ad-libs,0.9757301312295119
sans featurings ni ad-libs,0.9542166496252378
sans featurings ni ad-libs,0.9609274587293795
sans featurings ni ad-libs,1.0044749733857798
sans featurings ni ad-libs,0.9643096790143598
sans featurings ni ad-libs,0.9715204598219792
sans featurings ni ad-libs,0.9758718279797732
sans featurings ni ad-libs,0.9322854355331913
sans featurings ni ad-libs,0.9728574493277053
sans featurings ni ad-libs,0.9950337566020604
sans featurings ni ad-libs,0.9670447077033145
sans featurings ni ad-libs,0.9863376709245102
sans featurings ni ad-libs,0.9602259327113878
sans featurings ni ad-libs,0.954211514230269
sans featurings ni ad-libs,0.9772941050214151
sans featurings ni ad-libs,0.9722065559414694
sans featurings ni ad-libs,1.000007272724966
sans featurings ni ad-libs,0.9260258102975016
sans featurings ni ad-libs,1.0053130342214052
sans featurings ni ad-libs,0.9589426024569616
sans featurings ni ad-libs,0.9245539312858293
sans featurings ni ad-libs,1.0104968550817606
sans featurings ni ad-libs,0.9149676379505954
sans featurings ni ad-libs,0.9779933081912496
sans featurings ni ad-libs,0.9469650789953732
sans featurings ni ad-libs,0.956246116735865
sans featurings ni ad-libs,0.9166957469494538
sans featurings ni ad-libs,0.9829423158775354
sans featurings ni ad-libs,0.9657458351451965
sans featurings ni ad-libs,0.9650701662937986
sans featurings ni ad-libs,0.9654655927900665
sans featurings ni ad-libs,0.97716225953467
sans featurings ni ad-libs,1.0082639388535544
sans featurings ni ad-libs,0.9385319439847886
sans featurings ni ad-libs,0.9239836225463613
sans featurings ni ad-libs,0.9825307242069368
sans featurings ni ad-libs,0.9416629192029481
sans featurings ni ad-libs,0.9713922879253455
sans featurings ni ad-libs,0.9479413791278091
sans featurings ni ad-libs,0.9541508844970122
sans featurings ni ad-libs,0.9306749372031937
sans featurings ni ad-libs,1.0171442252351484
sans featurings ni ad-libs,1.0240254203981944
sans featurings ni ad-libs,0.9727081805897914
sans featurings ni ad-libs,0.9806487387264353
sans featurings ni ad-libs,0.9579971722286226
sans featurings ni ad-libs,0.9509095423674716
sans featurings ni ad-libs,0.9665853821975614
sans featurings ni ad-libs,0.9637844117845609
sans featurings ni ad-libs,0.8778170528701229
sans featurings ni ad-libs,0.9927188951409092
sans featurings ni ad-libs,1.0293068557465543
sans featurings ni ad-libs,0.991434140975136
sans featurings ni ad-libs,0.9350496009446616
sans featurings ni ad-libs,0.9267134672458451
sans featurings ni ad-libs,0.9399886053722206
sans featurings ni ad-libs,0.9394307078053361
sans featurings ni ad-libs,1.0062101538989385
sans featurings ni ad-libs,0.9240231677520105
sans featurings ni ad-libs,0.9834726053197713
sans featurings ni ad-libs,0.9578877792586005
sans featurings ni ad-libs,0.9796395376586919
sans featurings ni ad-libs,0.9231333940357084
sans featurings ni ad-libs,0.9292463182735522
sans featurings ni ad-libs,0.9515067430982885
sans featurings ni ad-libs,0.8648941844643927
sans featurings ni ad-libs,0.9669246433742382
sans featurings ni ad-libs,0.9280767835931125
sans featurings ni ad-libs,0.945888377236593
sans featurings ni ad-libs,0.9813907808047149
sans featurings ni ad-libs,0.931196547325098
sans featurings ni ad-libs,0.9554263333444637
sans featurings ni ad-libs,0.8936416888576733
sans featurings ni ad-libs,0.9664220497735156
sans featurings ni ad-libs,0.978226255977011
sans featurings ni ad-libs,0.93632295449266
sans featurings ni ad-libs,0.9559744208830284
sans featurings ni ad-libs,0.9678418015900376
sans featurings ni ad-libs,0.9872455826284927
sans featurings ni ad-libs,0.9507001740137674
sans featurings ni ad-libs,1.0043880546553212
sans featurings ni ad-libs,0.965133506348248
sans featurings ni ad-libs,0.9793160510552581
sans featurings ni ad-libs,0.951892644131337
sans featurings ni ad-libs,0.9323088933580298
sans featurings ni ad-libs,0.9789997332229851
sans featurings ni ad-libs,0.9520694124996192
sans featurings ni ad-libs,0.965441780123585
sans featurings ni ad-libs,0.9266566900267674
sans featurings ni ad-libs,1.0044837479698983
sans featurings ni ad-libs,0.9120870357778532
sans featurings ni ad-libs,0.9525620666582576
sans featurings ni ad-libs,1.0233518505165697
sans featurings ni ad-libs,0.9948594849730905
sans featurings ni ad-libs,0.9226492412960814
sans featurings ni ad-libs,0.9428925916475689
sans featurings ni ad-libs,0.9562633021898093
sans featurings ni ad-libs,0.9499560509287233
sans featurings ni ad-libs,0.9714245662507441
sans featurings ni ad-libs,0.9673609227659191
sans featurings ni ad-libs,0.9612430636625624
sans featurings ni ad-libs,0.9269400691092978
sans featurings ni ad-libs,0.9511952549598567
sans featurings ni ad-libs,0.9386510536505686
sans featurings ni ad-libs,0.9949356367020629
sans featurings ni ad-libs,0.9521560650937536
sans featurings ni ad-libs,0.9000751145810272
sans featurings ni ad-libs,0.9340103956101455
sans featurings ni ad-libs,0.9551738534865895
sans featurings ni ad-libs,0.9992110384601598
sans featurings ni ad-libs,0.9650899234133803
sans featurings ni ad-libs,0.9977299642678138
sans featurings ni ad-libs,0.9525463435118666
sans featurings ni ad-libs,0.9621754942694647
sans featurings ni ad-libs,0.9583807393800892
sans featurings ni ad-libs,0.96480636438993
sans featurings ni ad-libs,0.9872084470865639
sans featurings ni ad-libs,1.0289811053764075
sans featurings ni ad-libs,0.9060907294426216
sans featurings ni ad-libs,0.930224800822907
sans featurings ni ad-libs,0.9817311978859823
sans featurings ni ad-libs,0.9900510613404324
sans featurings ni ad-libs,1.0038485682461467
sans featurings ni ad-libs,0.968343446243833
sans featurings ni ad-libs,0.9795879058704988
sans featurings ni ad-libs,0.9910716148021937
sans featurings ni ad-libs,0.9600608856772422
sans featurings ni ad-libs,0.9675241707188103
sans featurings ni ad-libs,0.9626942745343642
sans featurings ni ad-libs,0.932344901509397
sans featurings ni ad-libs,0.99645167698963
sans featurings ni ad-libs,0.9564278376158498
sans featurings ni ad-libs,0.9913669090876185
sans featurings ni ad-libs,0.9830200146374317
sans featurings ni ad-libs,0.9808257697265313
sans featurings ni ad-libs,0.9626942745343642
sans featurings ni ad-libs,0.9558839928713514
sans featurings ni ad-libs,0.9615357216548813
sans featurings ni ad-libs,0.9330188792561256
sans featurings ni ad-libs,0.9915181409610465
sans featurings ni ad-libs,0.951058699025516
sans featurings ni ad-libs,0.983212250311869
sans featurings ni ad-libs,0.9928144449310962
sans featurings ni ad-libs,0.975456964088064
sans featurings ni ad-libs,0.9470076717860187
sans featurings ni ad-libs,0.9540641139132854
sans featurings ni ad-libs,0.960751083990389
sans featurings ni ad-libs,1.0099257284975283
sans featurings ni ad-libs,0.9589269561687
sans featurings ni ad-libs,0.9522317657537755
sans featurings ni ad-libs,1.0129908436924726
sans featurings ni ad-libs,0.9513224733903867
sans featurings ni ad-libs,0.9459279116476341
sans featurings ni ad-libs,0.9867564848292346
sans featurings ni ad-libs,0.9534492929703527
sans featurings ni ad-libs,0.9799872560093692
sans featurings ni ad-libs,0.9219066134358267
sans featurings ni ad-libs,0.9667268721683635
sans featurings ni ad-libs,0.9736715644824024
sans featurings ni ad-libs,0.9707088303190575
sans featurings ni ad-libs,0.97172823714688
sans featurings ni ad-libs,0.9476290826475056
sans featurings ni ad-libs,0.9579936556914782
sans featurings ni ad-libs,0.9694217107910084
sans featurings ni ad-libs,0.9358636681841268
sans featurings ni ad-libs,0.9362685740368054
sans featurings ni ad-libs,1.0073852510995305
sans featurings ni ad-libs,0.9910339254461719
sans featurings ni ad-libs,0.9470413059011777
sans featurings ni ad-libs,0.9782888617358045
sans featurings ni ad-libs,1.0148193920990873
sans featurings ni ad-libs,0.9734939196328473
sans featurings ni ad-libs,0.9295975021932552
sans featurings ni ad-libs,0.9588169019894063
sans featurings ni ad-libs,0.9818301628926592
sans featurings ni ad-libs,0.9213974045300029
sans featurings ni ad-libs,0.9278847388319238
sans featurings ni ad-libs,0.9455679528456762
sans featurings ni ad-libs,0.8930876735428289
sans featurings ni ad-libs,0.9661504623598912
sans featurings ni ad-libs,0.9713736874858614
sans featurings ni ad-libs,0.9667448823083201
sans featurings ni ad-libs,0.9042447561131931
sans featurings ni ad-libs,0.8980001611033427
sans featurings ni ad-libs,0.907300682974506
sans featurings ni ad-libs,0.9619766420025088
sans featurings ni ad-libs,1.0130249537219516
sans featurings ni ad-libs,0.9294853419095309
sans featurings ni ad-libs,0.9367206325041627
sans featurings ni ad-libs,0.9539014874275731
sans featurings ni ad-libs,0.9751105183186881
sans featurings ni ad-libs,0.9876869912729177
sans featurings ni ad-libs,0.9992487593325088
sans featurings ni ad-libs,0.9470700960361436
sans featurings ni ad-libs,0.974293784625738
sans featurings ni ad-libs,0.9634048241858342
sans featurings ni ad-libs,0.9210505534170336
sans featurings ni ad-libs,0.9974781027267775
sans featurings ni ad-libs,0.8981385381307843
sans featurings ni ad-libs,1.0073723259759138
sans featurings ni ad-libs,0.9662491933134426
sans featurings ni ad-libs,0.9241428380016798
sans featurings ni ad-libs,0.9788406960020928
sans featurings ni ad-libs,0.9281928067267167
sans featurings ni ad-libs,0.9740945273618178
sans featurings ni ad-libs,0.9768489678596695
sans featurings ni ad-libs,0.9606003026454479
sans featurings ni ad-libs,0.898199107337838
sans featurings ni ad-libs,0.9353942624455498
sans featurings ni ad-libs,0.9360953163972647
sans featurings ni ad-libs,0.9402695550464037
sans featurings ni ad-libs,0.9468686876773058
sans featurings ni ad-libs,0.980563528905466
sans featurings ni ad-libs,0.9624886018724719
sans featurings ni ad-libs,1.015119369800201
sans featurings ni ad-libs,0.9761877643604782
sans featurings ni ad-libs,0.97598955782864
sans featurings ni ad-libs,0.9586867948070286
sans featurings ni ad-libs,0.9759950018259217
sans featurings ni ad-libs,0.9638879357412893
sans featurings ni ad-libs,1.0008089652844465
sans featurings ni ad-libs,0.9435651414364574
sans featurings ni ad-libs,0.9770935891942053
sans featurings ni ad-libs,1.014263399407915
sans featurings ni ad-libs,1.007614163221917
sans featurings ni ad-libs,0.9259596018135249
sans featurings ni ad-libs,0.9423209691486428
sans featurings ni ad-libs,0.9219305644319508
sans featurings ni ad-libs,0.9921655134157634
sans featurings ni ad-libs,0.9424685811990027
sans featurings ni ad-libs,0.9810640048084327
sans featurings ni ad-libs,0.9863749976322448
sans featurings ni ad-libs,0.9322363269593898
sans featurings ni ad-libs,0.9392396235354531
sans featurings ni ad-libs,0.9875654260874313
sans featurings ni ad-libs,0.932955732224021
sans featurings ni ad-libs,0.9298525249285323
sans featurings ni ad-libs,0.9460096597536345
sans featurings ni ad-libs,0.975894315625748
sans featurings ni ad-libs,0.9075756875180623
sans featurings ni ad-libs,1.007262769552451
sans featurings ni ad-libs,0.927215821905511
sans featurings ni ad-libs,0.9757636442778075
sans featurings ni ad-libs,0.9394108314260459
sans featurings ni ad-libs,0.9032650103038311
sans featurings ni ad-libs,0.9379377218637598
sans featurings ni ad-libs,0.9288622486099519
sans featurings ni ad-libs,1.0054646655142712
sans featurings ni ad-libs,0.9663660709151993
sans featurings ni ad-libs,0.9499333772392047
sans featurings ni ad-libs,0.9595064099898167
sans featurings ni ad-libs,0.9124696506170048
sans featurings ni ad-libs,0.9145471945991677
sans featurings ni ad-libs,0.9621452189405839
sans featurings ni ad-libs,0.9408824205195402
sans featurings ni ad-libs,0.9168670962670159
sans featurings ni ad-libs,0.9833683045228465
sans featurings ni ad-libs,0.9987876039595867
sans featurings ni ad-libs,0.9764842455703123
sans featurings ni ad-libs,0.9420812695745828
sans featurings ni ad-libs,0.9100470485880294
sans featurings ni ad-libs,0.9562365256053333
sans featurings ni ad-libs,0.923165454953165
sans featurings ni ad-libs,0.9212385983648055
sans featurings ni ad-libs,0.9884454942977279
sans featurings ni ad-libs,0.9526966883690161
sans featurings ni ad-libs,0.9421311609376233
sans featurings ni ad-libs,0.9862646230925795
sans featurings ni ad-libs,0.9511590590208625
sans featurings ni ad-libs,0.9584732092441867
sans featurings ni ad-libs,0.9414047936433408
sans featurings ni ad-libs,1.009667222437771
sans featurings ni ad-libs,0.9597136177592313
sans featurings ni ad-libs,0.9530809241662827
sans featurings ni ad-libs,0.9379277466081111
sans featurings ni ad-libs,0.9937009742298923
sans featurings ni ad-libs,0.9103094647261536
sans featurings ni ad-libs,0.9738473623245288
sans featurings ni ad-libs,0.9414076150283508
sans featurings ni ad-libs,0.9349962415587388
sans featurings ni ad-libs,0.9539066099524021
sans featurings ni ad-libs,0.921953663994027
sans featurings ni ad-libs,0.9776883416680033
sans featurings ni ad-libs,0.9601489916579911
sans featurings ni ad-libs,0.952053434059047
sans featurings ni ad-libs,0.9734245340334253
sans featurings ni ad-libs,1.0037173008080245
sans featurings ni ad-libs,0.9414067798434274
sans featurings ni ad-libs,0.9216942543391968
sans featurings ni ad-libs,0.9412133342848577
sans featurings ni ad-libs,0.9353753012126861
sans featurings ni ad-libs,0.9297901099498387
sans featurings ni ad-libs,0.9628686295903364
sans featurings ni ad-libs,0.991734004262336
sans featurings ni ad-libs,0.9345852754430284
sans featurings ni ad-libs,0.9655728809389015
sans featurings ni ad-libs,0.9685278688833857
sans featurings ni ad-libs,0.9397461759469216
sans featurings ni ad-libs,0.9513508557670672
sans featurings ni ad-libs,0.9727950052864422
sans featurings ni ad-libs,0.9918048929027152
sans featurings ni ad-libs,0.9882198230386012
sans featurings ni ad-libs,0.9343023180684475
sans featurings ni ad-libs,1.003688235505053
sans featurings ni ad-libs,0.9343724005255478
sans featurings ni ad-libs,0.9816134276462536
sans featurings ni ad-libs,0.9978857085741688
sans featurings ni ad-libs,0.9163539698804092
sans featurings ni ad-libs,0.9583514976369124
sans featurings ni ad-libs,0.9336439411715364
sans featurings ni ad-libs,0.9843437164676184
sans featurings ni ad-libs,0.950076192519904
sans featurings ni ad-libs,0.9493679140082419
sans featurings ni ad-libs,0.9944779426393964
sans featurings ni ad-libs,1.02369871120707
sans featurings ni ad-libs,0.9756198577778646
sans featurings ni ad-libs,1.0310996784236643
sans featurings ni ad-libs,0.9224154203436752
sans featurings ni ad-libs,0.9366146893762531
sans featurings ni ad-libs,0.9755063785395881
sans featurings ni ad-libs,0.948198816206661
sans featurings ni ad-libs,0.9343023180684475
sans featurings ni ad-libs,0.9205338254460228
sans featurings ni ad-libs,0.9556911985126549
sans featurings ni ad-libs,0.9373049040541566
sans featurings ni ad-libs,1.0201188129065966
sans featurings ni ad-libs,0.9776676326420846
sans featurings ni ad-libs,0.9401932535033837
sans featurings ni ad-libs,0.9632554217415836
sans featurings ni ad-libs,0.966647570646122
sans featurings ni ad-libs,0.9661504623598912
sans featurings ni ad-libs,0.9962298065577375
sans featurings ni ad-libs,0.9167358568109548
sans featurings ni ad-libs,0.9938087372334883
sans featurings ni ad-libs,0.948319182190712
sans featurings ni ad-libs,0.9336197010402898
sans featurings ni ad-libs,0.9701687942117585
sans featurings ni ad-libs,0.9059617523832425
sans featurings ni ad-libs,0.9343182215327525
sans featurings ni ad-libs,0.9629328077839457
sans featurings ni ad-libs,0.9406260355053103
sans featurings ni ad-libs,0.9347660735296597
sans featurings ni ad-libs,0.9684721209225232
sans featurings ni ad-libs,0.9509148204760989
sans featurings ni ad-libs,0.9909532593994778
sans featurings ni ad-libs,0.9457708872203135
sans featurings ni ad-libs,0.9658087633900764
sans featurings ni ad-libs,0.9478392765479794
sans featurings ni ad-libs,0.9876845803960936
sans featurings ni ad-libs,0.896048133664841
sans featurings ni ad-libs,0.93632295449266
sans featurings ni ad-libs,0.9512126899592845
sans featurings ni ad-libs,0.9813969778659085
sans featurings ni ad-libs,0.9644861996293128
sans featurings ni ad-libs,0.9334363833563354
sans featurings ni ad-libs,0.9112422715418493
sans featurings ni ad-libs,0.97374914224823
sans featurings ni ad-libs,0.9654975620865061
sans featurings ni ad-libs,0.9583776552979905
sans featurings ni ad-libs,0.9556856240100498
sans featurings ni ad-libs,0.9892319938376047
sans featurings ni ad-libs,0.9610611294512744
sans featurings ni ad-libs,0.9065332430552893
sans featurings ni ad-libs,0.9719553456299196
sans featurings ni ad-libs,0.9183200412467748
sans featurings ni ad-libs,0.9592993964514189
sans featurings ni ad-libs,0.9296173932559713
sans featurings ni ad-libs,0.928226484483873
sans featurings ni ad-libs,0.9735911892019244
sans featurings ni ad-libs,0.9403988084549576
sans featurings ni ad-libs,0.9884510008949017
sans featurings ni ad-libs,0.9224214008191767
sans featurings ni ad-libs,0.9681702596858415
sans featurings ni ad-libs,0.9753932591455968
sans featurings ni ad-libs,0.9331036368684805
sans featurings ni ad-libs,0.946031011532429
sans featurings ni ad-libs,0.990844471093063
sans featurings ni ad-libs,0.9737081929815709
sans featurings ni ad-libs,0.9541298365200599
sans featurings ni ad-libs,0.9813969778659085
sans featurings ni ad-libs,0.9348620784545836
sans featurings ni ad-libs,1.0159727925568058
sans featurings ni ad-libs,0.9777882681340829
sans featurings ni ad-libs,0.9213160091970143
sans featurings ni ad-libs,0.9562468251995461
sans featurings ni ad-libs,0.9330744790820604
sans featurings ni ad-libs,0.9222484871078523
sans featurings ni ad-libs,0.9434987543644124
sans featurings ni ad-libs,1.0101498695893223
sans featurings ni ad-libs,0.9542077078416001
sans featurings ni ad-libs,0.9294464639269858
sans featurings ni ad-libs,0.9934872242866102
sans featurings ni ad-libs,0.9837028405047974
sans featurings ni ad-libs,0.9693522611400588
sans featurings ni ad-libs,0.9366146893762531
sans featurings ni ad-libs,0.9745606911022877
sans featurings ni ad-libs,0.9447274688000727
sans featurings ni ad-libs,0.9462860164299346
sans featurings ni ad-libs,0.9201081728357768
sans featurings ni ad-libs,0.9224214008191767
sans featurings ni ad-libs,0.9300226909170758
sans featurings ni ad-libs,0.9767222671894173
sans featurings ni ad-libs,0.9880556175013682
sans featurings ni ad-libs,1.0024634948145665
sans featurings ni ad-libs,1.0091025444702868
sans featurings ni ad-libs,0.9380585720547121
sans featurings ni ad-libs,0.9406962686306868
sans featurings ni ad-libs,0.9485804333798202
sans featurings ni ad-libs,0.9605894171826537
sans featurings ni ad-libs,0.9031522984136983
sans featurings ni ad-libs,0.9478529296579118
sans featurings ni ad-libs,0.9423209691486428
sans featurings ni ad-libs,0.9368653280577968
sans featurings ni ad-libs,1.0048126519415592
sans featurings ni ad-libs,1.0009695767805984
sans featurings ni ad-libs,0.967068296170737
sans featurings ni ad-libs,0.9747960103987642
sans featurings ni ad-libs,0.924103062101984
sans featurings ni ad-libs,0.990088228422446
sans featurings ni ad-libs,0.9665853821975614
sans featurings ni ad-libs,0.9797883029869534
sans featurings ni ad-libs,0.9842968683042747
sans featurings ni ad-libs,0.9407190729436745
sans featurings ni ad-libs,0.9517313962060823
sans featurings ni ad-libs,0.924318935462064
sans featurings ni ad-libs,0.9728705597079095
sans featurings ni ad-libs,0.9456514588684375
sans featurings ni ad-libs,0.9847977788395017
sans featurings ni ad-libs,0.9236285731999453
sans featurings ni ad-libs,0.9475500945982538
sans featurings ni ad-libs,0.928866180212179
sans featurings ni ad-libs,0.9326231929139912
sans featurings ni ad-libs,0.9430844005106276
sans featurings ni ad-libs,0.9704904330776813
sans featurings ni ad-libs,0.9552476763590477
sans featurings ni ad-libs,0.9314814639729497
sans featurings ni ad-libs,0.9371116718105826
sans featurings ni ad-libs,0.9624395778300899
sans featurings ni ad-libs,0.9461723439841474
sans featurings ni ad-libs,0.9135052104231458
sans featurings ni ad-libs,0.9903145416850548
sans featurings ni ad-libs,0.9637290760265229
sans featurings ni ad-libs,0.9722065559414694
sans featurings ni ad-libs,1.004077337110242
sans featurings ni ad-libs,0.964213109313247
sans featurings ni ad-libs,0.954017396700344
sans featurings ni ad-libs,0.9566298355908991
sans featurings ni ad-libs,0.9995679353260204
sans featurings ni ad-libs,0.9928785614384226
sans featurings ni ad-libs,0.982484779389583
sans featurings ni ad-libs,0.9960937554978441
sans featurings ni ad-libs,0.9505759740188802
sans featurings ni ad-libs,0.9757091332192874
sans featurings ni ad-libs,0.9500990524034165
sans featurings ni ad-libs,0.9206556856048572
sans featurings ni ad-libs,1.0038195852427152
sans featurings ni ad-libs,0.9216733303143998
sans featurings ni ad-libs,0.9386033495124109
sans featurings ni ad-libs,0.963284290362965
sans featurings ni ad-libs,0.9648670576870327
sans featurings ni ad-libs,0.9329496164210793
sans featurings ni ad-libs,0.9732650239987313
sans featurings ni ad-libs,0.9888061348102701
sans featurings ni ad-libs,1.0011001829029822
sans featurings ni ad-libs,0.9546370869293972
sans featurings ni ad-libs,1.0011649295296075
sans featurings ni ad-libs,0.9829945913755503
sans featurings ni ad-libs,0.9926907388082288
sans featurings ni ad-libs,1.0100565715053342
sans featurings ni ad-libs,0.9306067890641192
sans featurings ni ad-libs,0.8800627260326332
sans featurings ni ad-libs,0.98148569756726
sans featurings ni ad-libs,1.0217501705442447
sans featurings ni ad-libs,1.0341669199569001
sans featurings ni ad-libs,0.987656808510469
sans featurings ni ad-libs,0.9968887179223533
sans featurings ni ad-libs,0.9325406177867989
sans featurings ni ad-libs,0.9808312442135076
sans featurings ni ad-libs,0.9247463037509578
sans featurings ni ad-libs,1.0033327635797038
sans featurings ni ad-libs,0.9964668964658346
sans featurings ni ad-libs,0.9654700082417621
sans featurings ni ad-libs,0.9894000338530556
sans featurings ni ad-libs,0.9552194905444975
sans featurings ni ad-libs,0.9611206933394063
sans featurings ni ad-libs,0.9457974360569066
sans featurings ni ad-libs,0.953896382863665
sans featurings ni ad-libs,0.9634805981771072
sans featurings ni ad-libs,0.983618574003473
sans featurings ni ad-libs,0.9517479472099017
sans featurings ni ad-libs,0.9530645121528792
sans featurings ni ad-libs,0.9343548049718355
sans featurings ni ad-libs,0.9525937500716473
sans featurings ni ad-libs,0.933227378575868
sans featurings ni ad-libs,0.9612923647824245
sans featurings ni ad-libs,0.9843795328627039
sans featurings ni ad-libs,0.9499333772392047
sans featurings ni ad-libs,0.9035691154310309
sans featurings ni ad-libs,1.006733701426368
sans featurings ni ad-libs,1.0013385226640061
sans featurings ni ad-libs,0.99645167698963
sans featurings ni ad-libs,0.9119819690632937
sans featurings ni ad-libs,0.9249893111559309
sans featurings ni ad-libs,0.9684810022273905
sans featurings ni ad-libs,1.0034799270807948
sans featurings ni ad-libs,0.9473586195634641
sans featurings ni ad-libs,0.9966083407599012
sans featurings ni ad-libs,0.9819248102944449
sans featurings ni ad-libs,0.9672261731042499
sans featurings ni ad-libs,0.8956810705721809
sans featurings ni ad-libs,0.9803783375856727
sans featurings ni ad-libs,0.9526966883690161
sans featurings ni ad-libs,0.9512361695705795
sans featurings ni ad-libs,0.971088476570496
sans featurings ni ad-libs,0.9272055353670533
sans featurings ni ad-libs,0.9726041130926907
sans featurings ni ad-libs,0.9368345953148992
sans featurings ni ad-libs,0.9420090756249591
sans featurings ni ad-libs,0.9199524128531207
sans featurings ni ad-libs,0.9475618057848495
sans featurings ni ad-libs,0.9431866240604896
sans featurings ni ad-libs,0.975324801399177
sans featurings ni ad-libs,0.974171298891046
sans featurings ni ad-libs,0.99777111536264
sans featurings ni ad-libs,0.9716393288193187
sans featurings ni ad-libs,0.9572396505959029
sans featurings ni ad-libs,0.9172802224695236
sans featurings ni ad-libs,0.9415816015352921
sans featurings ni ad-libs,0.9645760744285234
sans featurings ni ad-libs,0.9793238005090057
sans featurings ni ad-libs,0.9753932591455968
sans featurings ni ad-libs,0.9069382959937846
sans featurings ni ad-libs,0.9722444434997577
sans featurings ni ad-libs,0.9962804092750711
sans featurings ni ad-libs,0.9692513656524202
sans featurings ni ad-libs,0.9499158894211714
sans featurings ni ad-libs,0.9025112464006096
sans featurings ni ad-libs,1.0022943176082324
sans featurings ni ad-libs,0.9042447561131931
sans featurings ni ad-libs,0.9300226909170758
sans featurings ni ad-libs,0.9719631837416526
sans featurings ni ad-libs,0.9227061329109969
sans featurings ni ad-libs,0.9973911359571277
sans featurings ni ad-libs,0.9713659794004577
sans featurings ni ad-libs,0.9270726692676596
sans featurings ni ad-libs,0.9300215931529943
sans featurings ni ad-libs,0.9990283931897523
sans featurings ni ad-libs,0.9412950761181005
sans featurings ni ad-libs,0.9761116462408868
sans featurings ni ad-libs,0.9339291673009802
sans featurings ni ad-libs,0.9396572838781373
sans featurings ni ad-libs,0.9717959857473304
sans featurings ni ad-libs,0.995929537142636
sans featurings ni ad-libs,0.9694424638836399
sans featurings ni ad-libs,0.9689894849026794
sans featurings ni ad-libs,0.9775043531737612
sans featurings ni ad-libs,0.9443598711218919
sans featurings ni ad-libs,0.9306749372031937
sans featurings ni ad-libs,0.9784525965555795
sans featurings ni ad-libs,0.9647656466999752
sans featurings ni ad-libs,0.9862610794698264
sans featurings ni ad-libs,0.9493770576889444
sans featurings ni ad-libs,0.9901162404726094
sans featurings ni ad-libs,0.9450110069435492
sans featurings ni ad-libs,0.9882925341131867
sans featurings ni ad-libs,0.9545481404810913
sans featurings ni ad-libs,0.985365888511106
sans featurings ni ad-libs,0.939890576456809
sans featurings ni ad-libs,0.9281224687343417
sans featurings ni ad-libs,0.9843795328627039
sans featurings ni ad-libs,0.9468673540696569
sans featurings ni ad-libs,0.955047114823382
sans featurings ni ad-libs,0.9419677970541328
sans featurings ni ad-libs,1.0141542515227988
sans featurings ni ad-libs,0.9606789279110052
sans featurings ni ad-libs,0.9435882160365971
sans featurings ni ad-libs,0.953910667836299
sans featurings ni ad-libs,0.9347429601392805
sans featurings ni ad-libs,0.9627119782196039
sans featurings ni ad-libs,0.9147062260844581
sans featurings ni ad-libs,0.9192753401034024
sans featurings ni ad-libs,0.97207960214912
sans featurings ni ad-libs,0.9815399964881526
sans featurings ni ad-libs,0.9259249498474629
sans featurings ni ad-libs,0.9977852348554258
sans featurings ni ad-libs,0.9872548906924391
sans featurings ni ad-libs,0.9922682774491685
sans featurings ni ad-libs,0.9540641139132854
sans featurings ni ad-libs,0.9229908941424069
sans featurings ni ad-libs,0.9681162335486866
sans featurings ni ad-libs,0.9204788762320419
sans featurings ni ad-libs,0.9373178420121004
sans featurings ni ad-libs,0.9377288921224877
sans featurings ni ad-libs,0.977355395375838
sans featurings ni ad-libs,0.939923370663034
sans featurings ni ad-libs,0.9543207883908577
sans featurings ni ad-libs,0.949255999710141
sans featurings ni ad-libs,0.9793365322493568
sans featurings ni ad-libs,0.9196935663080738
sans featurings ni ad-libs,0.9328274946540779
sans featurings ni ad-libs,0.9623049271326662
sans featurings ni ad-libs,0.9456751848470465
sans featurings ni ad-libs,0.9411990618602812
sans featurings ni ad-libs,0.990962990079624
sans featurings ni ad-libs,0.939296503334566
sans featurings ni ad-libs,0.9388121698987517
sans featurings ni ad-libs,0.9250572553205951
sans featurings ni ad-libs,0.9816800252785101
sans featurings ni ad-libs,0.9717714928023401
sans featurings ni ad-libs,0.9870284897718955
sans featurings ni ad-libs,0.9957849773746432
sans featurings ni ad-libs,0.9698405044267834
sans featurings ni ad-libs,0.96802483561268
sans featurings ni ad-libs,0.975711770721344
sans featurings ni ad-libs,0.9775128571369499
sans featurings ni ad-libs,0.950015792758479
sans featurings ni ad-libs,0.9655327643571238
sans featurings ni ad-libs,0.9520438126458446
sans featurings ni ad-libs,0.9584111059740537
sans featurings ni ad-libs,0.963269226870616
sans featurings ni ad-libs,0.9554281609334986
sans featurings ni ad-libs,0.9856553831834708
sans featurings ni ad-libs,0.9667988108662949
sans featurings ni ad-libs,0.9377417844744886
sans featurings ni ad-libs,0.9323173746796235
sans featurings ni ad-libs,1.0174995155270339
sans featurings ni ad-libs,0.9768284222857693
sans featurings ni ad-libs,1.0008144260900005
sans featurings ni ad-libs,0.9322189434687791
sans featurings ni ad-libs,0.991280256561823
sans featurings ni ad-libs,0.91014221866517
sans featurings ni ad-libs,0.9568944809909653
sans featurings ni ad-libs,0.9480284640302249
sans featurings ni ad-libs,0.957318003773355
sans featurings ni ad-libs,0.9753219367561244
sans featurings ni ad-libs,0.9206411705994701
sans featurings ni ad-libs,0.9515396297675421
sans featurings ni ad-libs,0.9599847889832163
sans featurings ni ad-libs,0.9616845839857054
sans featurings ni ad-libs,0.9166536238703523
sans featurings ni ad-libs,0.9525776188652979
sans featurings ni ad-libs,0.9655890759298296
sans featurings ni ad-libs,0.9527404532951577
sans featurings ni ad-libs,0.9606151686081719
sans featurings ni ad-libs,0.9579936556914782
sans featurings ni ad-libs,0.9865593579185434
sans featurings ni ad-libs,0.9362959636582494
sans featurings ni ad-libs,0.9509634866419296
sans featurings ni ad-libs,0.9646133954506318
sans featurings ni ad-libs,0.956092292114964
sans featurings ni ad-libs,0.9323082558671973
sans featurings ni ad-libs,0.9739568759401361
sans featurings ni ad-libs,0.9409826200116598
sans featurings ni ad-libs,0.9788908898869333
sans featurings ni ad-libs,0.978109244391047
sans featurings ni ad-libs,0.9665274788294309
sans featurings ni ad-libs,1.0150343953755763
sans featurings ni ad-libs,0.9858007160582118
sans featurings ni ad-libs,0.9020689548927787
sans featurings ni ad-libs,0.9661697191621339
sans featurings ni ad-libs,0.9399851711028817
sans featurings ni ad-libs,0.9492108542536745
sans featurings ni ad-libs,0.9579936556914782
sans featurings ni ad-libs,0.9094149744686882
sans featurings ni ad-libs,0.9487568591898802
sans featurings ni ad-libs,0.9441596766500364
sans featurings ni ad-libs,0.9913049208687793
sans featurings ni ad-libs,0.9498279642004112
sans featurings ni ad-libs,0.9587597122957479
sans featurings ni ad-libs,0.9814987559752963
sans featurings ni ad-libs,0.954970754757737
sans featurings ni ad-libs,0.9282608400441612
sans featurings ni ad-libs,0.955873129656849
sans featurings ni ad-libs,0.954211514230269
sans featurings ni ad-libs,0.9388127123854626
sans featurings ni ad-libs,0.9557658369051841
sans featurings ni ad-libs,0.9701283956164487
sans featurings ni ad-libs,0.9548391838446387
sans featurings ni ad-libs,0.9672463884540556
sans featurings ni ad-libs,0.9666407805015306
sans featurings ni ad-libs,0.9549481537240051
sans featurings ni ad-libs,0.9305282298013987
sans featurings ni ad-libs,0.9602548206502217
sans featurings ni ad-libs,0.9827015724811747
sans featurings ni ad-libs,0.9607602207002548
sans featurings ni ad-libs,0.9742567528069865
sans featurings ni ad-libs,0.9302510211886004
sans featurings ni ad-libs,0.9306998068981122
sans featurings ni ad-libs,0.9139767711958895
sans featurings ni ad-libs,1.0079826605808961
sans featurings ni ad-libs,0.9962904351453944
sans featurings ni ad-libs,0.9427001062942694
sans featurings ni ad-libs,0.9935138917485814
sans featurings ni ad-libs,0.964187356961386
sans featurings ni ad-libs,0.9606151686081719
sans featurings ni ad-libs,0.9767222671894173
sans featurings ni ad-libs,1.0078599677497548
sans featurings ni ad-libs,0.9195203050881866
sans featurings ni ad-libs,0.999873840110559
sans featurings ni ad-libs,0.9402695550464037
sans featurings ni ad-libs,1.0013925200482927
sans featurings ni ad-libs,0.9212250698260707
sans featurings ni ad-libs,0.9717836342052617
sans featurings ni ad-libs,1.004329964757871
sans featurings ni ad-libs,0.9379201860505362
sans featurings ni ad-libs,0.9612493983125169
sans featurings ni ad-libs,0.979478505897615
sans featurings ni ad-libs,0.9983198136331776
sans featurings ni ad-libs,0.9702961958018398
sans featurings ni ad-libs,0.9466052996194396
sans featurings ni ad-libs,0.9167495373344703
sans featurings ni ad-libs,0.9722349390485923
sans featurings ni ad-libs,0.9249194404963476
sans featurings ni ad-libs,0.9793365322493568
sans featurings ni ad-libs,0.9499560509287233
sans featurings ni ad-libs,0.9349962415587388
sans featurings ni ad-libs,0.946184484701186
sans featurings ni ad-libs,0.9689970756831926
sans featurings ni ad-libs,0.9627292179307388
sans featurings ni ad-libs,0.9470076717860187
sans featurings ni ad-libs,0.9574724455127946
sans featurings ni ad-libs,0.9954599677820201
sans featurings ni ad-libs,0.9340957849957929
sans featurings ni ad-libs,0.9772374355699521
sans featurings ni ad-libs,0.9169463533390845
sans featurings ni ad-libs,0.9740727310594757
sans featurings ni ad-libs,0.9779133393467576
sans featurings ni ad-libs,0.9813969778659085
sans featurings ni ad-libs,0.9698405044267834
sans featurings ni ad-libs,0.9871960517681572
sans featurings ni ad-libs,0.9341760281345298
sans featurings ni ad-libs,1.0024526300952659
sans featurings ni ad-libs,0.96802483561268
sans featurings ni ad-libs,0.9827208740039428
sans featurings ni ad-libs,0.9319164624273846
sans featurings ni ad-libs,0.9629171771837481
sans featurings ni ad-libs,0.9184780273737887
sans featurings ni ad-libs,0.9982570241652223
sans featurings ni ad-libs,0.9727305888381028
sans featurings ni ad-libs,0.9113759404199289
sans featurings ni ad-libs,0.9439127596527317
sans featurings ni ad-libs,1.0069156672696626
sans featurings ni ad-libs,0.9288202082525406
sans featurings ni ad-libs,0.984935292483982
sans featurings ni ad-libs,0.9671869798474273
sans featurings ni ad-libs,0.9739923721845717
sans featurings ni ad-libs,0.954611319944448
sans featurings ni ad-libs,0.9501586002740893
sans featurings ni ad-libs,0.9461000464973665
sans featurings ni ad-libs,0.9746577713948296
sans featurings ni ad-libs,0.93109072381845
sans featurings ni ad-libs,0.9470730835421532
sans featurings ni ad-libs,0.9626114010112883
sans featurings ni ad-libs,0.9812879894869599
sans featurings ni ad-libs,0.9290299299180589
sans featurings ni ad-libs,0.984092824954405
sans featurings ni ad-libs,0.9827248346981575
sans featurings ni ad-libs,1.0052643710170028
sans featurings ni ad-libs,0.9278079960486576
sans featurings ni ad-libs,0.9153791934976871
sans featurings ni ad-libs,0.9958052145565323
sans featurings ni ad-libs,0.9468648701130844
sans featurings ni ad-libs,0.9580878022643606
sans featurings ni ad-libs,0.9678250725904736
sans featurings ni ad-libs,0.9313707633086323
sans featurings ni ad-libs,0.9801035305758081
sans featurings ni ad-libs,0.9128997743919534
sans featurings ni ad-libs,0.9480130728003797
sans featurings ni ad-libs,0.955873129656849
sans featurings ni ad-libs,0.9849643919324154
sans featurings ni ad-libs,0.8996600709338285
sans featurings ni ad-libs,0.9856872556262984
sans featurings ni ad-libs,0.955468676440698
sans featurings ni ad-libs,0.9566418761777068
sans featurings ni ad-libs,0.9508150904978133
sans featurings ni ad-libs,0.9244084487349137
sans featurings ni ad-libs,0.9258222193835334
sans featurings ni ad-libs,0.9594562117453823
sans featurings ni ad-libs,0.9791351706784138
sans featurings ni ad-libs,0.985463447534028
sans featurings ni ad-libs,0.9210505534170336
sans featurings ni ad-libs,0.9664032280879722
sans featurings ni ad-libs,0.9584165244625358
sans featurings ni ad-libs,1.0100286923977162
sans featurings ni ad-libs,0.9969444139638661
sans featurings ni ad-libs,0.9662576332612391
sans featurings ni ad-libs,0.9471960121402703
sans featurings ni ad-libs,0.9834726053197713
sans featurings ni ad-libs,0.9656929648934107
sans featurings ni ad-libs,0.9549029077983161
sans featurings ni ad-libs,0.9615976663542429
sans featurings ni ad-libs,0.9970688533039536
sans featurings ni ad-libs,0.9617424505289499
sans featurings ni ad-libs,0.9423540007703782
sans featurings ni ad-libs,0.9972927106172583
sans featurings ni ad-libs,0.9817446772938947
sans featurings ni ad-libs,0.923489488537224
sans featurings ni ad-libs,0.9935138917485814
sans featurings ni ad-libs,0.8997964618993336
sans featurings ni ad-libs,0.9087380691829807
sans featurings ni ad-libs,0.9815344350740833
sans featurings ni ad-libs,0.9414937307477578
sans featurings ni ad-libs,0.9216657036760005
sans featurings ni ad-libs,0.9723792928087727
sans featurings ni ad-libs,0.9374957204229124
sans featurings ni ad-libs,0.9771187553208456
sans featurings ni ad-libs,0.9884454942977279
sans featurings ni ad-libs,0.98322049703405
sans featurings ni ad-libs,0.9453084570338869
sans featurings ni ad-libs,0.9881938033074005
sans featurings ni ad-libs,0.9401970997153988
sans featurings ni ad-libs,0.9447675267603155
sans featurings ni ad-libs,0.987387050131862
sans featurings ni ad-libs,0.9167358568109548
sans featurings ni ad-libs,0.9926682092086723
sans featurings ni ad-libs,0.969936408107489
sans featurings ni ad-libs,0.9670263311253079
sans featurings ni ad-libs,0.9262759198807452
sans featurings ni ad-libs,0.9596424677312431
sans featurings ni ad-libs,0.9759950018259217
sans featurings ni ad-libs,1.04410918562926
sans featurings ni ad-libs,0.9069436923398078
sans featurings ni ad-libs,0.9599308416276087
sans featurings ni ad-libs,0.9324489612052042
sans featurings ni ad-libs,0.9285305577159366
sans featurings ni ad-libs,0.9344946836317491
sans featurings ni ad-libs,0.910028265545693
sans featurings ni ad-libs,0.9924924854924593
sans featurings ni ad-libs,0.9260693541658551
sans featurings ni ad-libs,0.9615467907812164
sans featurings ni ad-libs,0.9478438342403794
sans featurings ni ad-libs,0.9172450526867897
sans featurings ni ad-libs,0.974053844126959
sans featurings ni ad-libs,0.9871565087620446
sans featurings ni ad-libs,0.9471697288458971
sans featurings ni ad-libs,0.9995205724837275
sans featurings ni ad-libs,0.9492594222289427
sans featurings ni ad-libs,0.9706098861233673
sans featurings ni ad-libs,0.9324730318184663
sans featurings ni ad-libs,0.9892617868366106
sans featurings ni ad-libs,0.9507924622267236
sans featurings ni ad-libs,0.9457708872203135
sans featurings ni ad-libs,0.9540314685332083
sans featurings ni ad-libs,0.9324171888800312
sans featurings ni ad-libs,0.9635033673217845
sans featurings ni ad-libs,0.9464388131838825
sans featurings ni ad-libs,0.9912889845133913
sans featurings ni ad-libs,0.9532593476405343
sans featurings ni ad-libs,0.9763249636069584
sans featurings ni ad-libs,1.0022644197547181
sans featurings ni ad-libs,0.9401096974621883
sans featurings ni ad-libs,0.9727192563332104
sans featurings ni ad-libs,0.9647102421685568
sans featurings ni ad-libs,0.9603315954822113
sans featurings ni ad-libs,0.9363622011537455
sans featurings ni ad-libs,0.9335837011501874
sans featurings ni ad-libs,0.8902856844867191
sans featurings ni ad-libs,0.9569329454120934
sans featurings ni ad-libs,0.9462726355992732
sans featurings ni ad-libs,0.936560571577538
sans featurings ni ad-libs,0.9990937130560651
sans featurings ni ad-libs,0.9748897456471588
sans featurings ni ad-libs,0.9222824919336918
sans featurings ni ad-libs,0.9374419490487469
sans featurings ni ad-libs,0.9958447072293385
sans featurings ni ad-libs,0.9128997743919534
sans featurings ni ad-libs,0.9010686082291439
sans featurings ni ad-libs,0.9873764384991276
sans featurings ni ad-libs,0.9702296604747913
sans featurings ni ad-libs,0.9022864613450818
sans featurings ni ad-libs,0.9998653411276341
sans featurings ni ad-libs,0.909480691289686
sans featurings ni ad-libs,0.9913980519370078
sans featurings ni ad-libs,0.962308335344307
sans featurings ni ad-libs,0.9348121394033488
sans featurings ni ad-libs,0.9866114867302798
sans featurings ni ad-libs,0.9746438072091193
sans featurings ni ad-libs,0.9387155019515513
sans featurings ni ad-libs,0.9342894115117436
sans featurings ni ad-libs,0.9963483461933351
sans featurings ni ad-libs,0.9376122593874758
sans featurings ni ad-libs,0.9857063474507769
sans featurings ni ad-libs,0.9880274862795746
sans featurings ni ad-libs,0.987028722252508
sans featurings ni ad-libs,1.0056301112692094
sans featurings ni ad-libs,0.9856896097905221
sans featurings ni ad-libs,0.9264330812422268
sans featurings ni ad-libs,0.9813601474777982
sans featurings ni ad-libs,1.0105406601320852
sans featurings ni ad-libs,0.9454872304284936
sans featurings ni ad-libs,0.9679048157132459
sans featurings ni ad-libs,0.9439385596884099
sans featurings ni ad-libs,0.9407185942340845
sans featurings ni ad-libs,0.9706667706130935
sans featurings ni ad-libs,0.971380876790406
sans featurings ni ad-libs,0.9356408458055918
sans featurings ni ad-libs,0.9832959110748368
sans featurings ni ad-libs,0.9537861457883718
sans featurings ni ad-libs,0.917452238547157
sans featurings ni ad-libs,0.9715317273415954
sans featurings ni ad-libs,0.97463038068239
sans featurings ni ad-libs,0.953833378904287
sans featurings ni ad-libs,0.9472314038640874
sans featurings ni ad-libs,0.9709569593541161
sans featurings ni ad-libs,0.9248367789153382
sans featurings ni ad-libs,0.923783175562782
sans featurings ni ad-libs,0.9770952830705161
sans featurings ni ad-libs,0.9771628898845673
sans featurings ni ad-libs,0.991434140975136
sans featurings ni ad-libs,0.9243824199719626
sans featurings ni ad-libs,0.9339315579497298
sans featurings ni ad-libs,0.9288498896511584
sans featurings ni ad-libs,0.9720140420378395
sans featurings ni ad-libs,0.9667054605549368
sans featurings ni ad-libs,0.967965848260802
sans featurings ni ad-libs,0.9422671347775339
sans featurings ni ad-libs,0.9639240826907026
sans featurings ni ad-libs,0.9601672984592287
sans featurings ni ad-libs,0.9603615712678049
sans featurings ni ad-libs,0.9991201531485171
sans featurings ni ad-libs,0.9611719937408232
sans featurings ni ad-libs,0.9824923007392291
sans featurings ni ad-libs,1.014613875614382
sans featurings ni ad-libs,0.9601489916579911
sans featurings ni ad-libs,0.9781967483965647
sans featurings ni ad-libs,0.9585716651007442
sans featurings ni ad-libs,0.9793482543297735
sans featurings ni ad-libs,1.0013385226640061
sans featurings ni ad-libs,0.9634048241858342
sans featurings ni ad-libs,0.9655034562766092
sans featurings ni ad-libs,0.9586543807319663
sans featurings ni ad-libs,0.9764748705184404
sans featurings ni ad-libs,0.9518971156990388
sans featurings ni ad-libs,0.990402072278682
sans featurings ni ad-libs,0.9300248418931675
sans featurings ni ad-libs,0.9600827958812663
sans featurings ni ad-libs,0.9241476351086924
sans featurings ni ad-libs,0.9320393930065871
sans featurings ni ad-libs,0.9844519274372943
sans featurings ni ad-libs,0.9667851173172439
sans featurings ni ad-libs,0.9902010207595473
sans featurings ni ad-libs,0.9439875154503337
sans featurings ni ad-libs,0.9326475111485117
sans featurings ni ad-libs,0.9647895213328187
sans featurings ni ad-libs,0.9852061344621944
sans featurings ni ad-libs,0.939397671283779
sans featurings ni ad-libs,0.9244715934797647
sans featurings ni ad-libs,0.9890892148073305
sans featurings ni ad-libs,0.9109293297469313
sans featurings ni ad-libs,0.9596856303342981
sans featurings ni ad-libs,0.9398602695587241
sans featurings ni ad-libs,0.937030485614347
sans featurings ni ad-libs,0.9212041664865536
sans featurings ni ad-libs,0.9449869454426091
sans featurings ni ad-libs,0.9754855370266635
sans featurings ni ad-libs,0.9687456009099468
sans featurings ni ad-libs,0.9644564810217979
sans featurings ni ad-libs,0.9602673741181581
sans featurings ni ad-libs,0.9604487808449338
sans featurings ni ad-libs,0.9710438069710834
sans featurings ni ad-libs,0.9571654874575334
sans featurings ni ad-libs,0.9331727280873747
sans featurings ni ad-libs,0.9442952597919161
sans featurings ni ad-libs,0.9890209976880087
sans featurings ni ad-libs,0.9549448893233761
sans featurings ni ad-libs,0.9603180801305804
sans featurings ni ad-libs,0.9383805470114817
sans featurings ni ad-libs,0.9893647068557768
sans featurings ni ad-libs,0.9594079720385842
sans featurings ni ad-libs,0.97597317779866
sans featurings ni ad-libs,0.9977237472530084
sans featurings ni ad-libs,0.9620962380731811
sans featurings ni ad-libs,0.9524586254175595
sans featurings ni ad-libs,0.9260258102975016
sans featurings ni ad-libs,0.963727572661876
sans featurings ni ad-libs,1.001062711129489
sans featurings ni ad-libs,1.0105088524901569
sans featurings ni ad-libs,0.9812957300355348
sans featurings ni ad-libs,1.004633124506562
sans featurings ni ad-libs,0.9460245261650961
sans featurings ni ad-libs,1.0004521414095267
sans featurings ni ad-libs,0.9213673801107085
sans featurings ni ad-libs,0.9937761366100908
sans featurings ni ad-libs,0.9218284435751076
sans featurings ni ad-libs,0.9382109631967293
sans featurings ni ad-libs,1.0070501332308963
sans featurings ni ad-libs,1.0004866127501901
sans featurings ni ad-libs,0.9595494122894308
sans featurings ni ad-libs,0.9751021551221889
sans featurings ni ad-libs,0.9792782163290012
sans featurings ni ad-libs,0.9468686876773058
sans featurings ni ad-libs,0.9593106507037222
sans featurings ni ad-libs,0.9099947009302937
sans featurings ni ad-libs,0.9767439086392604
sans featurings ni ad-libs,0.9467603860260431
sans featurings ni ad-libs,0.9290877363133682
sans featurings ni ad-libs,0.9442750112019288
sans featurings ni ad-libs,0.953188808964841
sans featurings ni ad-libs,0.9360861643554422
sans featurings ni ad-libs,0.9796924835380372
sans featurings ni ad-libs,0.9562578934170672
sans featurings ni ad-libs,1.002299445076278
sans featurings ni ad-libs,0.9636745173268962
sans featurings ni ad-libs,0.9299776463652624
sans featurings ni ad-libs,0.9715643489086044
sans featurings ni ad-libs,0.9350287394373655
sans featurings ni ad-libs,0.9940005335949853
sans featurings ni ad-libs,0.92914398722305
sans featurings ni ad-libs,0.9391385525560617
sans featurings ni ad-libs,0.9302725890260181
sans featurings ni ad-libs,0.9523445481674967
sans featurings ni ad-libs,0.9663311746671447
sans featurings ni ad-libs,0.9918048929027152
sans featurings ni ad-libs,0.9462877662456775
sans featurings ni ad-libs,0.98787151078954
sans featurings ni ad-libs,1.009667222437771
sans featurings ni ad-libs,0.952236710545188
sans featurings ni ad-libs,0.9957849773746432
sans featurings ni ad-libs,0.9404739142518609
sans featurings ni ad-libs,0.9223470962630133
sans featurings ni ad-libs,0.9500734260302195
sans featurings ni ad-libs,0.9389035903698666
sans featurings ni ad-libs,0.9514623902257094
sans featurings ni ad-libs,0.9441139843657902
sans featurings ni ad-libs,0.9522978408330333
sans featurings ni ad-libs,0.9427835992859211
sans featurings ni ad-libs,0.9938233952277988
sans featurings ni ad-libs,0.9608948095652518
sans featurings ni ad-libs,1.0064614801584972
sans featurings ni ad-libs,0.9634522503708982
sans featurings ni ad-libs,0.9887883818660617
sans featurings ni ad-libs,0.9490601084719089
sans featurings ni ad-libs,0.9650375392811531
sans featurings ni ad-libs,0.9491364365229985
sans featurings ni ad-libs,0.9572396505959029
sans featurings ni ad-libs,0.9430844005106276
sans featurings ni ad-libs,0.9765832867771503
sans featurings ni ad-libs,0.9546535211712905
sans featurings ni ad-libs,0.9613795682426319
sans featurings ni ad-libs,1.0424242924716831
sans featurings ni ad-libs,0.9897613178349052
sans featurings ni ad-libs,0.9835240501527045
sans featurings ni ad-libs,0.9163224802534544
sans featurings ni ad-libs,1.005546153821513
sans featurings ni ad-libs,0.9073579664284784
sans featurings ni ad-libs,0.9342610835951193
sans featurings ni ad-libs,0.9083287693930386
sans featurings ni ad-libs,0.9143871996644293
sans featurings ni ad-libs,0.928226484483873
sans featurings ni ad-libs,0.9632220931987794
sans featurings ni ad-libs,0.9740469127742134
sans featurings ni ad-libs,0.9457708872203135
sans featurings ni ad-libs,0.976465930029874
sans featurings ni ad-libs,0.9382493046256873
sans featurings ni ad-libs,0.9741315709555894
sans featurings ni ad-libs,0.9995702990747747
sans featurings ni ad-libs,0.9338162127452502
sans featurings ni ad-libs,0.9417786840010574
sans featurings ni ad-libs,0.9411007317687503
sans featurings ni ad-libs,0.9346781186339637
sans featurings ni ad-libs,0.9545802280335083
sans featurings ni ad-libs,0.9725659600672066
sans featurings ni ad-libs,1.0115403357823822
sans featurings ni ad-libs,0.9421535078942507
sans featurings ni ad-libs,0.9449152679190457
sans featurings ni ad-libs,0.9682316592980293
sans featurings ni ad-libs,1.0117728101889327
sans featurings ni ad-libs,0.9740370072564781
sans featurings ni ad-libs,0.9395724269733652
sans featurings ni ad-libs,0.9633570241323721
sans featurings ni ad-libs,0.9531647578293108
sans featurings ni ad-libs,0.9829167672822064
sans featurings ni ad-libs,0.9928144449310962
sans featurings ni ad-libs,0.9543898688848754
sans featurings ni ad-libs,0.970506632653474
sans featurings ni ad-libs,0.9839696310395779
sans featurings ni ad-libs,0.9792888546950838
sans featurings ni ad-libs,0.9363610924437521
sans featurings ni ad-libs,0.9422015413922937
sans featurings ni ad-libs,0.9877162401840497
sans featurings ni ad-libs,0.9749647428370797
sans featurings ni ad-libs,0.9839696310395779
sans featurings ni ad-libs,0.9563683347924116
sans featurings ni ad-libs,0.9404180952345774
sans featurings ni ad-libs,0.9922682774491685
sans featurings ni ad-libs,0.9667659058497164
sans featurings ni ad-libs,0.9223649953224693
sans featurings ni ad-libs,0.9389398906250803
sans featurings ni ad-libs,0.9279975107069205
sans featurings ni ad-libs,0.9420223593742002
sans featurings ni ad-libs,0.933335493955755
sans featurings ni ad-libs,0.9754732957041803
sans featurings ni ad-libs,0.9554263333444637
sans featurings ni ad-libs,0.9309678963437459
sans featurings ni ad-libs,0.9687392061495481
sans featurings ni ad-libs,0.9534614977507427
sans featurings ni ad-libs,0.9821668324443655
sans featurings ni ad-libs,0.9711963075012825
sans featurings ni ad-libs,0.9995679353260204
sans featurings ni ad-libs,0.9969233722799433
sans featurings ni ad-libs,0.9675366109874078
sans featurings ni ad-libs,0.9261710744685556
sans featurings ni ad-libs,1.0399071357012712
sans featurings ni ad-libs,0.9741287400563248
sans featurings ni ad-libs,0.972168126523471
sans featurings ni ad-libs,0.9085197779776244
sans featurings ni ad-libs,0.9957849773746432
sans featurings ni ad-libs,0.9489813157678063
sans featurings ni ad-libs,0.9557651864455433
sans featurings ni ad-libs,0.9197376036357638
sans featurings ni ad-libs,0.98599409922385
sans featurings ni ad-libs,0.9113779725602664
sans featurings ni ad-libs,0.8967602922065472
sans featurings ni ad-libs,0.97513272364837
sans featurings ni ad-libs,0.8997893015917618
sans featurings ni ad-libs,0.9520979296022092
sans featurings ni ad-libs,0.9530809241662827
sans featurings ni ad-libs,0.9343182215327525
sans featurings ni ad-libs,0.9846218225221675
sans featurings ni ad-libs,0.9375344045867056
sans featurings ni ad-libs,0.9444650264490191
sans featurings ni ad-libs,0.9680734845074715
sans featurings ni ad-libs,0.9286924772381038
sans featurings ni ad-libs,0.9254244353114347
sans featurings ni ad-libs,0.951095373364958
sans featurings ni ad-libs,0.9273165921980037
sans featurings ni ad-libs,0.9457108932648247
sans featurings ni ad-libs,0.9382493046256873
sans featurings ni ad-libs,0.9687426840761528
sans featurings ni ad-libs,0.9444069127191823
sans featurings ni ad-libs,0.9705942334548429
sans featurings ni ad-libs,1.0115403357823822
sans featurings ni ad-libs,0.9595974853713989
sans featurings ni ad-libs,0.9643959064024332
sans featurings ni ad-libs,0.90173278164667
sans featurings ni ad-libs,0.915811412076537
sans featurings ni ad-libs,0.9584165244625358
sans featurings ni ad-libs,0.9620402657897451
sans featurings ni ad-libs,1.004754842241187
sans featurings ni ad-libs,0.9142453534935021
sans featurings ni ad-libs,0.9773636226305524
sans featurings ni ad-libs,0.9809750134112502
sans featurings ni ad-libs,1.0019177770499903
sans featurings ni ad-libs,0.9102070967527535
sans featurings ni ad-libs,0.9084756646058594
sans featurings ni ad-libs,0.9793365322493568
sans featurings ni ad-libs,0.939890576456809
sans featurings ni ad-libs,0.9351576018730346
sans featurings ni ad-libs,0.9178492143920662
sans featurings ni ad-libs,0.9188279363426328
sans featurings ni ad-libs,0.9798282221958934
sans featurings ni ad-libs,0.9652291511313383
sans featurings ni ad-libs,1.0141564721953096
sans featurings ni ad-libs,0.9510596949761796
sans featurings ni ad-libs,0.9312130499025522
sans featurings ni ad-libs,0.9497390092903751
sans featurings ni ad-libs,0.9436586872007351
sans featurings ni ad-libs,1.0311166973763193
sans featurings ni ad-libs,0.9286924772381038
sans featurings ni ad-libs,0.9456813030226089
sans featurings ni ad-libs,0.9657041698757053
sans featurings ni ad-libs,0.9382713225358131
sans featurings ni ad-libs,0.9327758204652639
sans featurings ni ad-libs,0.952392670335018
sans featurings ni ad-libs,0.924833969391877
sans featurings ni ad-libs,0.9815514785002517
sans featurings ni ad-libs,0.9593949191021436
sans featurings ni ad-libs,0.9499108684673425
sans featurings ni ad-libs,0.9195406872725743
sans featurings ni ad-libs,0.973944640809303
sans featurings ni ad-libs,0.95730884719194
sans featurings ni ad-libs,0.9484627178461204
sans featurings ni ad-libs,0.9751021551221889
sans featurings ni ad-libs,0.9365793534294389
sans featurings ni ad-libs,0.9492099096517616
sans featurings ni ad-libs,0.9297129950559946
sans featurings ni ad-libs,0.9423192317021424
sans featurings ni ad-libs,0.9652646499956445
sans featurings ni ad-libs,0.9653713573414915
sans featurings ni ad-libs,0.9991099232287101
sans featurings ni ad-libs,0.9343182215327525
sans featurings ni ad-libs,0.8894777740765596
sans featurings ni ad-libs,0.9403606381263764
sans featurings ni ad-libs,0.9477452756886204
sans featurings ni ad-libs,0.9659697228376565
sans featurings ni ad-libs,0.9499108684673425
sans featurings ni ad-libs,0.9489876059320439
sans featurings ni ad-libs,0.9730843898675663
sans featurings ni ad-libs,0.9470513255814887
sans featurings ni ad-libs,0.9783261992427866
sans featurings ni ad-libs,0.9796700661343167
sans featurings ni ad-libs,0.9600440153567874
sans featurings ni ad-libs,0.9254244353114347
sans featurings ni ad-libs,0.9194414223740135
sans featurings ni ad-libs,1.002387465547754
sans featurings ni ad-libs,0.9292205145439361
sans featurings ni ad-libs,0.9662935768636765
sans featurings ni ad-libs,0.9280269143341826
sans featurings ni ad-libs,0.909932020177884
sans featurings ni ad-libs,0.9829423158775354
sans featurings ni ad-libs,0.9653990180576951
sans featurings ni ad-libs,0.9748622940411223
sans featurings ni ad-libs,0.9706462307202439
sans featurings ni ad-libs,0.9742980553522006
sans featurings ni ad-libs,0.9377288921224877
sans featurings ni ad-libs,0.93375874635124
sans featurings ni ad-libs,0.9667619390151208
sans featurings ni ad-libs,0.99077102948014
sans featurings ni ad-libs,0.992865089085798
sans featurings ni ad-libs,0.9460795590148929
sans featurings ni ad-libs,0.9936128591423478
sans featurings ni ad-libs,0.9591013716614449
sans featurings ni ad-libs,0.9876338276227258
sans featurings ni ad-libs,0.9733357009662252
sans featurings ni ad-libs,0.9389510809197942
sans featurings ni ad-libs,0.9653818581559793
sans featurings ni ad-libs,0.9572639215048852
sans featurings ni ad-libs,0.9617625787297038
sans featurings ni ad-libs,0.9364071929136387
sans featurings ni ad-libs,0.9652041181127327
sans featurings ni ad-libs,0.9772641799107982
sans featurings ni ad-libs,0.99645167698963
sans featurings ni ad-libs,0.9754158885897956
sans featurings ni ad-libs,0.9350317133534858
sans featurings ni ad-libs,0.9563991294210525
sans featurings ni ad-libs,0.9364071929136387
sans featurings ni ad-libs,0.9521469044938692
sans featurings ni ad-libs,0.9664032280879722
sans featurings ni ad-libs,0.9307623649837262
sans featurings ni ad-libs,0.9617953701881402
sans featurings ni ad-libs,1.0106046357985483
sans featurings ni ad-libs,0.9721347704208807
sans featurings ni ad-libs,0.9428575141948193
sans featurings ni ad-libs,0.9842513815087797
sans featurings ni ad-libs,0.9519262123593986
sans featurings ni ad-libs,0.9548666106704754
sans featurings ni ad-libs,0.967249325682571
sans featurings ni ad-libs,0.9134842239596205
sans featurings ni ad-libs,1.0099087599463836
sans featurings ni ad-libs,0.980970721976391
sans featurings ni ad-libs,0.941162901561134
sans featurings ni ad-libs,0.979119386179606
sans featurings ni ad-libs,0.940201983238756
sans featurings ni ad-libs,0.9668006466087693
sans featurings ni ad-libs,0.9296046981546934
sans featurings ni ad-libs,0.9776064771891559
sans featurings ni ad-libs,0.9437632872749409
sans featurings ni ad-libs,0.9708360276334291
sans featurings ni ad-libs,0.9647028556491308
sans featurings ni ad-libs,0.9889956312095587
sans featurings ni ad-libs,1.0004355247979677
sans featurings ni ad-libs,0.89206843848823
sans featurings ni ad-libs,0.9193021525548418
sans featurings ni ad-libs,0.940363049842224
sans featurings ni ad-libs,0.9822679763875899
sans featurings ni ad-libs,0.9669790831435195
sans featurings ni ad-libs,0.9676792743513204
sans featurings ni ad-libs,0.9862976690299369
sans featurings ni ad-libs,0.9803783375856727
sans featurings ni ad-libs,0.9338721637742387
sans featurings ni ad-libs,0.9395262538393447
sans featurings ni ad-libs,0.9446238595686816
sans featurings ni ad-libs,0.9863426126864548
sans featurings ni ad-libs,0.9541871788362136
sans featurings ni ad-libs,0.9428135719765217
sans featurings ni ad-libs,0.9806355047537257
sans featurings ni ad-libs,0.9646268440617036
sans featurings ni ad-libs,0.9074042251574005
sans featurings ni ad-libs,0.919657503389579
sans featurings ni ad-libs,0.9349962415587388
sans featurings ni ad-libs,0.953615101059153
sans featurings ni ad-libs,0.989250276524872
sans featurings ni ad-libs,0.9556325417687977
sans featurings ni ad-libs,0.9514369194953284
sans featurings ni ad-libs,0.9912057727601437
sans featurings ni ad-libs,0.9192401352123485
sans featurings ni ad-libs,0.9450110069435492
sans featurings ni ad-libs,0.9421679882506532
sans featurings ni ad-libs,0.9494528976895984
sans featurings ni ad-libs,0.9993822950943015
sans featurings ni ad-libs,0.9557625883154501
sans featurings ni ad-libs,0.8944716937191318
sans featurings ni ad-libs,0.9244715934797647
sans featurings ni ad-libs,0.9588223561605609
sans featurings ni ad-libs,0.984935292483982
sans featurings ni ad-libs,0.9478318126857466
sans featurings ni ad-libs,0.9439875154503337
sans featurings ni ad-libs,0.9434259967575468
sans featurings ni ad-libs,0.9325332204601698
sans featurings ni ad-libs,0.9900759771354217
sans featurings ni ad-libs,0.911152693456251
sans featurings ni ad-libs,0.9282701629011614
sans featurings ni ad-libs,0.9682308845176057
sans featurings ni ad-libs,0.9585716651007442
sans featurings ni ad-libs,0.9679095284574385
sans featurings ni ad-libs,1.0249631277968017
sans featurings ni ad-libs,0.9850784634805095
sans featurings ni ad-libs,0.9418228589493656
sans featurings ni ad-libs,0.9180799665947806
sans featurings ni ad-libs,0.9657283836341048
sans featurings ni ad-libs,0.9759708481899856
sans featurings ni ad-libs,0.9925591514845482
sans featurings ni ad-libs,0.9756112350027732
sans featurings ni ad-libs,0.9611685939996095
sans featurings ni ad-libs,0.9350814040744844
sans featurings ni ad-libs,0.9401376353510363
sans featurings ni ad-libs,0.9332875351401598
sans featurings ni ad-libs,0.9809343639111378
sans featurings ni ad-libs,0.9606188890887958
sans featurings ni ad-libs,0.9394714171593239
sans featurings ni ad-libs,1.0110645221631616
sans featurings ni ad-libs,0.9778355682012257
sans featurings ni ad-libs,0.9371116718105826
sans featurings ni ad-libs,0.9489876059320439
sans featurings ni ad-libs,0.9898338720838372
sans featurings ni ad-libs,0.92914398722305
sans featurings ni ad-libs,0.9181532416191724
sans featurings ni ad-libs,0.9344121431128457
sans featurings ni ad-libs,0.9803657395351723
sans featurings ni ad-libs,0.9311138473251401
sans featurings ni ad-libs,0.9934497415109236
sans featurings ni ad-libs,0.9405673892818542
sans featurings ni ad-libs,0.9586543807319663
sans featurings ni ad-libs,0.9276554761263086
sans featurings ni ad-libs,0.9443538780658026
sans featurings ni ad-libs,0.9778924247936369
sans featurings ni ad-libs,1.0069156672696626
sans featurings ni ad-libs,0.9709520470317136
sans featurings ni ad-libs,0.9185091154405386
sans featurings ni ad-libs,0.9668771964489025
sans featurings ni ad-libs,0.9483329776727478
sans featurings ni ad-libs,0.9235626961598418
sans featurings ni ad-libs,0.9355942824626197
sans featurings ni ad-libs,0.9870756043463929
sans featurings ni ad-libs,0.9414342251816963
sans featurings ni ad-libs,0.9485262420392402
sans featurings ni ad-libs,0.9735911892019244
sans featurings ni ad-libs,0.9258712578950649
sans featurings ni ad-libs,0.9558869496612796
sans featurings ni ad-libs,0.939890576456809
sans featurings ni ad-libs,0.9705398857306895
sans featurings ni ad-libs,0.9567676698769877
sans featurings ni ad-libs,1.0140239095980879
sans featurings ni ad-libs,0.9039788548142702
sans featurings ni ad-libs,0.9411189941494087
sans featurings ni ad-libs,0.921270921182687
sans featurings ni ad-libs,0.9667786372470899
sans featurings ni ad-libs,0.9205108609756693
sans featurings ni ad-libs,0.9825248762955013
sans featurings ni ad-libs,0.9621304213041706
sans featurings ni ad-libs,0.950390786916869
sans featurings ni ad-libs,0.9438970169543889
sans featurings ni ad-libs,0.9367000916732583
sans featurings ni ad-libs,0.9884190016996953
sans featurings ni ad-libs,0.9577704925559194
sans featurings ni ad-libs,0.9593631819639518
sans featurings ni ad-libs,1.0091445244634796
sans featurings ni ad-libs,0.9524794722830408
sans featurings ni ad-libs,0.9778329739825794
sans featurings ni ad-libs,0.921723496171273
sans featurings ni ad-libs,0.9335374462965542
sans featurings ni ad-libs,0.9180150903826855
sans featurings ni ad-libs,0.9378330951957133
sans featurings ni ad-libs,1.0126158860056917
sans featurings ni ad-libs,0.9120040567179339
sans featurings ni ad-libs,0.9428124985372965
sans featurings ni ad-libs,0.9523200895771071
sans featurings ni ad-libs,0.9524586254175595
sans featurings ni ad-libs,0.9714838705500789
sans featurings ni ad-libs,0.9340998583376394
sans featurings ni ad-libs,0.926863678089468
sans featurings ni ad-libs,0.9772368526597339
sans featurings ni ad-libs,0.9772585282200624
sans featurings ni ad-libs,0.9438932628773473
sans featurings ni ad-libs,0.9511417213296028
sans featurings ni ad-libs,0.9349142378112997
sans featurings ni ad-libs,0.9820458547977824
sans featurings ni ad-libs,0.9571728051671453
sans featurings ni ad-libs,0.9618665912488422
sans featurings ni ad-libs,0.9884869989859816
sans featurings ni ad-libs,0.9619514543837556
sans featurings ni ad-libs,1.0078599677497548
sans featurings ni ad-libs,0.954017396700344
sans featurings ni ad-libs,0.956789435671754
sans featurings ni ad-libs,0.9575615565953536
sans featurings ni ad-libs,0.9649899424720875
sans featurings ni ad-libs,1.0240254203981944
sans featurings ni ad-libs,0.9534492929703527
sans featurings ni ad-libs,0.9541049141989127
sans featurings ni ad-libs,0.9572877111121884
sans featurings ni ad-libs,1.0099087599463836
sans featurings ni ad-libs,0.9717381991848929
sans featurings ni ad-libs,0.9890826252389168
sans featurings ni ad-libs,0.9298672192818098
sans featurings ni ad-libs,0.9847374043045476
sans featurings ni ad-libs,1.0191050662819583
sans featurings ni ad-libs,0.9628513598389626
sans featurings ni ad-libs,0.932616521045376
sans featurings ni ad-libs,0.9779933081912496
sans featurings ni ad-libs,0.9510545609786464
sans featurings ni ad-libs,0.907743484728111
sans featurings ni ad-libs,0.9378307178642817
sans featurings ni ad-libs,0.9620572324249539
sans featurings ni ad-libs,0.9756198577778646
sans featurings ni ad-libs,1.007810149053392
sans featurings ni ad-libs,0.9416629192029481
sans featurings ni ad-libs,0.9235263731949704
sans featurings ni ad-libs,1.0166844753246769
sans featurings ni ad-libs,0.951564688313371
sans featurings ni ad-libs,0.9864200196759663
sans featurings ni ad-libs,0.9749902494079601
sans featurings ni ad-libs,0.8800627260326332
sans featurings ni ad-libs,0.9595579954292704
sans featurings ni ad-libs,0.9548032623789103
sans featurings ni ad-libs,0.9749647428370797
sans featurings ni ad-libs,0.9699569056673955
sans featurings ni ad-libs,0.9713736874858614
sans featurings ni ad-libs,0.934328835841199
sans featurings ni ad-libs,0.9968061880634063
sans featurings ni ad-libs,0.9404139419808235
sans featurings ni ad-libs,0.9682316592980293
sans featurings ni ad-libs,0.9999787530644563
sans featurings ni ad-libs,0.9647548818407894
sans featurings ni ad-libs,0.9533495105489542
sans featurings ni ad-libs,0.9785884451863548
sans featurings ni ad-libs,0.9541328825631785
sans featurings ni ad-libs,0.9197137468975215
sans featurings ni ad-libs,0.9808257697265313
sans featurings ni ad-libs,0.9689657877805841
sans featurings ni ad-libs,0.9724859328383642
sans featurings ni ad-libs,0.9331191284042322
sans featurings ni ad-libs,0.9559639763778254
sans featurings ni ad-libs,0.9651905999412715
sans featurings ni ad-libs,0.9452402130597823
sans featurings ni ad-libs,0.9928173700246115
sans featurings ni ad-libs,0.9642121526882561
sans featurings ni ad-libs,0.9697803066473044
sans featurings ni ad-libs,0.8840247530085483
sans featurings ni ad-libs,0.9873594820404356
sans featurings ni ad-libs,0.92914398722305
sans featurings ni ad-libs,0.9764989194871877
sans featurings ni ad-libs,0.9134884455364977
sans featurings ni ad-libs,0.9704773780239044
sans featurings ni ad-libs,1.0022883839683971
sans featurings ni ad-libs,1.01295258672976
sans featurings ni ad-libs,0.9572255747964854
sans featurings ni ad-libs,0.9503926220331161
sans featurings ni ad-libs,0.9689747535601048
sans featurings ni ad-libs,0.9465729541179857
sans featurings ni ad-libs,0.9611719937408232
sans featurings ni ad-libs,0.9661697191621339
sans featurings ni ad-libs,0.9881639580990322
sans featurings ni ad-libs,0.9331419031391714
sans featurings ni ad-libs,0.9648985888188181
sans featurings ni ad-libs,0.9466833425510816
sans featurings ni ad-libs,0.9666230071090838
sans featurings ni ad-libs,0.9506803217533863
sans featurings ni ad-libs,0.966840186355363
sans featurings ni ad-libs,0.9881102424540082
sans featurings ni ad-libs,0.9728080006536074
sans featurings ni ad-libs,0.9490883129636857
sans featurings ni ad-libs,0.9400807241129775
sans featurings ni ad-libs,0.9462365608507678
sans featurings ni ad-libs,0.9635812362139944
sans featurings ni ad-libs,0.9695188218073713
sans featurings ni ad-libs,0.9796700661343167
sans featurings ni ad-libs,0.9800350636929783
sans featurings ni ad-libs,0.9049523933983497
sans featurings ni ad-libs,0.9530736301016306
sans featurings ni ad-libs,0.9738394233490539
sans featurings ni ad-libs,0.9970142047885542
sans featurings ni ad-libs,0.9057975327560903
sans featurings ni ad-libs,0.962939490996386
sans featurings ni ad-libs,0.9920867369453827
sans featurings ni ad-libs,0.9418332706599336
sans featurings ni ad-libs,0.9023449283349192
sans featurings ni ad-libs,0.9913755186270935
sans featurings ni ad-libs,0.9794690010671766
sans featurings ni ad-libs,0.9932338857578756
sans featurings ni ad-libs,0.9702069558600491
sans featurings ni ad-libs,0.9401932535033837
sans featurings ni ad-libs,0.947541751223054
sans featurings ni ad-libs,0.9435190176948496
sans featurings ni ad-libs,0.9535175893061668
sans featurings ni ad-libs,0.9673886178558562
sans featurings ni ad-libs,0.9789207096700638
sans featurings ni ad-libs,0.9771849749095856
sans featurings ni ad-libs,1.0137831896506917
sans featurings ni ad-libs,0.963642723385555
sans featurings ni ad-libs,0.942336393035359
sans featurings ni ad-libs,0.9416777191468666
sans featurings ni ad-libs,0.9548848154123718
sans featurings ni ad-libs,0.9608639793913588
sans featurings ni ad-libs,0.9427415172180651
sans featurings ni ad-libs,0.967532315617951
sans featurings ni ad-libs,0.9665600104387906
sans featurings ni ad-libs,0.9898464002188841
sans featurings ni ad-libs,0.9619854896288116
sans featurings ni ad-libs,0.9781790749350634
sans featurings ni ad-libs,0.9447274688000727
sans featurings ni ad-libs,0.9670032879455546
sans featurings ni ad-libs,0.8979320050140871
sans featurings ni ad-libs,0.9163496661628061
sans featurings ni ad-libs,0.9109922945908162
sans featurings ni ad-libs,0.9178776877938976
sans featurings ni ad-libs,0.9543334275211214
sans featurings ni ad-libs,0.9521690443656273
sans featurings ni ad-libs,0.9772635849257781
sans featurings ni ad-libs,0.9753293714885914
sans featurings ni ad-libs,0.9940243473578992
sans featurings ni ad-libs,0.921953663994027
sans featurings ni ad-libs,0.9642795704499565
sans featurings ni ad-libs,0.9896824152720715
sans featurings ni ad-libs,0.9488022397353437
sans featurings ni ad-libs,0.9620018677230449
sans featurings ni ad-libs,0.991005512523689
sans featurings ni ad-libs,0.9240451437358166
sans featurings ni ad-libs,1.0115045022763072
sans featurings ni ad-libs,0.9283897678192962
sans featurings ni ad-libs,0.9768617671394336
sans featurings ni ad-libs,0.9795879058704988
sans featurings ni ad-libs,0.9605294590555621
sans featurings ni ad-libs,0.9891177032420191
sans featurings ni ad-libs,0.9428730702188761
sans featurings ni ad-libs,0.9287913446553742
sans featurings ni ad-libs,0.9759965281054482
sans featurings ni ad-libs,0.9329528923252132
sans featurings ni ad-libs,0.9687392061495481
sans featurings ni ad-libs,0.9140652997056775
sans featurings ni ad-libs,0.9336251788240911
sans featurings ni ad-libs,0.9330706749357787
sans featurings ni ad-libs,0.9698133885896137
sans featurings ni ad-libs,0.9770952830705161
sans featurings ni ad-libs,0.9620238728551589
sans featurings ni ad-libs,0.9099560565688021
sans featurings ni ad-libs,0.9583514976369124
sans featurings ni ad-libs,0.9429787705922226
sans featurings ni ad-libs,0.9445312035710227
sans featurings ni ad-libs,0.9331727280873747
sans featurings ni ad-libs,0.9633546829087946
sans featurings ni ad-libs,0.8995809274230475
sans featurings ni ad-libs,0.9397910711933118
sans featurings ni ad-libs,0.9716306162624873
sans featurings ni ad-libs,0.9464426967642008
sans featurings ni ad-libs,0.9918631297941215
sans featurings ni ad-libs,0.9281821299017908
sans featurings ni ad-libs,0.9654036272575681
sans featurings ni ad-libs,0.9291682376249473
sans featurings ni ad-libs,0.9695188218073713
sans featurings ni ad-libs,0.9893943420229735
sans featurings ni ad-libs,0.9778909640858418
sans featurings ni ad-libs,0.9911141584211387
sans featurings ni ad-libs,1.0191691253649877
sans featurings ni ad-libs,0.9561647283415544
sans featurings ni ad-libs,1.0034408607460341
sans featurings ni ad-libs,0.9266995429958198
sans featurings ni ad-libs,1.0098667205786018
sans featurings ni ad-libs,0.954868225134317
sans featurings ni ad-libs,0.9920063815468945
sans featurings ni ad-libs,0.9845467477823092
sans featurings ni ad-libs,0.9404139419808235
sans featurings ni ad-libs,0.9429146101647577
sans featurings ni ad-libs,0.9808928715165028
sans featurings ni ad-libs,1.01031635224476
sans featurings ni ad-libs,1.0002841373279816
sans featurings ni ad-libs,0.9818387967950365
sans featurings ni ad-libs,0.9298223107886031
sans featurings ni ad-libs,0.9468648701130844
sans featurings ni ad-libs,0.9411991209504855
sans featurings ni ad-libs,0.9818301628926592
sans featurings ni ad-libs,0.9935138917485814
sans featurings ni ad-libs,0.9640087508367622
sans featurings ni ad-libs,0.9840005789415704
sans featurings ni ad-libs,0.92551270144961
sans featurings ni ad-libs,0.9462877662456775
sans featurings ni ad-libs,0.9870620754142154
sans featurings ni ad-libs,0.9947510779792895
sans featurings ni ad-libs,0.9191176233037421
sans featurings ni ad-libs,1.0015621637834082
sans featurings ni ad-libs,0.925565984765855
sans featurings ni ad-libs,1.0067354802746689
sans featurings ni ad-libs,0.9595218938884954
sans featurings ni ad-libs,0.9737073079615142
sans featurings ni ad-libs,0.9762362879803613
sans featurings ni ad-libs,0.9203470798987959
sans featurings ni ad-libs,0.9613713766373136
sans featurings ni ad-libs,0.9475564034422097
sans featurings ni ad-libs,0.9509121610669273
sans featurings ni ad-libs,0.9932434148572352
sans featurings ni ad-libs,1.0030804210923583
sans featurings ni ad-libs,0.959843473396451
sans featurings ni ad-libs,1.0206240514628866
sans featurings ni ad-libs,0.970605543752257
sans featurings ni ad-libs,0.9647698651764783
sans featurings ni ad-libs,0.9167622927911162
sans featurings ni ad-libs,0.958683631357816
sans featurings ni ad-libs,0.9737073079615142
sans featurings ni ad-libs,0.9194981314911419
sans featurings ni ad-libs,0.9758887414652726
sans featurings ni ad-libs,0.9620772903484283
sans featurings ni ad-libs,0.9895027981352035
sans featurings ni ad-libs,0.9397473437556061
sans featurings ni ad-libs,0.9432259742406749
sans featurings ni ad-libs,0.9901288876804412
sans featurings ni ad-libs,0.9615859305679901
sans featurings ni ad-libs,0.9074360035130965
sans featurings ni ad-libs,0.9436836295120989
sans featurings ni ad-libs,0.9257989198307146
sans featurings ni ad-libs,0.9661697191621339
sans featurings ni ad-libs,0.9857706768386357
sans featurings ni ad-libs,0.9669819302299275
sans featurings ni ad-libs,0.937030485614347
sans featurings ni ad-libs,0.9570056730882336
sans featurings ni ad-libs,1.0044837479698983
sans featurings ni ad-libs,0.953692015735683
sans featurings ni ad-libs,1.0134286481501964
sans featurings ni ad-libs,0.963973644980666
sans featurings ni ad-libs,0.9200674065892829
sans featurings ni ad-libs,0.9881938033074005
sans featurings ni ad-libs,0.9568020126746795
sans featurings ni ad-libs,0.9715643489086044
sans featurings ni ad-libs,0.9927266883403587
sans featurings ni ad-libs,0.9937009742298923
sans featurings ni ad-libs,0.9336534696489538
sans featurings ni ad-libs,0.9560774695760924
sans featurings ni ad-libs,0.9448096472073733
sans featurings ni ad-libs,1.0007083098557472
sans featurings ni ad-libs,0.9498386243290449
sans featurings ni ad-libs,0.9770018538319942
sans featurings ni ad-libs,1.0029050302392963
sans featurings ni ad-libs,0.9748612351107819
sans featurings ni ad-libs,0.9272297911006453
sans featurings ni ad-libs,0.9492592057115318
sans featurings ni ad-libs,0.9362361366291982
sans featurings ni ad-libs,0.9653588878916335
sans featurings ni ad-libs,0.9730865180473436
sans featurings ni ad-libs,0.9547491475412324
sans featurings ni ad-libs,0.9680570446345034
sans featurings ni ad-libs,0.8951028351815247
sans featurings ni ad-libs,0.9303007522878122
sans featurings ni ad-libs,0.9371836955394162
sans featurings ni ad-libs,1.0013254862014798
sans featurings ni ad-libs,0.9765960716254554
sans featurings ni ad-libs,0.9650899234133803
sans featurings ni ad-libs,0.9860125778647896
sans featurings ni ad-libs,0.9261710744685556
sans featurings ni ad-libs,0.9404943959152972
sans featurings ni ad-libs,0.9742980553522006
sans featurings ni ad-libs,0.9391809732434149
sans featurings ni ad-libs,0.9694425480049371
sans featurings ni ad-libs,0.9397154707429074
sans featurings ni ad-libs,0.967532315617951
sans featurings ni ad-libs,0.9452019440840921
sans featurings ni ad-libs,0.9074034203396347
sans featurings ni ad-libs,0.9237674666152523
sans featurings ni ad-libs,0.9278929197978446
sans featurings ni ad-libs,0.9701259583564685
sans featurings ni ad-libs,0.9644925238127354
sans featurings ni ad-libs,0.9129545999009125
sans featurings ni ad-libs,0.9472286342221659
sans featurings ni ad-libs,0.9858504207518128
sans featurings ni ad-libs,0.9511547470237796
sans featurings ni ad-libs,0.9375888756480392
sans featurings ni ad-libs,0.9552079779140897
sans featurings ni ad-libs,0.9746582584961964
sans featurings ni ad-libs,0.9560532742500616
sans featurings ni ad-libs,0.9912466189444369
sans featurings ni ad-libs,0.9119819690632937
sans featurings ni ad-libs,0.9112774687708043
sans featurings ni ad-libs,0.9753845054578943
sans featurings ni ad-libs,0.9607584756660271
sans featurings ni ad-libs,0.9331538521434898
sans featurings ni ad-libs,0.9357413002061069
sans featurings ni ad-libs,0.9696798912127003
sans featurings ni ad-libs,0.8964768820593925
sans featurings ni ad-libs,0.9765214594014747
sans featurings ni ad-libs,0.9368877191306713
sans featurings ni ad-libs,0.9364934103355979
sans featurings ni ad-libs,0.9320988004602171
sans featurings ni ad-libs,0.9305099157084481
sans featurings ni ad-libs,0.9544999143099006
sans featurings ni ad-libs,0.9728617699809013
sans featurings ni ad-libs,0.9638925376267313
sans featurings ni ad-libs,0.9648185072771587
sans featurings ni ad-libs,0.949755407342713
sans featurings ni ad-libs,1.015917368789574
sans featurings ni ad-libs,0.9757887065003177
sans featurings ni ad-libs,0.9323262621886057
sans featurings ni ad-libs,0.9539633268925416
sans featurings ni ad-libs,0.9625956005472612
sans featurings ni ad-libs,0.9373272913000636
sans featurings ni ad-libs,0.9236285731999453
sans featurings ni ad-libs,0.9084530851735235
sans featurings ni ad-libs,0.9893077525546375
sans featurings ni ad-libs,0.9294853419095309
sans featurings ni ad-libs,0.9864200196759663
sans featurings ni ad-libs,0.9849324259285632
sans featurings ni ad-libs,0.9627070943625872
sans featurings ni ad-libs,0.9745776537095574
sans featurings ni ad-libs,0.9957705107910068
sans featurings ni ad-libs,0.9807978104345098
sans featurings ni ad-libs,0.9595990133004654
sans featurings ni ad-libs,0.9749445872676558
sans featurings ni ad-libs,0.9331381411078855
sans featurings ni ad-libs,0.9532572298610295
sans featurings ni ad-libs,0.9177961959271526
sans featurings ni ad-libs,0.9438251284204239
sans featurings ni ad-libs,0.9937009742298923
sans featurings ni ad-libs,0.9627292179307388
sans featurings ni ad-libs,1.0122129389028949
sans featurings ni ad-libs,0.9375012637036003
sans featurings ni ad-libs,0.9486355902530118
sans featurings ni ad-libs,0.9726559446167135
sans featurings ni ad-libs,0.9911340146644991
sans featurings ni ad-libs,0.9432371328368633
sans featurings ni ad-libs,0.960766329602398
sans featurings ni ad-libs,0.9902847522758403
sans featurings ni ad-libs,0.9738168325802355
sans featurings ni ad-libs,0.9839068303850992
sans featurings ni ad-libs,0.9558596157093148
sans featurings ni ad-libs,0.9722135925064537
sans featurings ni ad-libs,0.996813673572512
sans featurings ni ad-libs,0.9923031886026625
sans featurings ni ad-libs,1.01295258672976
sans featurings ni ad-libs,0.9469591649893567
sans featurings ni ad-libs,1.0084916995745288
sans featurings ni ad-libs,0.9615641857640217
sans featurings ni ad-libs,0.9537025886631281
sans featurings ni ad-libs,0.9562956705166767
sans featurings ni ad-libs,0.9381587603328468
sans featurings ni ad-libs,0.9219305644319508
sans featurings ni ad-libs,0.9561815158750108
sans featurings ni ad-libs,0.9797403266528247
sans featurings ni ad-libs,0.9550349560886114
sans featurings ni ad-libs,0.9685734969043053
sans featurings ni ad-libs,0.9198381174280991
sans featurings ni ad-libs,0.9608957980973516
sans featurings ni ad-libs,0.993797248360777
sans featurings ni ad-libs,0.970229532904916
sans featurings ni ad-libs,0.9969646246052832
sans featurings ni ad-libs,0.9792613403576742
sans featurings ni ad-libs,0.9597691077859772
sans featurings ni ad-libs,0.9385858071099553
sans featurings ni ad-libs,0.933165129141929
sans featurings ni ad-libs,0.9613935206063856
sans featurings ni ad-libs,0.969438469291135
sans featurings ni ad-libs,0.9556546152570208
sans featurings ni ad-libs,0.9325528688038991
sans featurings ni ad-libs,0.9481441632579775
sans featurings ni ad-libs,0.9358351468340177
sans featurings ni ad-libs,0.9806431861963508
sans featurings ni ad-libs,0.9069962371851046
sans featurings ni ad-libs,0.9691331103325506
sans featurings ni ad-libs,0.9657933766127759
sans featurings ni ad-libs,0.9522758056368651
sans featurings ni ad-libs,0.9257406185674393
sans featurings ni ad-libs,0.9539027112700267
sans featurings ni ad-libs,0.9550947057205968
sans featurings ni ad-libs,0.9673355170864092
sans featurings ni ad-libs,0.9555103088004979
sans featurings ni ad-libs,1.010538380813521
sans featurings ni ad-libs,0.9694203673971755
sans featurings ni ad-libs,0.9692294654151569
sans featurings ni ad-libs,0.9337617104815035
sans featurings ni ad-libs,0.9648194573432248
sans featurings ni ad-libs,0.9587504964326149
sans featurings ni ad-libs,0.9968031141934119
sans featurings ni ad-libs,0.9052403645158704
sans featurings ni ad-libs,0.9423209691486428
sans featurings ni ad-libs,0.9175068770608946
sans featurings ni ad-libs,1.0058322537374411
sans featurings ni ad-libs,0.975598852546604
sans featurings ni ad-libs,0.9103446392930752
sans featurings ni ad-libs,0.9603236786044299
sans featurings ni ad-libs,0.9211503403781193
sans featurings ni ad-libs,1.0110257922712667
sans featurings ni ad-libs,0.9232136533166133
sans featurings ni ad-libs,0.9351829063700118
sans featurings ni ad-libs,0.9637486442307472
sans featurings ni ad-libs,0.9588223561605609
sans featurings ni ad-libs,0.9851880910055457
sans featurings ni ad-libs,0.9432467020172358
sans featurings ni ad-libs,0.9461723439841474
sans featurings ni ad-libs,1.0100448445932437
sans featurings ni ad-libs,0.9670398157791164
sans featurings ni ad-libs,0.9416777191468666
sans featurings ni ad-libs,0.9872084470865639
sans featurings ni ad-libs,0.8944716937191318
sans featurings ni ad-libs,0.9448284794160239
sans featurings ni ad-libs,0.9503131579072067
sans featurings ni ad-libs,0.9545988615689976
sans featurings ni ad-libs,0.967791230439538
sans featurings ni ad-libs,0.9582179324663811
sans featurings ni ad-libs,0.9962558693722469
sans featurings ni ad-libs,0.9562468251995461
sans featurings ni ad-libs,1.0017778949915315
sans featurings ni ad-libs,0.9350287394373655
sans featurings ni ad-libs,0.9752504795717895
sans featurings ni ad-libs,1.009667222437771
sans featurings ni ad-libs,0.9513262872962847
sans featurings ni ad-libs,0.9527363726441658
sans featurings ni ad-libs,0.9498755683933701
sans featurings ni ad-libs,0.9689594295242592
sans featurings ni ad-libs,0.9002583072605417
sans featurings ni ad-libs,0.969623944674166
sans featurings ni ad-libs,0.9405673892818542
sans featurings ni ad-libs,0.9420090756249591
sans featurings ni ad-libs,0.9276660177473255
sans featurings ni ad-libs,0.9279891178498012
sans featurings ni ad-libs,0.9615976663542429
sans featurings ni ad-libs,0.9447132259237572
sans featurings ni ad-libs,0.9435116925958775
sans featurings ni ad-libs,0.942187183417676
sans featurings ni ad-libs,0.9674881617763025
sans featurings ni ad-libs,1.0101764442329342
sans featurings ni ad-libs,0.9711963075012825
sans featurings ni ad-libs,0.9274083497539592
sans featurings ni ad-libs,1.0113567293411645
sans featurings ni ad-libs,0.9526993497003619
sans featurings ni ad-libs,0.950076192519904
sans featurings ni ad-libs,0.9187864085766475
sans featurings ni ad-libs,0.9656185106737802
sans featurings ni ad-libs,1.0021995610405892
sans featurings ni ad-libs,0.9608144626779709
sans featurings ni ad-libs,0.973771674909122
sans featurings ni ad-libs,0.9690532777144238
sans featurings ni ad-libs,0.9437180066459327
sans featurings ni ad-libs,0.9865579331972535
sans featurings ni ad-libs,0.950647056674419
sans featurings ni ad-libs,0.9882925341131867
sans featurings ni ad-libs,1.003226769381393
sans featurings ni ad-libs,0.9548848154123718
sans featurings ni ad-libs,0.9717260197229319
sans featurings ni ad-libs,0.9909532593994778
sans featurings ni ad-libs,0.9997500514706712
sans featurings ni ad-libs,0.9682532667459437
sans featurings ni ad-libs,0.9561203111921375
sans featurings ni ad-libs,0.9718351124979816
sans featurings ni ad-libs,0.9361243066487881
sans featurings ni ad-libs,0.9178927387375775
sans featurings ni ad-libs,0.9791416628778948
sans featurings ni ad-libs,0.9446901166965961
sans featurings ni ad-libs,0.9382713225358131
sans featurings ni ad-libs,0.9651285050602514
sans featurings ni ad-libs,0.9937152769920177
sans featurings ni ad-libs,0.9757745407962782
sans featurings ni ad-libs,0.9487496010417464
sans featurings ni ad-libs,0.931781582544517
sans featurings ni ad-libs,0.9190498234031701
sans featurings ni ad-libs,0.9843801867636711
sans featurings ni ad-libs,0.9059617523832425
sans featurings ni ad-libs,0.9801908121047501
sans featurings ni ad-libs,0.9064008467044253
sans featurings ni ad-libs,0.9587094649730974
sans featurings ni ad-libs,0.9577704925559194
sans featurings ni ad-libs,0.9544509006612424
sans featurings ni ad-libs,0.9704241669865046
sans featurings ni ad-libs,0.9313354659149339
sans featurings ni ad-libs,0.9779605145514046
sans featurings ni ad-libs,0.9308154311714392
sans featurings ni ad-libs,1.0148193920990873
sans featurings ni ad-libs,0.9364704867531967
sans featurings ni ad-libs,0.9495903874322779
sans featurings ni ad-libs,1.0295042095853235
sans featurings ni ad-libs,0.9797863758355136
sans featurings ni ad-libs,0.9891027918720373
sans featurings ni ad-libs,0.9770952830705161
sans featurings ni ad-libs,0.9756297720827396
sans featurings ni ad-libs,1.0341669199569001
sans featurings ni ad-libs,0.9019449945638126
sans featurings ni ad-libs,0.9532323785043461
sans featurings ni ad-libs,0.9763220113692553
sans featurings ni ad-libs,1.00752056864862
sans featurings ni ad-libs,0.9871332073570154
sans featurings ni ad-libs,0.959472645236679
sans featurings ni ad-libs,0.9843626995095355
sans featurings ni ad-libs,0.9809509005744319
sans featurings ni ad-libs,0.9707811686972999
sans featurings ni ad-libs,0.9313354659149339
sans featurings ni ad-libs,0.9355620845567054
sans featurings ni ad-libs,0.9209388736649045
sans featurings ni ad-libs,1.0163999413021227
sans featurings ni ad-libs,0.9636910805421566
sans featurings ni ad-libs,0.9787584463087331
sans featurings ni ad-libs,0.9806073043927197
sans featurings ni ad-libs,0.8934658795629656
sans featurings ni ad-libs,0.9827208740039428
sans featurings ni ad-libs,0.9487222897987313
sans featurings ni ad-libs,0.9253102683713245
sans featurings ni ad-libs,0.9343724005255478
sans featurings ni ad-libs,0.9615877786595388
sans featurings ni ad-libs,0.9529175896312128
sans featurings ni ad-libs,1.0069854005561205
sans featurings ni ad-libs,0.9372135000781914
sans featurings ni ad-libs,0.9777371261683879
sans featurings ni ad-libs,1.0173241586568194
sans featurings ni ad-libs,0.9542098787514527
sans featurings ni ad-libs,0.9211698886209327
sans featurings ni ad-libs,0.950792622034213
sans featurings ni ad-libs,0.9589674856879788
sans featurings ni ad-libs,0.9988492095585603
sans featurings ni ad-libs,0.9050153750007066
sans featurings ni ad-libs,0.9713701377672112
sans featurings ni ad-libs,0.960452501560042
sans featurings ni ad-libs,0.9745334765501912
sans featurings ni ad-libs,0.9438618563599368
sans featurings ni ad-libs,0.9529810112580077
sans featurings ni ad-libs,0.9781177912350623
sans featurings ni ad-libs,0.9241476351086924
sans featurings ni ad-libs,0.9898338720838372
sans featurings ni ad-libs,0.9140652997056775
sans featurings ni ad-libs,0.9484019052394368
sans featurings ni ad-libs,0.9620962380731811
sans featurings ni ad-libs,0.948380339038052
sans featurings ni ad-libs,0.8921923880387406
sans featurings ni ad-libs,0.9306521211587682
sans featurings ni ad-libs,0.9652269955961947
sans featurings ni ad-libs,0.935982796330195
sans featurings ni ad-libs,0.9771257013318015
sans featurings ni ad-libs,0.9176203940733761
sans featurings ni ad-libs,0.9588986728375851
sans featurings ni ad-libs,0.9776373672733623
sans featurings ni ad-libs,0.9680110545951691
sans featurings ni ad-libs,1.0198229907279368
sans featurings ni ad-libs,0.9407891768434407
sans featurings ni ad-libs,0.9410293868918118
sans featurings ni ad-libs,0.9741882695477341
sans featurings ni ad-libs,0.9530227063803045
sans featurings ni ad-libs,0.9307088705916646
sans featurings ni ad-libs,0.9854756914136403
sans featurings ni ad-libs,0.9187999753534329
sans featurings ni ad-libs,0.9854599248119862
sans featurings ni ad-libs,0.9773258880866006
sans featurings ni ad-libs,0.9499013586263437
sans featurings ni ad-libs,0.9191176233037421
sans featurings ni ad-libs,0.9328434856494351
sans featurings ni ad-libs,0.9777912167825363
sans featurings ni ad-libs,0.9320435585298504
sans featurings ni ad-libs,0.948764983433058
sans featurings ni ad-libs,0.9694597486562172
sans featurings ni ad-libs,0.9991810237276264
sans featurings ni ad-libs,0.9113759404199289
sans featurings ni ad-libs,0.9774270606030021
sans featurings ni ad-libs,1.0270139234184106
sans featurings ni ad-libs,0.9630715248053354
sans featurings ni ad-libs,0.9584111059740537
sans featurings ni ad-libs,0.9497704148029024
sans featurings ni ad-libs,0.9195589953009004
sans featurings ni ad-libs,0.9197376036357638
sans featurings ni ad-libs,0.9042185384582281
sans featurings ni ad-libs,0.8964768820593925
sans featurings ni ad-libs,0.9411007317687503
sans featurings ni ad-libs,0.9664297621950554
sans featurings ni ad-libs,0.980147139431237
sans featurings ni ad-libs,0.9858538337193982
sans featurings ni ad-libs,0.9657295598027803
sans featurings ni ad-libs,0.9910716148021937
sans featurings ni ad-libs,0.9678895758170173
sans featurings ni ad-libs,0.9475286371975568
sans featurings ni ad-libs,0.985301078177455
sans featurings ni ad-libs,0.9581551349157573
sans featurings ni ad-libs,0.9786107976898321
sans featurings ni ad-libs,0.9518210341734079
sans featurings ni ad-libs,0.9266380081723352
sans featurings ni ad-libs,0.9119766434218375
sans featurings ni ad-libs,0.9587370493511942
sans featurings ni ad-libs,0.9654700082417621
sans featurings ni ad-libs,0.9763856342776777
sans featurings ni ad-libs,1.0183324400981588
sans featurings ni ad-libs,0.9809337990010855
sans featurings ni ad-libs,0.9409948853618497
sans featurings ni ad-libs,0.9680556206940113
sans featurings ni ad-libs,0.9742899901112063
sans featurings ni ad-libs,0.9376528028065391
sans featurings ni ad-libs,0.9252219524184563
sans featurings ni ad-libs,0.9680734845074715
sans featurings ni ad-libs,0.9620962424334978
sans featurings ni ad-libs,0.9578897900007862
sans featurings ni ad-libs,0.9816136482824098
sans featurings ni ad-libs,1.0026188181619908
sans featurings ni ad-libs,0.9669929882960548
sans featurings ni ad-libs,0.9856082146960482
sans featurings ni ad-libs,0.9644925238127354
sans featurings ni ad-libs,0.944472403958645
sans featurings ni ad-libs,0.9325528688038991
sans featurings ni ad-libs,0.9299658632150526
sans featurings ni ad-libs,0.9479413791278091
sans featurings ni ad-libs,0.9163539698804092
sans featurings ni ad-libs,0.9636408365650357
sans featurings ni ad-libs,1.0032670203805518
sans featurings ni ad-libs,0.9520158551751337
sans featurings ni ad-libs,0.9892552829550363
sans featurings ni ad-libs,0.9538332058785137
sans featurings ni ad-libs,0.9376723548818544
sans featurings ni ad-libs,0.9402245187533507
sans featurings ni ad-libs,1.008480137179524
sans featurings ni ad-libs,0.9593950118374915
sans featurings ni ad-libs,0.9897435855103446
sans featurings ni ad-libs,0.9836328008739618
sans featurings ni ad-libs,0.8967602922065472
sans featurings ni ad-libs,0.9448748479989466
sans featurings ni ad-libs,0.9746397681485485
sans featurings ni ad-libs,0.9064793569880893
sans featurings ni ad-libs,0.9620962380731811
sans featurings ni ad-libs,0.9909532593994778
sans featurings ni ad-libs,0.9789782831985706
sans featurings ni ad-libs,0.948174086135433
sans featurings ni ad-libs,1.0057416542515545
sans featurings ni ad-libs,0.9377998038335488
sans featurings ni ad-libs,1.0002552436647483
sans featurings ni ad-libs,0.9354893663964741
sans featurings ni ad-libs,0.9671504581991162
sans featurings ni ad-libs,0.9414512368523207
sans featurings ni ad-libs,0.973920940460247
sans featurings ni ad-libs,0.9258698817136682
sans featurings ni ad-libs,0.9962593685318412
sans featurings ni ad-libs,0.9824290431547543
sans featurings ni ad-libs,0.9100687050189891
sans featurings ni ad-libs,0.920542188104168
sans featurings ni ad-libs,0.9665855716174385
sans featurings ni ad-libs,0.9214410292998116
sans featurings ni ad-libs,0.9962904351453944
sans featurings ni ad-libs,0.9727994283326153
sans featurings ni ad-libs,0.9484951925712836
sans featurings ni ad-libs,0.9391536340408173
sans featurings ni ad-libs,0.953837368514388
sans featurings ni ad-libs,0.9306186314340466
sans featurings ni ad-libs,0.9832106043782936
sans featurings ni ad-libs,0.9508150904978133
sans featurings ni ad-libs,0.9552068537193185
sans featurings ni ad-libs,0.9368877191306713
sans featurings ni ad-libs,0.9631987457153286
sans featurings ni ad-libs,0.9644861996293128
sans featurings ni ad-libs,1.0254433814555488
sans featurings ni ad-libs,0.9485018865204682
sans featurings ni ad-libs,0.9714683044957395
sans featurings ni ad-libs,0.9368494426944123
sans featurings ni ad-libs,0.9242484968941641
sans featurings ni ad-libs,0.957186215042215
sans featurings ni ad-libs,0.9571703983928854
sans featurings ni ad-libs,0.916684944246255
sans featurings ni ad-libs,0.9503131579072067
sans featurings ni ad-libs,0.9860125778647896
sans featurings ni ad-libs,0.978002569271852
sans featurings ni ad-libs,0.9780107617933131
sans featurings ni ad-libs,0.9629160953298185
sans featurings ni ad-libs,0.934117662407491
sans featurings ni ad-libs,0.9642121526882561
sans featurings ni ad-libs,0.9320820023092977
sans featurings ni ad-libs,0.951058699025516
sans featurings ni ad-libs,0.9575135563633788
sans featurings ni ad-libs,0.9359394650484673
sans featurings ni ad-libs,0.9925990431730716
sans featurings ni ad-libs,0.9621917018364873
sans featurings ni ad-libs,1.00132346637524
sans featurings ni ad-libs,0.9617443468148681
sans featurings ni ad-libs,0.9284369515640186
sans featurings ni ad-libs,0.9803785410572536
sans featurings ni ad-libs,0.9659018512907259
sans featurings ni ad-libs,0.9229121851099716
sans featurings ni ad-libs,0.9652646499956445
sans featurings ni ad-libs,0.9228614810343835
sans featurings ni ad-libs,1.0022717752796009
sans featurings ni ad-libs,0.9037292301915566
sans featurings ni ad-libs,0.9810888334574995
sans featurings ni ad-libs,1.0209899706142491
sans featurings ni ad-libs,0.9447903212472423
sans featurings ni ad-libs,0.9901132621719724
sans featurings ni ad-libs,0.9397473437556061
sans featurings ni ad-libs,1.0066016607136656
sans featurings ni ad-libs,0.9560501436392596
sans featurings ni ad-libs,0.9459491923051087
sans featurings ni ad-libs,0.9554788913575276
sans featurings ni ad-libs,0.9595320318109718
sans featurings ni ad-libs,0.9497318385435155
sans featurings ni ad-libs,0.9716182263435926
sans featurings ni ad-libs,1.0162498779107314
sans featurings ni ad-libs,0.9190356223981857
sans featurings ni ad-libs,0.9174822023208062
sans featurings ni ad-libs,0.9094149744686882
sans featurings ni ad-libs,0.945143858903172
sans featurings ni ad-libs,0.9737493025295803
sans featurings ni ad-libs,0.9714906439043546
sans featurings ni ad-libs,0.9940870659811415
sans featurings ni ad-libs,0.9831718805301098
sans featurings ni ad-libs,0.9777183575668431
sans featurings ni ad-libs,0.947999186528845
sans featurings ni ad-libs,0.9595178356128551
sans featurings ni ad-libs,0.943749446833778
sans featurings ni ad-libs,0.9709520470317136
sans featurings ni ad-libs,0.9431866240604896
sans featurings ni ad-libs,0.9623828056099232
sans featurings ni ad-libs,0.992133802142299
sans featurings ni ad-libs,0.97827153882909
sans featurings ni ad-libs,0.9941577324998545
sans featurings ni ad-libs,0.9245956776580297
sans featurings ni ad-libs,0.9587387800488486
sans featurings ni ad-libs,0.9597441764784701
sans featurings ni ad-libs,0.9342300973594037
sans featurings ni ad-libs,0.9293778084928519
sans featurings ni ad-libs,0.9774604069676976
sans featurings ni ad-libs,0.9718351124979816
sans featurings ni ad-libs,0.9665269092391077
sans featurings ni ad-libs,0.9386595818319107
sans featurings ni ad-libs,0.9750253358883473
sans featurings ni ad-libs,0.9196580962707457
sans featurings ni ad-libs,0.9778355682012257
sans featurings ni ad-libs,0.9937152769920177
sans featurings ni ad-libs,0.9598941620237251
sans featurings ni ad-libs,0.9398602695587241
sans featurings ni ad-libs,0.9610501709149827
sans featurings ni ad-libs,0.9509097295847982
sans featurings ni ad-libs,0.9415671617308037
sans featurings ni ad-libs,0.96047090102384
sans featurings ni ad-libs,0.9223465578011738
sans featurings ni ad-libs,0.9689894849026794
sans featurings ni ad-libs,0.9569718350446913
sans featurings ni ad-libs,0.9320260971309898
sans featurings ni ad-libs,0.950390786916869
sans featurings ni ad-libs,0.9874954483320372
sans featurings ni ad-libs,0.945590802981208
sans featurings ni ad-libs,0.9315550895253781
sans featurings ni ad-libs,1.0275458404743618
sans featurings ni ad-libs,0.9509097295847982
sans featurings ni ad-libs,0.9260258102975016
sans featurings ni ad-libs,0.9213160091970143
sans featurings ni ad-libs,0.96336096012893
sans featurings ni ad-libs,0.9988492095585603
sans featurings ni ad-libs,0.9844375499948008
sans featurings ni ad-libs,0.9707764773929248
sans featurings ni ad-libs,0.9480026374257194
sans featurings ni ad-libs,0.965374534560695
sans featurings ni ad-libs,1.0072268765085013
sans featurings ni ad-libs,0.9688137744255466
sans featurings ni ad-libs,0.9904963323757662
sans featurings ni ad-libs,0.9706020225336245
sans featurings ni ad-libs,0.9711579909877245
sans featurings ni ad-libs,0.965374534560695
sans featurings ni ad-libs,0.9649377707876269
sans featurings ni ad-libs,1.007535874771565
sans featurings ni ad-libs,0.9580379521190716
sans featurings ni ad-libs,0.9469985434506444
sans featurings ni ad-libs,0.9347252040586784
sans featurings ni ad-libs,0.9337986716705576
sans featurings ni ad-libs,0.9507031830581479
sans featurings ni ad-libs,0.9654925810956364
sans featurings ni ad-libs,0.9650701662937986
sans featurings ni ad-libs,0.927560704377459
sans featurings ni ad-libs,0.9988983137764087
sans featurings ni ad-libs,0.9522484332698699
sans featurings ni ad-libs,0.9904946215679824
sans featurings ni ad-libs,0.9907658040205319
sans featurings ni ad-libs,0.9726811548624027
sans featurings ni ad-libs,0.9875465601788166
sans featurings ni ad-libs,0.9278847388319238
sans featurings ni ad-libs,0.9539027112700267
sans featurings ni ad-libs,0.9523445481674967
sans featurings ni ad-libs,0.9496073186556246
sans featurings ni ad-libs,0.9652531321764578
sans featurings ni ad-libs,0.9675338259860479
sans featurings ni ad-libs,0.9902010207595473
sans featurings ni ad-libs,0.937452130806279
sans featurings ni ad-libs,0.9153233748523204
sans featurings ni ad-libs,0.9723729784115195
sans featurings ni ad-libs,0.9629328077839457
sans featurings ni ad-libs,0.976536549932338
sans featurings ni ad-libs,0.9547727787555589
sans featurings ni ad-libs,0.9851880910055457
sans featurings ni ad-libs,0.9822342710743466
sans featurings ni ad-libs,0.9213673801107085
sans featurings ni ad-libs,0.96032186982808
sans featurings ni ad-libs,0.9483547816218888
sans featurings ni ad-libs,0.9544470276100346
sans featurings ni ad-libs,0.9744771364944768
sans featurings ni ad-libs,0.9738125242885113
sans featurings ni ad-libs,0.9803785410572536
sans featurings ni ad-libs,0.956181597187457
sans featurings ni ad-libs,0.9287361561801097
sans featurings ni ad-libs,0.9484830517867957
sans featurings ni ad-libs,0.9709415887968867
sans featurings ni ad-libs,0.898199107337838
sans featurings ni ad-libs,0.972156870521522
sans featurings ni ad-libs,0.9871346164644799
sans featurings ni ad-libs,0.9626660340667168
sans featurings ni ad-libs,0.9580415480278488
sans featurings ni ad-libs,1.0107579525430508
sans featurings ni ad-libs,0.9659211052526023
sans featurings ni ad-libs,0.9982570241652223
sans featurings ni ad-libs,0.9506424339487263
sans featurings ni ad-libs,0.9527812833929884
sans featurings ni ad-libs,0.9883677410288431
sans featurings ni ad-libs,0.9090152313559804
sans featurings ni ad-libs,0.9607941938866063
sans featurings ni ad-libs,0.9619127404613727
sans featurings ni ad-libs,0.9648567221838444
sans featurings ni ad-libs,0.9579655639107667
sans featurings ni ad-libs,0.9600798562877807
sans featurings ni ad-libs,0.981509714823746
sans featurings ni ad-libs,0.9393787454521951
sans featurings ni ad-libs,0.979577981686587
sans featurings ni ad-libs,0.9187300709443695
sans featurings ni ad-libs,0.9784516480339276
sans featurings ni ad-libs,0.9396514608380184
sans featurings ni ad-libs,0.921271455158532
sans featurings ni ad-libs,0.9613278418361482
sans featurings ni ad-libs,1.0025961914983468
sans featurings ni ad-libs,0.9711179121054451
sans featurings ni ad-libs,0.9212768215244084
sans featurings ni ad-libs,0.9757185126681204
sans featurings ni ad-libs,0.9441522633581156
sans featurings ni ad-libs,0.965321941606629
sans featurings ni ad-libs,0.9010901087860911
sans featurings ni ad-libs,0.9162230638491169
sans featurings ni ad-libs,0.9907441024759673
sans featurings ni ad-libs,0.9515141927639921
sans featurings ni ad-libs,0.972369751647302
sans featurings ni ad-libs,1.0270139234184106
sans featurings ni ad-libs,0.9913071749575224
sans featurings ni ad-libs,0.9113759404199289
sans featurings ni ad-libs,0.9496527750544543
sans featurings ni ad-libs,1.0053785705545557
sans featurings ni ad-libs,0.9753426726583962
sans featurings ni ad-libs,0.943389135452309
sans featurings ni ad-libs,0.8996600709338285
sans featurings ni ad-libs,1.016781430843283
sans featurings ni ad-libs,0.9558245878570495
sans featurings ni ad-libs,0.9758041857650946
sans featurings ni ad-libs,1.0010712362224783
sans featurings ni ad-libs,1.014263399407915
sans featurings ni ad-libs,0.9319175600639508
sans featurings ni ad-libs,0.9676148896829725
sans featurings ni ad-libs,0.9864271072101001
sans featurings ni ad-libs,0.9518182152138072
sans featurings ni ad-libs,0.9902860248571921
sans featurings ni ad-libs,0.9643959064024332
sans featurings ni ad-libs,0.9563426186350218
sans featurings ni ad-libs,0.98787151078954
sans featurings ni ad-libs,0.9910339254461719
sans featurings ni ad-libs,0.9221559963914965
sans featurings ni ad-libs,0.9205108609756693
sans featurings ni ad-libs,0.9634640939980625
sans featurings ni ad-libs,0.9524663273848812
sans featurings ni ad-libs,0.9911934963458385
sans featurings ni ad-libs,0.9109922945908162
sans featurings ni ad-libs,1.0237859523070039
sans featurings ni ad-libs,0.9552635858402856
sans featurings ni ad-libs,0.9936876984013682
sans featurings ni ad-libs,0.9436667990116672
sans featurings ni ad-libs,0.9274128977082476
sans featurings ni ad-libs,0.9689689080887384
sans featurings ni ad-libs,0.9689630653630983
sans featurings ni ad-libs,0.9518405497855511
sans featurings ni ad-libs,0.960637027118555
sans featurings ni ad-libs,0.9426252487464116
sans featurings ni ad-libs,0.9076668732925576
sans featurings ni ad-libs,0.9908465165419034
sans featurings ni ad-libs,0.9528326429150069
sans featurings ni ad-libs,0.9892517486325253
sans featurings ni ad-libs,0.9934744607603806
sans featurings ni ad-libs,0.9744771364944768
sans featurings ni ad-libs,1.01242726615612
sans featurings ni ad-libs,0.9797863758355136
sans featurings ni ad-libs,0.9461013501471011
sans featurings ni ad-libs,0.9432021177200657
sans featurings ni ad-libs,0.9531706542887418
sans featurings ni ad-libs,0.9367396830017746
sans featurings ni ad-libs,0.9822342710743466
sans featurings ni ad-libs,0.9691478271719872
sans featurings ni ad-libs,0.9650639301229429
sans featurings ni ad-libs,0.944029880229523
sans featurings ni ad-libs,0.9485119564229691
sans featurings ni ad-libs,0.967219800013395
sans featurings ni ad-libs,0.9701530734545922
sans featurings ni ad-libs,0.9594765316848606
sans featurings ni ad-libs,1.0013622900843695
sans featurings ni ad-libs,0.9869004808951292
sans featurings ni ad-libs,0.9873226329209882
sans featurings ni ad-libs,0.9577704925559194
sans featurings ni ad-libs,0.9634805981771072
sans featurings ni ad-libs,0.9530809241662827
sans featurings ni ad-libs,0.9339198468261535
sans featurings ni ad-libs,0.9692943863129639
sans featurings ni ad-libs,0.9814848169050954
sans featurings ni ad-libs,0.966722866254048
sans featurings ni ad-libs,0.9906949427745069
sans featurings ni ad-libs,1.003767069048006
sans featurings ni ad-libs,1.013757018812432
sans featurings ni ad-libs,0.9655176184110018
sans featurings ni ad-libs,0.9151417843162761
sans featurings ni ad-libs,0.9532438678322925
sans featurings ni ad-libs,0.959847424643135
sans featurings ni ad-libs,0.9362572350673676
sans featurings ni ad-libs,0.9234505262704297
sans featurings ni ad-libs,0.9586211886142525
sans featurings ni ad-libs,0.9558948655576673
sans featurings ni ad-libs,0.9942244109481697
sans featurings ni ad-libs,0.9325616206274889
sans featurings ni ad-libs,1.0100534826764294
sans featurings ni ad-libs,0.9759950018259217
sans featurings ni ad-libs,0.9240167655167143
sans featurings ni ad-libs,0.9707811686972999
sans featurings ni ad-libs,0.9823979328039664
sans featurings ni ad-libs,0.975198840039938
sans featurings ni ad-libs,0.92990901115466
sans featurings ni ad-libs,0.9636012698784588
sans featurings ni ad-libs,0.9843801867636711
sans featurings ni ad-libs,0.9296546187170638
sans featurings ni ad-libs,0.9805522610891292
sans featurings ni ad-libs,0.9813890516371733
sans featurings ni ad-libs,0.9267631225106266
sans featurings ni ad-libs,0.9535947466163619
sans featurings ni ad-libs,0.9418999871893177
sans featurings ni ad-libs,0.9466052996194396
sans featurings ni ad-libs,0.9714507170661664
sans featurings ni ad-libs,1.0249631277968017
sans featurings ni ad-libs,0.9616845839857054
sans featurings ni ad-libs,0.9364287454401791
sans featurings ni ad-libs,0.9089563240755015
sans featurings ni ad-libs,0.944642633446161
sans featurings ni ad-libs,0.9436667990116672
sans featurings ni ad-libs,0.9373160679513477
sans featurings ni ad-libs,0.961452593517515
sans featurings ni ad-libs,0.98690174389023
sans featurings ni ad-libs,0.9374871160728115
sans featurings ni ad-libs,0.9332357800774597
sans featurings ni ad-libs,0.9900510613404324
sans featurings ni ad-libs,0.9512217591928501
sans featurings ni ad-libs,0.9160394014238981
sans featurings ni ad-libs,0.9585035737581782
sans featurings ni ad-libs,0.9579936556914782
sans featurings ni ad-libs,0.9359983507663372
sans featurings ni ad-libs,0.9919870471420178
sans featurings ni ad-libs,0.9981281675784616
sans featurings ni ad-libs,0.9184293733985585
sans featurings ni ad-libs,0.9874817902797278
sans featurings ni ad-libs,0.9541328825631785
sans featurings ni ad-libs,0.9378415801419456
sans featurings ni ad-libs,0.9712881563110163
sans featurings ni ad-libs,0.9261915702350938
sans featurings ni ad-libs,0.9691817614911825
sans featurings ni ad-libs,0.9367855998032846
sans featurings ni ad-libs,0.9313579399860735
sans featurings ni ad-libs,0.9570892747402197
sans featurings ni ad-libs,0.9627292179307388
sans featurings ni ad-libs,0.9011327022629491
sans featurings ni ad-libs,0.9540554694847112
sans featurings ni ad-libs,0.977092073497237
sans featurings ni ad-libs,0.94508202641949
sans featurings ni ad-libs,1.0008705629072125
sans featurings ni ad-libs,0.9914226633407037
sans featurings ni ad-libs,0.9194981314911419
sans featurings ni ad-libs,0.9584567710158656
sans featurings ni ad-libs,0.9670032879455546
sans featurings ni ad-libs,0.9764533154906637
sans featurings ni ad-libs,0.9370152410061539
sans featurings ni ad-libs,0.9594866158860983
sans featurings ni ad-libs,0.9409996198018173
sans featurings ni ad-libs,0.9479960551594204
sans featurings ni ad-libs,0.9067305745125973
sans featurings ni ad-libs,0.9344808542075141
sans featurings ni ad-libs,0.9174822023208062
sans featurings ni ad-libs,0.9652900641507872
sans featurings ni ad-libs,1.0319704385279125
sans featurings ni ad-libs,0.9527440190969063
sans featurings ni ad-libs,0.987392566445906
sans featurings ni ad-libs,1.0058443046085588
sans featurings ni ad-libs,0.9777169727746501
sans featurings ni ad-libs,0.9698466659593196
sans featurings ni ad-libs,0.9770683653293532
sans featurings ni ad-libs,0.9582153024416302
sans featurings ni ad-libs,0.942583097197303
sans featurings ni ad-libs,0.9931336779893275
sans featurings ni ad-libs,0.9638815865062385
sans featurings ni ad-libs,0.9882332964920493
sans featurings ni ad-libs,0.9604493455268819
sans featurings ni ad-libs,0.9913464842806397
sans featurings ni ad-libs,0.8993218404434908
sans featurings ni ad-libs,0.9509596287051434
sans featurings ni ad-libs,0.9626762046267825
sans featurings ni ad-libs,0.9445576889353474
sans featurings ni ad-libs,0.9668102455952065
sans featurings ni ad-libs,0.979478505899592
sans featurings ni ad-libs,0.9665274788294309
sans featurings ni ad-libs,0.9211478019380012
sans featurings ni ad-libs,0.9196542002309884
sans featurings ni ad-libs,0.9687093640763492
sans featurings ni ad-libs,0.96336096012893
sans featurings ni ad-libs,0.9527812833929884
sans featurings ni ad-libs,0.9573442553116736
sans featurings ni ad-libs,1.013299680312057
sans featurings ni ad-libs,0.987028722252508
sans featurings ni ad-libs,0.958245902183819
sans featurings ni ad-libs,0.9461000464973665
sans featurings ni ad-libs,0.9872530329303175
sans featurings ni ad-libs,0.9377655313988804
sans featurings ni ad-libs,0.9377447942546294
sans featurings ni ad-libs,1.0123769089021817
sans featurings ni ad-libs,0.9686044574195125
sans featurings ni ad-libs,0.9615754669919542
sans featurings ni ad-libs,0.9337459327951745
sans featurings ni ad-libs,0.9034166670222394
sans featurings ni ad-libs,0.9587504964326149
sans featurings ni ad-libs,1.0140081571960236
sans featurings ni ad-libs,0.9351621377716723
sans featurings ni ad-libs,0.9994787969436004
sans featurings ni ad-libs,0.9472070678645953
sans featurings ni ad-libs,0.9717444684633381
sans featurings ni ad-libs,0.9768284222857693
sans featurings ni ad-libs,0.9437408146240772
sans featurings ni ad-libs,0.9298359590590886
sans featurings ni ad-libs,0.993437805485052
sans featurings ni ad-libs,0.9963827764313974
sans featurings ni ad-libs,0.9504387300597512
sans featurings ni ad-libs,0.9272381786511499
sans featurings ni ad-libs,0.9450626669835404
sans featurings ni ad-libs,0.9903405824979267
sans featurings ni ad-libs,0.9959166668754579
sans featurings ni ad-libs,0.9835620504998921
sans featurings ni ad-libs,0.9348022865035897
sans featurings ni ad-libs,0.9597369305365309
sans featurings ni ad-libs,0.9404139419808235
sans featurings ni ad-libs,0.9460238250822314
sans featurings ni ad-libs,0.958260405340176
sans featurings ni ad-libs,0.9282812002050007
sans featurings ni ad-libs,0.9892617868366106
sans featurings ni ad-libs,1.0066016607136656
sans featurings ni ad-libs,0.9881102424540082
sans featurings ni ad-libs,0.9040330055454852
sans featurings ni ad-libs,0.9039830613777226
sans featurings ni ad-libs,0.9497563939565992
sans featurings ni ad-libs,0.9443026442365402
sans featurings ni ad-libs,0.9324583564530334
sans featurings ni ad-libs,0.9306514675718048
sans featurings ni ad-libs,0.987656808510469
sans featurings ni ad-libs,0.9570305633631465
sans featurings ni ad-libs,0.9216396178551622
sans featurings ni ad-libs,0.9356695037670726
sans featurings ni ad-libs,0.9232416114618822
sans featurings ni ad-libs,0.9705073797060284
sans featurings ni ad-libs,0.985091500857983
sans featurings ni ad-libs,0.9603435619214622
sans featurings ni ad-libs,0.9676944640799614
sans featurings ni ad-libs,0.9685763435276636
sans featurings ni ad-libs,0.9674030461518639
sans featurings ni ad-libs,1.0007083098557472
sans featurings ni ad-libs,0.9276198496716664
sans featurings ni ad-libs,0.9555340387154864
sans featurings ni ad-libs,0.9742085031916083
sans featurings ni ad-libs,0.9672083815358397
sans featurings ni ad-libs,1.0163438640606293
sans featurings ni ad-libs,0.954736964657226
sans featurings ni ad-libs,0.9336197010402898
sans featurings ni ad-libs,1.003108086267238
sans featurings ni ad-libs,1.0140081571960236
sans featurings ni ad-libs,0.9783869673931215
sans featurings ni ad-libs,0.9726474621339415
sans featurings ni ad-libs,0.9620018677230449
sans featurings ni ad-libs,0.9671159072493414
sans featurings ni ad-libs,0.9442353526841402
sans featurings ni ad-libs,0.9438448786858057
sans featurings ni ad-libs,0.9415816015352921
sans featurings ni ad-libs,0.9968761416840102
sans featurings ni ad-libs,0.9099699200899989
sans featurings ni ad-libs,0.9443037363805378
sans featurings ni ad-libs,1.0441538832878867
sans featurings ni ad-libs,0.9689202698250723
sans featurings ni ad-libs,0.9772374355699521
sans featurings ni ad-libs,0.9526841564803726
sans featurings ni ad-libs,0.9789782831985706
sans featurings ni ad-libs,0.9423588690828123
sans featurings ni ad-libs,0.9365956115044729
sans featurings ni ad-libs,0.9180799665947806
sans featurings ni ad-libs,0.9342894115117436
sans featurings ni ad-libs,0.9711535279619693
sans featurings ni ad-libs,0.9147982742275933
sans featurings ni ad-libs,0.9567620531352136
sans featurings ni ad-libs,0.996164258486259
sans featurings ni ad-libs,0.9557518197644668
sans featurings ni ad-libs,1.0413772205982115
sans featurings ni ad-libs,0.9976887928648933
sans featurings ni ad-libs,0.9403527502303617
sans featurings ni ad-libs,1.0074428291519941
sans featurings ni ad-libs,0.9214818008824868
sans featurings ni ad-libs,0.9249893111559309
sans featurings ni ad-libs,0.9650781537643702
sans featurings ni ad-libs,0.9061768638434518
sans featurings ni ad-libs,0.8996600709338285
sans featurings ni ad-libs,0.9710438069710834
sans featurings ni ad-libs,0.9515141927639921
sans featurings ni ad-libs,0.9848316862996331
sans featurings ni ad-libs,0.9575570039729059
sans featurings ni ad-libs,0.9756073777099903
sans featurings ni ad-libs,0.9738246213135873
sans featurings ni ad-libs,0.9793211512142057
sans featurings ni ad-libs,0.928866180212179
sans featurings ni ad-libs,0.9800190675417172
sans featurings ni ad-libs,0.9873747238790553
sans featurings ni ad-libs,0.9837028405047974
sans featurings ni ad-libs,0.9958447072293385
sans featurings ni ad-libs,0.9772374355699521
sans featurings ni ad-libs,0.9558417825242178
sans featurings ni ad-libs,0.954314635540908
sans featurings ni ad-libs,0.956168655446922
sans featurings ni ad-libs,1.0183398560397938
sans featurings ni ad-libs,0.9532692252501714
sans featurings ni ad-libs,0.9509634866419296
sans featurings ni ad-libs,0.9289851452739593
sans featurings ni ad-libs,0.924035231686058
sans featurings ni ad-libs,0.9746909838882467
sans featurings ni ad-libs,0.999873840110559
sans featurings ni ad-libs,0.9668006466087693
sans featurings ni ad-libs,0.936560571577538
sans featurings ni ad-libs,0.924164593727407
sans featurings ni ad-libs,0.9828388425191505
sans featurings ni ad-libs,0.9096469715874064
sans featurings ni ad-libs,0.9593389303308035
sans featurings ni ad-libs,0.9728617699809013
sans featurings ni ad-libs,0.9312776231585647
sans featurings ni ad-libs,0.9771257013318015
sans featurings ni ad-libs,0.9367676794333826
sans featurings ni ad-libs,0.9600653173023668
sans featurings ni ad-libs,0.9625550840066361
sans featurings ni ad-libs,0.9433273020359876
sans featurings ni ad-libs,0.9383155371156339
sans featurings ni ad-libs,0.9170131958510498
sans featurings ni ad-libs,0.9683608433146721
sans featurings ni ad-libs,0.9965799118840961
sans featurings ni ad-libs,0.9526993497003619
sans featurings ni ad-libs,0.9799457602740655
sans featurings ni ad-libs,0.9868477836021469
sans featurings ni ad-libs,0.9504387300597512
sans featurings ni ad-libs,0.9925542351072753
sans featurings ni ad-libs,0.9003908285921647
sans featurings ni ad-libs,0.9806113050319714
sans featurings ni ad-libs,0.9671095506684187
sans featurings ni ad-libs,0.9597354925624088
sans featurings ni ad-libs,0.9085197779776244
sans featurings ni ad-libs,0.9896389960140399
sans featurings ni ad-libs,0.9960762329391686
sans featurings ni ad-libs,0.9898464002188841
sans featurings ni ad-libs,0.9812838882829441
sans featurings ni ad-libs,0.9925762097982497
sans featurings ni ad-libs,0.9297901099498387
sans featurings ni ad-libs,0.9582484613835578
sans featurings ni ad-libs,0.9232416114618822
sans featurings ni ad-libs,0.9612232867286444
sans featurings ni ad-libs,0.9637844117845609
sans featurings ni ad-libs,0.9527520080644
sans featurings ni ad-libs,0.9156913571233524
sans featurings ni ad-libs,1.0002019916158538
sans featurings ni ad-libs,0.9316979036830891
sans featurings ni ad-libs,1.0156526013328853
sans featurings ni ad-libs,0.9388607042091713
sans featurings ni ad-libs,0.9655176184110018
sans featurings ni ad-libs,0.9529280932501087
sans featurings ni ad-libs,0.9776533296268421
sans featurings ni ad-libs,0.9544507440238666
sans featurings ni ad-libs,0.943152361505103
sans featurings ni ad-libs,0.9418618072701406
sans featurings ni ad-libs,0.9385737346255991
sans featurings ni ad-libs,0.9335322720747987
sans featurings ni ad-libs,0.939463541517821
sans featurings ni ad-libs,0.9371123510607627
sans featurings ni ad-libs,0.9679780849035373
sans featurings ni ad-libs,0.9513811967013475
sans featurings ni ad-libs,0.9387898647150907
sans featurings ni ad-libs,0.9612430636625624
sans featurings ni ad-libs,0.9982570241652223
sans featurings ni ad-libs,0.9942881809570401
sans featurings ni ad-libs,0.9448868754338459
sans featurings ni ad-libs,0.9188690338956488
sans featurings ni ad-libs,0.986940556863624
sans featurings ni ad-libs,1.0088331287092904
sans featurings ni ad-libs,0.9589439456180892
sans featurings ni ad-libs,0.9142905835960933
sans featurings ni ad-libs,0.9521488229849929
sans featurings ni ad-libs,0.9620700227270217
sans featurings ni ad-libs,0.9912353871168944
sans featurings ni ad-libs,0.9020431403307358
sans featurings ni ad-libs,1.011126099876713
sans featurings ni ad-libs,0.9590740235527301
sans featurings ni ad-libs,0.9350621843571303
sans featurings ni ad-libs,0.9389776114135725
sans featurings ni ad-libs,0.969438469291135
sans featurings ni ad-libs,0.9494808726677139
sans featurings ni ad-libs,0.9587976834815449
sans featurings ni ad-libs,0.9777300472479634
sans featurings ni ad-libs,0.922942843098835
sans featurings ni ad-libs,0.9763249636069584
sans featurings ni ad-libs,0.9324730318184663
sans featurings ni ad-libs,0.9815479582472095
sans featurings ni ad-libs,0.9859963105198756
sans featurings ni ad-libs,0.9899500954692693
sans featurings ni ad-libs,0.9761118863581079
sans featurings ni ad-libs,0.9668771964489025
sans featurings ni ad-libs,0.9572019664782285
sans featurings ni ad-libs,0.9309716133428807
sans featurings ni ad-libs,0.9377907889284679
sans featurings ni ad-libs,0.9589266434049654
sans featurings ni ad-libs,0.9993899509799432
sans featurings ni ad-libs,0.9844259326288616
sans featurings ni ad-libs,0.9547297764357778
sans featurings ni ad-libs,0.9732650239987313
sans featurings ni ad-libs,0.9538220927991861
sans featurings ni ad-libs,0.9632245987261168
sans featurings ni ad-libs,0.9579051810374616
sans featurings ni ad-libs,0.9198245970421097
sans featurings ni ad-libs,0.9344601436386306
sans featurings ni ad-libs,0.9560501436392596
sans featurings ni ad-libs,0.9860501051985984
sans featurings ni ad-libs,0.9427835992859211
sans featurings ni ad-libs,0.991370444570758
sans featurings ni ad-libs,0.9446819558247159
sans featurings ni ad-libs,0.9887323694449917
sans featurings ni ad-libs,0.9514448455103549
sans featurings ni ad-libs,0.9462808257929591
sans featurings ni ad-libs,0.9158786013614069
sans featurings ni ad-libs,0.9903423343041946
sans featurings ni ad-libs,0.9664469655739417
sans featurings ni ad-libs,0.9376708683232892
sans featurings ni ad-libs,0.9483547816218888
sans featurings ni ad-libs,0.9883798778014606
sans featurings ni ad-libs,0.9405781237032428
sans featurings ni ad-libs,0.9457442074927482
sans featurings ni ad-libs,0.96878995712966
sans featurings ni ad-libs,0.9442897440523539
sans featurings ni ad-libs,0.9667874590395518
sans featurings ni ad-libs,0.9884869989859816
sans featurings ni ad-libs,0.9599096938304368
sans featurings ni ad-libs,0.9404663947126961
sans featurings ni ad-libs,0.9645429502916621
sans featurings ni ad-libs,0.9693612794851376
sans featurings ni ad-libs,0.9134842239596205
sans featurings ni ad-libs,0.9962593685318412
sans featurings ni ad-libs,0.9820458547977824
sans featurings ni ad-libs,0.9258751090363693
sans featurings ni ad-libs,0.9455809329963849
sans featurings ni ad-libs,0.964420380657916
sans featurings ni ad-libs,0.9417993343491716
sans featurings ni ad-libs,0.982840307616052
sans featurings ni ad-libs,0.9597323225371482
sans featurings ni ad-libs,0.9529228380322569
sans featurings ni ad-libs,0.9664853150850627
sans featurings ni ad-libs,1.0018834519332986
sans featurings ni ad-libs,0.9752150664606585
sans featurings ni ad-libs,0.9896940652748416
sans featurings ni ad-libs,0.9528749683659244
sans featurings ni ad-libs,0.9407365001809267
sans featurings ni ad-libs,0.9996765939501957
sans featurings ni ad-libs,0.9550996381789981
sans featurings ni ad-libs,0.9540681957602772
sans featurings ni ad-libs,0.9662479477387985
sans featurings ni ad-libs,0.9445576889353474
sans featurings ni ad-libs,0.9479569540619439
sans featurings ni ad-libs,0.9765751730176169
sans featurings ni ad-libs,0.926327429841115
sans featurings ni ad-libs,0.9588392180772443
sans featurings ni ad-libs,0.9542157416501871
sans featurings ni ad-libs,0.9192753401034024
sans featurings ni ad-libs,0.8944716937191318
sans featurings ni ad-libs,0.9716698368239047
sans featurings ni ad-libs,0.9511519241746338
sans featurings ni ad-libs,0.9444461058083187
sans featurings ni ad-libs,0.9662637129189698
sans featurings ni ad-libs,0.9328434856494351
sans featurings ni ad-libs,0.9527038710734725
sans featurings ni ad-libs,0.9706682990459244
sans featurings ni ad-libs,0.9409996198018173
sans featurings ni ad-libs,1.0002210125892526
sans featurings ni ad-libs,0.9477843856350948
sans featurings ni ad-libs,0.9507450882476914
sans featurings ni ad-libs,0.9931656800510019
sans featurings ni ad-libs,0.9710041397043377
sans featurings ni ad-libs,0.9506070340603295
sans featurings ni ad-libs,0.983036297935338
sans featurings ni ad-libs,0.9766674760195282
sans featurings ni ad-libs,0.9733591945301092
sans featurings ni ad-libs,0.8976305332203663
sans featurings ni ad-libs,0.9544557819288502
sans featurings ni ad-libs,0.9786107976898321
sans featurings ni ad-libs,0.9379740010296784
sans featurings ni ad-libs,0.9179983353797218
sans featurings ni ad-libs,0.9727476939360641
sans featurings ni ad-libs,0.9504742131903754
sans featurings ni ad-libs,0.9753845054578943
sans featurings ni ad-libs,0.9338128757716505
sans featurings ni ad-libs,0.9685220981111026
sans featurings ni ad-libs,0.9757119592606792
sans featurings ni ad-libs,0.9570892747402197
sans featurings ni ad-libs,0.9691951648393846
sans featurings ni ad-libs,0.975324801399177
sans featurings ni ad-libs,0.9228614810343835
sans featurings ni ad-libs,0.949022565289804
sans featurings ni ad-libs,0.9632554217415836
sans featurings ni ad-libs,0.9530227063803045
sans featurings ni ad-libs,0.9640224552147357
sans featurings ni ad-libs,0.9964391801552069
sans featurings ni ad-libs,0.9760826131886964
sans featurings ni ad-libs,0.9267438054163972
sans featurings ni ad-libs,0.9554788913575276
sans featurings ni ad-libs,0.9359515845229444
sans featurings ni ad-libs,0.9548723203085469
sans featurings ni ad-libs,0.933924616942182
sans featurings ni ad-libs,0.9348022865035897
sans featurings ni ad-libs,0.9538220927991861
sans featurings ni ad-libs,0.9970855964993337
sans featurings ni ad-libs,0.9356926440478026
sans featurings ni ad-libs,1.039453876779414
sans featurings ni ad-libs,0.9406260355053103
sans featurings ni ad-libs,0.9612466101481499
sans featurings ni ad-libs,0.9615009256292473
sans featurings ni ad-libs,0.9482737110469732
sans featurings ni ad-libs,0.9861077773142622
sans featurings ni ad-libs,0.9706873222973869
sans featurings ni ad-libs,0.9549029077983161
sans featurings ni ad-libs,0.9549392671315546
sans featurings ni ad-libs,0.9715492038694904
sans featurings ni ad-libs,1.0024253773189453
sans featurings ni ad-libs,0.9319777288334063
sans featurings ni ad-libs,0.9804770641356455
sans featurings ni ad-libs,0.9753293714885914
sans featurings ni ad-libs,0.932001187426798
sans featurings ni ad-libs,0.9623313491700372
sans featurings ni ad-libs,0.9456960256301721
sans featurings ni ad-libs,0.9544615217423391
sans featurings ni ad-libs,0.9280269143341826
sans featurings ni ad-libs,0.9592768932328112
sans featurings ni ad-libs,1.0112516292347642
sans featurings ni ad-libs,1.0158108505411794
sans featurings ni ad-libs,0.9200915003300739
sans featurings ni ad-libs,0.8965821653391164
sans featurings ni ad-libs,0.9722744678461807
sans featurings ni ad-libs,0.9555600110099276
sans featurings ni ad-libs,0.9038799808448836
sans featurings ni ad-libs,0.9415803752200377
sans featurings ni ad-libs,1.0087934156436915
sans featurings ni ad-libs,0.985091500857983
sans featurings ni ad-libs,0.9258222193835334
sans featurings ni ad-libs,0.9429787705922226
sans featurings ni ad-libs,0.9640433717300856
sans featurings ni ad-libs,0.9520638131637531
sans featurings ni ad-libs,0.9598171438091992
sans featurings ni ad-libs,1.0062017977050237
sans featurings ni ad-libs,0.950275005015301
sans featurings ni ad-libs,0.9228343459468547
sans featurings ni ad-libs,0.9925591514845482
sans featurings ni ad-libs,0.9777300472479634
sans featurings ni ad-libs,0.9627554197862874
sans featurings ni ad-libs,0.9793160510552581
sans featurings ni ad-libs,0.9322458754449552
sans featurings ni ad-libs,0.9703244915388849
sans featurings ni ad-libs,0.9437632872749409
sans featurings ni ad-libs,0.9299330004049098
sans featurings ni ad-libs,0.9507376489891517
sans featurings ni ad-libs,0.952981743315889
sans featurings ni ad-libs,0.9565671362688329
sans featurings ni ad-libs,0.9559625411786841
sans featurings ni ad-libs,0.924833969391877
sans featurings ni ad-libs,0.9810640048084327
sans featurings ni ad-libs,0.9487803306102819
sans featurings ni ad-libs,0.9959166668754579
sans featurings ni ad-libs,0.9598334668309234
sans featurings ni ad-libs,0.9458014134488822
sans featurings ni ad-libs,0.9891536199139875
sans featurings ni ad-libs,0.9473745190619679
sans featurings ni ad-libs,0.9579132550912934
sans featurings ni ad-libs,0.9398580096972177
sans featurings ni ad-libs,0.9377447942546294
sans featurings ni ad-libs,0.9786147079138263
sans featurings ni ad-libs,1.005521406250208
sans featurings ni ad-libs,1.0064614801584972
sans featurings ni ad-libs,0.9757230277620366
sans featurings ni ad-libs,0.9297699154096616
sans featurings ni ad-libs,0.9730865180473436
sans featurings ni ad-libs,0.9625991551087548
sans featurings ni ad-libs,0.9739488951371019
sans featurings ni ad-libs,0.969945855705556
sans featurings ni ad-libs,0.9509479521353144
sans featurings ni ad-libs,0.9451443397450529
sans featurings ni ad-libs,0.9346870941915761
sans featurings ni ad-libs,0.9247167291602172
sans featurings ni ad-libs,0.9774641429548205
sans featurings ni ad-libs,0.970487052411103
sans featurings ni ad-libs,0.9421222222004141
sans featurings ni ad-libs,0.9383155371156339
sans featurings ni ad-libs,1.016689147755108
sans featurings ni ad-libs,1.001592194801109
sans featurings ni ad-libs,0.9192384543223513
sans featurings ni ad-libs,0.9783177503820647
sans featurings ni ad-libs,0.9792466077885287
sans featurings ni ad-libs,0.9515703964114015
sans featurings ni ad-libs,0.989961840696464
sans featurings ni ad-libs,0.957616757445262
sans featurings ni ad-libs,0.9604082818023104
sans featurings ni ad-libs,0.9698319643055486
sans featurings ni ad-libs,0.972189153644788
sans featurings ni ad-libs,0.999476191566212
sans featurings ni ad-libs,0.9768736944723504
sans featurings ni ad-libs,0.9392877409812634
sans featurings ni ad-libs,0.9119561048334941
sans featurings ni ad-libs,0.965535374879628
sans featurings ni ad-libs,0.9630889930057943
sans featurings ni ad-libs,0.9465844496233486
sans featurings ni ad-libs,0.9824290431547543
sans featurings ni ad-libs,0.9265986284293828
sans featurings ni ad-libs,0.9373873635677068
sans featurings ni ad-libs,0.9492376385136789
sans featurings ni ad-libs,0.8648941844643927
sans featurings ni ad-libs,0.9620018677230449
sans featurings ni ad-libs,0.970349991813365
sans featurings ni ad-libs,0.9785288036275471
sans featurings ni ad-libs,0.9626046552689549
sans featurings ni ad-libs,0.9532012887261826
sans featurings ni ad-libs,0.9888061348102701
sans featurings ni ad-libs,0.9567280788514603
sans featurings ni ad-libs,0.9298223107886031
sans featurings ni ad-libs,0.9891529584822043
sans featurings ni ad-libs,0.9884414109520614
sans featurings ni ad-libs,0.9918048929027152
sans featurings ni ad-libs,0.9825866427227232
sans featurings ni ad-libs,0.9870923571646945
sans featurings ni ad-libs,0.9881969220627276
sans featurings ni ad-libs,0.9201749148184771
sans featurings ni ad-libs,0.9832796511428774
sans featurings ni ad-libs,0.9740567085166539
sans featurings ni ad-libs,0.9899136083265584
sans featurings ni ad-libs,0.9971146986379933
sans featurings ni ad-libs,0.9966150530123798
sans featurings ni ad-libs,0.9243317567475635
sans featurings ni ad-libs,0.9800649106311072
sans featurings ni ad-libs,0.9803657395351723
sans featurings ni ad-libs,0.9300248888226027
sans featurings ni ad-libs,0.9583166769434665
sans featurings ni ad-libs,1.003406451184525
sans featurings ni ad-libs,0.9601367393880581
sans featurings ni ad-libs,1.002458974076078
sans featurings ni ad-libs,0.9422015413922937
sans featurings ni ad-libs,0.9687426840761528
sans featurings ni ad-libs,0.9418332706599336
sans featurings ni ad-libs,0.9426021890844145
sans featurings ni ad-libs,0.9401122950976458
sans featurings ni ad-libs,0.9581168649189021
sans featurings ni ad-libs,0.9392428769095289
sans featurings ni ad-libs,0.9611142167476292
sans featurings ni ad-libs,0.9276090707598552
sans featurings ni ad-libs,0.9846296228418344
sans featurings ni ad-libs,0.9532090539511686
sans featurings ni ad-libs,0.978002569271852
sans featurings ni ad-libs,0.9308328390179831
sans featurings ni ad-libs,0.9744613693720092
sans featurings ni ad-libs,0.9884190016996953
sans featurings ni ad-libs,0.9671666223421669
sans featurings ni ad-libs,0.9945815556662417
sans featurings ni ad-libs,0.9630042987174317
sans featurings ni ad-libs,0.9320998808558514
sans featurings ni ad-libs,1.0153714482279241
sans featurings ni ad-libs,0.9757301312295119
sans featurings ni ad-libs,0.9545802280335083
sans featurings ni ad-libs,1.0281046889453658
sans featurings ni ad-libs,0.9612971958103412
sans featurings ni ad-libs,0.9527342492713524
sans featurings ni ad-libs,0.9475500945982538
sans featurings ni ad-libs,0.9527404532951577
sans featurings ni ad-libs,0.9602246796289656
sans featurings ni ad-libs,0.9303719811066816
sans featurings ni ad-libs,0.9679367732486436
sans featurings ni ad-libs,0.8648941844643927
sans featurings ni ad-libs,0.9667047826625255
sans featurings ni ad-libs,0.952154367396038
sans featurings ni ad-libs,0.9259377059826942
sans featurings ni ad-libs,0.9222545620750493
sans featurings ni ad-libs,0.9271414186689396
sans featurings ni ad-libs,0.9407891585872777
sans featurings ni ad-libs,0.9590523055710106
sans featurings ni ad-libs,0.9760799254798924
sans featurings ni ad-libs,0.9545214884725461
sans featurings ni ad-libs,0.9192753401034024
sans featurings ni ad-libs,0.9932338857578756
sans featurings ni ad-libs,0.939035394132514
sans featurings ni ad-libs,0.9760756579550984
sans featurings ni ad-libs,0.948539736831704
sans featurings ni ad-libs,0.9872925074960842
sans featurings ni ad-libs,0.9709520470317136
sans featurings ni ad-libs,0.9499560509287233
sans featurings ni ad-libs,0.8830197032691751
sans featurings ni ad-libs,0.9792087885883484
sans featurings ni ad-libs,0.9825320985076527
sans featurings ni ad-libs,1.0170265608660454
sans featurings ni ad-libs,0.8976305332203663
sans featurings ni ad-libs,0.9580300043123757
sans featurings ni ad-libs,0.9913663270385731
sans featurings ni ad-libs,1.013757018812432
sans featurings ni ad-libs,0.9571007290678033
sans featurings ni ad-libs,0.9416777191468666
sans featurings ni ad-libs,0.9514355630360666
sans featurings ni ad-libs,0.9624250808878773
sans featurings ni ad-libs,0.9633266993455937
sans featurings ni ad-libs,0.9523701197219155
sans featurings ni ad-libs,0.9348891577479997
sans featurings ni ad-libs,0.9664032280879722
sans featurings ni ad-libs,0.9928816154988779
sans featurings ni ad-libs,0.9437632872749409
sans featurings ni ad-libs,0.9462450753886907
sans featurings ni ad-libs,1.0020638464884133
sans featurings ni ad-libs,0.9722744678461807
sans featurings ni ad-libs,0.950442325060697
sans featurings ni ad-libs,0.9834244811929557
sans featurings ni ad-libs,1.0013622900843695
sans featurings ni ad-libs,0.9114960239915688
sans featurings ni ad-libs,0.9872875923592926
sans featurings ni ad-libs,0.9400042271518187
sans featurings ni ad-libs,0.9260693541658551
sans featurings ni ad-libs,1.0252263613373802
sans featurings ni ad-libs,0.990328019327357
sans featurings ni ad-libs,0.9769124720313137
sans featurings ni ad-libs,0.9876975874520509
sans featurings ni ad-libs,0.9360154405720523
sans featurings ni ad-libs,0.957394548362236
sans featurings ni ad-libs,0.9877773133416236
sans featurings ni ad-libs,0.9233458025724952
sans featurings ni ad-libs,0.9343883678124438
sans featurings ni ad-libs,0.952154367396038
sans featurings ni ad-libs,0.9126251580688869
sans featurings ni ad-libs,0.9387481806188401
sans featurings ni ad-libs,0.9306067890641192
sans featurings ni ad-libs,0.9190583949919197
sans featurings ni ad-libs,0.9298374723421331
sans featurings ni ad-libs,0.9511811773401345
sans featurings ni ad-libs,0.9129545999009125
sans featurings ni ad-libs,0.9860268907938541
sans featurings ni ad-libs,0.9074360035130965
sans featurings ni ad-libs,0.9458223752188053
sans featurings ni ad-libs,0.9704740572729762
sans featurings ni ad-libs,0.9667230933619364
sans featurings ni ad-libs,0.9300641737257563
sans featurings ni ad-libs,0.9482952180741169
sans featurings ni ad-libs,0.9583776552979905
sans featurings ni ad-libs,1.0043405579933153
sans featurings ni ad-libs,0.9809265670695336
sans featurings ni ad-libs,0.9731140082960356
sans featurings ni ad-libs,0.9694753485600344
sans featurings ni ad-libs,0.9837539899482386
sans featurings ni ad-libs,0.9374468586979819
sans featurings ni ad-libs,0.9097205158886237
sans featurings ni ad-libs,0.9999840247079615
sans featurings ni ad-libs,0.988196928974201
sans featurings ni ad-libs,0.9375490381789364
sans featurings ni ad-libs,0.9705268497364661
sans featurings ni ad-libs,0.9849324259285632
sans featurings ni ad-libs,0.9814966569112638
sans featurings ni ad-libs,0.9388607042091713
sans featurings ni ad-libs,1.0006775202945615
sans featurings ni ad-libs,0.9580054961329526
sans featurings ni ad-libs,0.9705115192689593
sans featurings ni ad-libs,0.9713648822956574
sans featurings ni ad-libs,0.9691249328535726
sans featurings ni ad-libs,0.9506875859645405
sans featurings ni ad-libs,0.9717495408223159
sans featurings ni ad-libs,0.9330452193688328
sans featurings ni ad-libs,0.9853033046273192
sans featurings ni ad-libs,0.986221904776245
sans featurings ni ad-libs,0.9208253915362286
sans featurings ni ad-libs,0.9862774065310309
sans featurings ni ad-libs,1.001828553684822
sans featurings ni ad-libs,1.0087612669854746
sans featurings ni ad-libs,0.9587218567334537
sans featurings ni ad-libs,0.9952248524467251
sans featurings ni ad-libs,0.9312388541688349
sans featurings ni ad-libs,0.9668257726943948
sans featurings ni ad-libs,0.981642138285316
sans featurings ni ad-libs,0.9930197783338328
sans featurings ni ad-libs,0.9458014134488822
sans featurings ni ad-libs,0.9940144329799829
sans featurings ni ad-libs,0.953692015735683
sans featurings ni ad-libs,0.9802618108774905
sans featurings ni ad-libs,0.9423209691486428
sans featurings ni ad-libs,0.9725792532626678
sans featurings ni ad-libs,0.9770683653293532
sans featurings ni ad-libs,0.9249941988085408
sans featurings ni ad-libs,0.9854946165685784
sans featurings ni ad-libs,0.9624810047806467
sans featurings ni ad-libs,0.9783177503820647
sans featurings ni ad-libs,0.9452954342270603
sans featurings ni ad-libs,0.9900158993680687
sans featurings ni ad-libs,0.8957088022265602
sans featurings ni ad-libs,0.9129545999009125
sans featurings ni ad-libs,0.9573789122192359
sans featurings ni ad-libs,0.9818387967950365
sans featurings ni ad-libs,0.9713093669552717
sans featurings ni ad-libs,0.9347707833762383
sans featurings ni ad-libs,0.9235626961598418
sans featurings ni ad-libs,1.0020658910100133
sans featurings ni ad-libs,0.941172453808579
sans featurings ni ad-libs,0.9109124312862577
sans featurings ni ad-libs,0.9559462633823238
sans featurings ni ad-libs,0.9710438069710834
sans featurings ni ad-libs,0.953458833633031
sans featurings ni ad-libs,0.9647619575058787
sans featurings ni ad-libs,0.9941928657845003
sans featurings ni ad-libs,0.9821703516746836
sans featurings ni ad-libs,0.9505518173478239
sans featurings ni ad-libs,0.9772374355699521
sans featurings ni ad-libs,0.9653268508296364
sans featurings ni ad-libs,0.925574644365835
sans featurings ni ad-libs,0.9544287867721646
sans featurings ni ad-libs,0.9059617523832425
sans featurings ni ad-libs,0.9487088134421228
sans featurings ni ad-libs,0.9281127000006604
sans featurings ni ad-libs,0.97190016775852
sans featurings ni ad-libs,0.9761523833581855
sans featurings ni ad-libs,1.0354898111674296
sans featurings ni ad-libs,0.9577752052177467
sans featurings ni ad-libs,0.96035998799
sans featurings ni ad-libs,0.9514230709308601
sans featurings ni ad-libs,0.986684892047017
sans featurings ni ad-libs,0.9958052145565323
sans featurings ni ad-libs,0.9843297250286319
sans featurings ni ad-libs,0.9134842239596205
sans featurings ni ad-libs,1.0007849719943047
sans featurings ni ad-libs,0.9021624909445027
sans featurings ni ad-libs,0.9212041664865536
sans featurings ni ad-libs,0.9895027981352035
sans featurings ni ad-libs,0.9762975968755585
sans featurings ni ad-libs,0.9567773625786138
sans featurings ni ad-libs,0.9135254744025516
sans featurings ni ad-libs,0.9108339958929205
sans featurings ni ad-libs,0.939562445470015
sans featurings ni ad-libs,0.9636655344459802
sans featurings ni ad-libs,0.9654036272575681
sans featurings ni ad-libs,0.9374871160728115
sans featurings ni ad-libs,0.9463091261053145
sans featurings ni ad-libs,0.9875965903353369
sans featurings ni ad-libs,0.9364983024446251
sans featurings ni ad-libs,0.9687020145845306
sans featurings ni ad-libs,0.9752376170257403
sans featurings ni ad-libs,0.9217329423876489
sans featurings ni ad-libs,0.9440117400822445
sans featurings ni ad-libs,0.9488022397353437
sans featurings ni ad-libs,0.9672552605971787
sans featurings ni ad-libs,0.9747726706534041
sans featurings ni ad-libs,0.943762406729804
sans featurings ni ad-libs,0.9701227312951772
sans featurings ni ad-libs,0.9109922945908162
sans featurings ni ad-libs,0.9480438787627391
sans featurings ni ad-libs,0.9834421661329746
sans featurings ni ad-libs,0.9323136448351061
sans featurings ni ad-libs,0.9765965306529794
sans featurings ni ad-libs,0.9561054097000257
sans featurings ni ad-libs,0.9319858381192385
sans featurings ni ad-libs,0.975615923517091
sans featurings ni ad-libs,0.963132800152513
sans featurings ni ad-libs,0.9155873891174078
sans featurings ni ad-libs,0.9429229157557872
sans featurings ni ad-libs,0.9289655890890577
sans featurings ni ad-libs,0.9757269503037144
sans featurings ni ad-libs,0.9667563478040222
sans featurings ni ad-libs,0.9276198496716664
sans featurings ni ad-libs,0.9676590692352898
sans featurings ni ad-libs,0.9781790749350634
sans featurings ni ad-libs,1.0221598244571217
sans featurings ni ad-libs,0.9491997563165377
sans featurings ni ad-libs,0.9431866240604896
sans featurings ni ad-libs,0.9977587220424573
sans featurings ni ad-libs,0.9081763340031057
sans featurings ni ad-libs,0.9969411679864764
sans featurings ni ad-libs,0.9502042924187551
sans featurings ni ad-libs,0.9650841466895763
sans featurings ni ad-libs,0.9848876804147559
sans featurings ni ad-libs,0.9999612224278179
sans featurings ni ad-libs,0.9849426590065182
sans featurings ni ad-libs,0.939562445470015
sans featurings ni ad-libs,1.004813487102811
sans featurings ni ad-libs,0.9400406058021483
sans featurings ni ad-libs,0.9569961489324097
sans featurings ni ad-libs,0.9514714785353351
sans featurings ni ad-libs,0.977380219702542
sans featurings ni ad-libs,0.9991810237276264
sans featurings ni ad-libs,0.9831163113343236
sans featurings ni ad-libs,0.9435809833852458
sans featurings ni ad-libs,1.0143103109640215
sans featurings ni ad-libs,1.0022574393893258
sans featurings ni ad-libs,0.9704252469978386
sans featurings ni ad-libs,0.9096469715874064
sans featurings ni ad-libs,0.9179041008616062
sans featurings ni ad-libs,0.9549481537240051
sans featurings ni ad-libs,0.9661930113045321
sans featurings ni ad-libs,0.9933113001228416
sans featurings ni ad-libs,0.9866920598667103
sans featurings ni ad-libs,0.9600189546136938
sans featurings ni ad-libs,1.0165298756273302
sans featurings ni ad-libs,0.9707128226274209
sans featurings ni ad-libs,0.9844360408254457
sans featurings ni ad-libs,0.9793365322493568
sans featurings ni ad-libs,0.9894463692735235
sans featurings ni ad-libs,0.9577695429922153
sans featurings ni ad-libs,0.9919093797502189
sans featurings ni ad-libs,0.9899637476977071
sans featurings ni ad-libs,0.9599671539928878
sans featurings ni ad-libs,0.9741080948445666
sans featurings ni ad-libs,0.9851888418676308
sans featurings ni ad-libs,0.937452130806279
sans featurings ni ad-libs,0.9952358346930523
sans featurings ni ad-libs,0.911210539709497
sans featurings ni ad-libs,0.9746608286358591
sans featurings ni ad-libs,0.952009434189371
sans featurings ni ad-libs,0.9911924051608964
sans featurings ni ad-libs,0.9465729541179857
sans featurings ni ad-libs,0.9487251193263135
sans featurings ni ad-libs,0.9471748300128795
sans featurings ni ad-libs,0.9723729784115195
sans featurings ni ad-libs,0.9790749837727019
sans featurings ni ad-libs,0.9524663273848812
sans featurings ni ad-libs,0.9621764376070066
sans featurings ni ad-libs,0.9771257013318015
sans featurings ni ad-libs,0.9694585488312553
sans featurings ni ad-libs,0.9584769252993809
sans featurings ni ad-libs,0.9394335538758287
sans featurings ni ad-libs,0.9667496640810417
sans featurings ni ad-libs,0.9937406909654378
sans featurings ni ad-libs,0.9185689612568313
sans featurings ni ad-libs,0.9623905725466987
sans featurings ni ad-libs,0.9338807211683567
sans featurings ni ad-libs,0.8778170528701229
sans featurings ni ad-libs,0.9434987543644124
sans featurings ni ad-libs,0.98309715786867
sans featurings ni ad-libs,0.9169551343944193
sans featurings ni ad-libs,0.9574500041744813
sans featurings ni ad-libs,0.9964651412469044
sans featurings ni ad-libs,0.9689933433816017
sans featurings ni ad-libs,0.9320260971309898
sans featurings ni ad-libs,0.9517699678676862
sans featurings ni ad-libs,1.0008089652844465
sans featurings ni ad-libs,0.9069436923398078
sans featurings ni ad-libs,0.999873840110559
sans featurings ni ad-libs,0.9817271600736989
sans featurings ni ad-libs,0.9508817313995473
sans featurings ni ad-libs,0.9789680639438159
sans featurings ni ad-libs,0.973725629791368
sans featurings ni ad-libs,0.9352023298736978
sans featurings ni ad-libs,0.9424685811990027
sans featurings ni ad-libs,0.9416173738968502
sans featurings ni ad-libs,0.9550534581291807
sans featurings ni ad-libs,0.9625719186104158
sans featurings ni ad-libs,0.9192401352123485
sans featurings ni ad-libs,0.9661563731363884
sans featurings ni ad-libs,0.9487003538793927
sans featurings ni ad-libs,0.9752504795717895
sans featurings ni ad-libs,0.9397910711933118
sans featurings ni ad-libs,0.924318935462064
sans featurings ni ad-libs,0.9614779182197825
sans featurings ni ad-libs,0.9558869496612796
sans featurings ni ad-libs,0.9523701197219155
sans featurings ni ad-libs,0.9870557650077249
sans featurings ni ad-libs,0.9719849449856696
sans featurings ni ad-libs,0.9472516243935925
sans featurings ni ad-libs,0.9147814317702329
sans featurings ni ad-libs,0.9591302319501265
sans featurings ni ad-libs,0.9872455826284927
sans featurings ni ad-libs,0.9895344330400816
sans featurings ni ad-libs,0.9776676326420846
sans featurings ni ad-libs,0.9264330812422268
sans featurings ni ad-libs,1.0253159760831074
sans featurings ni ad-libs,0.9875654260874313
sans featurings ni ad-libs,0.9237760507690453
sans featurings ni ad-libs,0.9941843903090137
sans featurings ni ad-libs,0.9037292301915566
sans featurings ni ad-libs,0.9544642505117296
sans featurings ni ad-libs,0.9419300842987122
sans featurings ni ad-libs,0.959177302448274
sans featurings ni ad-libs,0.9591266755743459
sans featurings ni ad-libs,0.9721347704208807
sans featurings ni ad-libs,1.0047616305946554
sans featurings ni ad-libs,0.9680570446345034
sans featurings ni ad-libs,0.9883735004323874
sans featurings ni ad-libs,0.9623880642044934
sans featurings ni ad-libs,1.0117832993728872
sans featurings ni ad-libs,0.9713077547572616
sans featurings ni ad-libs,1.002686521073557
sans featurings ni ad-libs,1.0183398560397938
sans featurings ni ad-libs,0.9744050655933665
sans featurings ni ad-libs,0.9890077430212036
sans featurings ni ad-libs,0.9867996525483201
sans featurings ni ad-libs,0.9480710144119437
sans featurings ni ad-libs,0.9892123891250083
sans featurings ni ad-libs,0.9765960716254554
sans featurings ni ad-libs,0.9240167655167143
sans featurings ni ad-libs,0.9969555195397599
sans featurings ni ad-libs,0.9898679785173802
sans featurings ni ad-libs,0.9611719937408232
sans featurings ni ad-libs,0.9242552734787637
sans featurings ni ad-libs,0.936286854568321
sans featurings ni ad-libs,0.9550947057205968
sans featurings ni ad-libs,0.9607501026668053
sans featurings ni ad-libs,0.9511240910727399
sans featurings ni ad-libs,0.9487792224680771
sans featurings ni ad-libs,0.9573203781562604
sans featurings ni ad-libs,0.9586177840295315
sans featurings ni ad-libs,0.9380484939448304
sans featurings ni ad-libs,0.9505135175042381
sans featurings ni ad-libs,0.9914495322061926
sans featurings ni ad-libs,0.9640224690716339
sans featurings ni ad-libs,0.990402072278682
sans featurings ni ad-libs,0.9585900191707566
sans featurings ni ad-libs,0.9461276263207005
sans featurings ni ad-libs,0.9639835798824546
sans featurings ni ad-libs,0.9782858469359267
sans featurings ni ad-libs,0.9391732022298283
sans featurings ni ad-libs,0.9469806692688556
sans featurings ni ad-libs,0.9805573117733244
sans featurings ni ad-libs,0.9470172651682341
sans featurings ni ad-libs,0.9488862502023656
sans featurings ni ad-libs,0.9993935506795225
sans featurings ni ad-libs,0.9462579863675412
sans featurings ni ad-libs,0.9341004004610047
sans featurings ni ad-libs,0.9538533176398583
sans featurings ni ad-libs,0.9792324800909883
sans featurings ni ad-libs,0.9532258507388437
sans featurings ni ad-libs,0.9789615156129439
sans featurings ni ad-libs,0.989250276524872
sans featurings ni ad-libs,0.950685172254115
sans featurings ni ad-libs,0.9454467483450429
sans featurings ni ad-libs,0.9745340010277842
sans featurings ni ad-libs,0.9855014804532342
sans featurings ni ad-libs,0.931975420678031
sans featurings ni ad-libs,0.9998955992911623
sans featurings ni ad-libs,0.9067815969388291
sans featurings ni ad-libs,0.9652900641507872
sans featurings ni ad-libs,0.9802268528446988
sans featurings ni ad-libs,0.9215506716412961
sans featurings ni ad-libs,0.9584520223599577
sans featurings ni ad-libs,0.9407063141749394
sans featurings ni ad-libs,0.946605114548695
sans featurings ni ad-libs,0.9609293191563781
sans featurings ni ad-libs,0.9572807382288051
sans featurings ni ad-libs,0.9695105223798558
sans featurings ni ad-libs,0.9850258153800144
sans featurings ni ad-libs,0.9790234335295258
sans featurings ni ad-libs,0.9764986986569067
sans featurings ni ad-libs,0.98701186891758
sans featurings ni ad-libs,0.9546896057273129
sans featurings ni ad-libs,1.0165298756273302
sans featurings ni ad-libs,0.9355942824626197
sans featurings ni ad-libs,0.9975024827915348
sans featurings ni ad-libs,0.9519671027099801
sans featurings ni ad-libs,0.9476723649295393
sans featurings ni ad-libs,0.9882369496406745
sans featurings ni ad-libs,0.956597764719781
sans featurings ni ad-libs,0.9341126275279638
sans featurings ni ad-libs,0.9316069693861084
sans featurings ni ad-libs,0.9982272489284926
sans featurings ni ad-libs,0.9411189941494087
sans featurings ni ad-libs,0.9877162401840497
sans featurings ni ad-libs,0.9386514270965328
sans featurings ni ad-libs,0.9529244798885936
sans featurings ni ad-libs,0.991936456872054
sans featurings ni ad-libs,0.9417704072265474
sans featurings ni ad-libs,0.9529865298311911
sans featurings ni ad-libs,0.9855570229673319
sans featurings ni ad-libs,0.9270372670233279
sans featurings ni ad-libs,0.9704922012490299
sans featurings ni ad-libs,0.9499754623006301
sans featurings ni ad-libs,0.9469650789953732
sans featurings ni ad-libs,0.9607458752193805
sans featurings ni ad-libs,0.9317313165803224
sans featurings ni ad-libs,0.9867059678983681
sans featurings ni ad-libs,0.9193778845753579
sans featurings ni ad-libs,0.9527829751046981
sans featurings ni ad-libs,0.9973911359571277
sans featurings ni ad-libs,0.9418269521522769
sans featurings ni ad-libs,0.9297901099498387
sans featurings ni ad-libs,0.9493450410581067
sans featurings ni ad-libs,1.0143103611695092
sans featurings ni ad-libs,0.9812879894869599
sans featurings ni ad-libs,0.9373272913000636
sans featurings ni ad-libs,0.9509774118330905
sans featurings ni ad-libs,0.9288622486099519
sans featurings ni ad-libs,1.0261641765184413
sans featurings ni ad-libs,0.9408632257027808
sans featurings ni ad-libs,0.9527759823256584
sans featurings ni ad-libs,0.9806073043927197
sans featurings ni ad-libs,0.9972029604299208
sans featurings ni ad-libs,1.0130771161866086
sans featurings ni ad-libs,0.980806430944646
sans featurings ni ad-libs,0.9410673509629877
sans featurings ni ad-libs,0.9489816753806553
sans featurings ni ad-libs,1.0426460948155536
sans featurings ni ad-libs,0.9369234111394493
sans featurings ni ad-libs,0.9379540923082521
sans featurings ni ad-libs,1.014613875614382
sans featurings ni ad-libs,0.9855458110952181
sans featurings ni ad-libs,0.9611142167476292
sans featurings ni ad-libs,0.9489957892997286
sans featurings ni ad-libs,0.9626981850026958
sans featurings ni ad-libs,0.9440227582925562
sans featurings ni ad-libs,0.9259921491487476
sans featurings ni ad-libs,0.9279939860595096
sans featurings ni ad-libs,0.9614323268356058
sans featurings ni ad-libs,0.9176575230614918
sans featurings ni ad-libs,0.9953622323610722
sans featurings ni ad-libs,0.975633480901943
sans featurings ni ad-libs,0.9824925115641979
sans featurings ni ad-libs,0.945088164548999
sans featurings ni ad-libs,0.936974434053282
sans featurings ni ad-libs,0.9356736955990327
sans featurings ni ad-libs,0.8837332918814896
sans featurings ni ad-libs,0.9792087885883484
sans featurings ni ad-libs,0.9333332985274719
sans featurings ni ad-libs,0.9231509325928338
sans featurings ni ad-libs,0.9570346240100142
sans featurings ni ad-libs,0.9557121092147892
sans featurings ni ad-libs,0.9510638774818945
sans featurings ni ad-libs,0.9556898078851355
sans featurings ni ad-libs,0.9223649953224693
sans featurings ni ad-libs,0.953054055558652
sans featurings ni ad-libs,0.9603629388458242
sans featurings ni ad-libs,0.9245066239321962
sans featurings ni ad-libs,0.9502245110181596
sans featurings ni ad-libs,0.9684535053996398
sans featurings ni ad-libs,0.9563063933363433
sans featurings ni ad-libs,0.9791416628778948
sans featurings ni ad-libs,0.9366205828016028
sans featurings ni ad-libs,0.9525159928599762
sans featurings ni ad-libs,0.9553083568046595
sans featurings ni ad-libs,0.9679194719477532
sans featurings ni ad-libs,0.9450752331030526
sans featurings ni ad-libs,0.9432467020172358
sans featurings ni ad-libs,0.9250324263911862
sans featurings ni ad-libs,0.931053056300163
sans featurings ni ad-libs,0.9464426967642008
sans featurings ni ad-libs,1.004329964757871
sans featurings ni ad-libs,0.9187238371668583
sans featurings ni ad-libs,0.9757091332192874
sans featurings ni ad-libs,0.9717004208935971
sans featurings ni ad-libs,0.9313707633086323
sans featurings ni ad-libs,0.9538135403902558
sans featurings ni ad-libs,0.9370930612206856
sans featurings ni ad-libs,0.9766106923960466
sans featurings ni ad-libs,0.9692943863129639
sans featurings ni ad-libs,0.9201749148184771
sans featurings ni ad-libs,0.9314451880524145
sans featurings ni ad-libs,0.9484951925712836
sans featurings ni ad-libs,0.9679156884459061
sans featurings ni ad-libs,1.022887823841187
sans featurings,0.9255724269601494
sans featurings,0.9343589066134316
sans featurings,0.9213157198411662
sans featurings,0.9402741758303366
sans featurings,0.9773884028801013
sans featurings,0.914937910840742
sans featurings,0.9312799031689323
sans featurings,0.941711011846092
sans featurings,0.9740377981486831
sans featurings,0.9625834645001746
sans featurings,0.9910912552876807
sans featurings,0.9409457884556214
sans featurings,1.0263702547619082
sans featurings,0.93791677913823
sans featurings,0.9593314607653928
sans featurings,0.946240721985764
sans featurings,0.975844255569667
sans featurings,0.9749465131050018
sans featurings,0.9630059801440235
sans featurings,0.9794320972323649
sans featurings,0.9419351533574672
sans featurings,1.0169778338442466
sans featurings,0.9730991939032775
sans featurings,0.9460750230883023
sans featurings,0.8898868201195046
sans featurings,0.9423727472325002
sans featurings,0.9760783029765107
sans featurings,0.939480993606312
sans featurings,0.9541221893304487
sans featurings,0.9187899791537883
sans featurings,1.002226503761364
sans featurings,0.9236001763392543
sans featurings,0.9971591323349448
sans featurings,0.9480492748635895
sans featurings,0.9749421575632465
sans featurings,0.9531558426705762
sans featurings,0.9571968651829216
sans featurings,0.9442425124885785
sans featurings,0.9555155200721773
sans featurings,0.9376409622544656
sans featurings,0.9808919158766938
sans featurings,0.9203312888259648
sans featurings,0.9755680077775948
sans featurings,0.9192600825145866
sans featurings,0.9973643601222391
sans featurings,0.9351674543524325
sans featurings,1.0229726716976113
sans featurings,0.9864706277541565
sans featurings,0.990750784058585
sans featurings,0.9732120713757654
sans featurings,0.9223264087485064
sans featurings,0.9912672579878435
sans featurings,1.003001266244738
sans featurings,0.9723015917908204
sans featurings,0.9300022598864794
sans featurings,0.9373833257828457
sans featurings,0.938499015311807
sans featurings,0.9518881379595128
sans featurings,0.9780922237740906
sans featurings,0.9937636340866928
sans featurings,0.9453154177681555
sans featurings,0.9661752168379444
sans featurings,0.9441392565718024
sans featurings,0.9819655363863149
sans featurings,0.9709839863848083
sans featurings,0.982570652248049
sans featurings,1.021012721950758
sans featurings,0.9510619684182133
sans featurings,0.9511042368029301
sans featurings,0.9602081520456607
sans featurings,0.9225137032519986
sans featurings,0.9620522793639591
sans featurings,0.9830475686943794
sans featurings,0.9393840673828144
sans featurings,0.907738099457774
sans featurings,0.9850509369177348
sans featurings,0.929286844852286
sans featurings,0.984821466609271
sans featurings,0.9323416705858962
sans featurings,0.9857018093410418
sans featurings,0.95398406045436
sans featurings,0.9507427992936978
sans featurings,0.9949938757431487
sans featurings,0.9339270586120296
sans featurings,0.9701663115892515
sans featurings,0.9387289241566382
sans featurings,0.9915562159280692
sans featurings,0.9605723836677464
sans featurings,0.982907681259178
sans featurings,0.9570065838073956
sans featurings,0.9339131881199569
sans featurings,0.9262822162866601
sans featurings,0.903193548859919
sans featurings,1.0019747892253792
sans featurings,0.8951931533366932
sans featurings,0.9006745176774757
sans featurings,0.9402787721511566
sans featurings,0.9912133866091574
sans featurings,0.9106559185032503
sans featurings,0.9953897132900067
sans featurings,1.0064859839367375
sans featurings,0.987662495979797
sans featurings,0.9397630193747532
sans featurings,1.006059077783397
sans featurings,0.9553632963545953
sans featurings,0.9507916655279344
sans featurings,0.9760337909704462
sans featurings,0.9465496657830593
sans featurings,0.9752426707522633
sans featurings,0.9105970156703158
sans featurings,0.9812566872947449
sans featurings,0.940825716680928
sans featurings,0.9410912929023255
sans featurings,0.9717145909473441
sans featurings,0.9713748974607251
sans featurings,0.9349409680526247
sans featurings,0.9349433635962583
sans featurings,0.9403505635789368
sans featurings,1.0008105625797445
sans featurings,0.9497921635112017
sans featurings,0.9592181734172814
sans featurings,0.9654355522558571
sans featurings,0.9436354310359281
sans featurings,0.9182782149475555
sans featurings,0.9568131485458299
sans featurings,0.9496715475044638
sans featurings,0.9286875183529809
sans featurings,0.9683221325893777
sans featurings,0.9435790767235763
sans featurings,0.9938278906405217
sans featurings,0.9942284882916704
sans featurings,0.9617451478672836
sans featurings,0.9836236626944642
sans featurings,0.9168704008923195
sans featurings,0.9221494153617238
sans featurings,0.9972816312972995
sans featurings,0.932589234682503
sans featurings,0.9491586198329861
sans featurings,0.9428497405290349
sans featurings,0.976257791585772
sans featurings,0.9172725910154421
sans featurings,0.9840607105559878
sans featurings,0.9575310571120836
sans featurings,0.9789581811223499
sans featurings,0.9753304008819224
sans featurings,0.9336612993446971
sans featurings,0.9635903162294345
sans featurings,0.9789581811223499
sans featurings,0.9290743967425767
sans featurings,1.0182759606004466
sans featurings,0.9966188055261195
sans featurings,0.9594213687571681
sans featurings,0.9468773280995458
sans featurings,0.975844255569667
sans featurings,0.9706522034466221
sans featurings,0.9520278103850144
sans featurings,0.9327343427130557
sans featurings,0.9616358389168039
sans featurings,0.9598226375609701
sans featurings,0.9644666099287058
sans featurings,0.924014836427992
sans featurings,0.9828773136904142
sans featurings,0.9670472507284191
sans featurings,0.9481972049530849
sans featurings,0.943829798688662
sans featurings,0.9406047163972173
sans featurings,0.9358329489514954
sans featurings,1.01686613772679
sans featurings,0.943097885404804
sans featurings,0.9480874331182768
sans featurings,0.9363223868151513
sans featurings,0.9602313688143495
sans featurings,0.9259305534018497
sans featurings,0.9583076974828186
sans featurings,0.9378917595899281
sans featurings,0.9622304148203209
sans featurings,0.9826656487164886
sans featurings,0.8929808968421987
sans featurings,0.9514678286607452
sans featurings,0.9537286869228189
sans featurings,0.9154074058707512
sans featurings,0.9930821584209841
sans featurings,0.9441440062501613
sans featurings,0.9487192359630544
sans featurings,0.9412129670972647
sans featurings,0.9666166527227591
sans featurings,0.9519167056467982
sans featurings,0.9634003459286306
sans featurings,0.9268100755056647
sans featurings,0.9573236520639052
sans featurings,0.9677378439707415
sans featurings,1.0166290523516148
sans featurings,1.002778413926783
sans featurings,0.9072173362620926
sans featurings,0.9529273901968562
sans featurings,0.9914906421269927
sans featurings,0.9597069461684233
sans featurings,1.0107660608669258
sans featurings,0.9241686677140062
sans featurings,1.0170433037020672
sans featurings,0.939204590302645
sans featurings,0.9336290745207237
sans featurings,0.9084230487476587
sans featurings,0.9288701314534912
sans featurings,0.9095453058897381
sans featurings,0.9767974865642941
sans featurings,0.9912187320663184
sans featurings,0.9536502601186736
sans featurings,1.0225802076950599
sans featurings,0.9442592667188712
sans featurings,0.9955087708131503
sans featurings,0.9558108963719134
sans featurings,0.947817381903774
sans featurings,0.9819655363863149
sans featurings,0.9468683498565418
sans featurings,0.9996331804146685
sans featurings,0.9107729949594738
sans featurings,0.9969330816515122
sans featurings,0.943269108855504
sans featurings,0.9641439277521267
sans featurings,0.9782606067311984
sans featurings,0.9547161519884931
sans featurings,1.0096461834242554
sans featurings,0.9683839753825897
sans featurings,0.9403842633016967
sans featurings,0.9275889684911484
sans featurings,0.9803794249399573
sans featurings,0.964332011983972
sans featurings,0.9405142138837309
sans featurings,0.9410912929023255
sans featurings,0.9795628910283216
sans featurings,0.9480374683294587
sans featurings,0.9354406201646408
sans featurings,0.9947928952977783
sans featurings,0.9021530118771198
sans featurings,0.9122463917996202
sans featurings,0.9269646472023099
sans featurings,0.9417697407394843
sans featurings,0.9370762334101269
sans featurings,1.013974373737746
sans featurings,0.9618009330277288
sans featurings,0.9156861520586665
sans featurings,0.9497304219042103
sans featurings,1.0412464775786847
sans featurings,0.9712138837401983
sans featurings,0.9555654343122362
sans featurings,0.9008597237498908
sans featurings,0.9848759274232908
sans featurings,0.9440560831683341
sans featurings,0.9761185532979875
sans featurings,0.9772420100234147
sans featurings,0.953487341419566
sans featurings,0.9820453766466896
sans featurings,0.9628592006722476
sans featurings,0.9633723249104069
sans featurings,0.9153348983683324
sans featurings,1.0215391926106847
sans featurings,0.94199123216594
sans featurings,0.9170367193720772
sans featurings,0.9254282632135234
sans featurings,0.9647696781559791
sans featurings,0.9426228221915162
sans featurings,0.9610992826219386
sans featurings,0.9330016749455508
sans featurings,0.9537850393170004
sans featurings,0.9355598219274028
sans featurings,0.9670022341055391
sans featurings,0.9733981791156793
sans featurings,0.9688226836429016
sans featurings,0.9658986032798645
sans featurings,0.9614639036871142
sans featurings,0.9622680536834155
sans featurings,0.9473300988495271
sans featurings,0.958279855674929
sans featurings,0.9967456794245061
sans featurings,1.0071260539349576
sans featurings,0.9908630808817696
sans featurings,0.9835031113404622
sans featurings,0.9536008096297283
sans featurings,0.9685857015943855
sans featurings,0.9647707044769656
sans featurings,0.9596996277006112
sans featurings,0.9339819096193421
sans featurings,0.9486716902114503
sans featurings,0.9849341726930301
sans featurings,0.9378976331853743
sans featurings,0.9278662429636737
sans featurings,0.9403842633016967
sans featurings,0.9608073874026221
sans featurings,1.027844988044397
sans featurings,0.979598384278559
sans featurings,0.9094842650617995
sans featurings,0.929020491904838
sans featurings,0.93537096003323
sans featurings,0.9066101832643897
sans featurings,0.9661723000539678
sans featurings,0.9659633543975389
sans featurings,0.9225672401681271
sans featurings,0.9675579769181348
sans featurings,0.972734990082336
sans featurings,0.9711727855735087
sans featurings,0.9272082624017665
sans featurings,0.9986386633773399
sans featurings,0.9541221893304487
sans featurings,0.9815644748318241
sans featurings,0.99345473897864
sans featurings,0.9717434885863339
sans featurings,0.9996226273299601
sans featurings,0.9791825877251475
sans featurings,0.9181613753854714
sans featurings,0.9881444084884039
sans featurings,0.9434584615712449
sans featurings,0.999600438292619
sans featurings,0.9252798932057429
sans featurings,0.9561476460552637
sans featurings,0.9603733877733125
sans featurings,0.9234071313351867
sans featurings,0.9530968215426668
sans featurings,0.9593268357687963
sans featurings,0.9580510703507639
sans featurings,0.9784566957900692
sans featurings,0.9107924999416133
sans featurings,0.9250925802104891
sans featurings,0.9668839886559581
sans featurings,0.9943482009136756
sans featurings,0.9309916567181065
sans featurings,0.9185018334057018
sans featurings,0.937329426271708
sans featurings,0.9717664905352805
sans featurings,0.9658126437774017
sans featurings,0.971000769547275
sans featurings,0.9212846001860182
sans featurings,0.9933502513129866
sans featurings,0.9673114851955721
sans featurings,0.9688466988617884
sans featurings,0.969380493564625
sans featurings,0.9132189421566416
sans featurings,0.9844671252745061
sans featurings,0.9351566846627994
sans featurings,0.9731904321529792
sans featurings,0.944775227053848
sans featurings,0.9506410242585178
sans featurings,0.9803794249399573
sans featurings,0.9567346747183149
sans featurings,0.9820809576981889
sans featurings,0.9478210020165114
sans featurings,0.9303889087272601
sans featurings,0.957951914580106
sans featurings,0.8885594649928494
sans featurings,0.9559644007620615
sans featurings,0.9287116078646447
sans featurings,0.9611312024621722
sans featurings,0.9795536186372105
sans featurings,0.9547016406288868
sans featurings,0.9773028499431894
sans featurings,0.9650241058047049
sans featurings,0.9160418769958842
sans featurings,0.9940006134013436
sans featurings,0.9840630311833982
sans featurings,0.9469814273223318
sans featurings,0.94891045732447
sans featurings,0.9677396757771374
sans featurings,0.9452072498349763
sans featurings,0.9516956254966794
sans featurings,0.94769899109196
sans featurings,0.9032193523867718
sans featurings,0.9598071321627939
sans featurings,0.9913776337455968
sans featurings,0.9864722050315918
sans featurings,0.9329331706709841
sans featurings,0.9313118802718241
sans featurings,0.9618840642522
sans featurings,0.9580414685321565
sans featurings,1.0071260539349576
sans featurings,0.9708862181099145
sans featurings,0.969380493564625
sans featurings,1.0025262077772736
sans featurings,0.9353050122394206
sans featurings,0.9578839755240629
sans featurings,0.9444728083449666
sans featurings,0.9450514435806593
sans featurings,0.9459792954349017
sans featurings,0.9713750375789223
sans featurings,0.9598697039217146
sans featurings,0.949930915699772
sans featurings,0.9496994626879338
sans featurings,0.9636457359109307
sans featurings,0.9617819722885868
sans featurings,0.9563320933173635
sans featurings,0.925652641448722
sans featurings,1.0031430125346166
sans featurings,0.9557365976089297
sans featurings,0.9216776184769881
sans featurings,0.9632060378014009
sans featurings,0.9412625847224697
sans featurings,0.9510385342257794
sans featurings,0.95322275116625
sans featurings,0.8987391176644992
sans featurings,0.9558370965210455
sans featurings,1.0295938429683338
sans featurings,0.9482821765772214
sans featurings,0.9722695889561871
sans featurings,0.9900067362178311
sans featurings,0.9869383668791522
sans featurings,0.930864294122685
sans featurings,0.9731934035704548
sans featurings,0.9598965595086955
sans featurings,0.9363039036613843
sans featurings,0.9300313732559594
sans featurings,0.976569029517167
sans featurings,0.9281230686973676
sans featurings,0.9005432802526698
sans featurings,0.9180685128278273
sans featurings,0.9265665066142533
sans featurings,0.9352190987801697
sans featurings,1.0035988032022074
sans featurings,0.9444427617485278
sans featurings,0.9551587418959846
sans featurings,0.9312012652100095
sans featurings,0.9682622483188007
sans featurings,1.0046314613788878
sans featurings,0.9226275549059331
sans featurings,0.9912187320663184
sans featurings,0.9232105200621297
sans featurings,0.9345029866375578
sans featurings,0.9510185784737307
sans featurings,0.9683565811474383
sans featurings,0.9347291970617471
sans featurings,0.9040118789986615
sans featurings,0.9707353988755643
sans featurings,0.9383651422039498
sans featurings,0.9684779029983954
sans featurings,0.9377088310005541
sans featurings,0.9639359378944219
sans featurings,0.972493931391635
sans featurings,0.9369350849663409
sans featurings,0.98556743151107
sans featurings,0.9785687937182367
sans featurings,0.9379703990183691
sans featurings,0.9812991915500371
sans featurings,0.956859115187642
sans featurings,1.0472783875393132
sans featurings,0.9729617026785332
sans featurings,1.0148585301615831
sans featurings,0.9636176337495607
sans featurings,0.951441459272179
sans featurings,0.939657693806801
sans featurings,0.9409727842281412
sans featurings,0.9648901393100419
sans featurings,0.9921438195800764
sans featurings,0.9655475467213196
sans featurings,0.9290118317160607
sans featurings,1.0081235823888466
sans featurings,0.9316924630212556
sans featurings,0.9128971852614567
sans featurings,1.0058693380660664
sans featurings,0.9679415806823813
sans featurings,0.9387234642578259
sans featurings,0.943231007314959
sans featurings,0.92690226409525
sans featurings,0.9822244827405737
sans featurings,0.9196281471688793
sans featurings,0.9389254597319688
sans featurings,0.9371463517409888
sans featurings,0.9769976075631932
sans featurings,0.9415695630220496
sans featurings,0.9888953543869299
sans featurings,0.9402993597453573
sans featurings,0.9730432803211168
sans featurings,0.9423833482551497
sans featurings,0.9250983435519673
sans featurings,0.9402061645091154
sans featurings,0.958650309947722
sans featurings,1.0003635926122136
sans featurings,0.9717822307061124
sans featurings,0.9675128032460577
sans featurings,0.9773028499431894
sans featurings,0.9420643455259602
sans featurings,0.973439080182501
sans featurings,0.9328199500183536
sans featurings,0.9511119221089612
sans featurings,0.9221989758477339
sans featurings,0.9620691249961666
sans featurings,0.9924871476486029
sans featurings,0.9212962762785798
sans featurings,0.9909808974489706
sans featurings,0.964019730347907
sans featurings,1.0097453782423005
sans featurings,0.9248069532504385
sans featurings,0.9647930174629071
sans featurings,0.9756607679318758
sans featurings,0.9559306232477804
sans featurings,0.9077189978532678
sans featurings,0.9804284343448981
sans featurings,0.9592304892793247
sans featurings,1.0039989794304938
sans featurings,0.9967537151201485
sans featurings,0.9354195263142182
sans featurings,0.9065709341787787
sans featurings,0.9742947075717248
sans featurings,0.9660328973224364
sans featurings,0.9765732050003303
sans featurings,0.9327975729162435
sans featurings,0.9723496322055827
sans featurings,0.9751967927679298
sans featurings,0.9620947727062854
sans featurings,0.9513844679472415
sans featurings,0.941346411354868
sans featurings,0.9387456372965578
sans featurings,0.9083364263106398
sans featurings,0.915059109132595
sans featurings,0.9485625777644203
sans featurings,0.9243772269680014
sans featurings,0.9822202852806305
sans featurings,0.9309583782049493
sans featurings,0.9448330784171257
sans featurings,0.9454895633486172
sans featurings,0.9191313629055963
sans featurings,0.9147142531565899
sans featurings,0.9868945670767516
sans featurings,0.9130033452606615
sans featurings,0.946976507952988
sans featurings,0.9668662774639063
sans featurings,0.9814414164349795
sans featurings,0.9377403570145872
sans featurings,0.9332794930563666
sans featurings,0.9148446298294485
sans featurings,0.9720122663997248
sans featurings,0.9449908412098793
sans featurings,0.9776470092112781
sans featurings,0.9529118225171468
sans featurings,0.9418633090346964
sans featurings,0.9944757227345952
sans featurings,0.9512287532648896
sans featurings,1.0025938082306198
sans featurings,0.9451946042371624
sans featurings,0.9129583437411726
sans featurings,0.9463034877141643
sans featurings,0.9277162327735983
sans featurings,0.975473169512749
sans featurings,0.9939306935073
sans featurings,0.9872945989967482
sans featurings,0.8733254450551344
sans featurings,0.9823241819703334
sans featurings,0.9923309013944362
sans featurings,0.9826188813611654
sans featurings,1.0123787305268266
sans featurings,0.9465669203132137
sans featurings,0.962689215550009
sans featurings,0.9253530373975072
sans featurings,0.9629937512717975
sans featurings,0.9272922600274133
sans featurings,0.9568994877742666
sans featurings,0.9425318076678589
sans featurings,0.9632220061984149
sans featurings,0.9985581993587025
sans featurings,0.9934977469258689
sans featurings,0.9553861880576613
sans featurings,1.0073842464276364
sans featurings,0.918645836090466
sans featurings,0.9493643624050863
sans featurings,0.9718792759524727
sans featurings,0.9630286797394502
sans featurings,0.9491195395007869
sans featurings,0.9204187639579343
sans featurings,0.9202599579387927
sans featurings,0.9790942221714611
sans featurings,0.9721709648406387
sans featurings,0.9418392405524612
sans featurings,0.9643666870214509
sans featurings,0.9788851574574372
sans featurings,0.9514326672754123
sans featurings,0.9604353512704649
sans featurings,0.9185858596272658
sans featurings,0.9443437475402123
sans featurings,0.9136627148851324
sans featurings,0.9786415881326734
sans featurings,0.9605654480282201
sans featurings,0.9243587547652259
sans featurings,0.9682966404367158
sans featurings,0.9333662150497132
sans featurings,0.9772939535899551
sans featurings,0.9414018437276142
sans featurings,0.9433460190156124
sans featurings,0.9415838990089285
sans featurings,0.9845869310613526
sans featurings,0.9794699121227872
sans featurings,0.9722797252137985
sans featurings,0.9630150446834206
sans featurings,0.9423271142847036
sans featurings,0.9566915107186138
sans featurings,0.9403335119270372
sans featurings,0.9793249623716965
sans featurings,0.9510219871133969
sans featurings,0.9588616197302847
sans featurings,0.9538041706566558
sans featurings,0.9980498831934534
sans featurings,0.9301708741328253
sans featurings,0.978226764493427
sans featurings,0.9572630807903685
sans featurings,0.9259374865960959
sans featurings,0.9607657587238706
sans featurings,0.9221494153617238
sans featurings,0.949930915699772
sans featurings,0.9373833257828457
sans featurings,0.9312322357042416
sans featurings,0.9677611895296252
sans featurings,0.9654569187666782
sans featurings,0.9482821765772214
sans featurings,1.0075929800926706
sans featurings,0.987862487456079
sans featurings,0.9807976954060308
sans featurings,0.9243802480821736
sans featurings,0.9353175386079712
sans featurings,0.9963088057185652
sans featurings,0.9607835947181292
sans featurings,0.972267874464394
sans featurings,0.8994900685004256
sans featurings,0.9679498696350721
sans featurings,0.9140037884476295
sans featurings,0.920427842730351
sans featurings,1.0263702547619082
sans featurings,0.9347557149933843
sans featurings,0.9341955671087593
sans featurings,0.9873821353639226
sans featurings,0.9755013219871076
sans featurings,0.9255724269601494
sans featurings,0.980547857350544
sans featurings,1.0076902425847551
sans featurings,0.9404296113472148
sans featurings,0.9881555077371886
sans featurings,0.9138675685545572
sans featurings,0.9907699110371034
sans featurings,0.9483607595829014
sans featurings,0.9835866752199682
sans featurings,0.9891844837142558
sans featurings,0.9538496784356538
sans featurings,0.9328456393352771
sans featurings,0.9773406141371752
sans featurings,0.9496170107582793
sans featurings,0.9249040319895577
sans featurings,1.0063911832191552
sans featurings,1.0099115284767601
sans featurings,0.9859794013200904
sans featurings,0.9461250366111307
sans featurings,0.9689835295925789
sans featurings,0.9339131881199569
sans featurings,0.9730695946983304
sans featurings,0.9634282270539785
sans featurings,0.9545066767345103
sans featurings,0.9746883196139031
sans featurings,0.9496994626879338
sans featurings,0.9764729265158404
sans featurings,0.9798330581921011
sans featurings,0.9369962027153947
sans featurings,0.9579342224292835
sans featurings,0.9028820661071275
sans featurings,0.9647707044769656
sans featurings,0.9239000144111851
sans featurings,0.9414911589572347
sans featurings,0.9668393241848895
sans featurings,0.9375640447752487
sans featurings,0.9776841349879417
sans featurings,0.9708184462965124
sans featurings,0.9452118393292871
sans featurings,0.9519915101782643
sans featurings,0.979153863922662
sans featurings,0.9229106169381746
sans featurings,0.9321620316994617
sans featurings,0.9731652440380372
sans featurings,0.9615591360401807
sans featurings,0.947256610269874
sans featurings,1.0039143000874193
sans featurings,0.9973351325802208
sans featurings,0.958751041574597
sans featurings,0.9810283442439515
sans featurings,0.9399876130665246
sans featurings,0.9860798033909788
sans featurings,0.9530588841805647
sans featurings,0.9725545279183168
sans featurings,0.918557516956512
sans featurings,0.9204464473559536
sans featurings,0.9915741552480948
sans featurings,0.9728211316393578
sans featurings,0.9572295336181305
sans featurings,0.98163585544138
sans featurings,0.9526711401440112
sans featurings,0.9227784378356225
sans featurings,0.9848759274232908
sans featurings,0.9729703142192536
sans featurings,0.9237328971970769
sans featurings,0.965395841867207
sans featurings,0.9440952449144752
sans featurings,1.0064859839367375
sans featurings,0.9690368686884534
sans featurings,0.9142682762102701
sans featurings,0.9354338805575806
sans featurings,0.9683733996249373
sans featurings,0.9514678286607452
sans featurings,0.9545692695317873
sans featurings,0.9785256501609221
sans featurings,0.9756563379276654
sans featurings,0.9409976571617824
sans featurings,0.9861199874350624
sans featurings,0.9984245175351892
sans featurings,0.9769596183903014
sans featurings,0.9827527377986452
sans featurings,1.009336407334491
sans featurings,0.9095453058897381
sans featurings,0.9665252115785131
sans featurings,0.9732938511946109
sans featurings,0.974211093677421
sans featurings,0.9696385978020184
sans featurings,0.962031925412597
sans featurings,0.9710814070551964
sans featurings,0.9747809125706983
sans featurings,0.9817710020022872
sans featurings,0.9461494646796015
sans featurings,0.9838041729107231
sans featurings,0.9798666810062518
sans featurings,1.0214103219183572
sans featurings,0.961822830977676
sans featurings,0.9297294122329762
sans featurings,0.9456455165435335
sans featurings,0.9201830586357889
sans featurings,0.9625834645001746
sans featurings,0.926087390262031
sans featurings,0.9154027493645353
sans featurings,0.9336200260827875
sans featurings,0.9517572770134591
sans featurings,0.9891446941945953
sans featurings,0.9621449572261875
sans featurings,0.9448218659127608
sans featurings,0.9620342193159661
sans featurings,1.0016038761895507
sans featurings,1.0046821073045302
sans featurings,0.9317686468744216
sans featurings,0.9651762909858131
sans featurings,0.915059109132595
sans featurings,0.9427790960123225
sans featurings,0.9752426707522633
sans featurings,0.9772476072761414
sans featurings,0.9581923801318547
sans featurings,0.9273388021130127
sans featurings,1.0115532790704693
sans featurings,0.8937728707892301
sans featurings,0.9197316053606247
sans featurings,0.9441189470315959
sans featurings,0.9662020705825287
sans featurings,0.9011504820838511
sans featurings,0.9346083959902909
sans featurings,0.945962888137321
sans featurings,0.9655475467213196
sans featurings,1.01234124161177
sans featurings,0.9922258216184171
sans featurings,0.9474526417868266
sans featurings,0.9911546306452088
sans featurings,0.9681502622090262
sans featurings,1.0083389622852783
sans featurings,0.9785846906391719
sans featurings,0.9557365976089297
sans featurings,0.9530155680120646
sans featurings,0.9426441067598698
sans featurings,0.957602209564194
sans featurings,0.906147183993269
sans featurings,0.9171838117783245
sans featurings,0.9215785168206221
sans featurings,0.9597579659736537
sans featurings,0.959444998999687
sans featurings,0.9717361254037011
sans featurings,0.977903553376034
sans featurings,0.9632540729616983
sans featurings,0.9631774494002445
sans featurings,0.9736828813807394
sans featurings,0.959580363426755
sans featurings,0.9553814681098628
sans featurings,0.9263158026136076
sans featurings,1.0331902922788387
sans featurings,0.9992793771596696
sans featurings,0.9533458720423975
sans featurings,0.9650527379663657
sans featurings,0.9966951376955695
sans featurings,0.9934744860990873
sans featurings,0.9373246876303947
sans featurings,0.9748064648146922
sans featurings,0.9308659589904995
sans featurings,0.9597081441395909
sans featurings,0.9222730902503227
sans featurings,0.9562691121909979
sans featurings,0.987796369020968
sans featurings,0.9436354310359281
sans featurings,0.9321831499348335
sans featurings,1.0278178561148277
sans featurings,1.000001504778643
sans featurings,0.9685523843496148
sans featurings,0.9517575093749758
sans featurings,0.9351782985398605
sans featurings,0.9268456724527758
sans featurings,0.9559746629200542
sans featurings,0.9354406201646408
sans featurings,0.9675916402321276
sans featurings,0.9310257152517989
sans featurings,0.944364511630897
sans featurings,0.9757971488524384
sans featurings,0.9442259323288971
sans featurings,0.9070140267205586
sans featurings,0.9792992315400596
sans featurings,0.9707391858780543
sans featurings,0.974009000246613
sans featurings,0.960896454608265
sans featurings,0.9528840577484132
sans featurings,1.0210480633743226
sans featurings,0.9388538439717209
sans featurings,0.9750374065925613
sans featurings,0.9079303980840455
sans featurings,0.9245161117466463
sans featurings,0.9441782030123134
sans featurings,0.9344115888613205
sans featurings,0.9858373885881271
sans featurings,0.947806149759089
sans featurings,0.9418841165513872
sans featurings,0.909519399997559
sans featurings,0.9703964145401712
sans featurings,0.9562757797844029
sans featurings,0.9946342319359505
sans featurings,0.9920038374960932
sans featurings,0.9715041785648437
sans featurings,0.9555225064213856
sans featurings,0.9210363153665393
sans featurings,0.9888421264356941
sans featurings,0.9431506889306407
sans featurings,0.9351782985398605
sans featurings,0.9370677991576271
sans featurings,0.9436885333857917
sans featurings,0.9355105218591614
sans featurings,0.9369962027153947
sans featurings,0.9364844981917798
sans featurings,0.9201938065101593
sans featurings,0.9558745732443128
sans featurings,0.976208159553459
sans featurings,0.9607350247174642
sans featurings,0.9107034268080534
sans featurings,0.9440226861197352
sans featurings,0.9709159233094597
sans featurings,1.0086285905716534
sans featurings,0.9184429196748406
sans featurings,0.9741560129981007
sans featurings,0.9549094447290503
sans featurings,0.9374160935440676
sans featurings,0.9609758991878915
sans featurings,0.9601269556913329
sans featurings,0.9366389205621208
sans featurings,1.007333178092313
sans featurings,0.935945761073772
sans featurings,0.9688033541240585
sans featurings,0.9510639879561934
sans featurings,0.9632873694216528
sans featurings,0.993041821627093
sans featurings,0.9764052423150453
sans featurings,0.9579342224292835
sans featurings,1.0234638940118777
sans featurings,0.9912798593091192
sans featurings,0.9632786445810958
sans featurings,0.9922609215107121
sans featurings,0.9673666247080104
sans featurings,0.9390272814446725
sans featurings,0.9536675799211769
sans featurings,0.9455299274573629
sans featurings,0.9874212926132783
sans featurings,0.9390642564115266
sans featurings,0.9109913569053257
sans featurings,0.9439911633913808
sans featurings,0.8842807979778582
sans featurings,0.9555225064213856
sans featurings,0.9350555897476129
sans featurings,0.9746198040799561
sans featurings,0.9539553255257353
sans featurings,0.958122793495038
sans featurings,0.9463833684747199
sans featurings,1.0098052175255183
sans featurings,0.967001402215946
sans featurings,0.9163638180378978
sans featurings,0.9506488546685457
sans featurings,0.9548703861668164
sans featurings,1.0210480633743226
sans featurings,0.9453461574085528
sans featurings,0.9251735628539705
sans featurings,0.9728042101415706
sans featurings,0.9657320280145286
sans featurings,0.9420273918831997
sans featurings,0.9685086149644698
sans featurings,0.9729025809393391
sans featurings,0.9439911633913808
sans featurings,1.0026033724799848
sans featurings,0.9520133759667821
sans featurings,0.96881542651736
sans featurings,1.0006869236566698
sans featurings,0.962031925412597
sans featurings,0.9607989158254451
sans featurings,0.9266777874453206
sans featurings,0.9317490297919421
sans featurings,0.9542137798996173
sans featurings,0.9848378716896731
sans featurings,0.9420939385180018
sans featurings,0.970434917733545
sans featurings,0.9384073494066695
sans featurings,0.9634817839806874
sans featurings,0.9833322573457125
sans featurings,0.9710674204755225
sans featurings,0.9996882037908394
sans featurings,0.9573504619460581
sans featurings,0.9306639538230992
sans featurings,1.01440192497485
sans featurings,0.9498272272000814
sans featurings,0.9215317221297255
sans featurings,0.9891681876560543
sans featurings,0.9473054352439307
sans featurings,0.9297541510110139
sans featurings,0.9436849217799974
sans featurings,0.9100835674951805
sans featurings,0.9315995132832315
sans featurings,0.9558108963719134
sans featurings,0.9338846171181466
sans featurings,0.99187094772209
sans featurings,1.0025084127040966
sans featurings,0.9595564835483693
sans featurings,0.9390651025804262
sans featurings,0.9444765675155523
sans featurings,0.9615778900551861
sans featurings,0.9833544084382915
sans featurings,0.9873202679152671
sans featurings,0.9476232124713546
sans featurings,0.9385227305634225
sans featurings,0.9967456794245061
sans featurings,0.9544310661395231
sans featurings,0.9714446726568102
sans featurings,1.0071464471457268
sans featurings,0.941460931997413
sans featurings,1.0056948480411776
sans featurings,0.9546136245266844
sans featurings,0.9756952653717207
sans featurings,0.9684779029983954
sans featurings,0.9652707374988938
sans featurings,0.9526381243544658
sans featurings,0.9390763395298618
sans featurings,0.9301708741328253
sans featurings,0.9419433130913928
sans featurings,0.95106999217886
sans featurings,0.9529371743794743
sans featurings,0.9508085590095676
sans featurings,0.9326462928465528
sans featurings,0.9932314793587413
sans featurings,0.9540234343332555
sans featurings,0.9730099693589223
sans featurings,0.9528369006233506
sans featurings,1.0142735228769286
sans featurings,0.9327343427130557
sans featurings,0.9478028100937902
sans featurings,0.9892807462334277
sans featurings,0.9177091366573541
sans featurings,0.9720122663997248
sans featurings,0.9331620925243774
sans featurings,0.9279451866415986
sans featurings,0.9940242976463282
sans featurings,0.9119430122244124
sans featurings,0.9634991885135548
sans featurings,0.9208920198194089
sans featurings,1.021235746029481
sans featurings,0.9712848473346349
sans featurings,0.9594794418430742
sans featurings,0.9836236626944642
sans featurings,0.970074888124811
sans featurings,0.9356459845151814
sans featurings,0.9076730892456617
sans featurings,0.9837492014241651
sans featurings,0.977125831962278
sans featurings,0.9343060401468226
sans featurings,0.9552501842368348
sans featurings,0.9579720219362472
sans featurings,0.9242175479066732
sans featurings,0.9818407691294462
sans featurings,0.9707951867497788
sans featurings,0.9576261714679875
sans featurings,0.9771412970334988
sans featurings,0.956413676653865
sans featurings,0.941809157309107
sans featurings,0.9305667789777369
sans featurings,0.9292588044936636
sans featurings,0.9542718439234027
sans featurings,0.9373376575911192
sans featurings,0.9432132989299158
sans featurings,0.9395482489535542
sans featurings,0.9193451189846441
sans featurings,1.0162229194024364
sans featurings,0.9923433452215046
sans featurings,0.9357933933379284
sans featurings,0.9167898059874533
sans featurings,0.9226998951354302
sans featurings,0.9467352962418045
sans featurings,0.9407722903612791
sans featurings,0.9696973527661734
sans featurings,0.9210902930759461
sans featurings,0.9656595901777076
sans featurings,0.9525978037319364
sans featurings,0.9683841146093501
sans featurings,0.9222070276682899
sans featurings,0.9547680112864246
sans featurings,0.9024200225898845
sans featurings,1.015415550155973
sans featurings,0.9536928656861092
sans featurings,0.9500660818129145
sans featurings,0.9447173843786364
sans featurings,0.9517575093749758
sans featurings,0.984781845149671
sans featurings,0.9741046199649254
sans featurings,0.8727366915409508
sans featurings,0.9439715725040071
sans featurings,0.9916075286290373
sans featurings,0.9373451291250658
sans featurings,1.019831304597134
sans featurings,1.0046202832316584
sans featurings,0.9622453843797659
sans featurings,0.966234657963553
sans featurings,0.924467680415038
sans featurings,0.9559149222086413
sans featurings,0.9172143563082262
sans featurings,0.9644261278030238
sans featurings,0.9549700182469014
sans featurings,0.9634958287605933
sans featurings,1.0343803520131711
sans featurings,0.9428497405290349
sans featurings,0.9895927862079145
sans featurings,0.951441459272179
sans featurings,1.004225191497902
sans featurings,0.9499388776951635
sans featurings,0.9973089753177761
sans featurings,0.9527146420978643
sans featurings,1.0225802076950599
sans featurings,0.9598148803831965
sans featurings,0.9048493315031021
sans featurings,0.943735398128275
sans featurings,0.9579494601586058
sans featurings,0.929368770499017
sans featurings,0.9707265959726507
sans featurings,0.9231230183305678
sans featurings,0.9489629998956249
sans featurings,0.9680659031131473
sans featurings,0.9748580020176864
sans featurings,0.9323710060155744
sans featurings,0.9851810674903178
sans featurings,0.9093418925264815
sans featurings,0.9999008311630239
sans featurings,0.9606663398554001
sans featurings,0.9201004195360842
sans featurings,0.9561849544522261
sans featurings,0.9532744584099174
sans featurings,0.9568364635578677
sans featurings,0.9705575204290282
sans featurings,0.9132440627456151
sans featurings,0.9354009570979174
sans featurings,0.9736683906886209
sans featurings,0.9608079826304605
sans featurings,0.9395124593154496
sans featurings,0.9301018938335414
sans featurings,0.9537641936352371
sans featurings,0.9732402937496498
sans featurings,0.9481588898989661
sans featurings,0.8797097006323842
sans featurings,0.9346268900390146
sans featurings,1.0038857043368297
sans featurings,0.9480925656153584
sans featurings,0.964633983958599
sans featurings,0.9705425850016128
sans featurings,0.9888211918250157
sans featurings,0.9670022341055391
sans featurings,0.8944245050200718
sans featurings,0.9064060100330666
sans featurings,0.9576771878762778
sans featurings,0.9602139349017553
sans featurings,0.9387254774580197
sans featurings,0.9676041375999034
sans featurings,0.9498014383244544
sans featurings,0.9329919951769873
sans featurings,0.942974440112931
sans featurings,0.961075422743496
sans featurings,0.9721233245532644
sans featurings,0.9403521639694145
sans featurings,0.9391718400178434
sans featurings,0.9963543031582112
sans featurings,0.9416333285115586
sans featurings,0.9343033831150598
sans featurings,0.9021874502061411
sans featurings,0.8979853621625682
sans featurings,0.9923466041565139
sans featurings,0.9513209555816237
sans featurings,1.0029459212566112
sans featurings,0.9697309541716098
sans featurings,0.9448992416338043
sans featurings,0.9819974595609928
sans featurings,0.9210168102677027
sans featurings,0.9819566822401744
sans featurings,0.9892838698429681
sans featurings,0.9683841146093501
sans featurings,0.9434966498484846
sans featurings,0.9587087454131318
sans featurings,0.9985245938007958
sans featurings,0.9995992265007859
sans featurings,0.957703761974568
sans featurings,0.9365865491962337
sans featurings,0.9092242982024785
sans featurings,0.9859540674391368
sans featurings,0.958328664995319
sans featurings,1.0098885979242398
sans featurings,0.9594213687571681
sans featurings,0.9644483848997695
sans featurings,0.95309272485041
sans featurings,1.0039989794304938
sans featurings,0.9556297993677535
sans featurings,0.942281840086815
sans featurings,0.9908556083984733
sans featurings,0.9646629742583152
sans featurings,0.9946342319359505
sans featurings,1.0037410565218752
sans featurings,0.94925385166021
sans featurings,0.944692580596193
sans featurings,0.9518127371094686
sans featurings,0.9272922600274133
sans featurings,0.9244403539380291
sans featurings,1.0155075699983909
sans featurings,0.9616455272322416
sans featurings,0.9866889270007115
sans featurings,0.9030079958281667
sans featurings,0.9690271625609579
sans featurings,0.9997601854074226
sans featurings,1.0096231951229262
sans featurings,0.9941227009501926
sans featurings,0.9884250808431805
sans featurings,0.9683839753825897
sans featurings,0.9867206557673965
sans featurings,1.0253227911333007
sans featurings,0.9473710229088648
sans featurings,0.9870777550735564
sans featurings,0.9727304307099172
sans featurings,0.9610945417629937
sans featurings,1.0076902425847551
sans featurings,0.9354317313210556
sans featurings,0.9255329201421604
sans featurings,0.9919205209621457
sans featurings,0.9984703942844274
sans featurings,0.9147019095494927
sans featurings,0.9620429243988249
sans featurings,0.9273706169782708
sans featurings,0.9411078538010728
sans featurings,0.9625171175538724
sans featurings,0.9150472297500558
sans featurings,1.000310344391941
sans featurings,0.9837887085492021
sans featurings,0.9335597608254581
sans featurings,0.960607135356105
sans featurings,0.9516468816427296
sans featurings,0.9459165181740905
sans featurings,0.9829473759560512
sans featurings,0.9401487819410547
sans featurings,0.9642863977359861
sans featurings,0.9707447597154673
sans featurings,0.9245648706035577
sans featurings,1.00085946899744
sans featurings,0.9590314579954415
sans featurings,0.8853483470752807
sans featurings,0.9484616184691371
sans featurings,0.9584063277587833
sans featurings,0.9431607497794958
sans featurings,1.0288596000039394
sans featurings,0.954841958322564
sans featurings,0.9334124658301846
sans featurings,0.9774557114665895
sans featurings,0.892151671091892
sans featurings,0.9204440130526784
sans featurings,0.9352026889994404
sans featurings,0.9504280984757818
sans featurings,0.9597940021747791
sans featurings,0.9793999832611628
sans featurings,0.9139180668949144
sans featurings,0.9479795223380337
sans featurings,0.9276843663694501
sans featurings,1.0029342889163253
sans featurings,0.9773428923325129
sans featurings,0.9326787401234797
sans featurings,0.9346242314824642
sans featurings,0.9485413674380464
sans featurings,0.9407548328563005
sans featurings,0.9092006876268739
sans featurings,0.9503114143874244
sans featurings,0.917925815761601
sans featurings,0.9604661801565895
sans featurings,0.911804647695755
sans featurings,0.9840350633182637
sans featurings,0.9344944599289013
sans featurings,0.9725586965688607
sans featurings,1.0027769764355021
sans featurings,0.9805880984069528
sans featurings,0.9705009692509078
sans featurings,0.9532016249300073
sans featurings,0.9483505921548159
sans featurings,0.9772628572146603
sans featurings,0.9589193484629119
sans featurings,0.9415860092637967
sans featurings,0.9467912663427487
sans featurings,0.9132397814308957
sans featurings,0.9677295657444709
sans featurings,0.932932179787185
sans featurings,0.9898871520434493
sans featurings,0.9335850565591288
sans featurings,0.9465647788387478
sans featurings,0.96676827154911
sans featurings,0.9679332136039338
sans featurings,0.9906663226206772
sans featurings,0.9332647133951392
sans featurings,0.9876168187619937
sans featurings,0.9080160599304126
sans featurings,0.9339744070717367
sans featurings,0.9440204796498444
sans featurings,0.9657134697056672
sans featurings,0.9469999309740077
sans featurings,0.9956743161208401
sans featurings,0.9870777550735564
sans featurings,0.9529540540167074
sans featurings,0.9795628910283216
sans featurings,0.995048143898286
sans featurings,0.9763569123774706
sans featurings,0.9897320370521986
sans featurings,0.956628554803068
sans featurings,0.996822219681923
sans featurings,0.9591752187888489
sans featurings,0.9555505567349365
sans featurings,0.9800795513188614
sans featurings,0.9881513710755868
sans featurings,0.9728998992934814
sans featurings,0.9493971039498759
sans featurings,0.9296716769762555
sans featurings,0.9151503523565852
sans featurings,0.9604723880506862
sans featurings,0.9182782149475555
sans featurings,0.9418873189908156
sans featurings,0.9733303075884638
sans featurings,0.9192202738408004
sans featurings,0.9429915976795002
sans featurings,0.9050304952771823
sans featurings,0.9576140346628952
sans featurings,0.9054434662705522
sans featurings,0.9533458720423975
sans featurings,0.9194475850059793
sans featurings,0.9658670119332224
sans featurings,0.9537212431409893
sans featurings,0.9233489514342557
sans featurings,0.9438541314903691
sans featurings,0.951610091464267
sans featurings,0.9725433551455538
sans featurings,1.0007788269306381
sans featurings,0.9582372364047019
sans featurings,0.9587217607458309
sans featurings,0.9486877347442215
sans featurings,0.911843987036253
sans featurings,0.9824676301560945
sans featurings,0.9594008302997209
sans featurings,0.9226844068423172
sans featurings,0.9423444216290509
sans featurings,0.9319923258097539
sans featurings,0.9799552518877673
sans featurings,0.9392371430552761
sans featurings,0.9849588373605255
sans featurings,0.9542398676511518
sans featurings,0.9851995908620653
sans featurings,0.9788864692159934
sans featurings,0.9727671115096395
sans featurings,0.9682267361953172
sans featurings,0.989428303215653
sans featurings,1.0077259262152969
sans featurings,0.9029170886729431
sans featurings,0.9446572325403457
sans featurings,0.9379336525182568
sans featurings,0.9355483990546503
sans featurings,0.9620543431777903
sans featurings,0.9618557915760265
sans featurings,0.9681828941138839
sans featurings,0.9525338032381433
sans featurings,0.9788627545984352
sans featurings,0.9545053633014094
sans featurings,0.8937728707892301
sans featurings,0.9344377694155366
sans featurings,0.9537678031302305
sans featurings,0.9991280064420893
sans featurings,0.9943482009136756
sans featurings,0.9674408010014365
sans featurings,0.9095781699889809
sans featurings,0.9674849019084726
sans featurings,0.9814294544794782
sans featurings,0.8773749077458747
sans featurings,1.0003919772571828
sans featurings,0.9796042860898108
sans featurings,0.9433680620833459
sans featurings,0.9861527347104522
sans featurings,0.9916486030404402
sans featurings,0.9956762179865449
sans featurings,0.9867784594478582
sans featurings,0.937396840408436
sans featurings,0.9611716802841491
sans featurings,0.9292402487448325
sans featurings,0.9470866193652157
sans featurings,0.9866891704583508
sans featurings,0.9526381243544658
sans featurings,0.8962400931056116
sans featurings,0.9460750230883023
sans featurings,0.9330423257943533
sans featurings,0.9486197266058971
sans featurings,0.9417697407394843
sans featurings,0.9600173124322716
sans featurings,0.9637535002982426
sans featurings,0.9806949879145883
sans featurings,0.9581303115309976
sans featurings,0.9421060724166562
sans featurings,0.9448805071431402
sans featurings,0.9336140427502031
sans featurings,0.9470267845150071
sans featurings,0.9478374745008218
sans featurings,0.9189424481110164
sans featurings,0.9363462040643018
sans featurings,0.9694151040828174
sans featurings,0.974027430000229
sans featurings,0.9931823572738276
sans featurings,0.9575310571120836
sans featurings,0.900793163298439
sans featurings,1.0020977133070132
sans featurings,1.001735272258577
sans featurings,0.9455438283587236
sans featurings,0.938935934156895
sans featurings,0.9690773920109337
sans featurings,1.0203300404036755
sans featurings,0.9844364490388409
sans featurings,0.9720284001433317
sans featurings,0.963344517441317
sans featurings,0.9538174938633022
sans featurings,0.9655819730525584
sans featurings,0.9579342224292835
sans featurings,0.9509832211293653
sans featurings,1.0164445440301866
sans featurings,0.9517042682357982
sans featurings,0.9338666698224003
sans featurings,0.9378976331853743
sans featurings,0.9461250366111307
sans featurings,0.939646037385396
sans featurings,0.9574202196107939
sans featurings,0.9533659966799292
sans featurings,0.9722243193700685
sans featurings,1.00168306042849
sans featurings,0.9462116784138972
sans featurings,0.9090490285401512
sans featurings,1.0024513810357376
sans featurings,0.9941227009501926
sans featurings,0.9491596349573129
sans featurings,0.8853483470752807
sans featurings,0.9970802122241851
sans featurings,0.9768949129923112
sans featurings,0.9109555742427592
sans featurings,0.9569888976678627
sans featurings,0.9174410806969151
sans featurings,0.9453241418190328
sans featurings,0.9395502841371273
sans featurings,0.89091830206215
sans featurings,0.9592547615932366
sans featurings,0.95007981264532
sans featurings,0.9413366834122407
sans featurings,0.9477852763734878
sans featurings,0.9490331704895635
sans featurings,0.9434408879057874
sans featurings,0.9644416964267958
sans featurings,0.9032102232598489
sans featurings,0.9695736797904675
sans featurings,0.9453461574085528
sans featurings,0.944681576816381
sans featurings,0.9726075692950249
sans featurings,0.9428948117839817
sans featurings,0.9661683759525465
sans featurings,0.9158054191457369
sans featurings,0.9604728615080892
sans featurings,0.9204464473559536
sans featurings,0.9685523843496148
sans featurings,0.9687521152627994
sans featurings,0.9408444090244079
sans featurings,0.9768437059577267
sans featurings,0.9826204162052267
sans featurings,0.9348860936718675
sans featurings,0.8941021499003916
sans featurings,0.9263030927117644
sans featurings,0.9499544896607386
sans featurings,0.9573999879820598
sans featurings,0.9537323922470959
sans featurings,0.9599018962583047
sans featurings,0.9851444960333794
sans featurings,0.9893508546667332
sans featurings,0.9343248523444342
sans featurings,1.0066215120105444
sans featurings,0.9735798970551695
sans featurings,0.9151948794754637
sans featurings,0.9594957321251333
sans featurings,0.9755645984859768
sans featurings,0.9343060401468226
sans featurings,0.9850509369177348
sans featurings,0.9675424741021987
sans featurings,0.8862459067560631
sans featurings,0.9697309541716098
sans featurings,0.9796616421871182
sans featurings,0.9932951424425194
sans featurings,0.9310537072008914
sans featurings,0.981196979082691
sans featurings,1.006244588950877
sans featurings,0.9584063277587833
sans featurings,0.9182466398141019
sans featurings,0.9305709388807842
sans featurings,0.9707646780409076
sans featurings,0.9366197775489017
sans featurings,0.9598599500813124
sans featurings,0.9176547180432297
sans featurings,0.9898297169549765
sans featurings,0.9432921450908371
sans featurings,0.9524848537688524
sans featurings,0.9683733996249373
sans featurings,0.9637368895891533
sans featurings,0.9661017172095638
sans featurings,0.9678397060580338
sans featurings,0.9880793680143215
sans featurings,0.9765947232243998
sans featurings,0.9863186949610195
sans featurings,0.9517933669237721
sans featurings,0.9315995132832315
sans featurings,0.9516993776191279
sans featurings,0.9780981878011371
sans featurings,0.9912150683179586
sans featurings,0.9453521695860896
sans featurings,0.9897389096856727
sans featurings,0.9618316597741201
sans featurings,0.9604617923825942
sans featurings,0.9215282518765862
sans featurings,0.954937701751374
sans featurings,0.9159646945583568
sans featurings,0.9661222156839337
sans featurings,0.9429981421101525
sans featurings,0.9181114969463889
sans featurings,0.9030079958281667
sans featurings,0.9417939146902301
sans featurings,0.9594794418430742
sans featurings,0.9882400279622761
sans featurings,1.0048940935083386
sans featurings,0.9452442754412093
sans featurings,0.9599433276432918
sans featurings,0.962031925412597
sans featurings,0.9503681691437631
sans featurings,0.9735320137359708
sans featurings,0.9339296696191112
sans featurings,0.9700783658681524
sans featurings,0.9696973527661734
sans featurings,0.9733710515609206
sans featurings,0.9072104705692456
sans featurings,0.9973089753177761
sans featurings,0.920495488565349
sans featurings,0.9949407361590556
sans featurings,0.9142941095572387
sans featurings,0.9587392664034409
sans featurings,0.9355511741032819
sans featurings,0.9358257751644418
sans featurings,0.973212816410115
sans featurings,0.9532495555085857
sans featurings,0.9079303980840455
sans featurings,0.9363850749983487
sans featurings,0.9607100815537458
sans featurings,0.970172757339498
sans featurings,0.9375389241327543
sans featurings,0.9470336295242143
sans featurings,0.9754257604416101
sans featurings,0.9615760991135471
sans featurings,0.963093510215846
sans featurings,0.9510207599583471
sans featurings,0.9627591442862352
sans featurings,0.9726610143772965
sans featurings,0.9669718476277631
sans featurings,0.9214802472286745
sans featurings,0.9335274035894403
sans featurings,0.9600526511862254
sans featurings,1.0035779590200817
sans featurings,0.928638001828022
sans featurings,0.9405142138837309
sans featurings,0.9779392850771983
sans featurings,0.9941609318453175
sans featurings,0.9197341885379797
sans featurings,0.9329646952280021
sans featurings,0.9366197775489017
sans featurings,0.994293984031845
sans featurings,0.9611960634270693
sans featurings,0.9728956858598135
sans featurings,0.9346268900390146
sans featurings,0.9824521231100684
sans featurings,0.9275454263075463
sans featurings,0.9175216614796461
sans featurings,0.9899194082991889
sans featurings,0.9222143288087292
sans featurings,1.0399239852923388
sans featurings,0.9645495254615515
sans featurings,0.9425013527175816
sans featurings,0.9687244605291528
sans featurings,0.9662552904424366
sans featurings,0.9194363146729627
sans featurings,0.9445233577600392
sans featurings,0.9461940985373354
sans featurings,0.9669535060821646
sans featurings,0.9907465023175236
sans featurings,0.9590103678699893
sans featurings,0.9733632510440386
sans featurings,0.9339036864824485
sans featurings,0.9470267845150071
sans featurings,0.9757971488524384
sans featurings,0.9496908712226338
sans featurings,0.9869696594857336
sans featurings,0.9777270864779106
sans featurings,0.9076232179122705
sans featurings,0.9540948461713037
sans featurings,0.9420937637856808
sans featurings,0.9994725618366257
sans featurings,0.9347366469129452
sans featurings,0.9253331772667497
sans featurings,0.9908268358240022
sans featurings,0.964516365900353
sans featurings,1.0177112330442113
sans featurings,0.9477116064931121
sans featurings,0.9845614898446462
sans featurings,0.9796083092142618
sans featurings,1.0058959855805583
sans featurings,0.9315039118975553
sans featurings,0.9705425850016128
sans featurings,0.923484363685357
sans featurings,0.9122639967425924
sans featurings,0.988349663267187
sans featurings,0.9901252882307469
sans featurings,1.0096744976847245
sans featurings,0.9564336240186674
sans featurings,0.9856742816227488
sans featurings,0.9544645376725953
sans featurings,0.9467238748768634
sans featurings,0.9183315917039296
sans featurings,0.9185600186633329
sans featurings,0.9097098564480072
sans featurings,0.9915632614947244
sans featurings,0.9336930771411905
sans featurings,0.9836999863578048
sans featurings,0.9973972341195888
sans featurings,0.9818074665385318
sans featurings,1.0106328636148527
sans featurings,1.000961240538935
sans featurings,0.940689168209381
sans featurings,1.008236238613819
sans featurings,0.9701391398455865
sans featurings,0.9607319226429025
sans featurings,0.9887291916840149
sans featurings,0.9351067416876724
sans featurings,0.9864562785211433
sans featurings,0.975010314220357
sans featurings,0.9711547145600445
sans featurings,0.966009953236571
sans featurings,0.9568364635578677
sans featurings,0.9332912152004533
sans featurings,0.9354561523667827
sans featurings,1.0007571650626652
sans featurings,0.9753795507135711
sans featurings,0.8997623392677995
sans featurings,0.97831447425276
sans featurings,0.9809080176861513
sans featurings,0.9424694265935373
sans featurings,0.912997266930381
sans featurings,0.9913702265526573
sans featurings,0.9457240869116899
sans featurings,0.9663241967756965
sans featurings,0.9243772269680014
sans featurings,1.0112744636664595
sans featurings,0.9181006600683268
sans featurings,0.9240168302649883
sans featurings,0.9694552864064759
sans featurings,0.9590968215161314
sans featurings,0.9418708284397576
sans featurings,0.929286844852286
sans featurings,0.9921862498267465
sans featurings,0.9677486172100184
sans featurings,0.9655566346332345
sans featurings,0.9790529520451986
sans featurings,0.9602563041578679
sans featurings,0.9738297754545322
sans featurings,0.9305709388807842
sans featurings,0.9393271143575279
sans featurings,0.9533586274879979
sans featurings,0.9843246269315497
sans featurings,0.906661634422601
sans featurings,0.9317133473405038
sans featurings,0.9616932601149403
sans featurings,0.9467238748768634
sans featurings,0.9882400279622761
sans featurings,0.952220078046269
sans featurings,0.911804647695755
sans featurings,0.9394489580487351
sans featurings,0.9948340870388486
sans featurings,0.9789752457062444
sans featurings,0.956283324265437
sans featurings,0.9476232124713546
sans featurings,0.9552580962709929
sans featurings,0.9445180272305367
sans featurings,0.9108636753136545
sans featurings,0.955759329609604
sans featurings,0.9586093541453939
sans featurings,0.984926777357509
sans featurings,0.949930915699772
sans featurings,0.9253726088067635
sans featurings,0.9887652768939513
sans featurings,0.9606663398554001
sans featurings,0.9777892483709478
sans featurings,0.9657653823004934
sans featurings,0.9233790075144086
sans featurings,0.9305667789777369
sans featurings,0.9273803831606616
sans featurings,0.9535173976144087
sans featurings,0.9367605934034149
sans featurings,0.9478712651198502
sans featurings,1.036232570466673
sans featurings,0.9478307660975138
sans featurings,0.9263030927117644
sans featurings,0.9673115663365545
sans featurings,0.9537641936352371
sans featurings,0.9814783748281001
sans featurings,0.923295970155029
sans featurings,0.9483138425971342
sans featurings,0.9874665055413043
sans featurings,0.9398043748499553
sans featurings,0.9454648574484312
sans featurings,0.9971011071716809
sans featurings,0.9852938942656972
sans featurings,0.9438304342063213
sans featurings,0.9931823572738276
sans featurings,0.9697666722891526
sans featurings,0.9793484667546208
sans featurings,0.989297606134134
sans featurings,0.9539133882558578
sans featurings,0.9554747749453124
sans featurings,0.9564568546099887
sans featurings,0.9548720538333874
sans featurings,0.959658292817495
sans featurings,0.9079152310438089
sans featurings,0.935243263426098
sans featurings,0.9444504819090006
sans featurings,0.9421334527724213
sans featurings,0.937890898938948
sans featurings,0.9628130719069137
sans featurings,0.9139479935290775
sans featurings,0.9768723042496854
sans featurings,0.9586093541453939
sans featurings,0.960621732980708
sans featurings,0.9654569187666782
sans featurings,0.962817527943295
sans featurings,0.9602139349017553
sans featurings,0.9854576045353641
sans featurings,0.9884708819323583
sans featurings,0.9790529520451986
sans featurings,0.9525338032381433
sans featurings,0.9848495205779569
sans featurings,0.9566520967910404
sans featurings,0.9658300078487678
sans featurings,0.9166008363283463
sans featurings,0.9362619170207669
sans featurings,0.9777270864779106
sans featurings,0.9700191877889763
sans featurings,0.9303378272082653
sans featurings,0.9754407270283726
sans featurings,0.999814149556147
sans featurings,0.9746372629731644
sans featurings,0.9278550957403254
sans featurings,0.9460636265060061
sans featurings,0.9619987252166974
sans featurings,0.9386424215464809
sans featurings,0.9551515956122519
sans featurings,0.9618812142424936
sans featurings,0.9908016299286705
sans featurings,0.9353146978140234
sans featurings,0.9517052611062792
sans featurings,0.943766162576779
sans featurings,0.9625026851687462
sans featurings,0.9789752457062444
sans featurings,0.9233663858091984
sans featurings,0.972493931391635
sans featurings,0.9500570711412494
sans featurings,0.9321901815410312
sans featurings,0.963094802645898
sans featurings,0.9115684889294747
sans featurings,0.9922246990480162
sans featurings,0.9438379746092863
sans featurings,0.9502827966523206
sans featurings,0.9539332248785278
sans featurings,0.9348389677125148
sans featurings,0.9463977690042874
sans featurings,0.9397543270851183
sans featurings,0.9107692702873896
sans featurings,0.9540348584061987
sans featurings,0.9656874844400346
sans featurings,0.926871723003943
sans featurings,0.9326462928465528
sans featurings,0.941675965923592
sans featurings,0.9305485030225968
sans featurings,0.9364821608458913
sans featurings,0.9818181173401136
sans featurings,0.9391819699551668
sans featurings,0.9333090575408398
sans featurings,0.9678126995539307
sans featurings,0.9495393339222034
sans featurings,0.9000549899884311
sans featurings,0.9384088799273147
sans featurings,0.9260846270891221
sans featurings,0.9094879529847542
sans featurings,0.9778287341747851
sans featurings,1.0355476871319558
sans featurings,1.006073202057954
sans featurings,0.9351224389364589
sans featurings,0.9440871265732391
sans featurings,0.9176159179214922
sans featurings,0.9483369601335092
sans featurings,0.9680215086011159
sans featurings,0.9653224242604004
sans featurings,0.9870352082322792
sans featurings,0.9596382955025201
sans featurings,0.9377609813249587
sans featurings,0.9994596733276664
sans featurings,0.9891343825104039
sans featurings,0.934182045109077
sans featurings,0.9772980490416043
sans featurings,0.9160624878527777
sans featurings,0.9751156625508052
sans featurings,0.9364405074893043
sans featurings,0.9540491124409052
sans featurings,0.977125831962278
sans featurings,0.9084078494477943
sans featurings,0.9459165181740905
sans featurings,0.9647613134682406
sans featurings,0.9664143142413038
sans featurings,0.9741177890048789
sans featurings,0.9612186264570252
sans featurings,0.9114499279536908
sans featurings,0.9044209154928468
sans featurings,0.9591514968417987
sans featurings,0.9609894142968163
sans featurings,0.9385496654733213
sans featurings,0.9444126543767202
sans featurings,0.9469426676323882
sans featurings,0.9282821180519102
sans featurings,0.9577722918222826
sans featurings,0.9648790970964838
sans featurings,0.9894010590763155
sans featurings,0.9250296234006572
sans featurings,0.9596730991647981
sans featurings,0.945100959893028
sans featurings,0.9827786640758471
sans featurings,0.9369113129232962
sans featurings,0.9240529500260465
sans featurings,0.9851547832708334
sans featurings,0.9764197072360902
sans featurings,0.9758209137298696
sans featurings,0.9571202278454116
sans featurings,0.9384482229181478
sans featurings,0.9157225451100335
sans featurings,0.9498014383244544
sans featurings,0.9639359378944219
sans featurings,0.9524577215528817
sans featurings,0.9353165960822548
sans featurings,0.9713335966568234
sans featurings,0.876196683304318
sans featurings,0.9899570589103456
sans featurings,0.9348676946794464
sans featurings,0.9463162992295389
sans featurings,0.9669672163201984
sans featurings,0.9559119512617857
sans featurings,0.9713750375789223
sans featurings,0.9820988925857191
sans featurings,0.990750784058585
sans featurings,0.9912672579878435
sans featurings,0.9382702601393101
sans featurings,0.9800542533522136
sans featurings,0.9517052611062792
sans featurings,0.9805307946214494
sans featurings,0.9437370566667259
sans featurings,0.972019602690674
sans featurings,0.9641439277521267
sans featurings,0.9532689017151666
sans featurings,0.9797209186965598
sans featurings,0.9645495254615515
sans featurings,0.9577195902163367
sans featurings,0.9843257695638321
sans featurings,0.9477116064931121
sans featurings,0.92180622049193
sans featurings,0.9549422761022017
sans featurings,0.9488115574445164
sans featurings,0.9591854683308311
sans featurings,0.9186869745346722
sans featurings,0.9178396407784284
sans featurings,0.9358158951418143
sans featurings,0.9387043942611765
sans featurings,0.9944757227345952
sans featurings,0.9503373091417103
sans featurings,0.9992320369357321
sans featurings,0.9977537399838449
sans featurings,0.9578311414471564
sans featurings,0.9669711545884084
sans featurings,0.9482805872891548
sans featurings,0.9608442666162393
sans featurings,0.9276834834516399
sans featurings,0.8980861406506361
sans featurings,0.9838199150440696
sans featurings,0.9437565623471222
sans featurings,1.0039989794304938
sans featurings,0.9281809642558211
sans featurings,0.9850369272912075
sans featurings,1.0179019063063652
sans featurings,0.9428759083971312
sans featurings,0.9669811450272338
sans featurings,1.0442675203118335
sans featurings,0.9356402813409459
sans featurings,0.9373570842908843
sans featurings,0.9482751557126637
sans featurings,1.0479452889325689
sans featurings,0.9428394296147768
sans featurings,0.9431627423030275
sans featurings,0.9673992579784895
sans featurings,0.9546386535908735
sans featurings,0.9812486641680238
sans featurings,0.9659285937130535
sans featurings,0.9268577237107252
sans featurings,0.9336556505450203
sans featurings,0.9772987679407292
sans featurings,0.9902322818140069
sans featurings,0.9301986805875914
sans featurings,0.9941975193043058
sans featurings,0.9351094845987222
sans featurings,0.9685288562583382
sans featurings,0.9826656487164886
sans featurings,0.9681586443601774
sans featurings,0.9572795534596283
sans featurings,0.9334232686422526
sans featurings,0.924014836427992
sans featurings,0.9541876488479182
sans featurings,0.9930117607012199
sans featurings,0.9400618072623503
sans featurings,0.9795609618559943
sans featurings,0.9099199592665579
sans featurings,0.9667648944044264
sans featurings,0.9713748974607251
sans featurings,0.9964145949690464
sans featurings,0.970000596502115
sans featurings,0.9796501546951845
sans featurings,0.9803794249399573
sans featurings,0.9139829788817374
sans featurings,0.929120879190108
sans featurings,0.9084230487476587
sans featurings,0.9753622940234417
sans featurings,0.9655578497957703
sans featurings,0.9519512344404127
sans featurings,0.9156533624946885
sans featurings,0.9467517236230898
sans featurings,0.9540426527324309
sans featurings,0.9957276508031514
sans featurings,0.9710845825568325
sans featurings,0.9773406141371752
sans featurings,0.9348389677125148
sans featurings,0.9321177053717171
sans featurings,0.9627803431773414
sans featurings,0.9936328813244295
sans featurings,0.9681828941138839
sans featurings,0.9420937637856808
sans featurings,0.9678043583270521
sans featurings,0.9395124593154496
sans featurings,0.9401249081458507
sans featurings,0.9153115827843317
sans featurings,0.9813073080036059
sans featurings,1.0128647720608688
sans featurings,0.9873094576972457
sans featurings,0.899814813202232
sans featurings,0.9643204443930801
sans featurings,0.9095219173239799
sans featurings,0.9848495205779569
sans featurings,0.9527146420978643
sans featurings,0.9755099518508151
sans featurings,0.9749393347417358
sans featurings,0.985090139831494
sans featurings,0.9555544875613338
sans featurings,0.9023911570806258
sans featurings,1.000154470190929
sans featurings,0.9545053633014094
sans featurings,0.9576093323404241
sans featurings,0.9614136921567944
sans featurings,0.9557186389906057
sans featurings,0.9300145898305422
sans featurings,0.9972816312972995
sans featurings,0.921452932190743
sans featurings,0.9312427468087489
sans featurings,0.9081436705840622
sans featurings,0.9614659355863091
sans featurings,0.9263915082886991
sans featurings,0.9298552311147326
sans featurings,0.9667409640897862
sans featurings,0.9720143047630007
sans featurings,0.9666139067097332
sans featurings,1.000652851546872
sans featurings,0.9827527377986452
sans featurings,0.9532685706526052
sans featurings,0.9473253499553145
sans featurings,0.9179041085485206
sans featurings,0.9457085762486548
sans featurings,0.9322742305844997
sans featurings,0.9214323809302598
sans featurings,0.9316754027261253
sans featurings,0.9596497836824208
sans featurings,0.925344011126836
sans featurings,0.9262793612127627
sans featurings,0.9503373091417103
sans featurings,0.9446037512417693
sans featurings,0.9845107929132851
sans featurings,0.9283449652803898
sans featurings,0.9378363142325419
sans featurings,0.9328734721101505
sans featurings,0.9136627148851324
sans featurings,1.0084980890738584
sans featurings,0.970074888124811
sans featurings,0.9390590642454465
sans featurings,0.9897560160926127
sans featurings,0.9637368895891533
sans featurings,0.955084023075406
sans featurings,0.9777404694245845
sans featurings,0.9078641473809496
sans featurings,0.9598478906175147
sans featurings,0.943829798688662
sans featurings,0.914804983377697
sans featurings,0.8975574843958429
sans featurings,0.9730991939032775
sans featurings,0.973657544366901
sans featurings,0.9604894226450493
sans featurings,0.9901252882307469
sans featurings,1.0023893747680646
sans featurings,0.9731652440380372
sans featurings,1.0142193256887775
sans featurings,0.964332011983972
sans featurings,1.0093730605789863
sans featurings,1.0284518673632206
sans featurings,0.9491195395007869
sans featurings,1.0289676123295575
sans featurings,0.9705688305627684
sans featurings,0.9584384213008506
sans featurings,0.9424621456353052
sans featurings,0.9813130929270366
sans featurings,0.984349041425626
sans featurings,1.0083709284939089
sans featurings,0.9267070258973744
sans featurings,1.0106328636148527
sans featurings,0.9451730771259208
sans featurings,1.0019747892253792
sans featurings,0.9700173509529536
sans featurings,0.9569758165465662
sans featurings,0.9578379713830861
sans featurings,0.9549752741576308
sans featurings,0.9614334419823277
sans featurings,0.9515987222063023
sans featurings,0.9166515053872097
sans featurings,0.9692013621335085
sans featurings,0.8846612439120296
sans featurings,0.9204964985151007
sans featurings,0.9609799372527159
sans featurings,0.9777252743721103
sans featurings,0.9331689753211125
sans featurings,0.9469280651274453
sans featurings,0.9359104505829967
sans featurings,0.9501323949858507
sans featurings,0.9495682578432669
sans featurings,0.9706075764163604
sans featurings,0.9966245598237516
sans featurings,0.8919339005365227
sans featurings,0.9307513444251512
sans featurings,0.9735820943767307
sans featurings,0.9481315446330163
sans featurings,0.9031188759216202
sans featurings,0.9688453897328811
sans featurings,0.9291705418602751
sans featurings,0.9396221718012665
sans featurings,0.9257298067639007
sans featurings,0.9273583969149333
sans featurings,1.003997289452602
sans featurings,0.9441189470315959
sans featurings,1.0229503518872838
sans featurings,0.9762212489098672
sans featurings,0.9661752168379444
sans featurings,0.9531558426705762
sans featurings,0.9053158383335057
sans featurings,0.9414825715588845
sans featurings,0.9260039284820367
sans featurings,0.9678817665380637
sans featurings,0.9831472451005745
sans featurings,0.9333074243762769
sans featurings,0.9569451957701026
sans featurings,0.9967694073495031
sans featurings,0.9958354154677943
sans featurings,0.9764921219486427
sans featurings,0.9971591323349448
sans featurings,0.9213043244246688
sans featurings,0.9455167867665268
sans featurings,0.9300312516815218
sans featurings,0.9708476059939806
sans featurings,0.9585194606744794
sans featurings,0.9619490036829762
sans featurings,0.9702788348102146
sans featurings,1.0051869085568377
sans featurings,0.8765559219182505
sans featurings,0.967660582379577
sans featurings,0.9144478351907072
sans featurings,0.9608937519836869
sans featurings,0.9592487294886003
sans featurings,0.9476236076090766
sans featurings,0.9730099693589223
sans featurings,0.9305984633299678
sans featurings,0.9269392122567864
sans featurings,0.9392536694718049
sans featurings,0.9252798932057429
sans featurings,0.9845880775956147
sans featurings,0.9924712920461334
sans featurings,0.999144174426461
sans featurings,0.9312034851094557
sans featurings,0.9553620532475315
sans featurings,0.9768922550311953
sans featurings,0.9248976769210401
sans featurings,0.954646144089973
sans featurings,0.9431343008804693
sans featurings,0.9406687140572207
sans featurings,0.9654636992624035
sans featurings,0.9737526890686912
sans featurings,0.922318914930116
sans featurings,0.9856170563288221
sans featurings,0.9706048044887683
sans featurings,0.9327484336225246
sans featurings,0.913101046515042
sans featurings,0.8961885876982354
sans featurings,0.9615439723528583
sans featurings,0.9663373340660674
sans featurings,0.906147183993269
sans featurings,0.960607135356105
sans featurings,0.9561621301478431
sans featurings,1.0220245374584045
sans featurings,0.933579631117845
sans featurings,1.0162328282967208
sans featurings,0.95560724491018
sans featurings,0.9914346133616425
sans featurings,0.9311900518653278
sans featurings,0.9797606873512485
sans featurings,0.9377066441550462
sans featurings,0.9688427515470781
sans featurings,0.9456648666203109
sans featurings,0.9215866717050238
sans featurings,0.9546004684237458
sans featurings,0.9460196571217113
sans featurings,0.9278110479732109
sans featurings,0.9160699395381918
sans featurings,1.0163232391404464
sans featurings,1.006073202057954
sans featurings,1.008236238613819
sans featurings,0.9611780124064981
sans featurings,0.9595565992834904
sans featurings,0.9789506240358726
sans featurings,1.0070693895532705
sans featurings,0.9470065184109299
sans featurings,0.945768829217187
sans featurings,0.9550002105887123
sans featurings,0.9657258112763699
sans featurings,0.9536280338591421
sans featurings,0.9362434718303397
sans featurings,0.9372331206659796
sans featurings,0.9560260970895015
sans featurings,0.9569170187976256
sans featurings,0.9312622564467055
sans featurings,0.9832579307650067
sans featurings,0.9355635491227883
sans featurings,0.94708162574562
sans featurings,0.9406771344178679
sans featurings,0.9503829085502385
sans featurings,0.9338649129824946
sans featurings,0.9384073494066695
sans featurings,0.9463896308180589
sans featurings,0.961075422743496
sans featurings,0.9354009570979174
sans featurings,0.9784774685400647
sans featurings,0.9703810154042932
sans featurings,0.9413363917283073
sans featurings,0.9419646423465247
sans featurings,0.941460931997413
sans featurings,0.9704814316437137
sans featurings,1.0278178561148277
sans featurings,0.938855572557165
sans featurings,0.9975551718297772
sans featurings,0.9748669667893293
sans featurings,0.9887755855633765
sans featurings,0.9870133858520562
sans featurings,0.9465900185407339
sans featurings,1.0152597807531918
sans featurings,0.9750504982887406
sans featurings,0.9673390059740239
sans featurings,0.9944757227345952
sans featurings,0.9473213060272935
sans featurings,0.9599784822391891
sans featurings,0.9436387857578946
sans featurings,0.9213036015463584
sans featurings,0.9665657740567748
sans featurings,0.9793310931651595
sans featurings,0.9792754679761705
sans featurings,1.0015588677889984
sans featurings,0.9728246289989727
sans featurings,0.9849206885947595
sans featurings,0.9723015917908204
sans featurings,0.9506258710024177
sans featurings,0.9701378610288462
sans featurings,0.9001811507699805
sans featurings,0.9584362544750161
sans featurings,0.9604661801565895
sans featurings,0.9852429673138431
sans featurings,0.9633498408102085
sans featurings,0.9838041729107231
sans featurings,0.8980399332664246
sans featurings,0.9874435129065411
sans featurings,0.8994539905437455
sans featurings,0.9674004282619098
sans featurings,0.964633983958599
sans featurings,0.9573721470841763
sans featurings,0.9607350247174642
sans featurings,0.9257955982509584
sans featurings,0.9627351779703366
sans featurings,0.9340706993682204
sans featurings,1.0239910740378082
sans featurings,0.9306372064874846
sans featurings,0.8914279151811376
sans featurings,0.9914212610311292
sans featurings,0.970964740070229
sans featurings,0.9594008302997209
sans featurings,0.9814783748281001
sans featurings,0.9446406234404952
sans featurings,0.9251282542026356
sans featurings,0.9170786896992285
sans featurings,0.9330804156111506
sans featurings,0.925138654975739
sans featurings,0.935219312219363
sans featurings,0.9464631822154392
sans featurings,0.987232738967324
sans featurings,0.972829431316343
sans featurings,1.014482739298374
sans featurings,0.913571245218131
sans featurings,0.9052875388853941
sans featurings,0.9807216491210655
sans featurings,0.989192602297594
sans featurings,0.9641472486850814
sans featurings,0.9536183332122041
sans featurings,1.0046314613788878
sans featurings,0.9046839303011991
sans featurings,0.918357551157781
sans featurings,0.931625007343831
sans featurings,0.950297079750152
sans featurings,0.9549422761022017
sans featurings,0.9980498831934534
sans featurings,0.9975759037454379
sans featurings,0.9456936877477539
sans featurings,0.9726343864287423
sans featurings,0.9604182398868152
sans featurings,0.986338876789814
sans featurings,0.9625023771112038
sans featurings,0.9834230871856205
sans featurings,0.9208019932177761
sans featurings,0.9479795223380337
sans featurings,0.9194504882991479
sans featurings,0.9794320972323649
sans featurings,0.9729228130894869
sans featurings,0.9205503305393148
sans featurings,0.9413393839388275
sans featurings,0.9748769288401348
sans featurings,0.9230458395596579
sans featurings,0.9581390224342848
sans featurings,0.9411991217981763
sans featurings,0.9231230183305678
sans featurings,0.9932858162380589
sans featurings,0.9632873694216528
sans featurings,0.9491596349573129
sans featurings,0.9750570041165929
sans featurings,0.9263578357609104
sans featurings,0.9613197615857967
sans featurings,0.9417151402319194
sans featurings,0.9655846704912106
sans featurings,0.9292473058644366
sans featurings,0.9850369272912075
sans featurings,0.9815138781972315
sans featurings,0.9438379746092863
sans featurings,1.01317800843575
sans featurings,0.884636065218917
sans featurings,0.9603178079492083
sans featurings,0.9577217781765609
sans featurings,0.9489163464265377
sans featurings,0.9265160109080137
sans featurings,0.9931552924229616
sans featurings,1.0036953752618956
sans featurings,0.963658575114831
sans featurings,0.9341261794867364
sans featurings,0.9549688917325337
sans featurings,0.9627803431773414
sans featurings,0.9565296195551785
sans featurings,0.9602799651692967
sans featurings,0.9428497405290349
sans featurings,0.9250564374032455
sans featurings,0.9639682287396062
sans featurings,0.9697822276949076
sans featurings,0.9660632917669225
sans featurings,0.9586061357095272
sans featurings,0.9618583463009751
sans featurings,0.9951683146326754
sans featurings,0.9493729011533367
sans featurings,0.949479419229414
sans featurings,0.9800795513188614
sans featurings,0.9753054720505885
sans featurings,0.9596525655680335
sans featurings,0.9373674766818176
sans featurings,0.9256509126206509
sans featurings,0.9551904341127814
sans featurings,0.9913776337455968
sans featurings,1.0002445702999558
sans featurings,0.9577696246742438
sans featurings,0.9460021166023724
sans featurings,0.95309272485041
sans featurings,0.9627038336401362
sans featurings,0.9645329858003724
sans featurings,0.9957934832542686
sans featurings,0.940038784100646
sans featurings,1.0085659908840714
sans featurings,0.9523903917839457
sans featurings,0.9640764536487952
sans featurings,0.9210035852246683
sans featurings,0.9403012984960277
sans featurings,0.9122463917996202
sans featurings,0.9743581793351421
sans featurings,0.9406204915392903
sans featurings,0.9683003130907897
sans featurings,0.9597579659736537
sans featurings,0.929020491904838
sans featurings,0.9159747035735805
sans featurings,0.936653396970806
sans featurings,1.011036893737874
sans featurings,0.9438304342063213
sans featurings,0.9501363850981285
sans featurings,0.9522181488230029
sans featurings,0.9622242130215478
sans featurings,0.9479356354622633
sans featurings,0.9300532959807499
sans featurings,0.9346098295768682
sans featurings,0.9802316176392615
sans featurings,0.9578311414471564
sans featurings,0.9693674271941951
sans featurings,0.9991017260553231
sans featurings,0.9054434662705522
sans featurings,0.9700994509896076
sans featurings,0.9573721470841763
sans featurings,0.9921438195800764
sans featurings,0.9775875008272584
sans featurings,0.8962170738855901
sans featurings,0.9223455508028244
sans featurings,0.9440309202281899
sans featurings,0.9626876934338896
sans featurings,0.9423845591026095
sans featurings,0.9276637529081597
sans featurings,0.9789643986718956
sans featurings,0.9343742322032518
sans featurings,0.9157238168331019
sans featurings,1.0012823583091615
sans featurings,0.9825069759307693
sans featurings,0.9081436705840622
sans featurings,0.9345021331530381
sans featurings,0.9824521231100684
sans featurings,0.9379882403356092
sans featurings,0.9363757131086526
sans featurings,0.9996882037908394
sans featurings,0.923562626697605
sans featurings,0.9252049632982037
sans featurings,0.9565763261663331
sans featurings,0.9362849174029023
sans featurings,0.9406018569861485
sans featurings,0.9797209186965598
sans featurings,0.9025715021290628
sans featurings,0.897184501639346
sans featurings,0.9784687356181867
sans featurings,0.9547887147906774
sans featurings,0.9722051336682646
sans featurings,0.9691876917159055
sans featurings,0.9504548431292601
sans featurings,0.9951064832262594
sans featurings,0.9521117311287106
sans featurings,0.9868583477388585
sans featurings,0.9453241418190328
sans featurings,0.9653351955068451
sans featurings,0.9797807674557869
sans featurings,0.9009951549057564
sans featurings,0.9789220595817705
sans featurings,0.9900167365912413
sans featurings,0.9768613477332578
sans featurings,0.9605762911692476
sans featurings,0.9918400819230345
sans featurings,0.9451143171066614
sans featurings,0.9831212800132639
sans featurings,1.01440192497485
sans featurings,1.0037167632261879
sans featurings,0.9900854702957064
sans featurings,0.9056495850234636
sans featurings,0.9886978700763746
sans featurings,1.0007176750618443
sans featurings,0.9621476235522463
sans featurings,0.9316379637837516
sans featurings,0.9630525115082539
sans featurings,0.9305125319738307
sans featurings,0.9064060100330666
sans featurings,0.9741116170359243
sans featurings,0.984629138680149
sans featurings,0.9608769340332846
sans featurings,0.9861072595259757
sans featurings,0.9414255819045336
sans featurings,0.920434437883951
sans featurings,0.9478307660975138
sans featurings,0.9867834184139705
sans featurings,0.9873889853070068
sans featurings,0.9880294160027644
sans featurings,0.9572607101400383
sans featurings,0.9253588632140943
sans featurings,0.8987391176644992
sans featurings,0.925120951689757
sans featurings,0.9661723000539678
sans featurings,0.9194363146729627
sans featurings,1.001965043721519
sans featurings,1.0162978996258234
sans featurings,0.9353146978140234
sans featurings,0.9544458347703199
sans featurings,0.9740216073247393
sans featurings,0.9431515051687756
sans featurings,0.9706838706336373
sans featurings,0.9716871613785509
sans featurings,0.9875830695246349
sans featurings,0.9754880565418569
sans featurings,0.9656632892406501
sans featurings,0.9716520795744998
sans featurings,0.9432827802777289
sans featurings,0.9306333142490933
sans featurings,0.9400482337571955
sans featurings,0.9990329989020903
sans featurings,0.9457153899999801
sans featurings,0.9602582769128992
sans featurings,0.9772464469551971
sans featurings,0.964541458738192
sans featurings,0.9441392565718024
sans featurings,0.9799249734871025
sans featurings,0.9091750218809381
sans featurings,0.9751018466782508
sans featurings,0.9898786620451726
sans featurings,0.9255724269601494
sans featurings,1.0257139387784722
sans featurings,0.9705693652528588
sans featurings,0.9649734734723884
sans featurings,0.9675040625072996
sans featurings,0.9909472109593069
sans featurings,1.0161937034440858
sans featurings,0.97544430534504
sans featurings,0.9389297262811027
sans featurings,0.984805071786426
sans featurings,0.9183489210034477
sans featurings,0.9840471536663163
sans featurings,0.9031188759216202
sans featurings,0.9578311414471564
sans featurings,0.9642538094201647
sans featurings,0.9703653952335455
sans featurings,1.0112064849717175
sans featurings,0.9609017270664342
sans featurings,0.9679003739793278
sans featurings,0.9495393339222034
sans featurings,0.9166008363283463
sans featurings,0.9373469655549175
sans featurings,0.9836999863578048
sans featurings,0.9420093833415845
sans featurings,0.9706283729102625
sans featurings,0.9642252014363965
sans featurings,0.9531063820929859
sans featurings,0.9456455165435335
sans featurings,0.9928086511811218
sans featurings,0.9099637976670556
sans featurings,0.9714017854888389
sans featurings,0.9553880726640231
sans featurings,0.9071295876374255
sans featurings,1.0064087389762437
sans featurings,0.9071829437954522
sans featurings,0.9397668982579555
sans featurings,0.9171838117783245
sans featurings,0.9233082616468393
sans featurings,0.9664984211778092
sans featurings,0.9655566346332345
sans featurings,0.9076232179122705
sans featurings,0.9787831486320256
sans featurings,0.9854123452668452
sans featurings,0.8951931533366932
sans featurings,0.9623350155674661
sans featurings,0.9658565894377253
sans featurings,0.9753795507135711
sans featurings,0.9737503233167348
sans featurings,0.9447601262796633
sans featurings,0.9555568491174108
sans featurings,0.9787245748629751
sans featurings,0.9797160086428499
sans featurings,0.9714609360423675
sans featurings,0.9399211274092985
sans featurings,0.9635903162294345
sans featurings,0.9482723448398731
sans featurings,0.9393271143575279
sans featurings,0.9848478669139011
sans featurings,0.9856306556502289
sans featurings,0.9432858365543041
sans featurings,0.9282618304099517
sans featurings,0.891856184255382
sans featurings,0.9594842286099368
sans featurings,0.9204187639579343
sans featurings,0.9655314335628569
sans featurings,0.9133003013577518
sans featurings,0.9223214747614047
sans featurings,0.9466720982955567
sans featurings,0.944694639577229
sans featurings,0.8797097006323842
sans featurings,0.9376365828859264
sans featurings,0.9610465495792745
sans featurings,0.9266794029533635
sans featurings,0.9942455483837482
sans featurings,0.9973643601222391
sans featurings,0.9795932186352264
sans featurings,0.9100869382268303
sans featurings,0.9882077216156384
sans featurings,0.9992872178368948
sans featurings,0.972734990082336
sans featurings,1.0051869085568377
sans featurings,0.9591855856764554
sans featurings,0.9608419283527864
sans featurings,0.924705976844792
sans featurings,0.9725383066908935
sans featurings,0.9864259334246736
sans featurings,0.9282175561895883
sans featurings,0.9074007451885419
sans featurings,0.965395841867207
sans featurings,0.9496637751584368
sans featurings,0.9480282119237307
sans featurings,0.965081959576237
sans featurings,0.9590103678699893
sans featurings,0.902758460950777
sans featurings,0.9284754439002019
sans featurings,0.973093616527018
sans featurings,0.9537286869228189
sans featurings,0.9540693121209401
sans featurings,0.9168021940500136
sans featurings,0.9746198040799561
sans featurings,0.9771611141917963
sans featurings,0.9491845278919859
sans featurings,0.9906663226206772
sans featurings,0.9221560293259439
sans featurings,0.9225604764885927
sans featurings,1.0219603127548693
sans featurings,0.9108132981017473
sans featurings,0.9411221278209937
sans featurings,0.9770382539127004
sans featurings,0.945983135799902
sans featurings,0.9876590531701219
sans featurings,0.9297541510110139
sans featurings,0.9395537108386216
sans featurings,1.0148585301615831
sans featurings,1.0122446997699484
sans featurings,0.9396343165147318
sans featurings,0.9752942152796227
sans featurings,0.9621280988085491
sans featurings,1.00875088469386
sans featurings,0.9547877435695225
sans featurings,0.9357021466179457
sans featurings,0.934409200289551
sans featurings,0.9768920582354377
sans featurings,0.9390666588357933
sans featurings,0.9204964985151007
sans featurings,0.9131104531312095
sans featurings,0.9566244675109437
sans featurings,0.964638794618841
sans featurings,0.9464631822154392
sans featurings,0.9544813394045485
sans featurings,0.9315474039450826
sans featurings,0.9375427825939349
sans featurings,0.9207892847217924
sans featurings,0.951900082418757
sans featurings,0.9227300315557699
sans featurings,0.9857018093410418
sans featurings,0.940689168209381
sans featurings,0.942312850947969
sans featurings,0.9564454973294286
sans featurings,0.9952515811039523
sans featurings,0.8935067049303843
sans featurings,0.9795609618559943
sans featurings,0.9714446726568102
sans featurings,0.9463102546064396
sans featurings,0.9327546250354533
sans featurings,0.9342398257513007
sans featurings,0.9701088682256593
sans featurings,0.9783069201073549
sans featurings,0.9665215360704593
sans featurings,0.9946789959423107
sans featurings,0.9937811748069137
sans featurings,0.9185018334057018
sans featurings,0.9321901815410312
sans featurings,1.0058089880131673
sans featurings,0.9661043441820951
sans featurings,0.9499088483233847
sans featurings,0.9662552904424366
sans featurings,0.9543818416991772
sans featurings,1.0019747892253792
sans featurings,0.979411861345564
sans featurings,0.929286844852286
sans featurings,0.9218481418078964
sans featurings,0.9232895058383377
sans featurings,0.9318164626119109
sans featurings,0.9688453897328811
sans featurings,0.9542398676511518
sans featurings,0.9375561438955007
sans featurings,0.9738722504363849
sans featurings,0.9204187639579343
sans featurings,0.9673826800868178
sans featurings,0.9625727119051511
sans featurings,0.9310641403687768
sans featurings,0.9335657768397987
sans featurings,0.9504707445132177
sans featurings,0.9671625045161991
sans featurings,0.9583833060605012
sans featurings,0.9487221721435816
sans featurings,0.8862459067560631
sans featurings,0.9142887510545233
sans featurings,0.950242126888775
sans featurings,0.9949718637692022
sans featurings,0.9372089615425556
sans featurings,1.0200063154703838
sans featurings,0.9536227998228365
sans featurings,0.9683839753825897
sans featurings,1.000001504778643
sans featurings,0.9598148803831965
sans featurings,0.9618840642522
sans featurings,0.9276713047552662
sans featurings,0.9518352458530019
sans featurings,0.8969292295300814
sans featurings,0.9525338032381433
sans featurings,0.9337653245567689
sans featurings,0.9458225941537324
sans featurings,0.9639779238990972
sans featurings,0.9835542173260451
sans featurings,0.9122639967425924
sans featurings,0.9543734576405134
sans featurings,0.9654657028360167
sans featurings,0.9530489317668142
sans featurings,0.929066400431714
sans featurings,0.9396570726803908
sans featurings,0.9410444789848621
sans featurings,0.8994310534281234
sans featurings,0.9581158089739885
sans featurings,0.9159794313433895
sans featurings,0.9610718227341206
sans featurings,0.999600438292619
sans featurings,0.9073763643120981
sans featurings,0.9663774619421608
sans featurings,0.9437278007312813
sans featurings,0.9850369272912075
sans featurings,0.9316088010906933
sans featurings,0.9797592081397105
sans featurings,0.9453619984951289
sans featurings,0.9680756192752424
sans featurings,0.9443907953889595
sans featurings,0.9455333587994652
sans featurings,0.9257492609298036
sans featurings,1.015101638018686
sans featurings,0.9592832212027236
sans featurings,0.9456283602578056
sans featurings,0.9789752457062444
sans featurings,0.9525428272685985
sans featurings,0.9648862610694138
sans featurings,0.9435435184756017
sans featurings,0.9160043996156364
sans featurings,0.9378102071307337
sans featurings,0.9647469688630946
sans featurings,0.9699388918364032
sans featurings,0.9343248523444342
sans featurings,0.9439715725040071
sans featurings,0.9323751339266628
sans featurings,0.9783679746510785
sans featurings,0.9476232124713546
sans featurings,0.928330999332525
sans featurings,0.9412736323008256
sans featurings,0.9681586443601774
sans featurings,0.961893318330197
sans featurings,0.9847051948931823
sans featurings,1.0025657182495598
sans featurings,0.9234792884114997
sans featurings,0.9543019060074439
sans featurings,0.9493729011533367
sans featurings,0.9625497731003304
sans featurings,0.9497240044425009
sans featurings,0.8980399332664246
sans featurings,0.9536985109502097
sans featurings,0.9492131702272975
sans featurings,0.9200443112691079
sans featurings,0.9272692143148721
sans featurings,1.0140947133993161
sans featurings,0.9848759274232908
sans featurings,0.9109235072006244
sans featurings,0.9529228643753063
sans featurings,0.9746663596582842
sans featurings,0.9494954148297385
sans featurings,0.9916486030404402
sans featurings,0.9200842956870108
sans featurings,0.9377264325927508
sans featurings,1.0130013468306753
sans featurings,0.9872945989967482
sans featurings,0.9046292073556865
sans featurings,1.0047406570953004
sans featurings,0.9420694199562532
sans featurings,0.9530324201544513
sans featurings,0.9480751166984358
sans featurings,0.9722566270640706
sans featurings,0.9674242196478395
sans featurings,0.9632751693877539
sans featurings,0.9918052892661591
sans featurings,0.9478625609966009
sans featurings,0.9077627036846219
sans featurings,0.9340758115956427
sans featurings,0.9822272651345234
sans featurings,0.9721424128088186
sans featurings,0.970000596502115
sans featurings,0.9161069660730495
sans featurings,0.9630286797394502
sans featurings,0.9220795636824339
sans featurings,0.9434477833671882
sans featurings,0.9478028100937902
sans featurings,0.919240803786857
sans featurings,0.9185667362562703
sans featurings,0.9343017883278506
sans featurings,0.9339270586120296
sans featurings,0.9728246289989727
sans featurings,0.9749744865717324
sans featurings,0.9654657028360167
sans featurings,0.9649883878951264
sans featurings,0.9463848286797779
sans featurings,0.9557908411820268
sans featurings,0.9660241083468881
sans featurings,1.008416956156174
sans featurings,0.980082078984003
sans featurings,1.0048054486107951
sans featurings,1.0203653154926113
sans featurings,0.9408996047355536
sans featurings,0.9529308462139687
sans featurings,0.9079303980840455
sans featurings,0.9062222204089727
sans featurings,0.950013886195142
sans featurings,0.9637596020181661
sans featurings,1.0014341732727485
sans featurings,0.9606231530926507
sans featurings,0.9276670133287381
sans featurings,0.9708790334370646
sans featurings,0.9665873523193711
sans featurings,0.9389777331345819
sans featurings,0.95309272485041
sans featurings,0.9421785785490816
sans featurings,0.9390842381118469
sans featurings,0.9226974849340108
sans featurings,0.9339262656252847
sans featurings,0.959471594075763
sans featurings,0.943682856660834
sans featurings,0.9708857863146416
sans featurings,0.9547161519884931
sans featurings,0.9854123452668452
sans featurings,0.9130201527092312
sans featurings,0.9623872576578191
sans featurings,0.9840440405231593
sans featurings,0.919710924010829
sans featurings,1.0219447755652984
sans featurings,0.9430906426030353
sans featurings,0.9529210276369247
sans featurings,0.9298552311147326
sans featurings,0.9509028550838844
sans featurings,0.9579851338868508
sans featurings,0.9467429833778631
sans featurings,0.9493881667872606
sans featurings,0.9326035934032182
sans featurings,0.9047577001288637
sans featurings,0.9689790642310275
sans featurings,0.960031315092637
sans featurings,0.9341727729048204
sans featurings,0.9895813190386007
sans featurings,0.9608210929420737
sans featurings,0.9679319625552736
sans featurings,0.9079060265660761
sans featurings,0.9548720538333874
sans featurings,0.9991338685514504
sans featurings,0.9436571262850528
sans featurings,0.9880437583386446
sans featurings,0.9782594530138342
sans featurings,0.9604661801565895
sans featurings,0.9618571821209008
sans featurings,0.9593123383392254
sans featurings,0.9453909701536648
sans featurings,1.0112911304499537
sans featurings,0.9511216893207564
sans featurings,0.9453241418190328
sans featurings,0.9469923532329109
sans featurings,0.9809183908322348
sans featurings,0.9461436043536444
sans featurings,1.0016177740738434
sans featurings,0.922413364636034
sans featurings,0.9201654801258393
sans featurings,0.9616932601149403
sans featurings,0.9515741788263558
sans featurings,0.98556743151107
sans featurings,0.9259085592058974
sans featurings,0.9501323949858507
sans featurings,0.9626341215703494
sans featurings,0.9064060100330666
sans featurings,0.964019730347907
sans featurings,0.9754257604416101
sans featurings,0.9304029960296383
sans featurings,0.9294084765288289
sans featurings,0.9897320370521986
sans featurings,0.9438541314903691
sans featurings,1.0080815963042786
sans featurings,0.9430479730656547
sans featurings,0.9523478895014955
sans featurings,0.8851079225306393
sans featurings,0.9842620319381723
sans featurings,0.9584362544750161
sans featurings,0.9785699739141549
sans featurings,0.95560724491018
sans featurings,0.9809080176861513
sans featurings,0.9448992416338043
sans featurings,0.9636069212748728
sans featurings,0.9723897750257136
sans featurings,0.9424120285854133
sans featurings,1.012696048191805
sans featurings,0.9043732961834755
sans featurings,0.997184430431614
sans featurings,0.903193548859919
sans featurings,0.9357886720337357
sans featurings,0.9712916202512123
sans featurings,0.9612176481563707
sans featurings,0.9022853220656699
sans featurings,0.9203316067798112
sans featurings,0.9273803831606616
sans featurings,0.9994732775598236
sans featurings,0.9564568546099887
sans featurings,0.9547887147906774
sans featurings,0.9607989158254451
sans featurings,0.958818431998976
sans featurings,0.9299039124572708
sans featurings,0.9620310108433772
sans featurings,0.9579054352667277
sans featurings,0.954646144089973
sans featurings,1.0043623854610806
sans featurings,0.9591854683308311
sans featurings,0.9424694265935373
sans featurings,0.9454539870963503
sans featurings,0.9398043748499553
sans featurings,0.9320104242348436
sans featurings,0.9733722360852849
sans featurings,0.9661752168379444
sans featurings,0.9442076449408988
sans featurings,1.0270332779503406
sans featurings,0.9305125319738307
sans featurings,0.9372892052051184
sans featurings,0.9792187383338179
sans featurings,0.9318860805623613
sans featurings,0.9666711348472647
sans featurings,0.9589313745261729
sans featurings,1.0046821073045302
sans featurings,1.0421993244889354
sans featurings,0.9955087708131503
sans featurings,0.9487233540311534
sans featurings,0.953208082192926
sans featurings,0.9217225147210333
sans featurings,0.9489796370228749
sans featurings,0.937396840408436
sans featurings,0.9355193779358794
sans featurings,1.0033533455545853
sans featurings,0.9301701872286242
sans featurings,0.963609450255294
sans featurings,0.9441814277908996
sans featurings,0.9811656250220068
sans featurings,0.9591514968417987
sans featurings,0.9329424510506992
sans featurings,0.956831570288528
sans featurings,0.9958218065940665
sans featurings,0.9734086787905666
sans featurings,0.9540426527324309
sans featurings,0.9943492120330994
sans featurings,0.9492377765924007
sans featurings,0.9727224981317487
sans featurings,0.9597631408058133
sans featurings,0.9708664172060439
sans featurings,0.9778930381372875
sans featurings,0.9708663923848257
sans featurings,0.9449941225537142
sans featurings,1.012775771902733
sans featurings,0.997111269861895
sans featurings,0.9400395603746027
sans featurings,0.9578443531666746
sans featurings,0.9302926037080808
sans featurings,0.9359954738054239
sans featurings,0.9316745742155134
sans featurings,0.97925579684128
sans featurings,0.955766814489477
sans featurings,0.995629749688585
sans featurings,0.900153089232381
sans featurings,1.0111112821559047
sans featurings,0.9814989206742089
sans featurings,0.923562626697605
sans featurings,0.9540693121209401
sans featurings,0.9707591580030152
sans featurings,0.9337653245567689
sans featurings,0.947159971857329
sans featurings,0.9516312641935346
sans featurings,0.9379001284760041
sans featurings,0.9602799651692967
sans featurings,0.9369344970523334
sans featurings,0.9743073718423105
sans featurings,0.9708826969460531
sans featurings,0.9290663249348059
sans featurings,0.9553466128838607
sans featurings,0.9983193127101178
sans featurings,0.9414255819045336
sans featurings,1.0088326971536845
sans featurings,0.9453942345231015
sans featurings,0.9771848658549781
sans featurings,0.9900845415901919
sans featurings,0.9782889973493452
sans featurings,0.982156140624259
sans featurings,0.9991017260553231
sans featurings,0.9508826560271162
sans featurings,0.9156603383698116
sans featurings,0.9324235570762617
sans featurings,0.9551980201912056
sans featurings,0.9527998614109177
sans featurings,1.0117735560708234
sans featurings,0.9473213060272935
sans featurings,0.9818761100182483
sans featurings,0.93979250213553
sans featurings,0.9424364526882815
sans featurings,1.0179019063063652
sans featurings,0.93470539002135
sans featurings,0.9783181510873535
sans featurings,0.950599252500841
sans featurings,0.9241461662361234
sans featurings,0.9555225064213856
sans featurings,0.9271373519768267
sans featurings,0.9422327061020348
sans featurings,0.9691513574511591
sans featurings,0.9259249249319234
sans featurings,0.9581923801318547
sans featurings,0.9100183200039277
sans featurings,0.9802008843729916
sans featurings,0.9573460059273405
sans featurings,1.0142361533503592
sans featurings,0.9700805063928938
sans featurings,0.9463266884594639
sans featurings,0.9313118802718241
sans featurings,0.9494163135326644
sans featurings,0.9710808111443603
sans featurings,1.001801743726163
sans featurings,0.9340851955998436
sans featurings,0.9860457845639823
sans featurings,0.9327006311348012
sans featurings,0.9644335193489607
sans featurings,0.9695722014954171
sans featurings,0.9800007463941146
sans featurings,0.9219196222261897
sans featurings,0.9730287325857884
sans featurings,0.9727281546979011
sans featurings,0.9847685535374425
sans featurings,0.9578443531666746
sans featurings,0.9260467398206972
sans featurings,0.9590103678699893
sans featurings,0.925976136828396
sans featurings,0.9555603295743675
sans featurings,0.9540234343332555
sans featurings,0.9558745732443128
sans featurings,0.9875286830235165
sans featurings,0.9551001349247095
sans featurings,0.9533000676307288
sans featurings,0.9737385722417107
sans featurings,0.9486687935042679
sans featurings,0.966940393114895
sans featurings,0.9589841854303085
sans featurings,0.9131853792201716
sans featurings,0.9863478259805973
sans featurings,0.9656055835707253
sans featurings,0.9489796370228749
sans featurings,0.9248976769210401
sans featurings,0.9685086149644698
sans featurings,0.9590653413489488
sans featurings,0.981196979082691
sans featurings,0.9447183266112853
sans featurings,0.9727355408280642
sans featurings,0.9985245938007958
sans featurings,0.9997799957597748
sans featurings,0.9632873694216528
sans featurings,0.9952971671552808
sans featurings,0.9250338277449173
sans featurings,0.9425275819051613
sans featurings,0.9569708402812739
sans featurings,0.9369335734231204
sans featurings,1.0462167204235766
sans featurings,0.9812147187930937
sans featurings,0.922519342139799
sans featurings,1.0006869236566698
sans featurings,0.9478806435223405
sans featurings,0.9844061477461793
sans featurings,0.9302287950874882
sans featurings,0.9179998556013309
sans featurings,0.9333399001663069
sans featurings,0.9414825715588845
sans featurings,0.9516312641935346
sans featurings,0.9680907187797109
sans featurings,1.0025678210755076
sans featurings,0.8825531815214387
sans featurings,0.9598926624675519
sans featurings,0.9591854683308311
sans featurings,1.0184626395099257
sans featurings,1.0000708842857928
sans featurings,0.8869822380213239
sans featurings,0.9417392663261238
sans featurings,0.9404591273520512
sans featurings,0.9380194308491651
sans featurings,0.9373570842908843
sans featurings,0.9068389264257845
sans featurings,0.9528752894450865
sans featurings,0.9775279402239382
sans featurings,0.9408996047355536
sans featurings,0.9994225560160369
sans featurings,0.9706497645175151
sans featurings,0.9954965958679425
sans featurings,0.9207732009394718
sans featurings,0.9442001499587594
sans featurings,0.94862876819859
sans featurings,0.9942861784653917
sans featurings,0.9330423257943533
sans featurings,0.9719597151413429
sans featurings,0.9347557149933843
sans featurings,0.9871971027717862
sans featurings,0.9555544875613338
sans featurings,0.9601773972166431
sans featurings,0.9728998992934814
sans featurings,0.9535627110242749
sans featurings,0.9556437424217525
sans featurings,1.0036185121930485
sans featurings,0.9459671466504155
sans featurings,0.9604182398868152
sans featurings,0.9321734474882118
sans featurings,0.9735331000045611
sans featurings,0.9686681070640407
sans featurings,0.9457293382771332
sans featurings,0.9574473289633615
sans featurings,0.9479057498593783
sans featurings,0.9940172043232861
sans featurings,0.9683565811474383
sans featurings,0.9186309445861094
sans featurings,0.9489629998956249
sans featurings,0.9852429673138431
sans featurings,0.9465716206130061
sans featurings,0.9433758556532004
sans featurings,0.8983927989056049
sans featurings,0.9489826937837551
sans featurings,0.9699569204905796
sans featurings,0.9615764151594403
sans featurings,0.9767651525636549
sans featurings,0.975949918369411
sans featurings,0.9938869346473138
sans featurings,0.9365149164329296
sans featurings,0.9875991154613134
sans featurings,0.96586207923047
sans featurings,0.9108636753136545
sans featurings,0.9341955671087593
sans featurings,0.9716671425273606
sans featurings,0.9341118170744209
sans featurings,0.9182466398141019
sans featurings,0.9402822650232173
sans featurings,0.9683056959732952
sans featurings,0.9531505652245148
sans featurings,0.980547857350544
sans featurings,0.9100183200039277
sans featurings,0.9050211437538409
sans featurings,0.9509028550838844
sans featurings,0.9742425109965002
sans featurings,0.9139829788817374
sans featurings,0.9658481111127436
sans featurings,0.9730046261780889
sans featurings,0.9719597151413429
sans featurings,0.9121339218569294
sans featurings,0.9406039463108768
sans featurings,0.9629723934563192
sans featurings,0.9561066025594807
sans featurings,1.0107660608669258
sans featurings,1.0058959855805583
sans featurings,0.9631104151281734
sans featurings,0.9661186276196185
sans featurings,0.9377067330354499
sans featurings,0.951801584009846
sans featurings,0.9817594021491785
sans featurings,0.9431515051687756
sans featurings,0.9083129614023829
sans featurings,0.9720143047630007
sans featurings,0.9487569475813522
sans featurings,0.9434997663423443
sans featurings,0.9705285195343789
sans featurings,0.9784687356181867
sans featurings,0.9961775711086349
sans featurings,0.9428199753953235
sans featurings,0.9528913703630814
sans featurings,0.9796621564616308
sans featurings,0.9780523288231487
sans featurings,0.9185011697338683
sans featurings,0.9538152871799099
sans featurings,0.9643666870214509
sans featurings,0.9536110028501819
sans featurings,0.9804284343448981
sans featurings,0.9406298384996796
sans featurings,0.9203316067798112
sans featurings,0.9651550771134828
sans featurings,0.9341846653060761
sans featurings,0.9055154597526113
sans featurings,0.9669711545884084
sans featurings,0.9512399723415199
sans featurings,0.9501549429586178
sans featurings,0.9530876453906285
sans featurings,0.9145583480429653
sans featurings,0.9476352627475458
sans featurings,0.9477010344351561
sans featurings,0.9373615834579387
sans featurings,0.9611960634270693
sans featurings,1.0212240265482855
sans featurings,0.9778817543765621
sans featurings,0.9193169236319275
sans featurings,0.9293687741444179
sans featurings,0.9166067764958534
sans featurings,0.9769596183903014
sans featurings,0.933335488663648
sans featurings,0.995629749688585
sans featurings,0.9312665877846068
sans featurings,0.915072410282979
sans featurings,0.982907681259178
sans featurings,0.9860798033909788
sans featurings,0.9788851574574372
sans featurings,0.9100869382268303
sans featurings,0.9889427638393649
sans featurings,0.9802475678467817
sans featurings,0.9303596720700877
sans featurings,0.9818181173401136
sans featurings,0.9477271667075647
sans featurings,0.9629461733538377
sans featurings,0.9598926624675519
sans featurings,0.9655510946420338
sans featurings,0.9879632730919902
sans featurings,0.951087241222823
sans featurings,0.9196387986841209
sans featurings,0.99910243476257
sans featurings,0.9126294669562233
sans featurings,0.9642902954973991
sans featurings,0.9666014611025868
sans featurings,0.9556769627323909
sans featurings,0.9696204152179619
sans featurings,0.99910243476257
sans featurings,0.9602858761026007
sans featurings,0.9821734107948434
sans featurings,0.9815581016222323
sans featurings,0.9895499827758567
sans featurings,0.9311915265159192
sans featurings,0.9547158925226356
sans featurings,0.9936173204563934
sans featurings,0.9543881192505727
sans featurings,0.9559644007620615
sans featurings,0.9704092713934038
sans featurings,0.9294278684531206
sans featurings,0.9536477804712385
sans featurings,0.951087241222823
sans featurings,0.9400482337571955
sans featurings,0.9279432994219201
sans featurings,0.9721233245532644
sans featurings,0.9769483459184528
sans featurings,0.9689140217952857
sans featurings,0.9470866193652157
sans featurings,0.9811656250220068
sans featurings,0.9809413071673705
sans featurings,0.9429399658022593
sans featurings,0.9369113129232962
sans featurings,0.9023868316798163
sans featurings,0.9130557533911446
sans featurings,0.9527855096858205
sans featurings,0.930536785622093
sans featurings,0.9685068417414454
sans featurings,0.9592268554120121
sans featurings,0.9839360939469165
sans featurings,0.9791446229304224
sans featurings,0.9308009011994798
sans featurings,0.9354338805575806
sans featurings,0.935945761073772
sans featurings,0.9485776259167645
sans featurings,1.007398649372416
sans featurings,0.9865450066168376
sans featurings,0.9483878985358216
sans featurings,0.9332857068161363
sans featurings,0.9197316053606247
sans featurings,0.9771611141917963
sans featurings,0.9311915265159192
sans featurings,0.9676391464543069
sans featurings,0.8836447781007748
sans featurings,0.9576867263614747
sans featurings,0.9546199353870912
sans featurings,0.9661388030549183
sans featurings,0.9915203087822493
sans featurings,0.9477385869125199
sans featurings,0.9864722050315918
sans featurings,0.9263439214181339
sans featurings,0.9489467773624549
sans featurings,0.8913289364606962
sans featurings,0.9461657584433382
sans featurings,0.9637174196283276
sans featurings,0.9922246990480162
sans featurings,0.9369484187858432
sans featurings,0.9405285009099468
sans featurings,0.9232925410562148
sans featurings,0.9226275549059331
sans featurings,0.9701378610288462
sans featurings,0.9537025237198697
sans featurings,0.9754880565418569
sans featurings,0.9610927193069752
sans featurings,0.9891035930974126
sans featurings,0.9191568103560569
sans featurings,0.9920469634317636
sans featurings,0.953140356508666
sans featurings,0.9764537210294981
sans featurings,0.9374701651310434
sans featurings,1.0106328636148527
sans featurings,0.9505622541896901
sans featurings,0.99439261868607
sans featurings,0.9250296234006572
sans featurings,0.9530809979607389
sans featurings,1.0144337659414546
sans featurings,0.9433700451391175
sans featurings,0.9470359028566331
sans featurings,1.0029560037640608
sans featurings,0.9681971945515401
sans featurings,0.9759017145873007
sans featurings,0.9341725398476538
sans featurings,0.9350642835941047
sans featurings,0.9673562080007706
sans featurings,0.97281767588571
sans featurings,0.960305959589251
sans featurings,0.9243162247785159
sans featurings,0.941423934656315
sans featurings,0.9394428289687371
sans featurings,1.0331902922788387
sans featurings,0.9946172157405608
sans featurings,0.8951931533366932
sans featurings,1.0047903170220756
sans featurings,0.9699388918364032
sans featurings,0.9456770641494681
sans featurings,0.9208019932177761
sans featurings,0.9352887394158838
sans featurings,0.9792187383338179
sans featurings,0.9437760151167168
sans featurings,0.9508168667726212
sans featurings,0.9460368209069843
sans featurings,0.9486134405855988
sans featurings,0.9465038711393465
sans featurings,0.9691297592472043
sans featurings,0.9713043654883494
sans featurings,0.9622453843797659
sans featurings,0.9911197608218638
sans featurings,0.9683355843024857
sans featurings,0.9462098316128196
sans featurings,0.9810283442439515
sans featurings,0.9537403860238399
sans featurings,0.9921554854416268
sans featurings,0.9719389384707822
sans featurings,0.9916585680028602
sans featurings,0.9451946042371624
sans featurings,0.9425345930205113
sans featurings,0.9771442368880953
sans featurings,0.9217588039756335
sans featurings,0.9611127986428885
sans featurings,0.9290172510023383
sans featurings,0.9730323484454522
sans featurings,0.9604439410530811
sans featurings,0.9607995269262594
sans featurings,0.9259374865960959
sans featurings,0.9251887333102132
sans featurings,0.9348141114523884
sans featurings,0.9580510703507639
sans featurings,0.9559900669080369
sans featurings,0.9705206812764988
sans featurings,0.9381745116941509
sans featurings,0.959444998999687
sans featurings,0.9324274498332024
sans featurings,0.9732264157717581
sans featurings,0.9496845079583582
sans featurings,0.96815519028508
sans featurings,0.974351593794817
sans featurings,0.9313493650616954
sans featurings,0.9227784378356225
sans featurings,0.9409976571617824
sans featurings,0.9752432713796062
sans featurings,0.9815980161584489
sans featurings,0.9196560823638453
sans featurings,0.9471254579479367
sans featurings,0.9719118825480918
sans featurings,0.9454545914321802
sans featurings,0.9915923878209844
sans featurings,0.9893930946733767
sans featurings,0.9355511741032819
sans featurings,0.9389362678769442
sans featurings,0.9602490569301333
sans featurings,0.9971713357832376
sans featurings,0.9083348501389206
sans featurings,0.9609894142968163
sans featurings,0.9482053549433779
sans featurings,0.9477066240260673
sans featurings,0.9629723934563192
sans featurings,0.9679003739793278
sans featurings,0.9373837385845102
sans featurings,0.9687665722941556
sans featurings,0.9346242314824642
sans featurings,0.9268534686977082
sans featurings,0.9691943202326018
sans featurings,0.9617417959884769
sans featurings,1.0064851299482775
sans featurings,0.9284926934878155
sans featurings,0.9599426032310435
sans featurings,0.9118405731632382
sans featurings,0.9139167998229542
sans featurings,0.945168705483069
sans featurings,0.9500269874294482
sans featurings,0.9316754027261253
sans featurings,1.0007788269306381
sans featurings,0.9719597151413429
sans featurings,0.9579054352667277
sans featurings,0.903202083118778
sans featurings,0.9757275877541782
sans featurings,0.9564511331598569
sans featurings,0.9768577979746816
sans featurings,0.9795890902880182
sans featurings,0.9858373885881271
sans featurings,0.9519167056467982
sans featurings,0.9673134527412303
sans featurings,0.9716959541095708
sans featurings,0.9780067707006017
sans featurings,0.9319573836860382
sans featurings,0.9252798932057429
sans featurings,0.9006745176774757
sans featurings,0.9372586807202425
sans featurings,1.0037450807204706
sans featurings,0.9669718476277631
sans featurings,0.9269646472023099
sans featurings,0.9363359046690485
sans featurings,0.9568151755840244
sans featurings,0.9971011071716809
sans featurings,0.9791141267924384
sans featurings,0.9367730417717481
sans featurings,0.9709845712708536
sans featurings,0.9248730435339652
sans featurings,0.9488922238566994
sans featurings,0.961343715711839
sans featurings,0.9922788471065876
sans featurings,0.960455754128656
sans featurings,0.9891035930974126
sans featurings,1.0224706223285724
sans featurings,0.8976242387145161
sans featurings,0.9955601534798153
sans featurings,0.9390651025804262
sans featurings,0.9025715021290628
sans featurings,0.9496845079583582
sans featurings,0.9351782985398605
sans featurings,0.9818407691294462
sans featurings,0.9661388030549183
sans featurings,0.9647707044769656
sans featurings,0.9921278725396696
sans featurings,0.9857018093410418
sans featurings,0.9592119283310765
sans featurings,1.0231135114952787
sans featurings,0.9848759274232908
sans featurings,1.0213366342647527
sans featurings,0.9829898357312757
sans featurings,0.9686377145427596
sans featurings,0.9284754439002019
sans featurings,0.9900453407254306
sans featurings,0.912483038832688
sans featurings,0.9287957666059221
sans featurings,0.9453313923741395
sans featurings,0.9817155679228796
sans featurings,0.9886151364198801
sans featurings,0.9322477521026924
sans featurings,0.9618557915760265
sans featurings,0.9428394296147768
sans featurings,0.9433703564499437
sans featurings,0.9478307660975138
sans featurings,0.9955601534798153
sans featurings,0.9711547145600445
sans featurings,0.9532047916763037
sans featurings,0.9708862181099145
sans featurings,0.9658358225983362
sans featurings,1.0132148042250113
sans featurings,0.9593123383392254
sans featurings,0.9657565369043368
sans featurings,0.9400395603746027
sans featurings,0.9502827966523206
sans featurings,0.9355700860000731
sans featurings,1.004206763832679
sans featurings,0.9782611834241777
sans featurings,0.9540348584061987
sans featurings,0.9363403698735352
sans featurings,0.9154027493645353
sans featurings,0.9665934872265836
sans featurings,0.884480696188999
sans featurings,0.9358248637232846
sans featurings,0.942865606063505
sans featurings,0.9487221721435816
sans featurings,0.968068785489603
sans featurings,0.9518750806687736
sans featurings,0.9614176838613039
sans featurings,0.9355193779358794
sans featurings,0.9578379713830861
sans featurings,0.9469485092325087
sans featurings,0.952085757056165
sans featurings,0.9947066620501929
sans featurings,0.957901033700779
sans featurings,0.93937340599388
sans featurings,0.922284922532146
sans featurings,0.9848147017278275
sans featurings,0.9324399049812601
sans featurings,0.9489796225067922
sans featurings,0.9748261474011298
sans featurings,0.9282411965260746
sans featurings,0.9206313766290952
sans featurings,0.9593994194790835
sans featurings,0.9538644906789897
sans featurings,0.9527659908264445
sans featurings,0.9891926497466129
sans featurings,0.9327956172762939
sans featurings,0.9250564374032455
sans featurings,0.9561849544522261
sans featurings,0.9245161117466463
sans featurings,0.9657091541543158
sans featurings,0.9577722918222826
sans featurings,1.002806490776148
sans featurings,0.9621272942778342
sans featurings,0.9105408987073234
sans featurings,0.9303891233070434
sans featurings,0.943902543599255
sans featurings,0.9372807647898089
sans featurings,0.9431607497794958
sans featurings,0.9444765675155523
sans featurings,0.9747632792271542
sans featurings,0.9551587418959846
sans featurings,0.9724107716296945
sans featurings,0.94350160971707
sans featurings,1.0082357616549715
sans featurings,0.9793030656597337
sans featurings,0.9508266976485804
sans featurings,0.9861996179762466
sans featurings,0.9338638503824886
sans featurings,0.936943995841393
sans featurings,0.9717361254037011
sans featurings,0.9096618074760687
sans featurings,0.9634038761402772
sans featurings,0.9516468816427296
sans featurings,0.9313753139547901
sans featurings,0.92277876153798
sans featurings,0.9337746225867357
sans featurings,0.9722040896927467
sans featurings,0.9085395845496216
sans featurings,0.9720809184014856
sans featurings,0.9780124416780978
sans featurings,0.9143493002339952
sans featurings,0.9635354517364814
sans featurings,0.9864259334246736
sans featurings,0.9488357238991608
sans featurings,1.003081371435406
sans featurings,1.0070047162708151
sans featurings,0.9532847201988375
sans featurings,0.9410444789848621
sans featurings,0.9485595198284277
sans featurings,0.9905437091512048
sans featurings,0.9752102515195462
sans featurings,0.9625231082145798
sans featurings,0.9716001199213415
sans featurings,0.9380474261226633
sans featurings,0.9799999557638879
sans featurings,0.9420794335058028
sans featurings,0.977874999688841
sans featurings,0.9848495205779569
sans featurings,0.9706367527102121
sans featurings,0.9161058967479283
sans featurings,0.9781606434621407
sans featurings,0.9886969922125477
sans featurings,0.9435789338121452
sans featurings,0.9756592685106474
sans featurings,0.9849087694595589
sans featurings,0.977417732138062
sans featurings,0.9521117311287106
sans featurings,0.9755992322545839
sans featurings,0.9681508943268156
sans featurings,0.9906780233829755
sans featurings,0.9864259334246736
sans featurings,0.9491124432938545
sans featurings,0.9815644748318241
sans featurings,0.9417399932021593
sans featurings,1.0165405440361917
sans featurings,1.012696048191805
sans featurings,0.975473169512749
sans featurings,0.9653692290414728
sans featurings,0.9463102546064396
sans featurings,0.95560724491018
sans featurings,0.9479047452979219
sans featurings,1.0075929800926706
sans featurings,1.0112064849717175
sans featurings,0.9530759586230211
sans featurings,0.999144174426461
sans featurings,0.9605679680088456
sans featurings,0.9422620407170652
sans featurings,0.9994284735026028
sans featurings,1.009336407334491
sans featurings,0.942697599353069
sans featurings,0.9555544875613338
sans featurings,0.958650309947722
sans featurings,0.9541979863703077
sans featurings,0.9821932595548125
sans featurings,0.9384270767065439
sans featurings,0.9653242603397388
sans featurings,0.9080014794843285
sans featurings,0.9568958991689431
sans featurings,0.9303596720700877
sans featurings,1.0000096706445807
sans featurings,0.9263568923323189
sans featurings,0.9012902668573601
sans featurings,0.96259278271867
sans featurings,0.9165349975532251
sans featurings,0.9653692290414728
sans featurings,0.9727062042012755
sans featurings,0.9460832278115119
sans featurings,0.9701615676869308
sans featurings,0.9442383490597157
sans featurings,1.015064297438033
sans featurings,0.9875286830235165
sans featurings,0.9275345537657916
sans featurings,0.9724377783164677
sans featurings,0.9451946042371624
sans featurings,0.9447733056496995
sans featurings,0.930361047506223
sans featurings,0.9630595077866214
sans featurings,0.997699740127893
sans featurings,0.9451659212250938
sans featurings,0.9605716847242797
sans featurings,0.9695114839980911
sans featurings,0.9563180742409583
sans featurings,0.9644261278030238
sans featurings,0.9463710838680945
sans featurings,0.9247656551987314
sans featurings,0.9384849024187445
sans featurings,0.9860272271450017
sans featurings,0.9378385122189135
sans featurings,0.9520636811359139
sans featurings,0.9821738419699382
sans featurings,0.9440171232477739
sans featurings,0.9715449666638272
sans featurings,0.9205646545822429
sans featurings,0.9735911653642914
sans featurings,0.930606381905954
sans featurings,0.9675916402321276
sans featurings,0.9116050611450232
sans featurings,0.9938893800192946
sans featurings,0.995004168982657
sans featurings,1.0232360870181305
sans featurings,0.9015291316166162
sans featurings,0.8953745457078983
sans featurings,0.9800542533522136
sans featurings,0.9580599223742603
sans featurings,0.9050304952771823
sans featurings,0.9398454428101045
sans featurings,0.9663241967756965
sans featurings,0.9884419456792779
sans featurings,0.9374608061350729
sans featurings,0.9261691961839683
sans featurings,0.9813243690021182
sans featurings,0.9181400499277316
sans featurings,0.9849206885947595
sans featurings,0.9797474975794493
sans featurings,0.9282617460057295
sans featurings,0.918325171127431
sans featurings,0.9678885783676089
sans featurings,0.9884593418585815
sans featurings,0.9275668957909022
sans featurings,0.9970623170129131
sans featurings,0.932589234682503
sans featurings,0.9478901278777859
sans featurings,0.9553861880576613
sans featurings,0.9615494686247056
sans featurings,0.9670988003693353
sans featurings,0.9874822717421093
sans featurings,0.9437565623471222
sans featurings,0.9732264157717581
sans featurings,0.9927796484725996
sans featurings,0.9966940555596848
sans featurings,0.9283942536232266
sans featurings,1.0093926888502822
sans featurings,0.986747922881987
sans featurings,0.9717664905352805
sans featurings,0.9915203087822493
sans featurings,0.9185011697338683
sans featurings,0.9668869826291677
sans featurings,0.8846612439120296
sans featurings,0.9842624986766113
sans featurings,1.01444804401692
sans featurings,0.9136366081429138
sans featurings,0.9405285009099468
sans featurings,0.969380493564625
sans featurings,1.006308590675294
sans featurings,0.9823922319814962
sans featurings,0.9828773136904142
sans featurings,0.9053158383335057
sans featurings,0.9065644187736578
sans featurings,1.0016177740738434
sans featurings,0.9865108101372455
sans featurings,0.9681314239485721
sans featurings,0.9687665722941556
sans featurings,0.9616825653779094
sans featurings,0.9623065987630895
sans featurings,0.9193265463186263
sans featurings,0.9618493593241566
sans featurings,0.9616547602485894
sans featurings,0.9591613696659346
sans featurings,0.9588207892951532
sans featurings,0.9372586807202425
sans featurings,0.9084686681726442
sans featurings,0.9756287460341924
sans featurings,1.0012530847763739
sans featurings,0.9373246876303947
sans featurings,0.9094879529847542
sans featurings,0.9478374745008218
sans featurings,0.9940172043232861
sans featurings,0.9641511427497355
sans featurings,0.9388403816182824
sans featurings,0.9448992416338043
sans featurings,0.9376792531522229
sans featurings,0.9222167343296911
sans featurings,0.9207939187434314
sans featurings,0.9858000160656835
sans featurings,1.0413222887675828
sans featurings,0.9856306556502289
sans featurings,0.9189079005009064
sans featurings,0.973574038418242
sans featurings,0.9335353621016408
sans featurings,0.9489163464265377
sans featurings,0.8987511342312583
sans featurings,0.9432396716644896
sans featurings,0.9135244395571731
sans featurings,0.9463896308180589
sans featurings,0.9176326154292695
sans featurings,0.9201721135810002
sans featurings,0.9644416964267958
sans featurings,0.9679498696350721
sans featurings,0.9955983344546887
sans featurings,0.9332912152004533
sans featurings,0.9952560685902221
sans featurings,0.9098939492906072
sans featurings,0.9144485374704526
sans featurings,0.9824160194262905
sans featurings,0.958751041574597
sans featurings,0.9102214350369782
sans featurings,0.9594649315300975
sans featurings,0.9284940984909994
sans featurings,0.9438944617431164
sans featurings,0.9153348983683324
sans featurings,0.9453764207010152
sans featurings,0.9303455376776363
sans featurings,0.934584137240605
sans featurings,0.9069688460950192
sans featurings,0.9022703781834956
sans featurings,0.9920038374960932
sans featurings,0.9443945665737797
sans featurings,1.0155555883314034
sans featurings,0.9863781400206744
sans featurings,0.9903538613901574
sans featurings,0.9231130079877559
sans featurings,0.9558405392069035
sans featurings,0.9950202958798587
sans featurings,0.958952509399851
sans featurings,0.9377357681564567
sans featurings,0.9589400346658876
sans featurings,1.0075929800926706
sans featurings,0.9166067764958534
sans featurings,0.9453461574085528
sans featurings,1.0093730605789863
sans featurings,0.9931909669209952
sans featurings,0.9244288980568176
sans featurings,0.9476510271277105
sans featurings,0.9307513444251512
sans featurings,0.910566986987501
sans featurings,0.9720444419315337
sans featurings,0.9130033452606615
sans featurings,0.9346857083876153
sans featurings,1.0082374700140946
sans featurings,0.9413134085123269
sans featurings,0.9095035914546787
sans featurings,0.9133278202759321
sans featurings,0.9494050073357942
sans featurings,1.0231135114952787
sans featurings,0.9555383272236161
sans featurings,0.9724908667339602
sans featurings,0.9923955668228197
sans featurings,0.9666139067097332
sans featurings,0.904600404883305
sans featurings,0.9483505921548159
sans featurings,0.91674235306533
sans featurings,0.899991488849903
sans featurings,0.9961355210736536
sans featurings,0.9428109641968029
sans featurings,0.9447074232703201
sans featurings,1.007223465879782
sans featurings,0.9840935224833168
sans featurings,1.0242620578867137
sans featurings,0.9822244827405737
sans featurings,0.9100294452838007
sans featurings,0.9647111875296572
sans featurings,0.9341727729048204
sans featurings,0.9529118225171468
sans featurings,0.9387753784804853
sans featurings,0.9729703142192536
sans featurings,0.9849588373605255
sans featurings,0.9915327309061215
sans featurings,0.9526620878039062
sans featurings,0.9846636468729741
sans featurings,0.996491152591788
sans featurings,0.9575850361647763
sans featurings,0.9839480170564568
sans featurings,0.9919849956092933
sans featurings,0.9583174996974505
sans featurings,1.0183321997653965
sans featurings,0.9958811374573764
sans featurings,0.9469000441342486
sans featurings,0.9658949279523723
sans featurings,0.9308659589904995
sans featurings,0.9506955251668374
sans featurings,1.0048213645558501
sans featurings,0.9310473914199837
sans featurings,0.9048250291188212
sans featurings,0.9373469655549175
sans featurings,0.9373469655549175
sans featurings,0.9546683126394709
sans featurings,1.0058250383571692
sans featurings,0.9860457845639823
sans featurings,0.9165349975532251
sans featurings,0.9306333142490933
sans featurings,0.99439261868607
sans featurings,0.996681356094515
sans featurings,0.9459792954349017
sans featurings,0.9434400890623743
sans featurings,0.9414247809273847
sans featurings,0.9367730417717481
sans featurings,1.0177778403253297
sans featurings,0.9300726012043123
sans featurings,0.9611935850844902
sans featurings,0.9607989158254451
sans featurings,0.9761554279378476
sans featurings,0.9765862913325675
sans featurings,1.0019176352881143
sans featurings,0.9554241195022792
sans featurings,0.9675998616618557
sans featurings,0.9463660950158411
sans featurings,0.9745160487287995
sans featurings,0.9336290745207237
sans featurings,0.9777858256930181
sans featurings,0.9775875008272584
sans featurings,1.0253227911333007
sans featurings,0.9766946692612845
sans featurings,0.9286386873362372
sans featurings,0.9780124416780978
sans featurings,0.9785256501609221
sans featurings,0.9283594077514589
sans featurings,0.9196281471688793
sans featurings,0.9398454428101045
sans featurings,0.9941227009501926
sans featurings,0.9520636811359139
sans featurings,0.9337322268875089
sans featurings,0.9794682106560818
sans featurings,0.9656632892406501
sans featurings,0.9680623351741648
sans featurings,0.9227661856372062
sans featurings,0.938395335109988
sans featurings,0.9710497795798776
sans featurings,0.9604323633963188
sans featurings,0.9702169247125975
sans featurings,0.959061803450791
sans featurings,0.8869822380213239
sans featurings,0.9793484667546208
sans featurings,0.9685859214428632
sans featurings,0.950079279181035
sans featurings,0.9668058259811914
sans featurings,0.9204187639579343
sans featurings,0.9661759899814887
sans featurings,0.9347008992816608
sans featurings,0.988643988333822
sans featurings,0.8946084695151044
sans featurings,1.0151822161977349
sans featurings,0.9532047916763037
sans featurings,0.9383764058767133
sans featurings,0.942312850947969
sans featurings,0.942311721825497
sans featurings,1.0047406570953004
sans featurings,0.9887091564169023
sans featurings,0.9249261460934435
sans featurings,0.9642269333926047
sans featurings,0.9398587202940575
sans featurings,0.9845880775956147
sans featurings,0.9728177314299318
sans featurings,0.9747623823141981
sans featurings,0.9658670119332224
sans featurings,0.9592508649010704
sans featurings,0.9647930174629071
sans featurings,0.9215866717050238
sans featurings,0.968135189687556
sans featurings,0.9229106169381746
sans featurings,0.994230935882791
sans featurings,0.9394428289687371
sans featurings,0.9544015332789685
sans featurings,0.9997893596910163
sans featurings,0.903193548859919
sans featurings,0.919499392188222
sans featurings,0.942585319035194
sans featurings,0.9679007918488385
sans featurings,0.9559848696723025
sans featurings,0.9473213060272935
sans featurings,0.9537195372669957
sans featurings,0.9314150074263445
sans featurings,0.9978973731206954
sans featurings,0.9743273539182129
sans featurings,0.966940393114895
sans featurings,1.0415080676622135
sans featurings,0.9575664923003122
sans featurings,0.9337982255746395
sans featurings,0.9794448314651574
sans featurings,0.9368943258798567
sans featurings,0.9282411965260746
sans featurings,0.964979912243549
sans featurings,1.01317800843575
sans featurings,0.9461543807563626
sans featurings,0.9959518049220262
sans featurings,0.9605918533074153
sans featurings,1.012722443205756
sans featurings,0.9220202478179663
sans featurings,0.9731652440380372
sans featurings,0.9097098564480072
sans featurings,0.9479359116240731
sans featurings,0.9733838150478387
sans featurings,0.9689771545579448
sans featurings,0.8941511490483467
sans featurings,0.988895868690534
sans featurings,0.9529531038395128
sans featurings,0.936883670172648
sans featurings,0.9440764288802748
sans featurings,0.9566360124257257
sans featurings,0.988326856851919
sans featurings,0.9116050611450232
sans featurings,0.9966245598237516
sans featurings,0.96749316157919
sans featurings,0.9839670709658411
sans featurings,0.9920038374960932
sans featurings,0.9916835211525378
sans featurings,0.9447551946679055
sans featurings,0.9736859044238999
sans featurings,0.9079060265660761
sans featurings,0.9553484265510614
sans featurings,0.9457085762486548
sans featurings,0.9575739722723814
sans featurings,0.9845061876789104
sans featurings,0.9760805962183273
sans featurings,0.9688226836429016
sans featurings,0.9283283199275069
sans featurings,0.9332857068161363
sans featurings,0.94862876819859
sans featurings,0.9840350633182637
sans featurings,0.9108636753136545
sans featurings,0.9412583360045226
sans featurings,0.9496170107582793
sans featurings,0.9770346182825951
sans featurings,0.9807555222455979
sans featurings,0.9495962686737264
sans featurings,0.9761986840335894
sans featurings,0.976208159553459
sans featurings,0.9432657707476797
sans featurings,0.9686681070640407
sans featurings,0.9656595901777076
sans featurings,0.9423939051532852
sans featurings,0.9696385978020184
sans featurings,1.004460920968477
sans featurings,0.9768723042496854
sans featurings,1.0180382918485813
sans featurings,0.9728339168252584
sans featurings,0.9570346981096245
sans featurings,0.9631104151281734
sans featurings,1.0006958197128748
sans featurings,0.9691175930618048
sans featurings,0.9645242987422509
sans featurings,0.956352762160379
sans featurings,0.9839001397463408
sans featurings,0.9935583382886404
sans featurings,0.9154027493645353
sans featurings,0.9688427515470781
sans featurings,0.9842613241293986
sans featurings,0.9535620988620173
sans featurings,1.001801743726163
sans featurings,0.9674394553025086
sans featurings,0.905230736590769
sans featurings,0.9577516781621419
sans featurings,0.8753115925957685
sans featurings,0.9460750230883023
sans featurings,0.9828542624313161
sans featurings,0.9939674510615766
sans featurings,0.9733838150478387
sans featurings,0.9870207558954037
sans featurings,0.9429126821516477
sans featurings,0.9645471192136038
sans featurings,1.0242620578867137
sans featurings,0.9524012729156202
sans featurings,0.9388515956212744
sans featurings,0.9416906541940724
sans featurings,0.9822272651345234
sans featurings,0.929103400393521
sans featurings,0.9873439619350314
sans featurings,0.9927796484725996
sans featurings,1.0061424538745722
sans featurings,0.9410875117460465
sans featurings,0.9643315428353257
sans featurings,0.9913651047240268
sans featurings,0.957224561801776
sans featurings,0.9814414164349795
sans featurings,0.9817781295801961
sans featurings,0.9463681824288467
sans featurings,0.9237183772139148
sans featurings,0.9776717060433192
sans featurings,0.9359650498284144
sans featurings,0.9777690978134526
sans featurings,0.9673513911313999
sans featurings,0.9480492748635895
sans featurings,1.0041800542698283
sans featurings,0.9623872576578191
sans featurings,0.9166515053872097
sans featurings,0.9784247011007816
sans featurings,0.9344377694155366
sans featurings,0.9865108101372455
sans featurings,0.9118230528665726
sans featurings,0.9807746935915518
sans featurings,0.9983869924850484
sans featurings,0.9495017083788637
sans featurings,0.9576536435757892
sans featurings,0.9692411299938529
sans featurings,0.9874435129065411
sans featurings,0.9871188465923341
sans featurings,0.9466921231527493
sans featurings,0.9203485683610423
sans featurings,0.8962279785090682
sans featurings,0.9733838150478387
sans featurings,0.9222548485478606
sans featurings,0.9781992959219874
sans featurings,0.986340846313385
sans featurings,0.874744327183524
sans featurings,0.940038784100646
sans featurings,0.9304037203993047
sans featurings,0.9664143142413038
sans featurings,0.9903696986071583
sans featurings,0.9884250808431805
sans featurings,0.9690271625609579
sans featurings,0.9771384858809506
sans featurings,0.9470598062448723
sans featurings,0.9455927287919148
sans featurings,0.9387694056331304
sans featurings,0.9347599757143695
sans featurings,0.984554619601367
sans featurings,0.9505998353766097
sans featurings,0.958057417379583
sans featurings,0.9433059319281456
sans featurings,0.937075279769686
sans featurings,0.9564620738854408
sans featurings,0.9681502622090262
sans featurings,0.9653022454338381
sans featurings,0.8649144375957805
sans featurings,0.951339454875035
sans featurings,0.9804284343448981
sans featurings,0.9528303231220513
sans featurings,0.954756735312493
sans featurings,1.0310429128840857
sans featurings,0.9285819788268783
sans featurings,0.9506338620890679
sans featurings,0.9680756192752424
sans featurings,0.9587626019378289
sans featurings,0.9802316176392615
sans featurings,1.0072310708582555
sans featurings,0.9645740457645975
sans featurings,0.9710025950406211
sans featurings,0.9532689017151666
sans featurings,0.9678591638171019
sans featurings,0.9697763546100532
sans featurings,1.0209108420015933
sans featurings,0.977367193771802
sans featurings,0.9557620007532629
sans featurings,0.9290743967425767
sans featurings,0.9660632338549211
sans featurings,0.9845070136354325
sans featurings,0.9384088799273147
sans featurings,0.9113405824507002
sans featurings,0.9745121383365256
sans featurings,0.9180286320768093
sans featurings,1.000047774617422
sans featurings,0.9729377722402064
sans featurings,0.9330216817194599
sans featurings,0.9324274498332024
sans featurings,0.955382960422
sans featurings,0.9590407234384811
sans featurings,1.0067190049152372
sans featurings,0.9231287315142414
sans featurings,0.9387906748169794
sans featurings,0.962835009226004
sans featurings,0.927734271235398
sans featurings,1.0290605472364296
sans featurings,0.9654917235069485
sans featurings,0.9754324931877537
sans featurings,0.9180286320768093
sans featurings,0.9290516292679986
sans featurings,0.9199464812964805
sans featurings,0.9312622564467055
sans featurings,0.9155308589962047
sans featurings,0.9468335529456521
sans featurings,0.943829798688662
sans featurings,0.9534687477836432
sans featurings,0.9389190496655911
sans featurings,0.9256888167878411
sans featurings,0.9203579946513635
sans featurings,0.9419057728474511
sans featurings,0.9314921492058825
sans featurings,0.9610226632578864
sans featurings,0.9163638180378978
sans featurings,1.0184626395099257
sans featurings,0.9575664923003122
sans featurings,0.9450405833966976
sans featurings,0.9503373091417103
sans featurings,0.9107692702873896
sans featurings,0.9247289173165572
sans featurings,0.9440171232477739
sans featurings,0.9427736184559873
sans featurings,0.9665200003874109
sans featurings,0.9485429783268877
sans featurings,0.9589501531491419
sans featurings,0.9892807462334277
sans featurings,0.9544327680388959
sans featurings,0.9290516292679986
sans featurings,0.9825757621455468
sans featurings,0.9564954781335706
sans featurings,0.9421230330733434
sans featurings,0.9284926934878155
sans featurings,0.9392253932283978
sans featurings,0.9374160935440676
sans featurings,0.9569451957701026
sans featurings,0.9476387806083783
sans featurings,0.9491430415372782
sans featurings,0.9255585287313971
sans featurings,0.955805712423589
sans featurings,0.9820042945629708
sans featurings,0.9306372064874846
sans featurings,1.0288596000039394
sans featurings,0.9541949239959219
sans featurings,0.9522915532267308
sans featurings,0.9435227605660268
sans featurings,1.0015266250777433
sans featurings,0.9185018334057018
sans featurings,0.9689865674079887
sans featurings,0.9567992629539425
sans featurings,0.9572024666607706
sans featurings,0.9822701426868685
sans featurings,0.9784369874796764
sans featurings,0.9646629742583152
sans featurings,0.9409721295759162
sans featurings,0.9196560823638453
sans featurings,0.9853553607022233
sans featurings,0.9926619273957797
sans featurings,0.98225056185105
sans featurings,0.9956625802960083
sans featurings,0.9678468137806037
sans featurings,0.962689215550009
sans featurings,0.927608629344502
sans featurings,0.9325972369617563
sans featurings,0.965335987833853
sans featurings,0.9479057498593783
sans featurings,0.9550993608554956
sans featurings,1.0148593676687434
sans featurings,0.9827337355422865
sans featurings,0.9514827714701567
sans featurings,0.9440874460314232
sans featurings,0.9282618304099517
sans featurings,0.9783293652303966
sans featurings,0.9522876836421525
sans featurings,0.9775913223404233
sans featurings,0.9648862610694138
sans featurings,0.9537280173328693
sans featurings,0.9715336171688037
sans featurings,0.9869553141906571
sans featurings,0.9542657289151301
sans featurings,0.9714917476564148
sans featurings,0.9218077741315592
sans featurings,0.8935067049303843
sans featurings,0.9378102071307337
sans featurings,0.9590775329895076
sans featurings,0.9824118349973081
sans featurings,0.9432396716644896
sans featurings,0.9959737948496727
sans featurings,0.9851565814939602
sans featurings,0.9806377640454029
sans featurings,0.9730073796588755
sans featurings,0.9396204132666547
sans featurings,0.936504548283866
sans featurings,0.8979853621625682
sans featurings,0.9515741788263558
sans featurings,0.9749351578151702
sans featurings,1.0179019063063652
sans featurings,0.9047507132745306
sans featurings,0.9435227605660268
sans featurings,0.9497036886957029
sans featurings,0.9586011752093573
sans featurings,0.9402927933501729
sans featurings,0.9672692341349223
sans featurings,0.9249420811374689
sans featurings,0.9559292718914971
sans featurings,0.9279112809272507
sans featurings,0.9825484650946692
sans featurings,0.9470336295242143
sans featurings,0.9220558420525613
sans featurings,1.023152192481573
sans featurings,0.9461657584433382
sans featurings,0.9326787401234797
sans featurings,0.9510207599583471
sans featurings,0.9329780964436054
sans featurings,0.9131104531312095
sans featurings,0.9418216466709329
sans featurings,0.9342294078949475
sans featurings,1.0173891843687426
sans featurings,0.9310110794767331
sans featurings,0.9475816502953608
sans featurings,0.977642623444264
sans featurings,0.9192600825145866
sans featurings,0.9288170454103324
sans featurings,0.9917490471619639
sans featurings,1.0331902922788387
sans featurings,0.9208439033565948
sans featurings,0.9272207568357349
sans featurings,0.963344517441317
sans featurings,0.9576067748856649
sans featurings,0.9259157150490412
sans featurings,0.975482948400607
sans featurings,0.9603733877733125
sans featurings,0.9459328896209499
sans featurings,0.9692570820283781
sans featurings,0.9585194606744794
sans featurings,0.9332912152004533
sans featurings,0.9286875183529809
sans featurings,0.9398741288075071
sans featurings,0.930351439794276
sans featurings,0.9025715021290628
sans featurings,0.9746463608365552
sans featurings,0.9557543612790764
sans featurings,0.9530630351692341
sans featurings,0.9444427617485278
sans featurings,0.9377917610942491
sans featurings,0.9970975270815862
sans featurings,0.9687174509943928
sans featurings,0.9915075008562538
sans featurings,0.9247739135424804
sans featurings,1.010765245391776
sans featurings,0.9442592667188712
sans featurings,0.9795628910283216
sans featurings,0.929066400431714
sans featurings,0.9728211316393578
sans featurings,0.9173763452582326
sans featurings,0.9380105274317324
sans featurings,1.0048940935083386
sans featurings,0.9596730991647981
sans featurings,0.9628472247565756
sans featurings,0.9840350633182637
sans featurings,0.9749607066251281
sans featurings,0.92007116742942
sans featurings,1.0201772852333317
sans featurings,0.9109309256035448
sans featurings,0.9991868593515364
sans featurings,0.9086723893130864
sans featurings,0.9653351955068451
sans featurings,0.9703473039429221
sans featurings,1.003624740087622
sans featurings,0.9782648950035362
sans featurings,0.9145220072115543
sans featurings,0.9388178456475307
sans featurings,0.9473300988495271
sans featurings,0.9683125507459509
sans featurings,0.9574630324060814
sans featurings,0.9553769316548413
sans featurings,0.9655819730525584
sans featurings,0.9108139047329569
sans featurings,0.9621774640753604
sans featurings,0.9790231026313521
sans featurings,0.9409102721220782
sans featurings,0.9285167139076556
sans featurings,0.9786415881326734
sans featurings,0.967320192885801
sans featurings,0.9505998353766097
sans featurings,0.893883375332249
sans featurings,0.9502001477089843
sans featurings,0.9661388030549183
sans featurings,0.9925735248446534
sans featurings,0.9533392481854939
sans featurings,0.9394827127707301
sans featurings,0.9553409932406531
sans featurings,1.0085659908840714
sans featurings,0.9312851081665161
sans featurings,0.9598196693696582
sans featurings,1.015415550155973
sans featurings,0.9042161935931569
sans featurings,0.9596745077501372
sans featurings,0.93791677913823
sans featurings,0.9294652306991043
sans featurings,0.9886619235327675
sans featurings,0.9227300315557699
sans featurings,0.9266777874453206
sans featurings,0.9254889458187362
sans featurings,0.9848349587438963
sans featurings,0.9365524218304669
sans featurings,0.941937952265125
sans featurings,0.9378917595899281
sans featurings,0.9882961455989014
sans featurings,0.9987247686080858
sans featurings,0.9772144205264539
sans featurings,0.947141425619252
sans featurings,0.9663625037180482
sans featurings,1.028627747028103
sans featurings,0.9478159659823022
sans featurings,0.9724514872738999
sans featurings,0.9490331704895635
sans featurings,0.937195167836353
sans featurings,0.948130045986946
sans featurings,0.9099200365849197
sans featurings,0.9467912663427487
sans featurings,0.9812465347054158
sans featurings,0.9770659511687212
sans featurings,0.9369775977205417
sans featurings,0.934401803563033
sans featurings,0.9544813394045485
sans featurings,0.9177091366573541
sans featurings,0.9566369487464504
sans featurings,0.9305461905562347
sans featurings,0.9793927078129615
sans featurings,0.9420659251846188
sans featurings,0.9739021066866145
sans featurings,0.9831131211066139
sans featurings,0.9292402487448325
sans featurings,0.9734236534880046
sans featurings,0.9455878699415003
sans featurings,0.9435187182042909
sans featurings,0.957224561801776
sans featurings,0.9202060335175437
sans featurings,0.9163411866448562
sans featurings,0.9430319490462672
sans featurings,0.9304037203993047
sans featurings,0.9566143215386471
sans featurings,1.0317296392404471
sans featurings,0.9691943202326018
sans featurings,1.0092749656127016
sans featurings,0.9899680478746586
sans featurings,0.9161875414739018
sans featurings,0.9480751166984358
sans featurings,0.9172042472330502
sans featurings,0.9827337355422865
sans featurings,0.9659833008819986
sans featurings,0.9355016852281972
sans featurings,0.9361419367820939
sans featurings,0.9303290841405075
sans featurings,0.9790924222330887
sans featurings,0.9453074045549397
sans featurings,0.9204319888819317
sans featurings,0.9357152534197266
sans featurings,0.932672582220138
sans featurings,0.9680830925262288
sans featurings,1.0054197536967475
sans featurings,0.9365449767211869
sans featurings,0.9376618783683148
sans featurings,0.9171713327287191
sans featurings,0.9656312342721527
sans featurings,0.9672892177513884
sans featurings,0.964323028434177
sans featurings,0.932840390214726
sans featurings,0.9555564235614423
sans featurings,1.0180382918485813
sans featurings,0.9700994509896076
sans featurings,0.9286659387254338
sans featurings,0.9617492053292528
sans featurings,0.9878621410839733
sans featurings,0.9893508546667332
sans featurings,0.9879137101191603
sans featurings,0.9584531572367352
sans featurings,0.9675618052663905
sans featurings,0.9643936868313977
sans featurings,0.9334232686422526
sans featurings,0.9420643455259602
sans featurings,0.9176159179214922
sans featurings,0.9867690061367151
sans featurings,0.9574082966195742
sans featurings,1.0036273856992683
sans featurings,0.9553861880576613
sans featurings,0.9824799782669541
sans featurings,0.9784774685400647
sans featurings,0.9423271142847036
sans featurings,0.947806149759089
sans featurings,0.9383502835568285
sans featurings,0.9680364665987394
sans featurings,0.9337249372764893
sans featurings,0.9273884939786803
sans featurings,0.9831131211066139
sans featurings,0.9398504946894848
sans featurings,0.9802731723325081
sans featurings,0.9788095427528436
sans featurings,0.9655553489069145
sans featurings,0.9583076974828186
sans featurings,0.9888912061979668
sans featurings,0.9722051336682646
sans featurings,0.9474069940767137
sans featurings,0.9703964145401712
sans featurings,0.9923165272347587
sans featurings,0.9669718476277631
sans featurings,0.924467680415038
sans featurings,0.9460615848828482
sans featurings,0.9384143386373164
sans featurings,0.9045519710151536
sans featurings,0.9685160091841224
sans featurings,0.9471232207238801
sans featurings,0.9819903220800619
sans featurings,0.9286875183529809
sans featurings,0.9234466235256762
sans featurings,0.9085395845496216
sans featurings,0.9653934823160709
sans featurings,0.9543557760390816
sans featurings,0.9653763983450335
sans featurings,1.019721320803876
sans featurings,1.008481431350879
sans featurings,0.9655819730525584
sans featurings,0.8985717340905518
sans featurings,0.998324259854052
sans featurings,0.9384840249544097
sans featurings,1.0004341263605254
sans featurings,1.0013599188205342
sans featurings,0.9613645400608998
sans featurings,0.9649966698858946
sans featurings,1.0022868311662028
sans featurings,0.9734915205436787
sans featurings,0.9904480489085343
sans featurings,0.9480833652070885
sans featurings,0.9550569691847143
sans featurings,0.9361455016313704
sans featurings,1.010765245391776
sans featurings,0.9847051948931823
sans featurings,1.0241884285893919
sans featurings,0.964066928315564
sans featurings,0.9473054352439307
sans featurings,1.000657664866188
sans featurings,1.0099115284767601
sans featurings,0.9600976405888185
sans featurings,0.9409976571617824
sans featurings,0.9833316081549429
sans featurings,0.9668011389369833
sans featurings,0.9071829437954522
sans featurings,0.9691787954819111
sans featurings,0.9992356902421689
sans featurings,0.9968750858333301
sans featurings,0.9650636219194108
sans featurings,0.9828509845259917
sans featurings,0.9253036625219245
sans featurings,0.9207939187434314
sans featurings,0.9419930582514646
sans featurings,0.9962798563888212
sans featurings,0.9462116784138972
sans featurings,0.9788168281700236
sans featurings,0.9614659355863091
sans featurings,0.9425236635130239
sans featurings,0.9852744710713418
sans featurings,0.946575830584891
sans featurings,0.994153426421909
sans featurings,0.9421334527724213
sans featurings,0.9060420692258073
sans featurings,0.9665657740567748
sans featurings,0.9966050351013724
sans featurings,0.9818625318092252
sans featurings,0.9449935970717771
sans featurings,0.9193451189846441
sans featurings,0.9480751166984358
sans featurings,0.9775622650131166
sans featurings,0.9980498831934534
sans featurings,0.9549092255448542
sans featurings,1.0263702547619082
sans featurings,0.9921554854416268
sans featurings,0.920427842730351
sans featurings,0.9348592158874571
sans featurings,0.9795953283595683
sans featurings,0.9205158672132643
sans featurings,0.9574300932906513
sans featurings,0.9767982026170762
sans featurings,0.9553988078932546
sans featurings,0.9585953799409201
sans featurings,0.9876746423488588
sans featurings,0.9555286763493012
sans featurings,0.9808211099398113
sans featurings,0.9360664838919912
sans featurings,0.9283806943237657
sans featurings,0.9488704572298342
sans featurings,0.9396762580855879
sans featurings,0.9791529293533644
sans featurings,0.963658575114831
sans featurings,0.9375211716062035
sans featurings,0.95425721950819
sans featurings,1.0003292293436057
sans featurings,0.959341586174754
sans featurings,0.9199948148431034
sans featurings,0.9778395760810523
sans featurings,0.893112249722299
sans featurings,0.9632331573809215
sans featurings,0.9520278103850144
sans featurings,0.916582054205324
sans featurings,1.0109882225024158
sans featurings,1.006059077783397
sans featurings,0.9566915107186138
sans featurings,0.9205646545822429
sans featurings,0.9425013527175816
sans featurings,0.9473073108858446
sans featurings,0.9845204239463374
sans featurings,0.9439606089588967
sans featurings,0.9260435050182625
sans featurings,0.9852744710713418
sans featurings,0.9852202791177573
sans featurings,0.9605006816765558
sans featurings,0.9269313647065773
sans featurings,0.9154027493645353
sans featurings,0.918557516956512
sans featurings,0.9478744857484315
sans featurings,1.0055373801204246
sans featurings,0.973439080182501
sans featurings,1.010708791472323
sans featurings,0.9459451352612027
sans featurings,0.9603870611031811
sans featurings,0.95501942650091
sans featurings,0.9423806127661899
sans featurings,0.9584698899453077
sans featurings,0.9840584601647191
sans featurings,0.9228463752453132
sans featurings,0.9572630807903685
sans featurings,0.984926777357509
sans featurings,0.9674168097029873
sans featurings,0.948551101074632
sans featurings,0.9505704854505521
sans featurings,0.9559848696723025
sans featurings,0.9627038336401362
sans featurings,0.9553321950075919
sans featurings,0.9444056007434843
sans featurings,0.9711626861237798
sans featurings,0.9473479730048033
sans featurings,0.8983125842610058
sans featurings,0.9797807674557869
sans featurings,0.9351094845987222
sans featurings,0.9335152965706629
sans featurings,0.986747922881987
sans featurings,0.9639516633015083
sans featurings,0.9816206013104108
sans featurings,0.9106183810329606
sans featurings,0.9655475467213196
sans featurings,0.9538174938633022
sans featurings,0.9076232179122705
sans featurings,0.9496522335911166
sans featurings,0.9023779608880952
sans featurings,0.903193548859919
sans featurings,0.9371531204240237
sans featurings,0.9841436741746866
sans featurings,0.9382265265598797
sans featurings,0.9787517421606884
sans featurings,0.9500570711412494
sans featurings,0.9545820937301887
sans featurings,0.9594957321251333
sans featurings,0.9633880205754237
sans featurings,0.9732868122024674
sans featurings,0.944694639577229
sans featurings,0.9845880775956147
sans featurings,0.9432644660886659
sans featurings,0.9603974780591232
sans featurings,0.9672343800773859
sans featurings,0.9406047163972173
sans featurings,0.9243162247785159
sans featurings,0.9729973279861749
sans featurings,0.9817750145182012
sans featurings,0.9613672255206356
sans featurings,0.9059707268958124
sans featurings,0.9760805962183273
sans featurings,0.9471398668408526
sans featurings,0.9882868796797645
sans featurings,0.9273884939786803
sans featurings,0.9511296545690383
sans featurings,0.9695096896837586
sans featurings,0.9823517366581751
sans featurings,0.9584492235781382
sans featurings,0.9789752457062444
sans featurings,0.9406204915392903
sans featurings,0.9865263111223163
sans featurings,0.9677486172100184
sans featurings,0.9407052041844086
sans featurings,0.923152881023348
sans featurings,0.999430742252598
sans featurings,0.9775352604139653
sans featurings,0.9980498831934534
sans featurings,0.9329775857417452
sans featurings,0.9675424741021987
sans featurings,0.9851547832708334
sans featurings,0.9900125736057993
sans featurings,0.9914212610311292
sans featurings,0.9869162808797396
sans featurings,0.9473236199336957
sans featurings,0.9202060335175437
sans featurings,0.9597940021747791
sans featurings,0.9038227307361022
sans featurings,0.9395124593154496
sans featurings,0.9553466128838607
sans featurings,0.9050313444269158
sans featurings,0.9613672255206356
sans featurings,0.9737526890686912
sans featurings,0.9833798315078022
sans featurings,0.9435515938819795
sans featurings,0.9711727855735087
sans featurings,0.9822202852806305
sans featurings,0.9870260675623119
sans featurings,0.9556166437358686
sans featurings,0.9305038281019236
sans featurings,0.9553672483770004
sans featurings,0.919806975480408
sans featurings,0.9625968580627926
sans featurings,0.9109354459946544
sans featurings,0.9821268006745416
sans featurings,0.9739955428555911
sans featurings,0.9334124658301846
sans featurings,0.9469923532329109
sans featurings,0.977339462968238
sans featurings,0.9766950501572645
sans featurings,0.9731652440380372
sans featurings,0.9851565814939602
sans featurings,0.9569052577217722
sans featurings,0.996681356094515
sans featurings,0.9559149222086413
sans featurings,0.9705688305627684
sans featurings,0.9234792884114997
sans featurings,0.9376441293875933
sans featurings,0.9442001499587594
sans featurings,0.957036503216963
sans featurings,0.9679453703854201
sans featurings,0.9177220864052624
sans featurings,0.9952798010201203
sans featurings,0.9967456794245061
sans featurings,0.974009000246613
sans featurings,0.9871764079749797
sans featurings,0.9422931255314835
sans featurings,0.9294278684531206
sans featurings,0.974211093677421
sans featurings,0.9824160194262905
sans featurings,0.9874435129065411
sans featurings,0.9616447386520861
sans featurings,0.90704295179594
sans featurings,0.9662540456741702
sans featurings,0.9808921749873383
sans featurings,0.9446406234404952
sans featurings,0.9693383876581602
sans featurings,0.93473596626952
sans featurings,0.9954013243982691
sans featurings,0.9455167867665268
sans featurings,0.9555622863702091
sans featurings,0.9590314579954415
sans featurings,0.9480740151937821
sans featurings,0.9653680476134388
sans featurings,0.9116050611450232
sans featurings,0.9682622483188007
sans featurings,0.9516268710500476
sans featurings,0.928330999332525
sans featurings,0.9825387157278859
sans featurings,0.973212816410115
sans featurings,0.9702266308676467
sans featurings,0.9494735664104597
sans featurings,0.9327430343728172
sans featurings,0.9610465495792745
sans featurings,0.9891844837142558
sans featurings,0.9330804156111506
sans featurings,0.9602453244644779
sans featurings,0.9518748940107654
sans featurings,0.9654917235069485
sans featurings,0.9409754165635658
sans featurings,0.9387043942611765
sans featurings,0.9100294452838007
sans featurings,0.9738578793354178
sans featurings,0.9341528570359844
sans featurings,0.9952798010201203
sans featurings,0.9636641395758009
sans featurings,0.9306530997826095
sans featurings,0.9671406363180781
sans featurings,0.9596525655680335
sans featurings,0.9435317688841186
sans featurings,0.9576285741495292
sans featurings,0.9473300988495271
sans featurings,0.9517221620937873
sans featurings,0.9589377303375994
sans featurings,0.9359650498284144
sans featurings,0.9484539919008819
sans featurings,0.9392195926991627
sans featurings,0.9512137100364654
sans featurings,0.9685160091841224
sans featurings,0.96259278271867
sans featurings,0.9988906336225444
sans featurings,1.0023821738786076
sans featurings,0.9676391464543069
sans featurings,0.9938801747186485
sans featurings,0.9335657768397987
sans featurings,0.9844364490388409
sans featurings,0.9290663249348059
sans featurings,0.9182446811315645
sans featurings,0.9605524121835942
sans featurings,0.9553167283245689
sans featurings,0.9199025238750302
sans featurings,0.9833798315078022
sans featurings,0.9598697039217146
sans featurings,0.9576494081850594
sans featurings,0.9425254121626154
sans featurings,0.9633878639581491
sans featurings,0.9904480489085343
sans featurings,1.0248387034506705
sans featurings,0.9593881078809118
sans featurings,0.9395482489535542
sans featurings,0.9627591442862352
sans featurings,0.9056495850234636
sans featurings,0.9661043441820951
sans featurings,1.0019786403585673
sans featurings,0.9610723065169626
sans featurings,1.0095079111496945
sans featurings,0.9592094104912198
sans featurings,0.9458283574232395
sans featurings,0.992441274652056
sans featurings,0.9093418925264815
sans featurings,0.9007202076442605
sans featurings,0.9579720219362472
sans featurings,0.9328279398870509
sans featurings,0.9306333142490933
sans featurings,0.8979331248664777
sans featurings,0.9797473173952229
sans featurings,0.9393300211354418
sans featurings,0.9239864238989874
sans featurings,0.9378396971805265
sans featurings,0.9462747561454846
sans featurings,0.9398679303115431
sans featurings,0.9073050243973751
sans featurings,0.9754324931877537
sans featurings,0.9861072595259757
sans featurings,0.9112184868465352
sans featurings,0.9423602116063159
sans featurings,0.9144539318575875
sans featurings,0.9355793586379827
sans featurings,0.9429843117249272
sans featurings,0.9560172290459767
sans featurings,0.9340841223976704
sans featurings,0.9877040599851231
sans featurings,0.9062222204089727
sans featurings,0.9958449154965483
sans featurings,0.9469032469052007
sans featurings,1.000047774617422
sans featurings,0.9546136245266844
sans featurings,0.9843246269315497
sans featurings,0.9752929596713382
sans featurings,0.9406728668631437
sans featurings,0.9288109375126805
sans featurings,1.0215391926106847
sans featurings,0.9219181330886298
sans featurings,0.9723015917908204
sans featurings,0.923817749156889
sans featurings,0.9323561430638974
sans featurings,0.9301556969468957
sans featurings,0.9968797850895942
sans featurings,0.9633170787093901
sans featurings,0.9942103535653398
sans featurings,0.9671180204813549
sans featurings,0.9607100815537458
sans featurings,0.9897862902389992
sans featurings,1.0162944980601234
sans featurings,0.9720872459948983
sans featurings,0.9515741788263558
sans featurings,1.01200067604004
sans featurings,0.9432707301374746
sans featurings,0.9806949879145883
sans featurings,0.9323751339266628
sans featurings,0.9449615773056358
sans featurings,0.9476785858620886
sans featurings,1.011221229492946
sans featurings,0.980995544824473
sans featurings,0.9525874682040606
sans featurings,0.9453891156369647
sans featurings,0.9397630193747532
sans featurings,0.9678043583270521
sans featurings,0.9767032445880474
sans featurings,0.9181442475620247
sans featurings,0.9425013527175816
sans featurings,0.9748737963444504
sans featurings,0.9421785785490816
sans featurings,0.9578350933300338
sans featurings,0.9095648365456476
sans featurings,0.9170891626277252
sans featurings,0.9946789959423107
sans featurings,0.9204964985151007
sans featurings,0.9537206774569373
sans featurings,0.9666516338785285
sans featurings,1.0112389362158951
sans featurings,0.9924203724482928
sans featurings,0.9496108483225425
sans featurings,1.0182759606004466
sans featurings,0.9674804673895803
sans featurings,0.9516660386460649
sans featurings,0.9095918627024923
sans featurings,0.9331136089904215
sans featurings,0.9528785972129143
sans featurings,0.9602720318182485
sans featurings,0.9409037090374416
sans featurings,0.961188003817438
sans featurings,0.9608442666162393
sans featurings,0.9585347452163502
sans featurings,0.9273569655021134
sans featurings,0.9625231082145798
sans featurings,0.9644717741548617
sans featurings,0.9314150074263445
sans featurings,0.9725819267171567
sans featurings,0.961097559002914
sans featurings,0.937890898938948
sans featurings,0.963434242248859
sans featurings,0.9548287917041328
sans featurings,0.9746198040799561
sans featurings,0.9949407361590556
sans featurings,1.0006057267551784
sans featurings,0.9544645376725953
sans featurings,0.9327430343728172
sans featurings,0.9660046135607202
sans featurings,0.9500907120503347
sans featurings,0.9751178620694139
sans featurings,0.9192399567868146
sans featurings,0.9483885596306114
sans featurings,0.9572292018818829
sans featurings,1.003997289452602
sans featurings,0.9696202845125412
sans featurings,0.9841914209681337
sans featurings,0.8968181907618232
sans featurings,1.0177778403253297
sans featurings,0.9885401490674016
sans featurings,0.9406018569861485
sans featurings,0.9347213609518079
sans featurings,0.9915489981489631
sans featurings,0.891856184255382
sans featurings,0.9757919125367702
sans featurings,0.9525656120418802
sans featurings,0.9048250291188212
sans featurings,0.982156140624259
sans featurings,0.9798584088899848
sans featurings,0.9102362681785945
sans featurings,0.936665897435125
sans featurings,0.9842624986766113
sans featurings,0.9311910962322085
sans featurings,0.9558405392069035
sans featurings,0.9555225064213856
sans featurings,1.0166184026565326
sans featurings,0.9652771868857674
sans featurings,0.9408924957905261
sans featurings,0.9523663749101164
sans featurings,0.9928570659330128
sans featurings,0.9361877956901709
sans featurings,0.9660582851062924
sans featurings,0.9930821584209841
sans featurings,0.96349825999659
sans featurings,0.9511072078500512
sans featurings,0.9884458277265634
sans featurings,0.9330423257943533
sans featurings,0.9282629616462363
sans featurings,0.9915036636382714
sans featurings,0.9297111311280155
sans featurings,0.9935465500622858
sans featurings,0.9645495254615515
sans featurings,0.9401976385434838
sans featurings,0.9023911570806258
sans featurings,0.9254481364032218
sans featurings,0.9286271335005937
sans featurings,0.9825686040340876
sans featurings,0.9242220281651707
sans featurings,0.9623807776434528
sans featurings,0.9303296356820734
sans featurings,0.9663625037180482
sans featurings,0.9103747241959054
sans featurings,0.9493971039498759
sans featurings,0.9828499571894944
sans featurings,0.9680629089764097
sans featurings,1.027844988044397
sans featurings,0.9604182398868152
sans featurings,0.9543877675827602
sans featurings,0.9305125319738307
sans featurings,1.0115532790704693
sans featurings,0.9553865679791217
sans featurings,0.952666282324186
sans featurings,0.9888421264356941
sans featurings,0.923443909155788
sans featurings,0.9440937973828925
sans featurings,0.922580950101842
sans featurings,1.0232880133416382
sans featurings,0.9433703564499437
sans featurings,0.9502827966523206
sans featurings,0.9159747035735805
sans featurings,0.9649883878951264
sans featurings,0.943893419468271
sans featurings,0.9607100815537458
sans featurings,0.9553409932406531
sans featurings,0.9399876130665246
sans featurings,0.9339513454630057
sans featurings,0.9396435618301899
sans featurings,1.0087511635461635
sans featurings,1.0096948490041693
sans featurings,0.9353165960822548
sans featurings,0.9403842633016967
sans featurings,0.9516805351750293
sans featurings,0.968771722269943
sans featurings,1.0310429128840857
sans featurings,0.9536675799211769
sans featurings,0.9566627158018137
sans featurings,0.9246044416460721
sans featurings,0.999598714360524
sans featurings,0.9444765675155523
sans featurings,0.944775227053848
sans featurings,0.9360843515956103
sans featurings,0.9718951071303885
sans featurings,1.0083389622852783
sans featurings,1.0240770969129298
sans featurings,1.015101638018686
sans featurings,0.9765334144116096
sans featurings,0.9490951610876023
sans featurings,0.9309295738335255
sans featurings,0.9966050351013724
sans featurings,0.9614136921567944
sans featurings,0.9756607679318758
sans featurings,0.9397543270851183
sans featurings,0.999600438292619
sans featurings,0.9447733056496995
sans featurings,0.9748410055300242
sans featurings,0.9125151099523539
sans featurings,1.001344386616486
sans featurings,1.0072644415524434
sans featurings,0.9235568803360216
sans featurings,0.9349063412219349
sans featurings,0.9203146800236046
sans featurings,0.9894973543613146
sans featurings,0.9955448547870891
sans featurings,0.9755802884684975
sans featurings,0.9351224389364589
sans featurings,0.9021342312360014
sans featurings,1.00967571338089
sans featurings,0.8919339005365227
sans featurings,0.9680508338324415
sans featurings,0.9358051980337552
sans featurings,0.951778325715118
sans featurings,0.9466601699839162
sans featurings,0.9628821998264361
sans featurings,0.9628821998264361
sans featurings,1.0015266250777433
sans featurings,0.9610010397726695
sans featurings,1.0196361991061182
sans featurings,0.9245559432377501
sans featurings,0.9645471192136038
sans featurings,0.9307166918298592
sans featurings,0.959119948819695
sans featurings,0.9227871118494357
sans featurings,0.9740890226959144
sans featurings,0.9392126997692706
sans featurings,0.9506675878408362
sans featurings,0.9878877343034053
sans featurings,0.9422926369570689
sans featurings,0.9107994591473152
sans featurings,0.9836114443623821
sans featurings,0.9314921492058825
sans featurings,0.9290516292679986
sans featurings,0.9486521686960466
sans featurings,0.9612514839583222
sans featurings,0.93470539002135
sans featurings,0.9753957008832168
sans featurings,0.9640335162105527
sans featurings,0.9460713760662928
sans featurings,0.961140753723256
sans featurings,0.92277876153798
sans featurings,0.9398004478203704
sans featurings,0.9425236635130239
sans featurings,0.9595410771639195
sans featurings,0.9451857785490733
sans featurings,0.9754827712376128
sans featurings,1.0147611394917901
sans featurings,0.9623065987630895
sans featurings,0.9023696465861923
sans featurings,0.9081109923003412
sans featurings,0.943202028213862
sans featurings,0.8977478221117514
sans featurings,0.9480581387152481
sans featurings,0.9995336544661629
sans featurings,0.9811864880504748
sans featurings,0.9595564835483693
sans featurings,0.9683839753825897
sans featurings,0.9314566868761885
sans featurings,0.9550002105887123
sans featurings,0.9610945417629937
sans featurings,0.9861996179762466
sans featurings,0.9372331206659796
sans featurings,0.9653020365995966
sans featurings,0.9577376277020198
sans featurings,1.0128647720608688
sans featurings,0.9793999832611628
sans featurings,0.949755672586608
sans featurings,0.9241461662361234
sans featurings,0.9390788501690864
sans featurings,0.9768982257566752
sans featurings,0.9271398388485861
sans featurings,0.9637368895891533
sans featurings,0.9652771868857674
sans featurings,0.9661017172095638
sans featurings,0.942441093487465
sans featurings,0.9838199150440696
sans featurings,0.9126277519306737
sans featurings,0.9704709628619745
sans featurings,0.9437760151167168
sans featurings,0.9724187201491118
sans featurings,0.9476954189834939
sans featurings,0.96795246749374
sans featurings,1.001244078373329
sans featurings,0.9700156966298289
sans featurings,0.936798908249439
sans featurings,0.941346411354868
sans featurings,0.9545457669202743
sans featurings,0.9468773280995458
sans featurings,0.9641045509495137
sans featurings,0.9098192784108274
sans featurings,0.9183315917039296
sans featurings,0.9469999309740077
sans featurings,0.9943492120330994
sans featurings,0.9870352082322792
sans featurings,0.9712872468795426
sans featurings,0.907336719875738
sans featurings,0.9839187036101769
sans featurings,0.9689943887096185
sans featurings,0.9506675878408362
sans featurings,0.9181376554992358
sans featurings,0.9269379016784468
sans featurings,0.9878429521799378
sans featurings,1.0133922639587323
sans featurings,0.9599708586841136
sans featurings,0.9733303075884638
sans featurings,0.9679642283754962
sans featurings,0.9613034954505041
sans featurings,0.9443117520879258
sans featurings,0.9494423047398007
sans featurings,0.9580636874669385
sans featurings,0.9967694073495031
sans featurings,0.922253560161746
sans featurings,0.9431925242339916
sans featurings,0.9644666099287058
sans featurings,0.9628768859700099
sans featurings,0.939480993606312
sans featurings,0.970671474216397
sans featurings,0.9584045318212754
sans featurings,0.9182446811315645
sans featurings,0.9284941981885318
sans featurings,0.9437278007312813
sans featurings,0.9420575805657488
sans featurings,0.9626733767261433
sans featurings,0.9317490297919421
sans featurings,0.9958322868947348
sans featurings,0.9742077278965181
sans featurings,0.9644268089265603
sans featurings,0.9936328813244295
sans featurings,0.9648956330669436
sans featurings,0.9328739412017961
sans featurings,0.9550060089612561
sans featurings,0.9295648593182196
sans featurings,0.965691370227878
sans featurings,0.9214884220398579
sans featurings,0.9858237124730295
sans featurings,0.9420939385180018
sans featurings,0.9792187383338179
sans featurings,0.9537286869228189
sans featurings,0.9610992826219386
sans featurings,0.9198573995695629
sans featurings,0.9669535060821646
sans featurings,0.9269780044733967
sans featurings,0.9480153605555122
sans featurings,0.9516798469880973
sans featurings,0.9050211437538409
sans featurings,0.9302739296371298
sans featurings,0.9629600631213362
sans featurings,0.9455878118925143
sans featurings,0.9647457465721322
sans featurings,0.9708318138553785
sans featurings,0.9564980900050165
sans featurings,0.9736724673532718
sans featurings,0.958240267779529
sans featurings,0.9705693652528588
sans featurings,0.9219373253318358
sans featurings,0.9302270725580154
sans featurings,0.9970975270815862
sans featurings,0.9211606131307847
sans featurings,0.9819538622855963
sans featurings,0.9376441293875933
sans featurings,0.9547887147906774
sans featurings,0.9654535506061294
sans featurings,0.959580363426755
sans featurings,0.9115693555695712
sans featurings,0.9503419104168788
sans featurings,0.9530759586230211
sans featurings,0.9567157346123173
sans featurings,0.9302270725580154
sans featurings,0.9163809469877592
sans featurings,0.9635580676312543
sans featurings,0.9635411510665404
sans featurings,0.9529609017316558
sans featurings,0.9302287950874882
sans featurings,1.0145486267380395
sans featurings,0.9844985427814485
sans featurings,0.9537273473204677
sans featurings,0.9746663596582842
sans featurings,0.9065090643810776
sans featurings,0.9336396871621392
sans featurings,0.9180685128278273
sans featurings,0.9312665877846068
sans featurings,0.8859762925647593
sans featurings,0.9799246574362269
sans featurings,0.9310085977167285
sans featurings,1.0014445305302
sans featurings,0.995139183485424
sans featurings,0.955766814489477
sans featurings,1.0218098416485437
sans featurings,0.9133139748131446
sans featurings,0.9849932655729701
sans featurings,0.9478082292451738
sans featurings,0.944919715013523
sans featurings,0.9875597808353057
sans featurings,0.9333654147062
sans featurings,0.9457292561901912
sans featurings,1.0022557186239545
sans featurings,0.964931034165908
sans featurings,0.9812566872947449
sans featurings,0.975473169512749
sans featurings,0.9565911590003816
sans featurings,0.9395482489535542
sans featurings,0.9566326978057861
sans featurings,1.0003635926122136
sans featurings,0.9354353912262118
sans featurings,0.9242175479066732
sans featurings,1.002041827612611
sans featurings,1.0190601050956785
sans featurings,0.9883087808328606
sans featurings,0.9460713760662928
sans featurings,1.028443483231398
sans featurings,0.946976507952988
sans featurings,0.982156140624259
sans featurings,0.9851933507531104
sans featurings,0.9927568359795264
sans featurings,0.9140406827954789
sans featurings,0.9703975769901179
sans featurings,0.9484780734403251
sans featurings,0.9148019893083674
sans featurings,0.9933260880556257
sans featurings,0.9518638822671781
sans featurings,0.9612862655035178
sans featurings,0.9897320370521986
sans featurings,0.9808211099398113
sans featurings,0.9006418563565147
